Blender 4.5.13 LTS (hash daeeeca98fb0 built 2026-08-25 01:31:19)
Read blend: "/home/terence/Documents/Codex/2026-09-06/realtime-voice-chat-3/outputs/butterfly-method-comparison/blender/butterfly-prototype.blend"
Fra:1 Mem:11.26M (Peak 11.26M) | Time:00:00.00 | Mem:0.00M, Peak:0.00M | Scene, ViewLayer | Synchronizing object | R forewing_border
Fra:1 Mem:11.27M (Peak 11.27M) | Time:00:00.00 | Mem:0.00M, Peak:0.00M | Scene, ViewLayer | Synchronizing object | R forewing_blue
Fra:1 Mem:11.27M (Peak 11.27M) | Time:00:00.00 | Mem:0.00M, Peak:0.00M | Scene, ViewLayer | Synchronizing object | R forewing_highlight
Fra:1 Mem:11.29M (Peak 11.29M) | Time:00:00.00 | Mem:0.00M, Peak:0.00M | Scene, ViewLayer | Synchronizing object | R forewing_cyan.001
Fra:1 Mem:11.28M (Peak 11.29M) | Time:00:00.00 | Mem:0.00M, Peak:0.00M | Scene, ViewLayer | Synchronizing object | Antenna.001
Fra:1 Mem:11.28M (Peak 11.29M) | Time:00:00.00 | Mem:0.00M, Peak:0.00M | Scene, ViewLayer | Synchronizing object | R hindwing_border
Fra:1 Mem:11.28M (Peak 11.29M) | Time:00:00.00 | Mem:0.00M, Peak:0.00M | Scene, ViewLayer | Synchronizing object | R hindwing_cyan
Fra:1 Mem:11.28M (Peak 11.29M) | Time:00:00.00 | Mem:0.00M, Peak:0.00M | Scene, ViewLayer | Synchronizing object | R hindwing_highlight
Fra:1 Mem:11.28M (Peak 11.29M) | Time:00:00.00 | Mem:0.00M, Peak:0.00M | Scene, ViewLayer | Synchronizing object | R hindwing_cyan.001
Fra:1 Mem:11.28M (Peak 11.29M) | Time:00:00.00 | Mem:0.00M, Peak:0.00M | Scene, ViewLayer | Synchronizing object | R hindwing_blue.001
Fra:1 Mem:11.28M (Peak 11.29M) | Time:00:00.00 | Mem:0.00M, Peak:0.00M | Scene, ViewLayer | Synchronizing object | L forewing_border
Fra:1 Mem:11.28M (Peak 11.29M) | Time:00:00.00 | Mem:0.00M, Peak:0.00M | Scene, ViewLayer | Synchronizing object | Head
Fra:1 Mem:11.28M (Peak 11.29M) | Time:00:00.00 | Mem:0.00M, Peak:0.00M | Scene, ViewLayer | Synchronizing object | L forewing_blue
Fra:1 Mem:11.28M (Peak 11.29M) | Time:00:00.00 | Mem:0.00M, Peak:0.00M | Scene, ViewLayer | Synchronizing object | Thorax
Fra:1 Mem:11.29M (Peak 11.29M) | Time:00:00.00 | Mem:0.00M, Peak:0.00M | Scene, ViewLayer | Synchronizing object | L forewing_highlight
Fra:1 Mem:11.29M (Peak 11.29M) | Time:00:00.00 | Mem:0.00M, Peak:0.00M | Scene, ViewLayer | Synchronizing object | Abdomen
Fra:1 Mem:11.29M (Peak 11.29M) | Time:00:00.00 | Mem:0.00M, Peak:0.00M | Scene, ViewLayer | Synchronizing object | L forewing_blue.001
Fra:1 Mem:11.29M (Peak 11.29M) | Time:00:00.00 | Mem:0.00M, Peak:0.00M | Scene, ViewLayer | Synchronizing object | L hindwing_highlight.001
Fra:1 Mem:11.30M (Peak 11.30M) | Time:00:00.00 | Mem:0.00M, Peak:0.00M | Scene, ViewLayer | Synchronizing object | L hindwing_border
Fra:1 Mem:11.30M (Peak 11.30M) | Time:00:00.00 | Mem:0.00M, Peak:0.00M | Scene, ViewLayer | Synchronizing object | L hindwing_blue
Fra:1 Mem:11.30M (Peak 11.30M) | Time:00:00.00 | Mem:0.00M, Peak:0.00M | Scene, ViewLayer | Synchronizing object | L hindwing_cyan.001
Fra:1 Mem:11.30M (Peak 11.30M) | Time:00:00.00 | Mem:0.00M, Peak:0.00M | Scene, ViewLayer | Synchronizing object | L hindwing_highlight
Fra:1 Mem:11.30M (Peak 11.30M) | Time:00:00.00 | Mem:0.00M, Peak:0.00M | Scene, ViewLayer | Initializing
Fra:1 Mem:9.87M (Peak 11.30M) | Time:00:00.00 | Mem:0.00M, Peak:0.00M | Scene, ViewLayer | Waiting for render to start
Fra:1 Mem:9.87M (Peak 11.30M) | Time:00:00.00 | Mem:0.00M, Peak:0.00M | Scene, ViewLayer | Updating Scene
Fra:1 Mem:9.87M (Peak 11.30M) | Time:00:00.00 | Mem:0.00M, Peak:0.00M | Scene, ViewLayer | Updating Shaders
Fra:1 Mem:9.87M (Peak 11.30M) | Time:00:00.00 | Mem:0.00M, Peak:0.00M | Scene, ViewLayer | Loading render kernels (may take a few minutes the first time)
Fra:1 Mem:9.96M (Peak 11.30M) | Time:00:00.00 | Mem:0.00M, Peak:0.00M | Scene, ViewLayer | Updating Procedurals
Fra:1 Mem:9.96M (Peak 11.30M) | Time:00:00.00 | Mem:0.00M, Peak:0.00M | Scene, ViewLayer | Updating Background
Fra:1 Mem:9.96M (Peak 11.30M) | Time:00:00.00 | Mem:0.00M, Peak:0.00M | Scene, ViewLayer | Updating Camera
Fra:1 Mem:9.96M (Peak 11.30M) | Time:00:00.00 | Mem:0.00M, Peak:0.00M | Scene, ViewLayer | Updating Meshes Flags
Fra:1 Mem:9.96M (Peak 11.30M) | Time:00:00.00 | Mem:0.00M, Peak:0.00M | Scene, ViewLayer | Updating Objects
Fra:1 Mem:9.96M (Peak 11.30M) | Time:00:00.00 | Mem:0.00M, Peak:0.00M | Scene, ViewLayer | Updating Objects | Copying Transformations to device
Fra:1 Mem:9.96M (Peak 11.30M) | Time:00:00.00 | Mem:0.01M, Peak:0.01M | Scene, ViewLayer | Updating Particle Systems
Fra:1 Mem:9.96M (Peak 11.30M) | Time:00:00.00 | Mem:0.01M, Peak:0.01M | Scene, ViewLayer | Updating Particle Systems | Copying Particles to device
Fra:1 Mem:9.96M (Peak 11.30M) | Time:00:00.00 | Mem:0.01M, Peak:0.01M | Scene, ViewLayer | Updating Meshes
Fra:1 Mem:9.96M (Peak 11.30M) | Time:00:00.00 | Mem:0.01M, Peak:0.01M | Scene, ViewLayer | Updating Objects | Applying Static Transformations
Fra:1 Mem:9.96M (Peak 11.30M) | Time:00:00.00 | Mem:0.01M, Peak:0.01M | Scene, ViewLayer | Updating Mesh | Computing attributes
Fra:1 Mem:9.97M (Peak 11.30M) | Time:00:00.00 | Mem:0.01M, Peak:0.01M | Scene, ViewLayer | Updating Mesh | Copying Attributes to device
Fra:1 Mem:9.97M (Peak 11.30M) | Time:00:00.00 | Mem:0.02M, Peak:0.02M | Scene, ViewLayer | Updating Scene BVH | Building
Fra:1 Mem:9.97M (Peak 11.30M) | Time:00:00.00 | Mem:0.02M, Peak:0.02M | Scene, ViewLayer | Updating Scene BVH | Building BVH
Fra:1 Mem:9.97M (Peak 11.30M) | Time:00:00.00 | Mem:0.02M, Peak:0.02M | Scene, ViewLayer | Updating Scene BVH | Building BVH 0%
Fra:1 Mem:9.97M (Peak 11.30M) | Time:00:00.00 | Mem:0.04M, Peak:0.04M | Scene, ViewLayer | Updating Scene BVH | Copying BVH to device
Fra:1 Mem:9.97M (Peak 11.30M) | Time:00:00.00 | Mem:0.04M, Peak:0.04M | Scene, ViewLayer | Updating Mesh | Computing normals
Fra:1 Mem:9.98M (Peak 11.30M) | Time:00:00.00 | Mem:0.04M, Peak:0.04M | Scene, ViewLayer | Updating Mesh | Copying Mesh to device
Fra:1 Mem:9.98M (Peak 11.30M) | Time:00:00.00 | Mem:0.05M, Peak:0.05M | Scene, ViewLayer | Updating Objects Flags
Fra:1 Mem:9.98M (Peak 11.30M) | Time:00:00.00 | Mem:0.05M, Peak:0.05M | Scene, ViewLayer | Updating Primitive Offsets
Fra:1 Mem:9.98M (Peak 11.30M) | Time:00:00.00 | Mem:0.05M, Peak:0.05M | Scene, ViewLayer | Updating Images
Fra:1 Mem:9.98M (Peak 11.30M) | Time:00:00.00 | Mem:0.05M, Peak:0.05M | Scene, ViewLayer | Updating Camera Volume
Fra:1 Mem:9.98M (Peak 11.30M) | Time:00:00.00 | Mem:0.05M, Peak:0.05M | Scene, ViewLayer | Updating Lookup Tables
Fra:1 Mem:9.98M (Peak 11.30M) | Time:00:00.00 | Mem:0.13M, Peak:0.13M | Scene, ViewLayer | Updating Lights
Fra:1 Mem:9.98M (Peak 11.30M) | Time:00:00.00 | Mem:0.13M, Peak:0.13M | Scene, ViewLayer | Updating Lights | Computing tree
Fra:1 Mem:9.99M (Peak 11.30M) | Time:00:00.00 | Mem:0.14M, Peak:0.14M | Scene, ViewLayer | Updating Integrator
Fra:1 Mem:9.99M (Peak 11.30M) | Time:00:00.00 | Mem:0.14M, Peak:0.14M | Scene, ViewLayer | Updating Film
Fra:1 Mem:10.00M (Peak 11.30M) | Time:00:00.00 | Mem:0.06M, Peak:0.14M | Scene, ViewLayer | Updating Lookup Tables
Fra:1 Mem:10.00M (Peak 11.30M) | Time:00:00.00 | Mem:0.14M, Peak:0.14M | Scene, ViewLayer | Updating Baking
Fra:1 Mem:10.00M (Peak 11.30M) | Time:00:00.00 | Mem:0.14M, Peak:0.14M | Scene, ViewLayer | Updating Device | Writing constant memory
Fra:1 Mem:10.00M (Peak 11.30M) | Time:00:00.00 | Mem:0.14M, Peak:0.14M | Scene, ViewLayer | Sample 0/8
Fra:1 Mem:12.29M (Peak 12.29M) | Time:00:00.01 | Remaining:00:00.04 | Mem:2.39M, Peak:2.39M | Scene, ViewLayer | Sample 1/8
Fra:1 Mem:13.29M (Peak 15.29M) | Time:00:00.04 | Mem:2.39M, Peak:2.39M | Scene, ViewLayer | Sample 8/8
Fra:1 Mem:13.29M (Peak 15.29M) | Time:00:00.04 | Mem:2.39M, Peak:2.39M | Scene, ViewLayer | Finished
Saved: '/home/terence/Documents/Codex/2026-09-06/realtime-voice-chat-3/outputs/butterfly-method-comparison/blender/turntable-frames/turntable_000.png'
Time: 00:00.05 (Saving: 00:00.01)

Fra:2 Mem:11.27M (Peak 11.27M) | Time:00:00.00 | Mem:0.00M, Peak:0.00M | Scene, ViewLayer | Synchronizing object | R forewing_border
Fra:2 Mem:11.28M (Peak 11.28M) | Time:00:00.00 | Mem:0.00M, Peak:0.00M | Scene, ViewLayer | Synchronizing object | R forewing_blue
Fra:2 Mem:11.28M (Peak 11.28M) | Time:00:00.00 | Mem:0.00M, Peak:0.00M | Scene, ViewLayer | Synchronizing object | R forewing_highlight
Fra:2 Mem:11.28M (Peak 11.28M) | Time:00:00.00 | Mem:0.00M, Peak:0.00M | Scene, ViewLayer | Synchronizing object | Antenna.001
Fra:2 Mem:11.28M (Peak 11.28M) | Time:00:00.00 | Mem:0.00M, Peak:0.00M | Scene, ViewLayer | Synchronizing object | R forewing_blue.001
Fra:2 Mem:11.28M (Peak 11.28M) | Time:00:00.00 | Mem:0.00M, Peak:0.00M | Scene, ViewLayer | Synchronizing object | R forewing_highlight.001
Fra:2 Mem:11.29M (Peak 11.29M) | Time:00:00.00 | Mem:0.00M, Peak:0.00M | Scene, ViewLayer | Synchronizing object | R hindwing_cyan
Fra:2 Mem:11.29M (Peak 11.29M) | Time:00:00.00 | Mem:0.00M, Peak:0.00M | Scene, ViewLayer | Synchronizing object | Antenna
Fra:2 Mem:11.29M (Peak 11.29M) | Time:00:00.00 | Mem:0.00M, Peak:0.00M | Scene, ViewLayer | Synchronizing object | R hindwing_blue
Fra:2 Mem:11.29M (Peak 11.29M) | Time:00:00.00 | Mem:0.00M, Peak:0.00M | Scene, ViewLayer | Synchronizing object | R hindwing_cyan.001
Fra:2 Mem:11.29M (Peak 11.29M) | Time:00:00.00 | Mem:0.00M, Peak:0.00M | Scene, ViewLayer | Synchronizing object | Head
Fra:2 Mem:11.29M (Peak 11.29M) | Time:00:00.00 | Mem:0.00M, Peak:0.00M | Scene, ViewLayer | Synchronizing object | R hindwing_blue.001
Fra:2 Mem:11.29M (Peak 11.29M) | Time:00:00.00 | Mem:0.00M, Peak:0.00M | Scene, ViewLayer | Synchronizing object | Thorax
Fra:2 Mem:11.29M (Peak 11.29M) | Time:00:00.00 | Mem:0.00M, Peak:0.00M | Scene, ViewLayer | Synchronizing object | L forewing_cyan
Fra:2 Mem:11.29M (Peak 11.29M) | Time:00:00.00 | Mem:0.00M, Peak:0.00M | Scene, ViewLayer | Synchronizing object | Abdomen
Fra:2 Mem:11.29M (Peak 11.29M) | Time:00:00.00 | Mem:0.00M, Peak:0.00M | Scene, ViewLayer | Synchronizing object | L forewing_blue
Fra:2 Mem:11.29M (Peak 11.29M) | Time:00:00.00 | Mem:0.00M, Peak:0.00M | Scene, ViewLayer | Synchronizing object | L hindwing_highlight.001
Fra:2 Mem:11.29M (Peak 11.29M) | Time:00:00.00 | Mem:0.00M, Peak:0.00M | Scene, ViewLayer | Synchronizing object | L forewing_highlight
Fra:2 Mem:11.30M (Peak 11.30M) | Time:00:00.00 | Mem:0.00M, Peak:0.00M | Scene, ViewLayer | Synchronizing object | L hindwing_blue.001
Fra:2 Mem:11.30M (Peak 11.30M) | Time:00:00.00 | Mem:0.00M, Peak:0.00M | Scene, ViewLayer | Synchronizing object | L forewing_cyan.001
Fra:2 Mem:11.30M (Peak 11.30M) | Time:00:00.00 | Mem:0.00M, Peak:0.00M | Scene, ViewLayer | Synchronizing object | L hindwing_cyan.001
Fra:2 Mem:11.30M (Peak 11.30M) | Time:00:00.00 | Mem:0.00M, Peak:0.00M | Scene, ViewLayer | Synchronizing object | L hindwing_border
Fra:2 Mem:11.30M (Peak 11.30M) | Time:00:00.00 | Mem:0.00M, Peak:0.00M | Scene, ViewLayer | Synchronizing object | L hindwing_highlight
Fra:2 Mem:11.30M (Peak 11.30M) | Time:00:00.00 | Mem:0.00M, Peak:0.00M | Scene, ViewLayer | Synchronizing object | L hindwing_cyan
Fra:2 Mem:11.30M (Peak 11.30M) | Time:00:00.00 | Mem:0.00M, Peak:0.00M | Scene, ViewLayer | Synchronizing object | L hindwing_blue
Fra:2 Mem:11.30M (Peak 11.30M) | Time:00:00.00 | Mem:0.00M, Peak:0.00M | Scene, ViewLayer | Initializing
Fra:2 Mem:9.87M (Peak 11.30M) | Time:00:00.00 | Mem:0.00M, Peak:0.00M | Scene, ViewLayer | Waiting for render to start
Fra:2 Mem:9.87M (Peak 11.30M) | Time:00:00.00 | Mem:0.00M, Peak:0.00M | Scene, ViewLayer | Updating Scene
Fra:2 Mem:9.87M (Peak 11.30M) | Time:00:00.00 | Mem:0.00M, Peak:0.00M | Scene, ViewLayer | Updating Shaders
Fra:2 Mem:9.87M (Peak 11.30M) | Time:00:00.00 | Mem:0.00M, Peak:0.00M | Scene, ViewLayer | Loading render kernels (may take a few minutes the first time)
Fra:2 Mem:9.96M (Peak 11.30M) | Time:00:00.00 | Mem:0.00M, Peak:0.00M | Scene, ViewLayer | Updating Procedurals
Fra:2 Mem:9.96M (Peak 11.30M) | Time:00:00.00 | Mem:0.00M, Peak:0.00M | Scene, ViewLayer | Updating Background
Fra:2 Mem:9.96M (Peak 11.30M) | Time:00:00.00 | Mem:0.00M, Peak:0.00M | Scene, ViewLayer | Updating Camera
Fra:2 Mem:9.96M (Peak 11.30M) | Time:00:00.00 | Mem:0.00M, Peak:0.00M | Scene, ViewLayer | Updating Meshes Flags
Fra:2 Mem:9.96M (Peak 11.30M) | Time:00:00.00 | Mem:0.00M, Peak:0.00M | Scene, ViewLayer | Updating Objects
Fra:2 Mem:9.96M (Peak 11.30M) | Time:00:00.00 | Mem:0.00M, Peak:0.00M | Scene, ViewLayer | Updating Objects | Copying Transformations to device
Fra:2 Mem:9.96M (Peak 11.30M) | Time:00:00.00 | Mem:0.01M, Peak:0.01M | Scene, ViewLayer | Updating Particle Systems
Fra:2 Mem:9.96M (Peak 11.30M) | Time:00:00.00 | Mem:0.01M, Peak:0.01M | Scene, ViewLayer | Updating Particle Systems | Copying Particles to device
Fra:2 Mem:9.96M (Peak 11.30M) | Time:00:00.00 | Mem:0.01M, Peak:0.01M | Scene, ViewLayer | Updating Meshes
Fra:2 Mem:9.96M (Peak 11.30M) | Time:00:00.00 | Mem:0.01M, Peak:0.01M | Scene, ViewLayer | Updating Objects | Applying Static Transformations
Fra:2 Mem:9.96M (Peak 11.30M) | Time:00:00.00 | Mem:0.01M, Peak:0.01M | Scene, ViewLayer | Updating Mesh | Computing attributes
Fra:2 Mem:9.97M (Peak 11.30M) | Time:00:00.00 | Mem:0.01M, Peak:0.01M | Scene, ViewLayer | Updating Mesh | Copying Attributes to device
Fra:2 Mem:9.97M (Peak 11.30M) | Time:00:00.00 | Mem:0.02M, Peak:0.02M | Scene, ViewLayer | Updating Scene BVH | Building
Fra:2 Mem:9.97M (Peak 11.30M) | Time:00:00.00 | Mem:0.02M, Peak:0.02M | Scene, ViewLayer | Updating Scene BVH | Building BVH
Fra:2 Mem:9.97M (Peak 11.30M) | Time:00:00.00 | Mem:0.04M, Peak:0.04M | Scene, ViewLayer | Updating Scene BVH | Copying BVH to device
Fra:2 Mem:9.97M (Peak 11.30M) | Time:00:00.00 | Mem:0.04M, Peak:0.04M | Scene, ViewLayer | Updating Mesh | Computing normals
Fra:2 Mem:9.98M (Peak 11.30M) | Time:00:00.00 | Mem:0.04M, Peak:0.04M | Scene, ViewLayer | Updating Mesh | Copying Mesh to device
Fra:2 Mem:9.98M (Peak 11.30M) | Time:00:00.00 | Mem:0.05M, Peak:0.05M | Scene, ViewLayer | Updating Objects Flags
Fra:2 Mem:9.98M (Peak 11.30M) | Time:00:00.00 | Mem:0.05M, Peak:0.05M | Scene, ViewLayer | Updating Primitive Offsets
Fra:2 Mem:9.98M (Peak 11.30M) | Time:00:00.00 | Mem:0.05M, Peak:0.05M | Scene, ViewLayer | Updating Images
Fra:2 Mem:9.98M (Peak 11.30M) | Time:00:00.00 | Mem:0.05M, Peak:0.05M | Scene, ViewLayer | Updating Camera Volume
Fra:2 Mem:9.98M (Peak 11.30M) | Time:00:00.00 | Mem:0.05M, Peak:0.05M | Scene, ViewLayer | Updating Lookup Tables
Fra:2 Mem:9.98M (Peak 11.30M) | Time:00:00.00 | Mem:0.13M, Peak:0.13M | Scene, ViewLayer | Updating Lights
Fra:2 Mem:9.98M (Peak 11.30M) | Time:00:00.00 | Mem:0.13M, Peak:0.13M | Scene, ViewLayer | Updating Lights | Computing tree
Fra:2 Mem:9.99M (Peak 11.30M) | Time:00:00.00 | Mem:0.14M, Peak:0.14M | Scene, ViewLayer | Updating Integrator
Fra:2 Mem:9.99M (Peak 11.30M) | Time:00:00.00 | Mem:0.14M, Peak:0.14M | Scene, ViewLayer | Updating Film
Fra:2 Mem:10.00M (Peak 11.30M) | Time:00:00.00 | Mem:0.06M, Peak:0.14M | Scene, ViewLayer | Updating Lookup Tables
Fra:2 Mem:10.00M (Peak 11.30M) | Time:00:00.00 | Mem:0.15M, Peak:0.15M | Scene, ViewLayer | Updating Baking
Fra:2 Mem:10.00M (Peak 11.30M) | Time:00:00.00 | Mem:0.15M, Peak:0.15M | Scene, ViewLayer | Updating Device | Writing constant memory
Fra:2 Mem:10.00M (Peak 11.30M) | Time:00:00.00 | Mem:0.15M, Peak:0.15M | Scene, ViewLayer | Sample 0/8
Fra:2 Mem:12.29M (Peak 12.29M) | Time:00:00.00 | Remaining:00:00.03 | Mem:2.40M, Peak:2.40M | Scene, ViewLayer | Sample 1/8
Fra:2 Mem:13.29M (Peak 15.29M) | Time:00:00.04 | Mem:2.40M, Peak:2.40M | Scene, ViewLayer | Sample 8/8
Fra:2 Mem:13.29M (Peak 15.29M) | Time:00:00.04 | Mem:2.40M, Peak:2.40M | Scene, ViewLayer | Finished
Saved: '/home/terence/Documents/Codex/2026-09-06/realtime-voice-chat-3/outputs/butterfly-method-comparison/blender/turntable-frames/turntable_001.png'
Time: 00:00.04 (Saving: 00:00.00)

Fra:4 Mem:11.27M (Peak 11.27M) | Time:00:00.00 | Mem:0.00M, Peak:0.00M | Scene, ViewLayer | Synchronizing object | R forewing_border
Fra:4 Mem:11.28M (Peak 11.28M) | Time:00:00.00 | Mem:0.00M, Peak:0.00M | Scene, ViewLayer | Synchronizing object | R forewing_cyan
Fra:4 Mem:11.28M (Peak 11.28M) | Time:00:00.00 | Mem:0.00M, Peak:0.00M | Scene, ViewLayer | Synchronizing object | R forewing_blue
Fra:4 Mem:11.28M (Peak 11.28M) | Time:00:00.00 | Mem:0.00M, Peak:0.00M | Scene, ViewLayer | Synchronizing object | R forewing_highlight
Fra:4 Mem:11.28M (Peak 11.28M) | Time:00:00.00 | Mem:0.00M, Peak:0.00M | Scene, ViewLayer | Synchronizing object | R forewing_cyan.001
Fra:4 Mem:11.28M (Peak 11.28M) | Time:00:00.00 | Mem:0.00M, Peak:0.00M | Scene, ViewLayer | Synchronizing object | R forewing_blue.001
Fra:4 Mem:11.28M (Peak 11.28M) | Time:00:00.00 | Mem:0.00M, Peak:0.00M | Scene, ViewLayer | Synchronizing object | R forewing_highlight.001
Fra:4 Mem:11.29M (Peak 11.29M) | Time:00:00.00 | Mem:0.00M, Peak:0.00M | Scene, ViewLayer | Synchronizing object | Antenna
Fra:4 Mem:11.29M (Peak 11.29M) | Time:00:00.00 | Mem:0.00M, Peak:0.00M | Scene, ViewLayer | Synchronizing object | R hindwing_border
Fra:4 Mem:11.29M (Peak 11.29M) | Time:00:00.00 | Mem:0.00M, Peak:0.00M | Scene, ViewLayer | Synchronizing object | Head
Fra:4 Mem:11.29M (Peak 11.29M) | Time:00:00.00 | Mem:0.00M, Peak:0.00M | Scene, ViewLayer | Synchronizing object | R hindwing_cyan
Fra:4 Mem:11.29M (Peak 11.29M) | Time:00:00.00 | Mem:0.00M, Peak:0.00M | Scene, ViewLayer | Synchronizing object | R hindwing_blue
Fra:4 Mem:11.29M (Peak 11.29M) | Time:00:00.00 | Mem:0.00M, Peak:0.00M | Scene, ViewLayer | Synchronizing object | R hindwing_highlight
Fra:4 Mem:11.29M (Peak 11.29M) | Time:00:00.00 | Mem:0.00M, Peak:0.00M | Scene, ViewLayer | Synchronizing object | Abdomen
Fra:4 Mem:11.29M (Peak 11.29M) | Time:00:00.00 | Mem:0.00M, Peak:0.00M | Scene, ViewLayer | Synchronizing object | R hindwing_blue.001
Fra:4 Mem:11.29M (Peak 11.29M) | Time:00:00.00 | Mem:0.00M, Peak:0.00M | Scene, ViewLayer | Synchronizing object | L hindwing_highlight.001
Fra:4 Mem:11.29M (Peak 11.29M) | Time:00:00.00 | Mem:0.00M, Peak:0.00M | Scene, ViewLayer | Synchronizing object | L forewing_border
Fra:4 Mem:11.29M (Peak 11.29M) | Time:00:00.00 | Mem:0.00M, Peak:0.00M | Scene, ViewLayer | Synchronizing object | L forewing_cyan
Fra:4 Mem:11.29M (Peak 11.29M) | Time:00:00.00 | Mem:0.00M, Peak:0.00M | Scene, ViewLayer | Synchronizing object | L forewing_blue
Fra:4 Mem:11.29M (Peak 11.29M) | Time:00:00.00 | Mem:0.00M, Peak:0.00M | Scene, ViewLayer | Synchronizing object | L hindwing_blue.001
Fra:4 Mem:11.29M (Peak 11.29M) | Time:00:00.00 | Mem:0.00M, Peak:0.00M | Scene, ViewLayer | Synchronizing object | L forewing_highlight
Fra:4 Mem:11.30M (Peak 11.30M) | Time:00:00.00 | Mem:0.00M, Peak:0.00M | Scene, ViewLayer | Synchronizing object | L forewing_cyan.001
Fra:4 Mem:11.30M (Peak 11.30M) | Time:00:00.00 | Mem:0.00M, Peak:0.00M | Scene, ViewLayer | Synchronizing object | L forewing_blue.001
Fra:4 Mem:11.30M (Peak 11.30M) | Time:00:00.00 | Mem:0.00M, Peak:0.00M | Scene, ViewLayer | Synchronizing object | L forewing_highlight.001
Fra:4 Mem:11.30M (Peak 11.30M) | Time:00:00.00 | Mem:0.00M, Peak:0.00M | Scene, ViewLayer | Synchronizing object | L hindwing_border
Fra:4 Mem:11.30M (Peak 11.30M) | Time:00:00.00 | Mem:0.00M, Peak:0.00M | Scene, ViewLayer | Synchronizing object | L hindwing_blue
Fra:4 Mem:11.30M (Peak 11.30M) | Time:00:00.00 | Mem:0.00M, Peak:0.00M | Scene, ViewLayer | Synchronizing object | L hindwing_highlight
Fra:4 Mem:11.30M (Peak 11.30M) | Time:00:00.00 | Mem:0.00M, Peak:0.00M | Scene, ViewLayer | Synchronizing object | L hindwing_cyan.001
Fra:4 Mem:11.30M (Peak 11.30M) | Time:00:00.00 | Mem:0.00M, Peak:0.00M | Scene, ViewLayer | Initializing
Fra:4 Mem:9.87M (Peak 11.30M) | Time:00:00.00 | Mem:0.00M, Peak:0.00M | Scene, ViewLayer | Waiting for render to start
Fra:4 Mem:9.87M (Peak 11.30M) | Time:00:00.00 | Mem:0.00M, Peak:0.00M | Scene, ViewLayer | Updating Scene
Fra:4 Mem:9.87M (Peak 11.30M) | Time:00:00.00 | Mem:0.00M, Peak:0.00M | Scene, ViewLayer | Updating Shaders
Fra:4 Mem:9.87M (Peak 11.30M) | Time:00:00.00 | Mem:0.00M, Peak:0.00M | Scene, ViewLayer | Loading render kernels (may take a few minutes the first time)
Fra:4 Mem:9.96M (Peak 11.30M) | Time:00:00.00 | Mem:0.00M, Peak:0.00M | Scene, ViewLayer | Updating Procedurals
Fra:4 Mem:9.96M (Peak 11.30M) | Time:00:00.00 | Mem:0.00M, Peak:0.00M | Scene, ViewLayer | Updating Background
Fra:4 Mem:9.96M (Peak 11.30M) | Time:00:00.00 | Mem:0.00M, Peak:0.00M | Scene, ViewLayer | Updating Camera
Fra:4 Mem:9.96M (Peak 11.30M) | Time:00:00.00 | Mem:0.00M, Peak:0.00M | Scene, ViewLayer | Updating Meshes Flags
Fra:4 Mem:9.96M (Peak 11.30M) | Time:00:00.00 | Mem:0.00M, Peak:0.00M | Scene, ViewLayer | Updating Objects
Fra:4 Mem:9.96M (Peak 11.30M) | Time:00:00.00 | Mem:0.00M, Peak:0.00M | Scene, ViewLayer | Updating Objects | Copying Transformations to device
Fra:4 Mem:9.96M (Peak 11.30M) | Time:00:00.00 | Mem:0.01M, Peak:0.01M | Scene, ViewLayer | Updating Particle Systems
Fra:4 Mem:9.96M (Peak 11.30M) | Time:00:00.00 | Mem:0.01M, Peak:0.01M | Scene, ViewLayer | Updating Particle Systems | Copying Particles to device
Fra:4 Mem:9.96M (Peak 11.30M) | Time:00:00.00 | Mem:0.01M, Peak:0.01M | Scene, ViewLayer | Updating Meshes
Fra:4 Mem:9.96M (Peak 11.30M) | Time:00:00.00 | Mem:0.01M, Peak:0.01M | Scene, ViewLayer | Updating Objects | Applying Static Transformations
Fra:4 Mem:9.96M (Peak 11.30M) | Time:00:00.00 | Mem:0.01M, Peak:0.01M | Scene, ViewLayer | Updating Mesh | Computing attributes
Fra:4 Mem:9.97M (Peak 11.30M) | Time:00:00.00 | Mem:0.01M, Peak:0.01M | Scene, ViewLayer | Updating Mesh | Copying Attributes to device
Fra:4 Mem:9.97M (Peak 11.30M) | Time:00:00.00 | Mem:0.02M, Peak:0.02M | Scene, ViewLayer | Updating Scene BVH | Building
Fra:4 Mem:9.97M (Peak 11.30M) | Time:00:00.00 | Mem:0.02M, Peak:0.02M | Scene, ViewLayer | Updating Scene BVH | Building BVH
Fra:4 Mem:9.97M (Peak 11.30M) | Time:00:00.00 | Mem:0.04M, Peak:0.04M | Scene, ViewLayer | Updating Scene BVH | Copying BVH to device
Fra:4 Mem:9.97M (Peak 11.30M) | Time:00:00.00 | Mem:0.04M, Peak:0.04M | Scene, ViewLayer | Updating Mesh | Computing normals
Fra:4 Mem:9.98M (Peak 11.30M) | Time:00:00.00 | Mem:0.04M, Peak:0.04M | Scene, ViewLayer | Updating Mesh | Copying Mesh to device
Fra:4 Mem:9.98M (Peak 11.30M) | Time:00:00.00 | Mem:0.05M, Peak:0.05M | Scene, ViewLayer | Updating Objects Flags
Fra:4 Mem:9.98M (Peak 11.30M) | Time:00:00.00 | Mem:0.05M, Peak:0.05M | Scene, ViewLayer | Updating Primitive Offsets
Fra:4 Mem:9.98M (Peak 11.30M) | Time:00:00.00 | Mem:0.05M, Peak:0.05M | Scene, ViewLayer | Updating Images
Fra:4 Mem:9.98M (Peak 11.30M) | Time:00:00.00 | Mem:0.05M, Peak:0.05M | Scene, ViewLayer | Updating Camera Volume
Fra:4 Mem:9.98M (Peak 11.30M) | Time:00:00.00 | Mem:0.05M, Peak:0.05M | Scene, ViewLayer | Updating Lookup Tables
Fra:4 Mem:9.98M (Peak 11.30M) | Time:00:00.00 | Mem:0.13M, Peak:0.13M | Scene, ViewLayer | Updating Lights
Fra:4 Mem:9.98M (Peak 11.30M) | Time:00:00.00 | Mem:0.13M, Peak:0.13M | Scene, ViewLayer | Updating Lights | Computing tree
Fra:4 Mem:9.99M (Peak 11.30M) | Time:00:00.00 | Mem:0.14M, Peak:0.14M | Scene, ViewLayer | Updating Integrator
Fra:4 Mem:9.99M (Peak 11.30M) | Time:00:00.00 | Mem:0.14M, Peak:0.14M | Scene, ViewLayer | Updating Film
Fra:4 Mem:10.00M (Peak 11.30M) | Time:00:00.00 | Mem:0.06M, Peak:0.14M | Scene, ViewLayer | Updating Lookup Tables
Fra:4 Mem:10.00M (Peak 11.30M) | Time:00:00.00 | Mem:0.15M, Peak:0.15M | Scene, ViewLayer | Updating Baking
Fra:4 Mem:10.00M (Peak 11.30M) | Time:00:00.00 | Mem:0.15M, Peak:0.15M | Scene, ViewLayer | Updating Device | Writing constant memory
Fra:4 Mem:10.00M (Peak 11.30M) | Time:00:00.00 | Mem:0.15M, Peak:0.15M | Scene, ViewLayer | Sample 0/8
Fra:4 Mem:12.29M (Peak 12.29M) | Time:00:00.00 | Remaining:00:00.03 | Mem:2.40M, Peak:2.40M | Scene, ViewLayer | Sample 1/8
Fra:4 Mem:13.29M (Peak 15.29M) | Time:00:00.04 | Mem:2.40M, Peak:2.40M | Scene, ViewLayer | Sample 8/8
Fra:4 Mem:13.29M (Peak 15.29M) | Time:00:00.04 | Mem:2.40M, Peak:2.40M | Scene, ViewLayer | Finished
Saved: '/home/terence/Documents/Codex/2026-09-06/realtime-voice-chat-3/outputs/butterfly-method-comparison/blender/turntable-frames/turntable_002.png'
Time: 00:00.04 (Saving: 00:00.00)

Fra:6 Mem:11.27M (Peak 11.27M) | Time:00:00.00 | Mem:0.00M, Peak:0.00M | Scene, ViewLayer | Synchronizing object | R forewing_border
Fra:6 Mem:11.28M (Peak 11.28M) | Time:00:00.00 | Mem:0.00M, Peak:0.00M | Scene, ViewLayer | Synchronizing object | R forewing_cyan
Fra:6 Mem:11.28M (Peak 11.28M) | Time:00:00.00 | Mem:0.00M, Peak:0.00M | Scene, ViewLayer | Synchronizing object | R forewing_blue
Fra:6 Mem:11.28M (Peak 11.28M) | Time:00:00.00 | Mem:0.00M, Peak:0.00M | Scene, ViewLayer | Synchronizing object | R forewing_cyan.001
Fra:6 Mem:11.28M (Peak 11.28M) | Time:00:00.00 | Mem:0.00M, Peak:0.00M | Scene, ViewLayer | Synchronizing object | R forewing_blue.001
Fra:6 Mem:11.28M (Peak 11.28M) | Time:00:00.00 | Mem:0.00M, Peak:0.00M | Scene, ViewLayer | Synchronizing object | R forewing_highlight.001
Fra:6 Mem:11.29M (Peak 11.29M) | Time:00:00.00 | Mem:0.00M, Peak:0.00M | Scene, ViewLayer | Synchronizing object | R hindwing_cyan
Fra:6 Mem:11.29M (Peak 11.29M) | Time:00:00.00 | Mem:0.00M, Peak:0.00M | Scene, ViewLayer | Synchronizing object | R hindwing_border
Fra:6 Mem:11.29M (Peak 11.29M) | Time:00:00.00 | Mem:0.00M, Peak:0.00M | Scene, ViewLayer | Synchronizing object | R hindwing_highlight
Fra:6 Mem:11.29M (Peak 11.29M) | Time:00:00.00 | Mem:0.00M, Peak:0.00M | Scene, ViewLayer | Synchronizing object | R hindwing_cyan.001
Fra:6 Mem:11.29M (Peak 11.29M) | Time:00:00.00 | Mem:0.00M, Peak:0.00M | Scene, ViewLayer | Synchronizing object | Head
Fra:6 Mem:11.29M (Peak 11.29M) | Time:00:00.00 | Mem:0.00M, Peak:0.00M | Scene, ViewLayer | Synchronizing object | L forewing_border
Fra:6 Mem:11.29M (Peak 11.29M) | Time:00:00.00 | Mem:0.00M, Peak:0.00M | Scene, ViewLayer | Synchronizing object | L forewing_cyan
Fra:6 Mem:11.29M (Peak 11.29M) | Time:00:00.00 | Mem:0.00M, Peak:0.00M | Scene, ViewLayer | Synchronizing object | L forewing_blue
Fra:6 Mem:11.29M (Peak 11.29M) | Time:00:00.00 | Mem:0.00M, Peak:0.00M | Scene, ViewLayer | Synchronizing object | L forewing_highlight
Fra:6 Mem:11.29M (Peak 11.29M) | Time:00:00.00 | Mem:0.00M, Peak:0.00M | Scene, ViewLayer | Synchronizing object | L forewing_cyan.001
Fra:6 Mem:11.29M (Peak 11.29M) | Time:00:00.00 | Mem:0.00M, Peak:0.00M | Scene, ViewLayer | Synchronizing object | Abdomen
Fra:6 Mem:11.29M (Peak 11.29M) | Time:00:00.00 | Mem:0.00M, Peak:0.00M | Scene, ViewLayer | Synchronizing object | L forewing_highlight.001
Fra:6 Mem:11.30M (Peak 11.30M) | Time:00:00.00 | Mem:0.00M, Peak:0.00M | Scene, ViewLayer | Synchronizing object | L hindwing_highlight.001
Fra:6 Mem:11.30M (Peak 11.30M) | Time:00:00.00 | Mem:0.00M, Peak:0.00M | Scene, ViewLayer | Synchronizing object | L hindwing_border
Fra:6 Mem:11.30M (Peak 11.30M) | Time:00:00.00 | Mem:0.00M, Peak:0.00M | Scene, ViewLayer | Synchronizing object | L hindwing_blue.001
Fra:6 Mem:11.30M (Peak 11.30M) | Time:00:00.00 | Mem:0.00M, Peak:0.00M | Scene, ViewLayer | Synchronizing object | L hindwing_cyan.001
Fra:6 Mem:11.30M (Peak 11.30M) | Time:00:00.00 | Mem:0.00M, Peak:0.00M | Scene, ViewLayer | Synchronizing object | L hindwing_highlight
Fra:6 Mem:11.30M (Peak 11.30M) | Time:00:00.00 | Mem:0.00M, Peak:0.00M | Scene, ViewLayer | Initializing
Fra:6 Mem:9.87M (Peak 11.30M) | Time:00:00.00 | Mem:0.00M, Peak:0.00M | Scene, ViewLayer | Waiting for render to start
Fra:6 Mem:9.87M (Peak 11.30M) | Time:00:00.00 | Mem:0.00M, Peak:0.00M | Scene, ViewLayer | Updating Scene
Fra:6 Mem:9.87M (Peak 11.30M) | Time:00:00.00 | Mem:0.00M, Peak:0.00M | Scene, ViewLayer | Updating Shaders
Fra:6 Mem:9.87M (Peak 11.30M) | Time:00:00.00 | Mem:0.00M, Peak:0.00M | Scene, ViewLayer | Loading render kernels (may take a few minutes the first time)
Fra:6 Mem:9.96M (Peak 11.30M) | Time:00:00.00 | Mem:0.00M, Peak:0.00M | Scene, ViewLayer | Updating Procedurals
Fra:6 Mem:9.96M (Peak 11.30M) | Time:00:00.00 | Mem:0.00M, Peak:0.00M | Scene, ViewLayer | Updating Background
Fra:6 Mem:9.96M (Peak 11.30M) | Time:00:00.00 | Mem:0.00M, Peak:0.00M | Scene, ViewLayer | Updating Camera
Fra:6 Mem:9.96M (Peak 11.30M) | Time:00:00.00 | Mem:0.00M, Peak:0.00M | Scene, ViewLayer | Updating Meshes Flags
Fra:6 Mem:9.96M (Peak 11.30M) | Time:00:00.00 | Mem:0.00M, Peak:0.00M | Scene, ViewLayer | Updating Objects
Fra:6 Mem:9.96M (Peak 11.30M) | Time:00:00.00 | Mem:0.00M, Peak:0.00M | Scene, ViewLayer | Updating Objects | Copying Transformations to device
Fra:6 Mem:9.96M (Peak 11.30M) | Time:00:00.00 | Mem:0.01M, Peak:0.01M | Scene, ViewLayer | Updating Particle Systems
Fra:6 Mem:9.96M (Peak 11.30M) | Time:00:00.00 | Mem:0.01M, Peak:0.01M | Scene, ViewLayer | Updating Particle Systems | Copying Particles to device
Fra:6 Mem:9.96M (Peak 11.30M) | Time:00:00.00 | Mem:0.01M, Peak:0.01M | Scene, ViewLayer | Updating Meshes
Fra:6 Mem:9.96M (Peak 11.30M) | Time:00:00.00 | Mem:0.01M, Peak:0.01M | Scene, ViewLayer | Updating Objects | Applying Static Transformations
Fra:6 Mem:9.96M (Peak 11.30M) | Time:00:00.00 | Mem:0.01M, Peak:0.01M | Scene, ViewLayer | Updating Mesh | Computing attributes
Fra:6 Mem:9.97M (Peak 11.30M) | Time:00:00.00 | Mem:0.01M, Peak:0.01M | Scene, ViewLayer | Updating Mesh | Copying Attributes to device
Fra:6 Mem:9.97M (Peak 11.30M) | Time:00:00.00 | Mem:0.02M, Peak:0.02M | Scene, ViewLayer | Updating Scene BVH | Building
Fra:6 Mem:9.97M (Peak 11.30M) | Time:00:00.00 | Mem:0.02M, Peak:0.02M | Scene, ViewLayer | Updating Scene BVH | Building BVH
Fra:6 Mem:9.97M (Peak 11.30M) | Time:00:00.00 | Mem:0.04M, Peak:0.04M | Scene, ViewLayer | Updating Scene BVH | Copying BVH to device
Fra:6 Mem:9.97M (Peak 11.30M) | Time:00:00.00 | Mem:0.04M, Peak:0.04M | Scene, ViewLayer | Updating Mesh | Computing normals
Fra:6 Mem:9.98M (Peak 11.30M) | Time:00:00.00 | Mem:0.04M, Peak:0.04M | Scene, ViewLayer | Updating Mesh | Copying Mesh to device
Fra:6 Mem:9.98M (Peak 11.30M) | Time:00:00.00 | Mem:0.05M, Peak:0.05M | Scene, ViewLayer | Updating Objects Flags
Fra:6 Mem:9.98M (Peak 11.30M) | Time:00:00.00 | Mem:0.05M, Peak:0.05M | Scene, ViewLayer | Updating Primitive Offsets
Fra:6 Mem:9.98M (Peak 11.30M) | Time:00:00.00 | Mem:0.05M, Peak:0.05M | Scene, ViewLayer | Updating Images
Fra:6 Mem:9.98M (Peak 11.30M) | Time:00:00.00 | Mem:0.05M, Peak:0.05M | Scene, ViewLayer | Updating Camera Volume
Fra:6 Mem:9.98M (Peak 11.30M) | Time:00:00.00 | Mem:0.05M, Peak:0.05M | Scene, ViewLayer | Updating Lookup Tables
Fra:6 Mem:9.98M (Peak 11.30M) | Time:00:00.00 | Mem:0.13M, Peak:0.13M | Scene, ViewLayer | Updating Lights
Fra:6 Mem:9.98M (Peak 11.30M) | Time:00:00.00 | Mem:0.13M, Peak:0.13M | Scene, ViewLayer | Updating Lights | Computing tree
Fra:6 Mem:9.99M (Peak 11.30M) | Time:00:00.00 | Mem:0.14M, Peak:0.14M | Scene, ViewLayer | Updating Integrator
Fra:6 Mem:9.99M (Peak 11.30M) | Time:00:00.00 | Mem:0.14M, Peak:0.14M | Scene, ViewLayer | Updating Film
Fra:6 Mem:10.00M (Peak 11.30M) | Time:00:00.00 | Mem:0.06M, Peak:0.14M | Scene, ViewLayer | Updating Lookup Tables
Fra:6 Mem:10.00M (Peak 11.30M) | Time:00:00.00 | Mem:0.15M, Peak:0.15M | Scene, ViewLayer | Updating Baking
Fra:6 Mem:10.00M (Peak 11.30M) | Time:00:00.00 | Mem:0.15M, Peak:0.15M | Scene, ViewLayer | Updating Device | Writing constant memory
Fra:6 Mem:10.00M (Peak 11.30M) | Time:00:00.00 | Mem:0.15M, Peak:0.15M | Scene, ViewLayer | Sample 0/8
Fra:6 Mem:12.29M (Peak 12.29M) | Time:00:00.00 | Remaining:00:00.03 | Mem:2.40M, Peak:2.40M | Scene, ViewLayer | Sample 1/8
Fra:6 Mem:13.29M (Peak 15.29M) | Time:00:00.03 | Mem:2.40M, Peak:2.40M | Scene, ViewLayer | Sample 8/8
Fra:6 Mem:13.29M (Peak 15.29M) | Time:00:00.03 | Mem:2.40M, Peak:2.40M | Scene, ViewLayer | Finished
Saved: '/home/terence/Documents/Codex/2026-09-06/realtime-voice-chat-3/outputs/butterfly-method-comparison/blender/turntable-frames/turntable_003.png'
Time: 00:00.04 (Saving: 00:00.00)

Fra:7 Mem:11.27M (Peak 11.27M) | Time:00:00.00 | Mem:0.00M, Peak:0.00M | Scene, ViewLayer | Synchronizing object | R forewing_border
Fra:7 Mem:11.28M (Peak 11.28M) | Time:00:00.00 | Mem:0.00M, Peak:0.00M | Scene, ViewLayer | Synchronizing object | R forewing_cyan
Fra:7 Mem:11.28M (Peak 11.28M) | Time:00:00.00 | Mem:0.00M, Peak:0.00M | Scene, ViewLayer | Synchronizing object | R forewing_blue
Fra:7 Mem:11.28M (Peak 11.28M) | Time:00:00.00 | Mem:0.00M, Peak:0.00M | Scene, ViewLayer | Synchronizing object | R forewing_cyan.001
Fra:7 Mem:11.28M (Peak 11.28M) | Time:00:00.00 | Mem:0.00M, Peak:0.00M | Scene, ViewLayer | Synchronizing object | R forewing_blue.001
Fra:7 Mem:11.28M (Peak 11.28M) | Time:00:00.00 | Mem:0.00M, Peak:0.00M | Scene, ViewLayer | Synchronizing object | R hindwing_border
Fra:7 Mem:11.28M (Peak 11.28M) | Time:00:00.00 | Mem:0.00M, Peak:0.00M | Scene, ViewLayer | Synchronizing object | R hindwing_cyan
Fra:7 Mem:11.28M (Peak 11.28M) | Time:00:00.00 | Mem:0.00M, Peak:0.00M | Scene, ViewLayer | Synchronizing object | R hindwing_blue
Fra:7 Mem:11.29M (Peak 11.29M) | Time:00:00.00 | Mem:0.00M, Peak:0.00M | Scene, ViewLayer | Synchronizing object | R hindwing_highlight
Fra:7 Mem:11.29M (Peak 11.29M) | Time:00:00.00 | Mem:0.00M, Peak:0.00M | Scene, ViewLayer | Synchronizing object | Antenna.001
Fra:7 Mem:11.29M (Peak 11.29M) | Time:00:00.00 | Mem:0.00M, Peak:0.00M | Scene, ViewLayer | Synchronizing object | Antenna
Fra:7 Mem:11.29M (Peak 11.29M) | Time:00:00.00 | Mem:0.00M, Peak:0.00M | Scene, ViewLayer | Synchronizing object | Head
Fra:7 Mem:11.29M (Peak 11.29M) | Time:00:00.00 | Mem:0.00M, Peak:0.00M | Scene, ViewLayer | Synchronizing object | L forewing_border
Fra:7 Mem:11.29M (Peak 11.29M) | Time:00:00.00 | Mem:0.00M, Peak:0.00M | Scene, ViewLayer | Synchronizing object | Thorax
Fra:7 Mem:11.29M (Peak 11.29M) | Time:00:00.00 | Mem:0.00M, Peak:0.00M | Scene, ViewLayer | Synchronizing object | L forewing_cyan
Fra:7 Mem:11.29M (Peak 11.29M) | Time:00:00.00 | Mem:0.00M, Peak:0.00M | Scene, ViewLayer | Synchronizing object | Abdomen
Fra:7 Mem:11.29M (Peak 11.29M) | Time:00:00.00 | Mem:0.00M, Peak:0.00M | Scene, ViewLayer | Synchronizing object | L hindwing_highlight.001
Fra:7 Mem:11.30M (Peak 11.30M) | Time:00:00.00 | Mem:0.00M, Peak:0.00M | Scene, ViewLayer | Synchronizing object | L forewing_blue.001
Fra:7 Mem:11.30M (Peak 11.30M) | Time:00:00.00 | Mem:0.00M, Peak:0.00M | Scene, ViewLayer | Synchronizing object | L hindwing_blue.001
Fra:7 Mem:11.30M (Peak 11.30M) | Time:00:00.00 | Mem:0.00M, Peak:0.00M | Scene, ViewLayer | Synchronizing object | L forewing_highlight.001
Fra:7 Mem:11.30M (Peak 11.30M) | Time:00:00.00 | Mem:0.00M, Peak:0.00M | Scene, ViewLayer | Synchronizing object | L hindwing_border
Fra:7 Mem:11.30M (Peak 11.30M) | Time:00:00.00 | Mem:0.00M, Peak:0.00M | Scene, ViewLayer | Synchronizing object | L hindwing_cyan
Fra:7 Mem:11.30M (Peak 11.30M) | Time:00:00.00 | Mem:0.00M, Peak:0.00M | Scene, ViewLayer | Synchronizing object | L hindwing_blue
Fra:7 Mem:11.30M (Peak 11.30M) | Time:00:00.00 | Mem:0.00M, Peak:0.00M | Scene, ViewLayer | Synchronizing object | L hindwing_highlight
Fra:7 Mem:11.30M (Peak 11.30M) | Time:00:00.00 | Mem:0.00M, Peak:0.00M | Scene, ViewLayer | Initializing
Fra:7 Mem:9.87M (Peak 11.30M) | Time:00:00.00 | Mem:0.00M, Peak:0.00M | Scene, ViewLayer | Waiting for render to start
Fra:7 Mem:9.87M (Peak 11.30M) | Time:00:00.00 | Mem:0.00M, Peak:0.00M | Scene, ViewLayer | Updating Scene
Fra:7 Mem:9.87M (Peak 11.30M) | Time:00:00.00 | Mem:0.00M, Peak:0.00M | Scene, ViewLayer | Updating Shaders
Fra:7 Mem:9.87M (Peak 11.30M) | Time:00:00.00 | Mem:0.00M, Peak:0.00M | Scene, ViewLayer | Loading render kernels (may take a few minutes the first time)
Fra:7 Mem:9.96M (Peak 11.30M) | Time:00:00.00 | Mem:0.00M, Peak:0.00M | Scene, ViewLayer | Updating Procedurals
Fra:7 Mem:9.96M (Peak 11.30M) | Time:00:00.00 | Mem:0.00M, Peak:0.00M | Scene, ViewLayer | Updating Background
Fra:7 Mem:9.96M (Peak 11.30M) | Time:00:00.00 | Mem:0.00M, Peak:0.00M | Scene, ViewLayer | Updating Camera
Fra:7 Mem:9.96M (Peak 11.30M) | Time:00:00.00 | Mem:0.00M, Peak:0.00M | Scene, ViewLayer | Updating Meshes Flags
Fra:7 Mem:9.96M (Peak 11.30M) | Time:00:00.00 | Mem:0.00M, Peak:0.00M | Scene, ViewLayer | Updating Objects
Fra:7 Mem:9.96M (Peak 11.30M) | Time:00:00.00 | Mem:0.00M, Peak:0.00M | Scene, ViewLayer | Updating Objects | Copying Transformations to device
Fra:7 Mem:9.96M (Peak 11.30M) | Time:00:00.00 | Mem:0.01M, Peak:0.01M | Scene, ViewLayer | Updating Particle Systems
Fra:7 Mem:9.96M (Peak 11.30M) | Time:00:00.00 | Mem:0.01M, Peak:0.01M | Scene, ViewLayer | Updating Particle Systems | Copying Particles to device
Fra:7 Mem:9.96M (Peak 11.30M) | Time:00:00.00 | Mem:0.01M, Peak:0.01M | Scene, ViewLayer | Updating Meshes
Fra:7 Mem:9.96M (Peak 11.30M) | Time:00:00.00 | Mem:0.01M, Peak:0.01M | Scene, ViewLayer | Updating Objects | Applying Static Transformations
Fra:7 Mem:9.96M (Peak 11.30M) | Time:00:00.00 | Mem:0.01M, Peak:0.01M | Scene, ViewLayer | Updating Mesh | Computing attributes
Fra:7 Mem:9.97M (Peak 11.30M) | Time:00:00.00 | Mem:0.01M, Peak:0.01M | Scene, ViewLayer | Updating Mesh | Copying Attributes to device
Fra:7 Mem:9.97M (Peak 11.30M) | Time:00:00.00 | Mem:0.02M, Peak:0.02M | Scene, ViewLayer | Updating Scene BVH | Building
Fra:7 Mem:9.97M (Peak 11.30M) | Time:00:00.00 | Mem:0.02M, Peak:0.02M | Scene, ViewLayer | Updating Scene BVH | Building BVH
Fra:7 Mem:9.97M (Peak 11.30M) | Time:00:00.00 | Mem:0.04M, Peak:0.04M | Scene, ViewLayer | Updating Scene BVH | Copying BVH to device
Fra:7 Mem:9.97M (Peak 11.30M) | Time:00:00.00 | Mem:0.04M, Peak:0.04M | Scene, ViewLayer | Updating Mesh | Computing normals
Fra:7 Mem:9.98M (Peak 11.30M) | Time:00:00.00 | Mem:0.04M, Peak:0.04M | Scene, ViewLayer | Updating Mesh | Copying Mesh to device
Fra:7 Mem:9.98M (Peak 11.30M) | Time:00:00.00 | Mem:0.05M, Peak:0.05M | Scene, ViewLayer | Updating Objects Flags
Fra:7 Mem:9.98M (Peak 11.30M) | Time:00:00.00 | Mem:0.05M, Peak:0.05M | Scene, ViewLayer | Updating Primitive Offsets
Fra:7 Mem:9.98M (Peak 11.30M) | Time:00:00.00 | Mem:0.05M, Peak:0.05M | Scene, ViewLayer | Updating Images
Fra:7 Mem:9.98M (Peak 11.30M) | Time:00:00.00 | Mem:0.05M, Peak:0.05M | Scene, ViewLayer | Updating Camera Volume
Fra:7 Mem:9.98M (Peak 11.30M) | Time:00:00.00 | Mem:0.05M, Peak:0.05M | Scene, ViewLayer | Updating Lookup Tables
Fra:7 Mem:9.98M (Peak 11.30M) | Time:00:00.00 | Mem:0.13M, Peak:0.13M | Scene, ViewLayer | Updating Lights
Fra:7 Mem:9.98M (Peak 11.30M) | Time:00:00.00 | Mem:0.13M, Peak:0.13M | Scene, ViewLayer | Updating Lights | Computing tree
Fra:7 Mem:9.99M (Peak 11.30M) | Time:00:00.00 | Mem:0.14M, Peak:0.14M | Scene, ViewLayer | Updating Integrator
Fra:7 Mem:9.99M (Peak 11.30M) | Time:00:00.00 | Mem:0.14M, Peak:0.14M | Scene, ViewLayer | Updating Film
Fra:7 Mem:10.00M (Peak 11.30M) | Time:00:00.00 | Mem:0.06M, Peak:0.14M | Scene, ViewLayer | Updating Lookup Tables
Fra:7 Mem:10.00M (Peak 11.30M) | Time:00:00.00 | Mem:0.15M, Peak:0.15M | Scene, ViewLayer | Updating Baking
Fra:7 Mem:10.00M (Peak 11.30M) | Time:00:00.00 | Mem:0.15M, Peak:0.15M | Scene, ViewLayer | Updating Device | Writing constant memory
Fra:7 Mem:10.00M (Peak 11.30M) | Time:00:00.00 | Mem:0.15M, Peak:0.15M | Scene, ViewLayer | Sample 0/8
Fra:7 Mem:12.29M (Peak 12.29M) | Time:00:00.00 | Remaining:00:00.03 | Mem:2.40M, Peak:2.40M | Scene, ViewLayer | Sample 1/8
Fra:7 Mem:13.29M (Peak 15.29M) | Time:00:00.04 | Mem:2.40M, Peak:2.40M | Scene, ViewLayer | Sample 8/8
Fra:7 Mem:13.29M (Peak 15.29M) | Time:00:00.04 | Mem:2.40M, Peak:2.40M | Scene, ViewLayer | Finished
Saved: '/home/terence/Documents/Codex/2026-09-06/realtime-voice-chat-3/outputs/butterfly-method-comparison/blender/turntable-frames/turntable_004.png'
Time: 00:00.04 (Saving: 00:00.00)

Fra:9 Mem:11.27M (Peak 11.27M) | Time:00:00.00 | Mem:0.00M, Peak:0.00M | Scene, ViewLayer | Synchronizing object | R forewing_border
Fra:9 Mem:11.28M (Peak 11.28M) | Time:00:00.00 | Mem:0.00M, Peak:0.00M | Scene, ViewLayer | Synchronizing object | R forewing_cyan
Fra:9 Mem:11.28M (Peak 11.28M) | Time:00:00.00 | Mem:0.00M, Peak:0.00M | Scene, ViewLayer | Synchronizing object | R forewing_blue
Fra:9 Mem:11.28M (Peak 11.28M) | Time:00:00.00 | Mem:0.00M, Peak:0.00M | Scene, ViewLayer | Synchronizing object | R forewing_highlight
Fra:9 Mem:11.28M (Peak 11.28M) | Time:00:00.00 | Mem:0.00M, Peak:0.00M | Scene, ViewLayer | Synchronizing object | Antenna.001
Fra:9 Mem:11.28M (Peak 11.28M) | Time:00:00.00 | Mem:0.00M, Peak:0.00M | Scene, ViewLayer | Synchronizing object | R forewing_blue.001
Fra:9 Mem:11.28M (Peak 11.28M) | Time:00:00.00 | Mem:0.00M, Peak:0.00M | Scene, ViewLayer | Synchronizing object | Antenna
Fra:9 Mem:11.28M (Peak 11.28M) | Time:00:00.00 | Mem:0.00M, Peak:0.00M | Scene, ViewLayer | Synchronizing object | R forewing_highlight.001
Fra:9 Mem:11.29M (Peak 11.29M) | Time:00:00.00 | Mem:0.00M, Peak:0.00M | Scene, ViewLayer | Synchronizing object | R hindwing_border
Fra:9 Mem:11.29M (Peak 11.29M) | Time:00:00.00 | Mem:0.00M, Peak:0.00M | Scene, ViewLayer | Synchronizing object | Head
Fra:9 Mem:11.29M (Peak 11.29M) | Time:00:00.00 | Mem:0.00M, Peak:0.00M | Scene, ViewLayer | Synchronizing object | R hindwing_cyan
Fra:9 Mem:11.29M (Peak 11.29M) | Time:00:00.00 | Mem:0.00M, Peak:0.00M | Scene, ViewLayer | Synchronizing object | Thorax
Fra:9 Mem:11.29M (Peak 11.29M) | Time:00:00.00 | Mem:0.00M, Peak:0.00M | Scene, ViewLayer | Synchronizing object | R hindwing_blue
Fra:9 Mem:11.29M (Peak 11.29M) | Time:00:00.00 | Mem:0.00M, Peak:0.00M | Scene, ViewLayer | Synchronizing object | R hindwing_cyan.001
Fra:9 Mem:11.29M (Peak 11.29M) | Time:00:00.00 | Mem:0.00M, Peak:0.00M | Scene, ViewLayer | Synchronizing object | R hindwing_blue.001
Fra:9 Mem:11.29M (Peak 11.29M) | Time:00:00.00 | Mem:0.00M, Peak:0.00M | Scene, ViewLayer | Synchronizing object | L hindwing_highlight.001
Fra:9 Mem:11.29M (Peak 11.29M) | Time:00:00.00 | Mem:0.00M, Peak:0.00M | Scene, ViewLayer | Synchronizing object | L forewing_border
Fra:9 Mem:11.29M (Peak 11.29M) | Time:00:00.00 | Mem:0.00M, Peak:0.00M | Scene, ViewLayer | Synchronizing object | L forewing_cyan
Fra:9 Mem:11.29M (Peak 11.29M) | Time:00:00.00 | Mem:0.00M, Peak:0.00M | Scene, ViewLayer | Synchronizing object | L forewing_blue
Fra:9 Mem:11.29M (Peak 11.29M) | Time:00:00.00 | Mem:0.00M, Peak:0.00M | Scene, ViewLayer | Synchronizing object | L hindwing_blue.001
Fra:9 Mem:11.30M (Peak 11.30M) | Time:00:00.00 | Mem:0.00M, Peak:0.00M | Scene, ViewLayer | Synchronizing object | L forewing_cyan.001
Fra:9 Mem:11.30M (Peak 11.30M) | Time:00:00.00 | Mem:0.00M, Peak:0.00M | Scene, ViewLayer | Synchronizing object | L hindwing_cyan.001
Fra:9 Mem:11.30M (Peak 11.30M) | Time:00:00.00 | Mem:0.00M, Peak:0.00M | Scene, ViewLayer | Synchronizing object | L hindwing_highlight
Fra:9 Mem:11.30M (Peak 11.30M) | Time:00:00.00 | Mem:0.00M, Peak:0.00M | Scene, ViewLayer | Synchronizing object | L forewing_blue.001
Fra:9 Mem:11.30M (Peak 11.30M) | Time:00:00.00 | Mem:0.00M, Peak:0.00M | Scene, ViewLayer | Synchronizing object | L hindwing_blue
Fra:9 Mem:11.30M (Peak 11.30M) | Time:00:00.00 | Mem:0.00M, Peak:0.00M | Scene, ViewLayer | Synchronizing object | L forewing_highlight.001
Fra:9 Mem:11.30M (Peak 11.30M) | Time:00:00.00 | Mem:0.00M, Peak:0.00M | Scene, ViewLayer | Synchronizing object | L hindwing_border
Fra:9 Mem:11.30M (Peak 11.30M) | Time:00:00.00 | Mem:0.00M, Peak:0.00M | Scene, ViewLayer | Initializing
Fra:9 Mem:9.87M (Peak 11.30M) | Time:00:00.00 | Mem:0.00M, Peak:0.00M | Scene, ViewLayer | Waiting for render to start
Fra:9 Mem:9.87M (Peak 11.30M) | Time:00:00.00 | Mem:0.00M, Peak:0.00M | Scene, ViewLayer | Updating Scene
Fra:9 Mem:9.87M (Peak 11.30M) | Time:00:00.00 | Mem:0.00M, Peak:0.00M | Scene, ViewLayer | Updating Shaders
Fra:9 Mem:9.87M (Peak 11.30M) | Time:00:00.00 | Mem:0.00M, Peak:0.00M | Scene, ViewLayer | Loading render kernels (may take a few minutes the first time)
Fra:9 Mem:9.96M (Peak 11.30M) | Time:00:00.00 | Mem:0.00M, Peak:0.00M | Scene, ViewLayer | Updating Procedurals
Fra:9 Mem:9.96M (Peak 11.30M) | Time:00:00.00 | Mem:0.00M, Peak:0.00M | Scene, ViewLayer | Updating Background
Fra:9 Mem:9.96M (Peak 11.30M) | Time:00:00.00 | Mem:0.00M, Peak:0.00M | Scene, ViewLayer | Updating Camera
Fra:9 Mem:9.96M (Peak 11.30M) | Time:00:00.00 | Mem:0.00M, Peak:0.00M | Scene, ViewLayer | Updating Meshes Flags
Fra:9 Mem:9.96M (Peak 11.30M) | Time:00:00.00 | Mem:0.00M, Peak:0.00M | Scene, ViewLayer | Updating Objects
Fra:9 Mem:9.96M (Peak 11.30M) | Time:00:00.00 | Mem:0.00M, Peak:0.00M | Scene, ViewLayer | Updating Objects | Copying Transformations to device
Fra:9 Mem:9.96M (Peak 11.30M) | Time:00:00.00 | Mem:0.01M, Peak:0.01M | Scene, ViewLayer | Updating Particle Systems
Fra:9 Mem:9.96M (Peak 11.30M) | Time:00:00.00 | Mem:0.01M, Peak:0.01M | Scene, ViewLayer | Updating Particle Systems | Copying Particles to device
Fra:9 Mem:9.96M (Peak 11.30M) | Time:00:00.00 | Mem:0.01M, Peak:0.01M | Scene, ViewLayer | Updating Meshes
Fra:9 Mem:9.96M (Peak 11.30M) | Time:00:00.00 | Mem:0.01M, Peak:0.01M | Scene, ViewLayer | Updating Objects | Applying Static Transformations
Fra:9 Mem:9.96M (Peak 11.30M) | Time:00:00.00 | Mem:0.01M, Peak:0.01M | Scene, ViewLayer | Updating Mesh | Computing attributes
Fra:9 Mem:9.97M (Peak 11.30M) | Time:00:00.00 | Mem:0.01M, Peak:0.01M | Scene, ViewLayer | Updating Mesh | Copying Attributes to device
Fra:9 Mem:9.97M (Peak 11.30M) | Time:00:00.00 | Mem:0.02M, Peak:0.02M | Scene, ViewLayer | Updating Scene BVH | Building
Fra:9 Mem:9.97M (Peak 11.30M) | Time:00:00.00 | Mem:0.02M, Peak:0.02M | Scene, ViewLayer | Updating Scene BVH | Building BVH
Fra:9 Mem:9.97M (Peak 11.30M) | Time:00:00.00 | Mem:0.04M, Peak:0.04M | Scene, ViewLayer | Updating Scene BVH | Copying BVH to device
Fra:9 Mem:9.97M (Peak 11.30M) | Time:00:00.00 | Mem:0.04M, Peak:0.04M | Scene, ViewLayer | Updating Mesh | Computing normals
Fra:9 Mem:9.98M (Peak 11.30M) | Time:00:00.00 | Mem:0.04M, Peak:0.04M | Scene, ViewLayer | Updating Mesh | Copying Mesh to device
Fra:9 Mem:9.98M (Peak 11.30M) | Time:00:00.00 | Mem:0.05M, Peak:0.05M | Scene, ViewLayer | Updating Objects Flags
Fra:9 Mem:9.98M (Peak 11.30M) | Time:00:00.00 | Mem:0.05M, Peak:0.05M | Scene, ViewLayer | Updating Primitive Offsets
Fra:9 Mem:9.98M (Peak 11.30M) | Time:00:00.00 | Mem:0.05M, Peak:0.05M | Scene, ViewLayer | Updating Images
Fra:9 Mem:9.98M (Peak 11.30M) | Time:00:00.00 | Mem:0.05M, Peak:0.05M | Scene, ViewLayer | Updating Camera Volume
Fra:9 Mem:9.98M (Peak 11.30M) | Time:00:00.00 | Mem:0.05M, Peak:0.05M | Scene, ViewLayer | Updating Lookup Tables
Fra:9 Mem:9.98M (Peak 11.30M) | Time:00:00.00 | Mem:0.13M, Peak:0.13M | Scene, ViewLayer | Updating Lights
Fra:9 Mem:9.98M (Peak 11.30M) | Time:00:00.00 | Mem:0.13M, Peak:0.13M | Scene, ViewLayer | Updating Lights | Computing tree
Fra:9 Mem:9.99M (Peak 11.30M) | Time:00:00.00 | Mem:0.14M, Peak:0.14M | Scene, ViewLayer | Updating Integrator
Fra:9 Mem:9.99M (Peak 11.30M) | Time:00:00.00 | Mem:0.14M, Peak:0.14M | Scene, ViewLayer | Updating Film
Fra:9 Mem:10.00M (Peak 11.30M) | Time:00:00.00 | Mem:0.06M, Peak:0.14M | Scene, ViewLayer | Updating Lookup Tables
Fra:9 Mem:10.00M (Peak 11.30M) | Time:00:00.00 | Mem:0.15M, Peak:0.15M | Scene, ViewLayer | Updating Baking
Fra:9 Mem:10.00M (Peak 11.30M) | Time:00:00.00 | Mem:0.15M, Peak:0.15M | Scene, ViewLayer | Updating Device | Writing constant memory
Fra:9 Mem:10.00M (Peak 11.30M) | Time:00:00.00 | Mem:0.15M, Peak:0.15M | Scene, ViewLayer | Sample 0/8
Fra:9 Mem:12.29M (Peak 12.29M) | Time:00:00.00 | Remaining:00:00.03 | Mem:2.40M, Peak:2.40M | Scene, ViewLayer | Sample 1/8
Fra:9 Mem:13.29M (Peak 15.29M) | Time:00:00.04 | Mem:2.40M, Peak:2.40M | Scene, ViewLayer | Sample 8/8
Fra:9 Mem:13.29M (Peak 15.29M) | Time:00:00.04 | Mem:2.40M, Peak:2.40M | Scene, ViewLayer | Finished
Saved: '/home/terence/Documents/Codex/2026-09-06/realtime-voice-chat-3/outputs/butterfly-method-comparison/blender/turntable-frames/turntable_005.png'
Time: 00:00.04 (Saving: 00:00.00)

Fra:11 Mem:11.27M (Peak 11.27M) | Time:00:00.00 | Mem:0.00M, Peak:0.00M | Scene, ViewLayer | Synchronizing object | R forewing_border
Fra:11 Mem:11.28M (Peak 11.28M) | Time:00:00.00 | Mem:0.00M, Peak:0.00M | Scene, ViewLayer | Synchronizing object | R forewing_cyan
Fra:11 Mem:11.28M (Peak 11.28M) | Time:00:00.00 | Mem:0.00M, Peak:0.00M | Scene, ViewLayer | Synchronizing object | R forewing_blue
Fra:11 Mem:11.28M (Peak 11.28M) | Time:00:00.00 | Mem:0.00M, Peak:0.00M | Scene, ViewLayer | Synchronizing object | R forewing_highlight
Fra:11 Mem:11.28M (Peak 11.28M) | Time:00:00.00 | Mem:0.00M, Peak:0.00M | Scene, ViewLayer | Synchronizing object | R forewing_cyan.001
Fra:11 Mem:11.28M (Peak 11.28M) | Time:00:00.00 | Mem:0.00M, Peak:0.00M | Scene, ViewLayer | Synchronizing object | R forewing_blue.001
Fra:11 Mem:11.28M (Peak 11.28M) | Time:00:00.00 | Mem:0.00M, Peak:0.00M | Scene, ViewLayer | Synchronizing object | Antenna.001
Fra:11 Mem:11.29M (Peak 11.29M) | Time:00:00.00 | Mem:0.00M, Peak:0.00M | Scene, ViewLayer | Synchronizing object | R hindwing_border
Fra:11 Mem:11.29M (Peak 11.29M) | Time:00:00.00 | Mem:0.00M, Peak:0.00M | Scene, ViewLayer | Synchronizing object | Antenna
Fra:11 Mem:11.29M (Peak 11.29M) | Time:00:00.00 | Mem:0.00M, Peak:0.00M | Scene, ViewLayer | Synchronizing object | R hindwing_highlight
Fra:11 Mem:11.29M (Peak 11.29M) | Time:00:00.00 | Mem:0.00M, Peak:0.00M | Scene, ViewLayer | Synchronizing object | R hindwing_cyan.001
Fra:11 Mem:11.29M (Peak 11.29M) | Time:00:00.00 | Mem:0.00M, Peak:0.00M | Scene, ViewLayer | Synchronizing object | R hindwing_highlight.001
Fra:11 Mem:11.29M (Peak 11.29M) | Time:00:00.00 | Mem:0.00M, Peak:0.00M | Scene, ViewLayer | Synchronizing object | L forewing_border
Fra:11 Mem:11.29M (Peak 11.29M) | Time:00:00.00 | Mem:0.00M, Peak:0.00M | Scene, ViewLayer | Synchronizing object | L forewing_cyan
Fra:11 Mem:11.29M (Peak 11.29M) | Time:00:00.00 | Mem:0.00M, Peak:0.00M | Scene, ViewLayer | Synchronizing object | L forewing_blue
Fra:11 Mem:11.29M (Peak 11.29M) | Time:00:00.00 | Mem:0.00M, Peak:0.00M | Scene, ViewLayer | Synchronizing object | L forewing_highlight
Fra:11 Mem:11.29M (Peak 11.29M) | Time:00:00.00 | Mem:0.00M, Peak:0.00M | Scene, ViewLayer | Synchronizing object | L forewing_cyan.001
Fra:11 Mem:11.29M (Peak 11.29M) | Time:00:00.00 | Mem:0.00M, Peak:0.00M | Scene, ViewLayer | Synchronizing object | L forewing_blue.001
Fra:11 Mem:11.29M (Peak 11.29M) | Time:00:00.00 | Mem:0.00M, Peak:0.00M | Scene, ViewLayer | Synchronizing object | L forewing_highlight.001
Fra:11 Mem:11.29M (Peak 11.29M) | Time:00:00.00 | Mem:0.00M, Peak:0.00M | Scene, ViewLayer | Synchronizing object | L hindwing_border
Fra:11 Mem:11.29M (Peak 11.29M) | Time:00:00.00 | Mem:0.00M, Peak:0.00M | Scene, ViewLayer | Synchronizing object | Abdomen
Fra:11 Mem:11.30M (Peak 11.30M) | Time:00:00.00 | Mem:0.00M, Peak:0.00M | Scene, ViewLayer | Synchronizing object | L hindwing_highlight.001
Fra:11 Mem:11.30M (Peak 11.30M) | Time:00:00.00 | Mem:0.00M, Peak:0.00M | Scene, ViewLayer | Synchronizing object | L hindwing_blue
Fra:11 Mem:11.30M (Peak 11.30M) | Time:00:00.00 | Mem:0.00M, Peak:0.00M | Scene, ViewLayer | Synchronizing object | L hindwing_highlight
Fra:11 Mem:11.30M (Peak 11.30M) | Time:00:00.00 | Mem:0.00M, Peak:0.00M | Scene, ViewLayer | Synchronizing object | L hindwing_blue.001
Fra:11 Mem:11.30M (Peak 11.30M) | Time:00:00.00 | Mem:0.00M, Peak:0.00M | Scene, ViewLayer | Initializing
Fra:11 Mem:9.87M (Peak 11.30M) | Time:00:00.00 | Mem:0.00M, Peak:0.00M | Scene, ViewLayer | Waiting for render to start
Fra:11 Mem:9.87M (Peak 11.30M) | Time:00:00.00 | Mem:0.00M, Peak:0.00M | Scene, ViewLayer | Updating Scene
Fra:11 Mem:9.87M (Peak 11.30M) | Time:00:00.00 | Mem:0.00M, Peak:0.00M | Scene, ViewLayer | Updating Shaders
Fra:11 Mem:9.87M (Peak 11.30M) | Time:00:00.00 | Mem:0.00M, Peak:0.00M | Scene, ViewLayer | Loading render kernels (may take a few minutes the first time)
Fra:11 Mem:9.96M (Peak 11.30M) | Time:00:00.00 | Mem:0.00M, Peak:0.00M | Scene, ViewLayer | Updating Procedurals
Fra:11 Mem:9.96M (Peak 11.30M) | Time:00:00.00 | Mem:0.00M, Peak:0.00M | Scene, ViewLayer | Updating Background
Fra:11 Mem:9.96M (Peak 11.30M) | Time:00:00.00 | Mem:0.00M, Peak:0.00M | Scene, ViewLayer | Updating Camera
Fra:11 Mem:9.96M (Peak 11.30M) | Time:00:00.00 | Mem:0.00M, Peak:0.00M | Scene, ViewLayer | Updating Meshes Flags
Fra:11 Mem:9.96M (Peak 11.30M) | Time:00:00.00 | Mem:0.00M, Peak:0.00M | Scene, ViewLayer | Updating Objects
Fra:11 Mem:9.96M (Peak 11.30M) | Time:00:00.00 | Mem:0.00M, Peak:0.00M | Scene, ViewLayer | Updating Objects | Copying Transformations to device
Fra:11 Mem:9.96M (Peak 11.30M) | Time:00:00.00 | Mem:0.01M, Peak:0.01M | Scene, ViewLayer | Updating Particle Systems
Fra:11 Mem:9.96M (Peak 11.30M) | Time:00:00.00 | Mem:0.01M, Peak:0.01M | Scene, ViewLayer | Updating Particle Systems | Copying Particles to device
Fra:11 Mem:9.96M (Peak 11.30M) | Time:00:00.00 | Mem:0.01M, Peak:0.01M | Scene, ViewLayer | Updating Meshes
Fra:11 Mem:9.96M (Peak 11.30M) | Time:00:00.00 | Mem:0.01M, Peak:0.01M | Scene, ViewLayer | Updating Objects | Applying Static Transformations
Fra:11 Mem:9.96M (Peak 11.30M) | Time:00:00.00 | Mem:0.01M, Peak:0.01M | Scene, ViewLayer | Updating Mesh | Computing attributes
Fra:11 Mem:9.97M (Peak 11.30M) | Time:00:00.00 | Mem:0.01M, Peak:0.01M | Scene, ViewLayer | Updating Mesh | Copying Attributes to device
Fra:11 Mem:9.97M (Peak 11.30M) | Time:00:00.00 | Mem:0.02M, Peak:0.02M | Scene, ViewLayer | Updating Scene BVH | Building
Fra:11 Mem:9.97M (Peak 11.30M) | Time:00:00.00 | Mem:0.02M, Peak:0.02M | Scene, ViewLayer | Updating Scene BVH | Building BVH
Fra:11 Mem:9.97M (Peak 11.30M) | Time:00:00.00 | Mem:0.02M, Peak:0.02M | Scene, ViewLayer | Updating Scene BVH | Building BVH 0%
Fra:11 Mem:9.97M (Peak 11.30M) | Time:00:00.00 | Mem:0.04M, Peak:0.04M | Scene, ViewLayer | Updating Scene BVH | Copying BVH to device
Fra:11 Mem:9.97M (Peak 11.30M) | Time:00:00.00 | Mem:0.04M, Peak:0.04M | Scene, ViewLayer | Updating Mesh | Computing normals
Fra:11 Mem:9.98M (Peak 11.30M) | Time:00:00.00 | Mem:0.04M, Peak:0.04M | Scene, ViewLayer | Updating Mesh | Copying Mesh to device
Fra:11 Mem:9.98M (Peak 11.30M) | Time:00:00.00 | Mem:0.05M, Peak:0.05M | Scene, ViewLayer | Updating Objects Flags
Fra:11 Mem:9.98M (Peak 11.30M) | Time:00:00.00 | Mem:0.05M, Peak:0.05M | Scene, ViewLayer | Updating Primitive Offsets
Fra:11 Mem:9.98M (Peak 11.30M) | Time:00:00.00 | Mem:0.05M, Peak:0.05M | Scene, ViewLayer | Updating Images
Fra:11 Mem:9.98M (Peak 11.30M) | Time:00:00.00 | Mem:0.05M, Peak:0.05M | Scene, ViewLayer | Updating Camera Volume
Fra:11 Mem:9.98M (Peak 11.30M) | Time:00:00.00 | Mem:0.05M, Peak:0.05M | Scene, ViewLayer | Updating Lookup Tables
Fra:11 Mem:9.98M (Peak 11.30M) | Time:00:00.00 | Mem:0.13M, Peak:0.13M | Scene, ViewLayer | Updating Lights
Fra:11 Mem:9.98M (Peak 11.30M) | Time:00:00.00 | Mem:0.13M, Peak:0.13M | Scene, ViewLayer | Updating Lights | Computing tree
Fra:11 Mem:9.99M (Peak 11.30M) | Time:00:00.00 | Mem:0.14M, Peak:0.14M | Scene, ViewLayer | Updating Integrator
Fra:11 Mem:9.99M (Peak 11.30M) | Time:00:00.00 | Mem:0.14M, Peak:0.14M | Scene, ViewLayer | Updating Film
Fra:11 Mem:10.00M (Peak 11.30M) | Time:00:00.00 | Mem:0.06M, Peak:0.14M | Scene, ViewLayer | Updating Lookup Tables
Fra:11 Mem:10.00M (Peak 11.30M) | Time:00:00.00 | Mem:0.15M, Peak:0.15M | Scene, ViewLayer | Updating Baking
Fra:11 Mem:10.00M (Peak 11.30M) | Time:00:00.00 | Mem:0.15M, Peak:0.15M | Scene, ViewLayer | Updating Device | Writing constant memory
Fra:11 Mem:10.00M (Peak 11.30M) | Time:00:00.00 | Mem:0.15M, Peak:0.15M | Scene, ViewLayer | Sample 0/8
Fra:11 Mem:12.29M (Peak 12.29M) | Time:00:00.00 | Remaining:00:00.03 | Mem:2.40M, Peak:2.40M | Scene, ViewLayer | Sample 1/8
Fra:11 Mem:13.29M (Peak 15.29M) | Time:00:00.04 | Mem:2.40M, Peak:2.40M | Scene, ViewLayer | Sample 8/8
Fra:11 Mem:13.29M (Peak 15.29M) | Time:00:00.04 | Mem:2.40M, Peak:2.40M | Scene, ViewLayer | Finished
Saved: '/home/terence/Documents/Codex/2026-09-06/realtime-voice-chat-3/outputs/butterfly-method-comparison/blender/turntable-frames/turntable_006.png'
Time: 00:00.04 (Saving: 00:00.00)

Fra:12 Mem:11.27M (Peak 11.27M) | Time:00:00.00 | Mem:0.00M, Peak:0.00M | Scene, ViewLayer | Synchronizing object | R forewing_border
Fra:12 Mem:11.28M (Peak 11.28M) | Time:00:00.00 | Mem:0.00M, Peak:0.00M | Scene, ViewLayer | Synchronizing object | R forewing_blue
Fra:12 Mem:11.28M (Peak 11.28M) | Time:00:00.00 | Mem:0.00M, Peak:0.00M | Scene, ViewLayer | Synchronizing object | R forewing_highlight
Fra:12 Mem:11.28M (Peak 11.28M) | Time:00:00.00 | Mem:0.00M, Peak:0.00M | Scene, ViewLayer | Synchronizing object | R forewing_cyan.001
Fra:12 Mem:11.28M (Peak 11.28M) | Time:00:00.00 | Mem:0.00M, Peak:0.00M | Scene, ViewLayer | Synchronizing object | R forewing_blue.001
Fra:12 Mem:11.28M (Peak 11.28M) | Time:00:00.00 | Mem:0.00M, Peak:0.00M | Scene, ViewLayer | Synchronizing object | R forewing_highlight.001
Fra:12 Mem:11.29M (Peak 11.29M) | Time:00:00.00 | Mem:0.00M, Peak:0.00M | Scene, ViewLayer | Synchronizing object | R hindwing_cyan
Fra:12 Mem:11.29M (Peak 11.29M) | Time:00:00.00 | Mem:0.00M, Peak:0.00M | Scene, ViewLayer | Synchronizing object | R hindwing_blue
Fra:12 Mem:11.29M (Peak 11.29M) | Time:00:00.00 | Mem:0.00M, Peak:0.00M | Scene, ViewLayer | Synchronizing object | R hindwing_highlight
Fra:12 Mem:11.29M (Peak 11.29M) | Time:00:00.00 | Mem:0.00M, Peak:0.00M | Scene, ViewLayer | Synchronizing object | R hindwing_cyan.001
Fra:12 Mem:11.29M (Peak 11.29M) | Time:00:00.00 | Mem:0.00M, Peak:0.00M | Scene, ViewLayer | Synchronizing object | Antenna
Fra:12 Mem:11.29M (Peak 11.29M) | Time:00:00.00 | Mem:0.00M, Peak:0.00M | Scene, ViewLayer | Synchronizing object | R hindwing_blue.001
Fra:12 Mem:11.29M (Peak 11.29M) | Time:00:00.00 | Mem:0.00M, Peak:0.00M | Scene, ViewLayer | Synchronizing object | L forewing_border
Fra:12 Mem:11.29M (Peak 11.29M) | Time:00:00.00 | Mem:0.00M, Peak:0.00M | Scene, ViewLayer | Synchronizing object | L forewing_cyan
Fra:12 Mem:11.29M (Peak 11.29M) | Time:00:00.00 | Mem:0.00M, Peak:0.00M | Scene, ViewLayer | Synchronizing object | L forewing_blue
Fra:12 Mem:11.29M (Peak 11.29M) | Time:00:00.00 | Mem:0.00M, Peak:0.00M | Scene, ViewLayer | Synchronizing object | L forewing_cyan.001
Fra:12 Mem:11.29M (Peak 11.29M) | Time:00:00.00 | Mem:0.00M, Peak:0.00M | Scene, ViewLayer | Synchronizing object | L forewing_blue.001
Fra:12 Mem:11.29M (Peak 11.29M) | Time:00:00.00 | Mem:0.00M, Peak:0.00M | Scene, ViewLayer | Synchronizing object | L hindwing_border
Fra:12 Mem:11.29M (Peak 11.29M) | Time:00:00.00 | Mem:0.00M, Peak:0.00M | Scene, ViewLayer | Synchronizing object | Thorax
Fra:12 Mem:11.29M (Peak 11.29M) | Time:00:00.00 | Mem:0.00M, Peak:0.00M | Scene, ViewLayer | Synchronizing object | L hindwing_blue
Fra:12 Mem:11.30M (Peak 11.30M) | Time:00:00.00 | Mem:0.00M, Peak:0.00M | Scene, ViewLayer | Synchronizing object | Abdomen
Fra:12 Mem:11.30M (Peak 11.30M) | Time:00:00.00 | Mem:0.00M, Peak:0.00M | Scene, ViewLayer | Synchronizing object | L hindwing_blue.001
Fra:12 Mem:11.30M (Peak 11.30M) | Time:00:00.00 | Mem:0.00M, Peak:0.00M | Scene, ViewLayer | Synchronizing object | L hindwing_highlight.001
Fra:12 Mem:11.30M (Peak 11.30M) | Time:00:00.00 | Mem:0.00M, Peak:0.00M | Scene, ViewLayer | Initializing
Fra:12 Mem:9.87M (Peak 11.30M) | Time:00:00.00 | Mem:0.00M, Peak:0.00M | Scene, ViewLayer | Waiting for render to start
Fra:12 Mem:9.87M (Peak 11.30M) | Time:00:00.00 | Mem:0.00M, Peak:0.00M | Scene, ViewLayer | Updating Scene
Fra:12 Mem:9.87M (Peak 11.30M) | Time:00:00.00 | Mem:0.00M, Peak:0.00M | Scene, ViewLayer | Updating Shaders
Fra:12 Mem:9.87M (Peak 11.30M) | Time:00:00.00 | Mem:0.00M, Peak:0.00M | Scene, ViewLayer | Loading render kernels (may take a few minutes the first time)
Fra:12 Mem:9.96M (Peak 11.30M) | Time:00:00.00 | Mem:0.00M, Peak:0.00M | Scene, ViewLayer | Updating Procedurals
Fra:12 Mem:9.96M (Peak 11.30M) | Time:00:00.00 | Mem:0.00M, Peak:0.00M | Scene, ViewLayer | Updating Background
Fra:12 Mem:9.96M (Peak 11.30M) | Time:00:00.00 | Mem:0.00M, Peak:0.00M | Scene, ViewLayer | Updating Camera
Fra:12 Mem:9.96M (Peak 11.30M) | Time:00:00.00 | Mem:0.00M, Peak:0.00M | Scene, ViewLayer | Updating Meshes Flags
Fra:12 Mem:9.96M (Peak 11.30M) | Time:00:00.00 | Mem:0.00M, Peak:0.00M | Scene, ViewLayer | Updating Objects
Fra:12 Mem:9.96M (Peak 11.30M) | Time:00:00.00 | Mem:0.00M, Peak:0.00M | Scene, ViewLayer | Updating Objects | Copying Transformations to device
Fra:12 Mem:9.96M (Peak 11.30M) | Time:00:00.00 | Mem:0.01M, Peak:0.01M | Scene, ViewLayer | Updating Particle Systems
Fra:12 Mem:9.96M (Peak 11.30M) | Time:00:00.00 | Mem:0.01M, Peak:0.01M | Scene, ViewLayer | Updating Particle Systems | Copying Particles to device
Fra:12 Mem:9.96M (Peak 11.30M) | Time:00:00.00 | Mem:0.01M, Peak:0.01M | Scene, ViewLayer | Updating Meshes
Fra:12 Mem:9.96M (Peak 11.30M) | Time:00:00.00 | Mem:0.01M, Peak:0.01M | Scene, ViewLayer | Updating Objects | Applying Static Transformations
Fra:12 Mem:9.96M (Peak 11.30M) | Time:00:00.00 | Mem:0.01M, Peak:0.01M | Scene, ViewLayer | Updating Mesh | Computing attributes
Fra:12 Mem:9.97M (Peak 11.30M) | Time:00:00.00 | Mem:0.01M, Peak:0.01M | Scene, ViewLayer | Updating Mesh | Copying Attributes to device
Fra:12 Mem:9.97M (Peak 11.30M) | Time:00:00.00 | Mem:0.02M, Peak:0.02M | Scene, ViewLayer | Updating Scene BVH | Building
Fra:12 Mem:9.97M (Peak 11.30M) | Time:00:00.00 | Mem:0.02M, Peak:0.02M | Scene, ViewLayer | Updating Scene BVH | Building BVH
Fra:12 Mem:9.97M (Peak 11.30M) | Time:00:00.00 | Mem:0.04M, Peak:0.04M | Scene, ViewLayer | Updating Scene BVH | Copying BVH to device
Fra:12 Mem:9.97M (Peak 11.30M) | Time:00:00.00 | Mem:0.04M, Peak:0.04M | Scene, ViewLayer | Updating Mesh | Computing normals
Fra:12 Mem:9.98M (Peak 11.30M) | Time:00:00.00 | Mem:0.04M, Peak:0.04M | Scene, ViewLayer | Updating Mesh | Copying Mesh to device
Fra:12 Mem:9.98M (Peak 11.30M) | Time:00:00.00 | Mem:0.05M, Peak:0.05M | Scene, ViewLayer | Updating Objects Flags
Fra:12 Mem:9.98M (Peak 11.30M) | Time:00:00.00 | Mem:0.05M, Peak:0.05M | Scene, ViewLayer | Updating Primitive Offsets
Fra:12 Mem:9.98M (Peak 11.30M) | Time:00:00.00 | Mem:0.05M, Peak:0.05M | Scene, ViewLayer | Updating Images
Fra:12 Mem:9.98M (Peak 11.30M) | Time:00:00.00 | Mem:0.05M, Peak:0.05M | Scene, ViewLayer | Updating Camera Volume
Fra:12 Mem:9.98M (Peak 11.30M) | Time:00:00.00 | Mem:0.05M, Peak:0.05M | Scene, ViewLayer | Updating Lookup Tables
Fra:12 Mem:9.98M (Peak 11.30M) | Time:00:00.00 | Mem:0.13M, Peak:0.13M | Scene, ViewLayer | Updating Lights
Fra:12 Mem:9.98M (Peak 11.30M) | Time:00:00.00 | Mem:0.13M, Peak:0.13M | Scene, ViewLayer | Updating Lights | Computing tree
Fra:12 Mem:9.99M (Peak 11.30M) | Time:00:00.00 | Mem:0.14M, Peak:0.14M | Scene, ViewLayer | Updating Integrator
Fra:12 Mem:9.99M (Peak 11.30M) | Time:00:00.00 | Mem:0.14M, Peak:0.14M | Scene, ViewLayer | Updating Film
Fra:12 Mem:10.00M (Peak 11.30M) | Time:00:00.00 | Mem:0.06M, Peak:0.14M | Scene, ViewLayer | Updating Lookup Tables
Fra:12 Mem:10.00M (Peak 11.30M) | Time:00:00.00 | Mem:0.15M, Peak:0.15M | Scene, ViewLayer | Updating Baking
Fra:12 Mem:10.00M (Peak 11.30M) | Time:00:00.00 | Mem:0.15M, Peak:0.15M | Scene, ViewLayer | Updating Device | Writing constant memory
Fra:12 Mem:10.00M (Peak 11.30M) | Time:00:00.00 | Mem:0.15M, Peak:0.15M | Scene, ViewLayer | Sample 0/8
Fra:12 Mem:12.29M (Peak 12.29M) | Time:00:00.00 | Remaining:00:00.03 | Mem:2.40M, Peak:2.40M | Scene, ViewLayer | Sample 1/8
Fra:12 Mem:13.29M (Peak 15.29M) | Time:00:00.04 | Mem:2.40M, Peak:2.40M | Scene, ViewLayer | Sample 8/8
Fra:12 Mem:13.29M (Peak 15.29M) | Time:00:00.04 | Mem:2.40M, Peak:2.40M | Scene, ViewLayer | Finished
Saved: '/home/terence/Documents/Codex/2026-09-06/realtime-voice-chat-3/outputs/butterfly-method-comparison/blender/turntable-frames/turntable_007.png'
Time: 00:00.05 (Saving: 00:00.00)

Fra:14 Mem:11.27M (Peak 11.27M) | Time:00:00.00 | Mem:0.00M, Peak:0.00M | Scene, ViewLayer | Synchronizing object | R forewing_border
Fra:14 Mem:11.28M (Peak 11.28M) | Time:00:00.00 | Mem:0.00M, Peak:0.00M | Scene, ViewLayer | Synchronizing object | R forewing_blue
Fra:14 Mem:11.28M (Peak 11.28M) | Time:00:00.00 | Mem:0.00M, Peak:0.00M | Scene, ViewLayer | Synchronizing object | R forewing_highlight
Fra:14 Mem:11.28M (Peak 11.28M) | Time:00:00.00 | Mem:0.00M, Peak:0.00M | Scene, ViewLayer | Synchronizing object | R forewing_cyan.001
Fra:14 Mem:11.28M (Peak 11.28M) | Time:00:00.00 | Mem:0.00M, Peak:0.00M | Scene, ViewLayer | Synchronizing object | R forewing_highlight.001
Fra:14 Mem:11.28M (Peak 11.28M) | Time:00:00.00 | Mem:0.00M, Peak:0.00M | Scene, ViewLayer | Synchronizing object | R hindwing_border
Fra:14 Mem:11.29M (Peak 11.29M) | Time:00:00.00 | Mem:0.00M, Peak:0.00M | Scene, ViewLayer | Synchronizing object | Antenna.001
Fra:14 Mem:11.29M (Peak 11.29M) | Time:00:00.00 | Mem:0.00M, Peak:0.00M | Scene, ViewLayer | Synchronizing object | R hindwing_highlight
Fra:14 Mem:11.29M (Peak 11.29M) | Time:00:00.00 | Mem:0.00M, Peak:0.00M | Scene, ViewLayer | Synchronizing object | Antenna
Fra:14 Mem:11.29M (Peak 11.29M) | Time:00:00.00 | Mem:0.00M, Peak:0.00M | Scene, ViewLayer | Synchronizing object | R hindwing_cyan.001
Fra:14 Mem:11.29M (Peak 11.29M) | Time:00:00.00 | Mem:0.00M, Peak:0.00M | Scene, ViewLayer | Synchronizing object | R hindwing_highlight.001
Fra:14 Mem:11.29M (Peak 11.29M) | Time:00:00.00 | Mem:0.00M, Peak:0.00M | Scene, ViewLayer | Synchronizing object | L forewing_border
Fra:14 Mem:11.29M (Peak 11.29M) | Time:00:00.00 | Mem:0.00M, Peak:0.00M | Scene, ViewLayer | Synchronizing object | L forewing_cyan
Fra:14 Mem:11.29M (Peak 11.29M) | Time:00:00.00 | Mem:0.00M, Peak:0.00M | Scene, ViewLayer | Synchronizing object | L forewing_blue
Fra:14 Mem:11.29M (Peak 11.29M) | Time:00:00.00 | Mem:0.00M, Peak:0.00M | Scene, ViewLayer | Synchronizing object | L forewing_cyan.001
Fra:14 Mem:11.29M (Peak 11.29M) | Time:00:00.00 | Mem:0.00M, Peak:0.00M | Scene, ViewLayer | Synchronizing object | L forewing_blue.001
Fra:14 Mem:11.29M (Peak 11.29M) | Time:00:00.00 | Mem:0.00M, Peak:0.00M | Scene, ViewLayer | Synchronizing object | Abdomen
Fra:14 Mem:11.30M (Peak 11.30M) | Time:00:00.00 | Mem:0.00M, Peak:0.00M | Scene, ViewLayer | Synchronizing object | L hindwing_highlight.001
Fra:14 Mem:11.30M (Peak 11.30M) | Time:00:00.00 | Mem:0.00M, Peak:0.00M | Scene, ViewLayer | Synchronizing object | L hindwing_cyan
Fra:14 Mem:11.30M (Peak 11.30M) | Time:00:00.00 | Mem:0.00M, Peak:0.00M | Scene, ViewLayer | Synchronizing object | L hindwing_blue.001
Fra:14 Mem:11.30M (Peak 11.30M) | Time:00:00.00 | Mem:0.00M, Peak:0.00M | Scene, ViewLayer | Synchronizing object | L hindwing_blue
Fra:14 Mem:11.30M (Peak 11.30M) | Time:00:00.00 | Mem:0.00M, Peak:0.00M | Scene, ViewLayer | Synchronizing object | L hindwing_highlight
Fra:14 Mem:11.30M (Peak 11.30M) | Time:00:00.00 | Mem:0.00M, Peak:0.00M | Scene, ViewLayer | Initializing
Fra:14 Mem:9.87M (Peak 11.30M) | Time:00:00.00 | Mem:0.00M, Peak:0.00M | Scene, ViewLayer | Waiting for render to start
Fra:14 Mem:9.87M (Peak 11.30M) | Time:00:00.00 | Mem:0.00M, Peak:0.00M | Scene, ViewLayer | Updating Scene
Fra:14 Mem:9.87M (Peak 11.30M) | Time:00:00.00 | Mem:0.00M, Peak:0.00M | Scene, ViewLayer | Updating Shaders
Fra:14 Mem:9.87M (Peak 11.30M) | Time:00:00.00 | Mem:0.00M, Peak:0.00M | Scene, ViewLayer | Loading render kernels (may take a few minutes the first time)
Fra:14 Mem:9.96M (Peak 11.30M) | Time:00:00.00 | Mem:0.00M, Peak:0.00M | Scene, ViewLayer | Updating Procedurals
Fra:14 Mem:9.96M (Peak 11.30M) | Time:00:00.00 | Mem:0.00M, Peak:0.00M | Scene, ViewLayer | Updating Background
Fra:14 Mem:9.96M (Peak 11.30M) | Time:00:00.00 | Mem:0.00M, Peak:0.00M | Scene, ViewLayer | Updating Camera
Fra:14 Mem:9.96M (Peak 11.30M) | Time:00:00.00 | Mem:0.00M, Peak:0.00M | Scene, ViewLayer | Updating Meshes Flags
Fra:14 Mem:9.96M (Peak 11.30M) | Time:00:00.00 | Mem:0.00M, Peak:0.00M | Scene, ViewLayer | Updating Objects
Fra:14 Mem:9.96M (Peak 11.30M) | Time:00:00.00 | Mem:0.00M, Peak:0.00M | Scene, ViewLayer | Updating Objects | Copying Transformations to device
Fra:14 Mem:9.96M (Peak 11.30M) | Time:00:00.00 | Mem:0.01M, Peak:0.01M | Scene, ViewLayer | Updating Particle Systems
Fra:14 Mem:9.96M (Peak 11.30M) | Time:00:00.00 | Mem:0.01M, Peak:0.01M | Scene, ViewLayer | Updating Particle Systems | Copying Particles to device
Fra:14 Mem:9.96M (Peak 11.30M) | Time:00:00.00 | Mem:0.01M, Peak:0.01M | Scene, ViewLayer | Updating Meshes
Fra:14 Mem:9.96M (Peak 11.30M) | Time:00:00.00 | Mem:0.01M, Peak:0.01M | Scene, ViewLayer | Updating Objects | Applying Static Transformations
Fra:14 Mem:9.96M (Peak 11.30M) | Time:00:00.00 | Mem:0.01M, Peak:0.01M | Scene, ViewLayer | Updating Mesh | Computing attributes
Fra:14 Mem:9.97M (Peak 11.30M) | Time:00:00.00 | Mem:0.01M, Peak:0.01M | Scene, ViewLayer | Updating Mesh | Copying Attributes to device
Fra:14 Mem:9.97M (Peak 11.30M) | Time:00:00.00 | Mem:0.02M, Peak:0.02M | Scene, ViewLayer | Updating Scene BVH | Building
Fra:14 Mem:9.97M (Peak 11.30M) | Time:00:00.00 | Mem:0.02M, Peak:0.02M | Scene, ViewLayer | Updating Scene BVH | Building BVH
Fra:14 Mem:9.97M (Peak 11.30M) | Time:00:00.00 | Mem:0.04M, Peak:0.04M | Scene, ViewLayer | Updating Scene BVH | Copying BVH to device
Fra:14 Mem:9.97M (Peak 11.30M) | Time:00:00.00 | Mem:0.04M, Peak:0.04M | Scene, ViewLayer | Updating Mesh | Computing normals
Fra:14 Mem:9.98M (Peak 11.30M) | Time:00:00.00 | Mem:0.04M, Peak:0.04M | Scene, ViewLayer | Updating Mesh | Copying Mesh to device
Fra:14 Mem:9.98M (Peak 11.30M) | Time:00:00.00 | Mem:0.05M, Peak:0.05M | Scene, ViewLayer | Updating Objects Flags
Fra:14 Mem:9.98M (Peak 11.30M) | Time:00:00.00 | Mem:0.05M, Peak:0.05M | Scene, ViewLayer | Updating Primitive Offsets
Fra:14 Mem:9.98M (Peak 11.30M) | Time:00:00.00 | Mem:0.05M, Peak:0.05M | Scene, ViewLayer | Updating Images
Fra:14 Mem:9.98M (Peak 11.30M) | Time:00:00.00 | Mem:0.05M, Peak:0.05M | Scene, ViewLayer | Updating Camera Volume
Fra:14 Mem:9.98M (Peak 11.30M) | Time:00:00.00 | Mem:0.05M, Peak:0.05M | Scene, ViewLayer | Updating Lookup Tables
Fra:14 Mem:9.98M (Peak 11.30M) | Time:00:00.00 | Mem:0.13M, Peak:0.13M | Scene, ViewLayer | Updating Lights
Fra:14 Mem:9.98M (Peak 11.30M) | Time:00:00.00 | Mem:0.13M, Peak:0.13M | Scene, ViewLayer | Updating Lights | Computing tree
Fra:14 Mem:9.99M (Peak 11.30M) | Time:00:00.00 | Mem:0.14M, Peak:0.14M | Scene, ViewLayer | Updating Integrator
Fra:14 Mem:9.99M (Peak 11.30M) | Time:00:00.00 | Mem:0.14M, Peak:0.14M | Scene, ViewLayer | Updating Film
Fra:14 Mem:10.00M (Peak 11.30M) | Time:00:00.00 | Mem:0.06M, Peak:0.14M | Scene, ViewLayer | Updating Lookup Tables
Fra:14 Mem:10.00M (Peak 11.30M) | Time:00:00.00 | Mem:0.15M, Peak:0.15M | Scene, ViewLayer | Updating Baking
Fra:14 Mem:10.00M (Peak 11.30M) | Time:00:00.00 | Mem:0.15M, Peak:0.15M | Scene, ViewLayer | Updating Device | Writing constant memory
Fra:14 Mem:10.00M (Peak 11.30M) | Time:00:00.00 | Mem:0.15M, Peak:0.15M | Scene, ViewLayer | Sample 0/8
Fra:14 Mem:12.29M (Peak 12.29M) | Time:00:00.00 | Remaining:00:00.03 | Mem:2.40M, Peak:2.40M | Scene, ViewLayer | Sample 1/8
Fra:14 Mem:13.29M (Peak 15.29M) | Time:00:00.04 | Mem:2.40M, Peak:2.40M | Scene, ViewLayer | Sample 8/8
Fra:14 Mem:13.29M (Peak 15.29M) | Time:00:00.04 | Mem:2.40M, Peak:2.40M | Scene, ViewLayer | Finished
Saved: '/home/terence/Documents/Codex/2026-09-06/realtime-voice-chat-3/outputs/butterfly-method-comparison/blender/turntable-frames/turntable_008.png'
Time: 00:00.04 (Saving: 00:00.00)

Fra:16 Mem:11.27M (Peak 11.27M) | Time:00:00.00 | Mem:0.00M, Peak:0.00M | Scene, ViewLayer | Synchronizing object | R forewing_border
Fra:16 Mem:11.28M (Peak 11.28M) | Time:00:00.00 | Mem:0.00M, Peak:0.00M | Scene, ViewLayer | Synchronizing object | R forewing_cyan
Fra:16 Mem:11.28M (Peak 11.28M) | Time:00:00.00 | Mem:0.00M, Peak:0.00M | Scene, ViewLayer | Synchronizing object | R forewing_blue
Fra:16 Mem:11.28M (Peak 11.28M) | Time:00:00.00 | Mem:0.00M, Peak:0.00M | Scene, ViewLayer | Synchronizing object | R forewing_highlight
Fra:16 Mem:11.28M (Peak 11.28M) | Time:00:00.00 | Mem:0.00M, Peak:0.00M | Scene, ViewLayer | Synchronizing object | R forewing_cyan.001
Fra:16 Mem:11.28M (Peak 11.28M) | Time:00:00.00 | Mem:0.00M, Peak:0.00M | Scene, ViewLayer | Synchronizing object | R forewing_highlight.001
Fra:16 Mem:11.28M (Peak 11.28M) | Time:00:00.00 | Mem:0.00M, Peak:0.00M | Scene, ViewLayer | Synchronizing object | R hindwing_border
Fra:16 Mem:11.28M (Peak 11.28M) | Time:00:00.00 | Mem:0.00M, Peak:0.00M | Scene, ViewLayer | Synchronizing object | R hindwing_cyan
Fra:16 Mem:11.29M (Peak 11.29M) | Time:00:00.00 | Mem:0.00M, Peak:0.00M | Scene, ViewLayer | Synchronizing object | R hindwing_blue
Fra:16 Mem:11.29M (Peak 11.29M) | Time:00:00.00 | Mem:0.00M, Peak:0.00M | Scene, ViewLayer | Synchronizing object | R hindwing_highlight
Fra:16 Mem:11.29M (Peak 11.29M) | Time:00:00.00 | Mem:0.00M, Peak:0.00M | Scene, ViewLayer | Synchronizing object | R hindwing_blue.001
Fra:16 Mem:11.29M (Peak 11.29M) | Time:00:00.00 | Mem:0.00M, Peak:0.00M | Scene, ViewLayer | Synchronizing object | R hindwing_highlight.001
Fra:16 Mem:11.29M (Peak 11.29M) | Time:00:00.00 | Mem:0.00M, Peak:0.00M | Scene, ViewLayer | Synchronizing object | L forewing_border
Fra:16 Mem:11.29M (Peak 11.29M) | Time:00:00.00 | Mem:0.00M, Peak:0.00M | Scene, ViewLayer | Synchronizing object | L forewing_blue
Fra:16 Mem:11.29M (Peak 11.29M) | Time:00:00.00 | Mem:0.00M, Peak:0.00M | Scene, ViewLayer | Synchronizing object | Head
Fra:16 Mem:11.29M (Peak 11.29M) | Time:00:00.00 | Mem:0.00M, Peak:0.00M | Scene, ViewLayer | Synchronizing object | L forewing_highlight
Fra:16 Mem:11.29M (Peak 11.29M) | Time:00:00.00 | Mem:0.00M, Peak:0.00M | Scene, ViewLayer | Synchronizing object | L forewing_cyan.001
Fra:16 Mem:11.29M (Peak 11.29M) | Time:00:00.00 | Mem:0.00M, Peak:0.00M | Scene, ViewLayer | Synchronizing object | Thorax
Fra:16 Mem:11.29M (Peak 11.29M) | Time:00:00.00 | Mem:0.00M, Peak:0.00M | Scene, ViewLayer | Synchronizing object | L hindwing_border
Fra:16 Mem:11.29M (Peak 11.29M) | Time:00:00.00 | Mem:0.00M, Peak:0.00M | Scene, ViewLayer | Synchronizing object | L hindwing_cyan
Fra:16 Mem:11.29M (Peak 11.29M) | Time:00:00.00 | Mem:0.00M, Peak:0.00M | Scene, ViewLayer | Synchronizing object | L hindwing_blue
Fra:16 Mem:11.29M (Peak 11.29M) | Time:00:00.00 | Mem:0.00M, Peak:0.00M | Scene, ViewLayer | Synchronizing object | L hindwing_cyan.001
Fra:16 Mem:11.29M (Peak 11.29M) | Time:00:00.00 | Mem:0.00M, Peak:0.00M | Scene, ViewLayer | Synchronizing object | L hindwing_blue.001
Fra:16 Mem:11.30M (Peak 11.30M) | Time:00:00.00 | Mem:0.00M, Peak:0.00M | Scene, ViewLayer | Synchronizing object | L hindwing_highlight.001
Fra:16 Mem:11.30M (Peak 11.30M) | Time:00:00.00 | Mem:0.00M, Peak:0.00M | Scene, ViewLayer | Synchronizing object | Abdomen
Fra:16 Mem:11.30M (Peak 11.30M) | Time:00:00.00 | Mem:0.00M, Peak:0.00M | Scene, ViewLayer | Initializing
Fra:16 Mem:9.87M (Peak 11.30M) | Time:00:00.00 | Mem:0.00M, Peak:0.00M | Scene, ViewLayer | Waiting for render to start
Fra:16 Mem:9.87M (Peak 11.30M) | Time:00:00.00 | Mem:0.00M, Peak:0.00M | Scene, ViewLayer | Updating Scene
Fra:16 Mem:9.87M (Peak 11.30M) | Time:00:00.00 | Mem:0.00M, Peak:0.00M | Scene, ViewLayer | Updating Shaders
Fra:16 Mem:9.87M (Peak 11.30M) | Time:00:00.00 | Mem:0.00M, Peak:0.00M | Scene, ViewLayer | Loading render kernels (may take a few minutes the first time)
Fra:16 Mem:9.96M (Peak 11.30M) | Time:00:00.00 | Mem:0.00M, Peak:0.00M | Scene, ViewLayer | Updating Procedurals
Fra:16 Mem:9.96M (Peak 11.30M) | Time:00:00.00 | Mem:0.00M, Peak:0.00M | Scene, ViewLayer | Updating Background
Fra:16 Mem:9.96M (Peak 11.30M) | Time:00:00.00 | Mem:0.00M, Peak:0.00M | Scene, ViewLayer | Updating Camera
Fra:16 Mem:9.96M (Peak 11.30M) | Time:00:00.00 | Mem:0.00M, Peak:0.00M | Scene, ViewLayer | Updating Meshes Flags
Fra:16 Mem:9.96M (Peak 11.30M) | Time:00:00.00 | Mem:0.00M, Peak:0.00M | Scene, ViewLayer | Updating Objects
Fra:16 Mem:9.96M (Peak 11.30M) | Time:00:00.00 | Mem:0.00M, Peak:0.00M | Scene, ViewLayer | Updating Objects | Copying Transformations to device
Fra:16 Mem:9.96M (Peak 11.30M) | Time:00:00.00 | Mem:0.01M, Peak:0.01M | Scene, ViewLayer | Updating Particle Systems
Fra:16 Mem:9.96M (Peak 11.30M) | Time:00:00.00 | Mem:0.01M, Peak:0.01M | Scene, ViewLayer | Updating Particle Systems | Copying Particles to device
Fra:16 Mem:9.96M (Peak 11.30M) | Time:00:00.00 | Mem:0.01M, Peak:0.01M | Scene, ViewLayer | Updating Meshes
Fra:16 Mem:9.96M (Peak 11.30M) | Time:00:00.00 | Mem:0.01M, Peak:0.01M | Scene, ViewLayer | Updating Objects | Applying Static Transformations
Fra:16 Mem:9.96M (Peak 11.30M) | Time:00:00.00 | Mem:0.01M, Peak:0.01M | Scene, ViewLayer | Updating Mesh | Computing attributes
Fra:16 Mem:9.97M (Peak 11.30M) | Time:00:00.00 | Mem:0.01M, Peak:0.01M | Scene, ViewLayer | Updating Mesh | Copying Attributes to device
Fra:16 Mem:9.97M (Peak 11.30M) | Time:00:00.00 | Mem:0.02M, Peak:0.02M | Scene, ViewLayer | Updating Scene BVH | Building
Fra:16 Mem:9.97M (Peak 11.30M) | Time:00:00.00 | Mem:0.02M, Peak:0.02M | Scene, ViewLayer | Updating Scene BVH | Building BVH
Fra:16 Mem:9.97M (Peak 11.30M) | Time:00:00.00 | Mem:0.04M, Peak:0.04M | Scene, ViewLayer | Updating Scene BVH | Copying BVH to device
Fra:16 Mem:9.97M (Peak 11.30M) | Time:00:00.00 | Mem:0.04M, Peak:0.04M | Scene, ViewLayer | Updating Mesh | Computing normals
Fra:16 Mem:9.98M (Peak 11.30M) | Time:00:00.00 | Mem:0.04M, Peak:0.04M | Scene, ViewLayer | Updating Mesh | Copying Mesh to device
Fra:16 Mem:9.98M (Peak 11.30M) | Time:00:00.00 | Mem:0.05M, Peak:0.05M | Scene, ViewLayer | Updating Objects Flags
Fra:16 Mem:9.98M (Peak 11.30M) | Time:00:00.00 | Mem:0.05M, Peak:0.05M | Scene, ViewLayer | Updating Primitive Offsets
Fra:16 Mem:9.98M (Peak 11.30M) | Time:00:00.00 | Mem:0.05M, Peak:0.05M | Scene, ViewLayer | Updating Images
Fra:16 Mem:9.98M (Peak 11.30M) | Time:00:00.00 | Mem:0.05M, Peak:0.05M | Scene, ViewLayer | Updating Camera Volume
Fra:16 Mem:9.98M (Peak 11.30M) | Time:00:00.00 | Mem:0.05M, Peak:0.05M | Scene, ViewLayer | Updating Lookup Tables
Fra:16 Mem:9.98M (Peak 11.30M) | Time:00:00.00 | Mem:0.13M, Peak:0.13M | Scene, ViewLayer | Updating Lights
Fra:16 Mem:9.98M (Peak 11.30M) | Time:00:00.00 | Mem:0.13M, Peak:0.13M | Scene, ViewLayer | Updating Lights | Computing tree
Fra:16 Mem:9.99M (Peak 11.30M) | Time:00:00.00 | Mem:0.14M, Peak:0.14M | Scene, ViewLayer | Updating Integrator
Fra:16 Mem:9.99M (Peak 11.30M) | Time:00:00.00 | Mem:0.14M, Peak:0.14M | Scene, ViewLayer | Updating Film
Fra:16 Mem:10.00M (Peak 11.30M) | Time:00:00.00 | Mem:0.06M, Peak:0.14M | Scene, ViewLayer | Updating Lookup Tables
Fra:16 Mem:10.00M (Peak 11.30M) | Time:00:00.00 | Mem:0.15M, Peak:0.15M | Scene, ViewLayer | Updating Baking
Fra:16 Mem:10.00M (Peak 11.30M) | Time:00:00.00 | Mem:0.15M, Peak:0.15M | Scene, ViewLayer | Updating Device | Writing constant memory
Fra:16 Mem:10.00M (Peak 11.30M) | Time:00:00.00 | Mem:0.15M, Peak:0.15M | Scene, ViewLayer | Sample 0/8
Fra:16 Mem:12.29M (Peak 12.29M) | Time:00:00.00 | Remaining:00:00.03 | Mem:2.40M, Peak:2.40M | Scene, ViewLayer | Sample 1/8
Fra:16 Mem:13.29M (Peak 15.29M) | Time:00:00.04 | Mem:2.40M, Peak:2.40M | Scene, ViewLayer | Sample 8/8
Fra:16 Mem:13.29M (Peak 15.29M) | Time:00:00.04 | Mem:2.40M, Peak:2.40M | Scene, ViewLayer | Finished
Saved: '/home/terence/Documents/Codex/2026-09-06/realtime-voice-chat-3/outputs/butterfly-method-comparison/blender/turntable-frames/turntable_009.png'
Time: 00:00.04 (Saving: 00:00.00)

Fra:17 Mem:11.27M (Peak 11.27M) | Time:00:00.00 | Mem:0.00M, Peak:0.00M | Scene, ViewLayer | Synchronizing object | R forewing_border
Fra:17 Mem:11.28M (Peak 11.28M) | Time:00:00.00 | Mem:0.00M, Peak:0.00M | Scene, ViewLayer | Synchronizing object | R forewing_blue
Fra:17 Mem:11.28M (Peak 11.28M) | Time:00:00.00 | Mem:0.00M, Peak:0.00M | Scene, ViewLayer | Synchronizing object | R forewing_highlight
Fra:17 Mem:11.28M (Peak 11.28M) | Time:00:00.00 | Mem:0.00M, Peak:0.00M | Scene, ViewLayer | Synchronizing object | R forewing_cyan.001
Fra:17 Mem:11.28M (Peak 11.28M) | Time:00:00.00 | Mem:0.00M, Peak:0.00M | Scene, ViewLayer | Synchronizing object | R forewing_blue.001
Fra:17 Mem:11.28M (Peak 11.28M) | Time:00:00.00 | Mem:0.00M, Peak:0.00M | Scene, ViewLayer | Synchronizing object | R forewing_highlight.001
Fra:17 Mem:11.28M (Peak 11.28M) | Time:00:00.00 | Mem:0.00M, Peak:0.00M | Scene, ViewLayer | Synchronizing object | R hindwing_border
Fra:17 Mem:11.29M (Peak 11.29M) | Time:00:00.00 | Mem:0.00M, Peak:0.00M | Scene, ViewLayer | Synchronizing object | Antenna.001
Fra:17 Mem:11.29M (Peak 11.29M) | Time:00:00.00 | Mem:0.00M, Peak:0.00M | Scene, ViewLayer | Synchronizing object | R hindwing_highlight
Fra:17 Mem:11.29M (Peak 11.29M) | Time:00:00.00 | Mem:0.00M, Peak:0.00M | Scene, ViewLayer | Synchronizing object | R hindwing_cyan.001
Fra:17 Mem:11.29M (Peak 11.29M) | Time:00:00.00 | Mem:0.00M, Peak:0.00M | Scene, ViewLayer | Synchronizing object | R hindwing_blue.001
Fra:17 Mem:11.29M (Peak 11.29M) | Time:00:00.00 | Mem:0.00M, Peak:0.00M | Scene, ViewLayer | Synchronizing object | Antenna
Fra:17 Mem:11.29M (Peak 11.29M) | Time:00:00.00 | Mem:0.00M, Peak:0.00M | Scene, ViewLayer | Synchronizing object | L forewing_border
Fra:17 Mem:11.29M (Peak 11.29M) | Time:00:00.00 | Mem:0.00M, Peak:0.00M | Scene, ViewLayer | Synchronizing object | L forewing_cyan
Fra:17 Mem:11.29M (Peak 11.29M) | Time:00:00.00 | Mem:0.00M, Peak:0.00M | Scene, ViewLayer | Synchronizing object | L forewing_blue
Fra:17 Mem:11.29M (Peak 11.29M) | Time:00:00.00 | Mem:0.00M, Peak:0.00M | Scene, ViewLayer | Synchronizing object | Head
Fra:17 Mem:11.29M (Peak 11.29M) | Time:00:00.00 | Mem:0.00M, Peak:0.00M | Scene, ViewLayer | Synchronizing object | L forewing_highlight
Fra:17 Mem:11.29M (Peak 11.29M) | Time:00:00.00 | Mem:0.00M, Peak:0.00M | Scene, ViewLayer | Synchronizing object | L forewing_cyan.001
Fra:17 Mem:11.29M (Peak 11.29M) | Time:00:00.00 | Mem:0.00M, Peak:0.00M | Scene, ViewLayer | Synchronizing object | Thorax
Fra:17 Mem:11.29M (Peak 11.29M) | Time:00:00.00 | Mem:0.00M, Peak:0.00M | Scene, ViewLayer | Synchronizing object | L forewing_highlight.001
Fra:17 Mem:11.29M (Peak 11.29M) | Time:00:00.00 | Mem:0.00M, Peak:0.00M | Scene, ViewLayer | Synchronizing object | Abdomen
Fra:17 Mem:11.29M (Peak 11.29M) | Time:00:00.00 | Mem:0.00M, Peak:0.00M | Scene, ViewLayer | Synchronizing object | L hindwing_cyan
Fra:17 Mem:11.30M (Peak 11.30M) | Time:00:00.00 | Mem:0.00M, Peak:0.00M | Scene, ViewLayer | Synchronizing object | L hindwing_blue
Fra:17 Mem:11.30M (Peak 11.30M) | Time:00:00.00 | Mem:0.00M, Peak:0.00M | Scene, ViewLayer | Synchronizing object | L hindwing_highlight
Fra:17 Mem:11.30M (Peak 11.30M) | Time:00:00.00 | Mem:0.00M, Peak:0.00M | Scene, ViewLayer | Synchronizing object | L hindwing_cyan.001
Fra:17 Mem:11.30M (Peak 11.30M) | Time:00:00.00 | Mem:0.00M, Peak:0.00M | Scene, ViewLayer | Synchronizing object | L hindwing_blue.001
Fra:17 Mem:11.30M (Peak 11.30M) | Time:00:00.00 | Mem:0.00M, Peak:0.00M | Scene, ViewLayer | Initializing
Fra:17 Mem:9.87M (Peak 11.30M) | Time:00:00.00 | Mem:0.00M, Peak:0.00M | Scene, ViewLayer | Waiting for render to start
Fra:17 Mem:9.87M (Peak 11.30M) | Time:00:00.00 | Mem:0.00M, Peak:0.00M | Scene, ViewLayer | Updating Scene
Fra:17 Mem:9.87M (Peak 11.30M) | Time:00:00.00 | Mem:0.00M, Peak:0.00M | Scene, ViewLayer | Updating Shaders
Fra:17 Mem:9.87M (Peak 11.30M) | Time:00:00.00 | Mem:0.00M, Peak:0.00M | Scene, ViewLayer | Loading render kernels (may take a few minutes the first time)
Fra:17 Mem:9.96M (Peak 11.30M) | Time:00:00.00 | Mem:0.00M, Peak:0.00M | Scene, ViewLayer | Updating Procedurals
Fra:17 Mem:9.96M (Peak 11.30M) | Time:00:00.00 | Mem:0.00M, Peak:0.00M | Scene, ViewLayer | Updating Background
Fra:17 Mem:9.96M (Peak 11.30M) | Time:00:00.00 | Mem:0.00M, Peak:0.00M | Scene, ViewLayer | Updating Camera
Fra:17 Mem:9.96M (Peak 11.30M) | Time:00:00.00 | Mem:0.00M, Peak:0.00M | Scene, ViewLayer | Updating Meshes Flags
Fra:17 Mem:9.96M (Peak 11.30M) | Time:00:00.00 | Mem:0.00M, Peak:0.00M | Scene, ViewLayer | Updating Objects
Fra:17 Mem:9.96M (Peak 11.30M) | Time:00:00.00 | Mem:0.00M, Peak:0.00M | Scene, ViewLayer | Updating Objects | Copying Transformations to device
Fra:17 Mem:9.96M (Peak 11.30M) | Time:00:00.00 | Mem:0.01M, Peak:0.01M | Scene, ViewLayer | Updating Particle Systems
Fra:17 Mem:9.96M (Peak 11.30M) | Time:00:00.00 | Mem:0.01M, Peak:0.01M | Scene, ViewLayer | Updating Particle Systems | Copying Particles to device
Fra:17 Mem:9.96M (Peak 11.30M) | Time:00:00.00 | Mem:0.01M, Peak:0.01M | Scene, ViewLayer | Updating Meshes
Fra:17 Mem:9.96M (Peak 11.30M) | Time:00:00.00 | Mem:0.01M, Peak:0.01M | Scene, ViewLayer | Updating Objects | Applying Static Transformations
Fra:17 Mem:9.96M (Peak 11.30M) | Time:00:00.00 | Mem:0.01M, Peak:0.01M | Scene, ViewLayer | Updating Mesh | Computing attributes
Fra:17 Mem:9.97M (Peak 11.30M) | Time:00:00.00 | Mem:0.01M, Peak:0.01M | Scene, ViewLayer | Updating Mesh | Copying Attributes to device
Fra:17 Mem:9.97M (Peak 11.30M) | Time:00:00.00 | Mem:0.02M, Peak:0.02M | Scene, ViewLayer | Updating Scene BVH | Building
Fra:17 Mem:9.97M (Peak 11.30M) | Time:00:00.00 | Mem:0.02M, Peak:0.02M | Scene, ViewLayer | Updating Scene BVH | Building BVH
Fra:17 Mem:9.97M (Peak 11.30M) | Time:00:00.00 | Mem:0.04M, Peak:0.04M | Scene, ViewLayer | Updating Scene BVH | Copying BVH to device
Fra:17 Mem:9.97M (Peak 11.30M) | Time:00:00.00 | Mem:0.04M, Peak:0.04M | Scene, ViewLayer | Updating Mesh | Computing normals
Fra:17 Mem:9.98M (Peak 11.30M) | Time:00:00.00 | Mem:0.04M, Peak:0.04M | Scene, ViewLayer | Updating Mesh | Copying Mesh to device
Fra:17 Mem:9.98M (Peak 11.30M) | Time:00:00.00 | Mem:0.05M, Peak:0.05M | Scene, ViewLayer | Updating Objects Flags
Fra:17 Mem:9.98M (Peak 11.30M) | Time:00:00.00 | Mem:0.05M, Peak:0.05M | Scene, ViewLayer | Updating Primitive Offsets
Fra:17 Mem:9.98M (Peak 11.30M) | Time:00:00.00 | Mem:0.05M, Peak:0.05M | Scene, ViewLayer | Updating Images
Fra:17 Mem:9.98M (Peak 11.30M) | Time:00:00.00 | Mem:0.05M, Peak:0.05M | Scene, ViewLayer | Updating Camera Volume
Fra:17 Mem:9.98M (Peak 11.30M) | Time:00:00.00 | Mem:0.05M, Peak:0.05M | Scene, ViewLayer | Updating Lookup Tables
Fra:17 Mem:9.98M (Peak 11.30M) | Time:00:00.00 | Mem:0.13M, Peak:0.13M | Scene, ViewLayer | Updating Lights
Fra:17 Mem:9.98M (Peak 11.30M) | Time:00:00.00 | Mem:0.13M, Peak:0.13M | Scene, ViewLayer | Updating Lights | Computing tree
Fra:17 Mem:9.99M (Peak 11.30M) | Time:00:00.00 | Mem:0.14M, Peak:0.14M | Scene, ViewLayer | Updating Integrator
Fra:17 Mem:9.99M (Peak 11.30M) | Time:00:00.00 | Mem:0.14M, Peak:0.14M | Scene, ViewLayer | Updating Film
Fra:17 Mem:10.00M (Peak 11.30M) | Time:00:00.00 | Mem:0.06M, Peak:0.14M | Scene, ViewLayer | Updating Lookup Tables
Fra:17 Mem:10.00M (Peak 11.30M) | Time:00:00.00 | Mem:0.15M, Peak:0.15M | Scene, ViewLayer | Updating Baking
Fra:17 Mem:10.00M (Peak 11.30M) | Time:00:00.00 | Mem:0.15M, Peak:0.15M | Scene, ViewLayer | Updating Device | Writing constant memory
Fra:17 Mem:10.00M (Peak 11.30M) | Time:00:00.00 | Mem:0.15M, Peak:0.15M | Scene, ViewLayer | Sample 0/8
Fra:17 Mem:12.29M (Peak 12.29M) | Time:00:00.00 | Remaining:00:00.04 | Mem:2.40M, Peak:2.40M | Scene, ViewLayer | Sample 1/8
Fra:17 Mem:13.29M (Peak 15.29M) | Time:00:00.05 | Mem:2.40M, Peak:2.40M | Scene, ViewLayer | Sample 8/8
Fra:17 Mem:13.29M (Peak 15.29M) | Time:00:00.05 | Mem:2.40M, Peak:2.40M | Scene, ViewLayer | Finished
Saved: '/home/terence/Documents/Codex/2026-09-06/realtime-voice-chat-3/outputs/butterfly-method-comparison/blender/turntable-frames/turntable_010.png'
Time: 00:00.05 (Saving: 00:00.00)

Fra:19 Mem:11.27M (Peak 11.27M) | Time:00:00.00 | Mem:0.00M, Peak:0.00M | Scene, ViewLayer | Synchronizing object | R forewing_border
Fra:19 Mem:11.28M (Peak 11.28M) | Time:00:00.00 | Mem:0.00M, Peak:0.00M | Scene, ViewLayer | Synchronizing object | R forewing_blue
Fra:19 Mem:11.28M (Peak 11.28M) | Time:00:00.00 | Mem:0.00M, Peak:0.00M | Scene, ViewLayer | Synchronizing object | R forewing_highlight
Fra:19 Mem:11.28M (Peak 11.28M) | Time:00:00.00 | Mem:0.00M, Peak:0.00M | Scene, ViewLayer | Synchronizing object | R forewing_cyan.001
Fra:19 Mem:11.28M (Peak 11.28M) | Time:00:00.00 | Mem:0.00M, Peak:0.00M | Scene, ViewLayer | Synchronizing object | R forewing_blue.001
Fra:19 Mem:11.28M (Peak 11.28M) | Time:00:00.00 | Mem:0.00M, Peak:0.00M | Scene, ViewLayer | Synchronizing object | R forewing_highlight.001
Fra:19 Mem:11.28M (Peak 11.28M) | Time:00:00.00 | Mem:0.00M, Peak:0.00M | Scene, ViewLayer | Synchronizing object | R hindwing_cyan
Fra:19 Mem:11.29M (Peak 11.29M) | Time:00:00.00 | Mem:0.00M, Peak:0.00M | Scene, ViewLayer | Synchronizing object | Antenna.001
Fra:19 Mem:11.29M (Peak 11.29M) | Time:00:00.00 | Mem:0.00M, Peak:0.00M | Scene, ViewLayer | Synchronizing object | R hindwing_blue
Fra:19 Mem:11.29M (Peak 11.29M) | Time:00:00.00 | Mem:0.00M, Peak:0.00M | Scene, ViewLayer | Synchronizing object | R hindwing_cyan.001
Fra:19 Mem:11.29M (Peak 11.29M) | Time:00:00.00 | Mem:0.00M, Peak:0.00M | Scene, ViewLayer | Synchronizing object | R hindwing_blue.001
Fra:19 Mem:11.29M (Peak 11.29M) | Time:00:00.00 | Mem:0.00M, Peak:0.00M | Scene, ViewLayer | Synchronizing object | R hindwing_highlight.001
Fra:19 Mem:11.29M (Peak 11.29M) | Time:00:00.00 | Mem:0.00M, Peak:0.00M | Scene, ViewLayer | Synchronizing object | Head
Fra:19 Mem:11.29M (Peak 11.29M) | Time:00:00.00 | Mem:0.00M, Peak:0.00M | Scene, ViewLayer | Synchronizing object | L forewing_blue
Fra:19 Mem:11.29M (Peak 11.29M) | Time:00:00.00 | Mem:0.00M, Peak:0.00M | Scene, ViewLayer | Synchronizing object | L forewing_highlight
Fra:19 Mem:11.29M (Peak 11.29M) | Time:00:00.00 | Mem:0.00M, Peak:0.00M | Scene, ViewLayer | Synchronizing object | Thorax
Fra:19 Mem:11.29M (Peak 11.29M) | Time:00:00.00 | Mem:0.00M, Peak:0.00M | Scene, ViewLayer | Synchronizing object | L forewing_blue.001
Fra:19 Mem:11.29M (Peak 11.29M) | Time:00:00.00 | Mem:0.00M, Peak:0.00M | Scene, ViewLayer | Synchronizing object | L forewing_highlight.001
Fra:19 Mem:11.29M (Peak 11.29M) | Time:00:00.00 | Mem:0.00M, Peak:0.00M | Scene, ViewLayer | Synchronizing object | L hindwing_border
Fra:19 Mem:11.29M (Peak 11.29M) | Time:00:00.00 | Mem:0.00M, Peak:0.00M | Scene, ViewLayer | Synchronizing object | Abdomen
Fra:19 Mem:11.30M (Peak 11.30M) | Time:00:00.00 | Mem:0.00M, Peak:0.00M | Scene, ViewLayer | Synchronizing object | L hindwing_highlight
Fra:19 Mem:11.30M (Peak 11.30M) | Time:00:00.00 | Mem:0.00M, Peak:0.00M | Scene, ViewLayer | Synchronizing object | L hindwing_highlight.001
Fra:19 Mem:11.30M (Peak 11.30M) | Time:00:00.00 | Mem:0.00M, Peak:0.00M | Scene, ViewLayer | Synchronizing object | L hindwing_cyan.001
Fra:19 Mem:11.30M (Peak 11.30M) | Time:00:00.00 | Mem:0.00M, Peak:0.00M | Scene, ViewLayer | Synchronizing object | L hindwing_blue.001
Fra:19 Mem:11.30M (Peak 11.30M) | Time:00:00.00 | Mem:0.00M, Peak:0.00M | Scene, ViewLayer | Initializing
Fra:19 Mem:9.87M (Peak 11.30M) | Time:00:00.00 | Mem:0.00M, Peak:0.00M | Scene, ViewLayer | Waiting for render to start
Fra:19 Mem:9.87M (Peak 11.30M) | Time:00:00.00 | Mem:0.00M, Peak:0.00M | Scene, ViewLayer | Updating Scene
Fra:19 Mem:9.87M (Peak 11.30M) | Time:00:00.00 | Mem:0.00M, Peak:0.00M | Scene, ViewLayer | Updating Shaders
Fra:19 Mem:9.87M (Peak 11.30M) | Time:00:00.00 | Mem:0.00M, Peak:0.00M | Scene, ViewLayer | Loading render kernels (may take a few minutes the first time)
Fra:19 Mem:9.96M (Peak 11.30M) | Time:00:00.00 | Mem:0.00M, Peak:0.00M | Scene, ViewLayer | Updating Procedurals
Fra:19 Mem:9.96M (Peak 11.30M) | Time:00:00.00 | Mem:0.00M, Peak:0.00M | Scene, ViewLayer | Updating Background
Fra:19 Mem:9.96M (Peak 11.30M) | Time:00:00.00 | Mem:0.00M, Peak:0.00M | Scene, ViewLayer | Updating Camera
Fra:19 Mem:9.96M (Peak 11.30M) | Time:00:00.00 | Mem:0.00M, Peak:0.00M | Scene, ViewLayer | Updating Meshes Flags
Fra:19 Mem:9.96M (Peak 11.30M) | Time:00:00.00 | Mem:0.00M, Peak:0.00M | Scene, ViewLayer | Updating Objects
Fra:19 Mem:9.96M (Peak 11.30M) | Time:00:00.00 | Mem:0.00M, Peak:0.00M | Scene, ViewLayer | Updating Objects | Copying Transformations to device
Fra:19 Mem:9.96M (Peak 11.30M) | Time:00:00.00 | Mem:0.01M, Peak:0.01M | Scene, ViewLayer | Updating Particle Systems
Fra:19 Mem:9.96M (Peak 11.30M) | Time:00:00.00 | Mem:0.01M, Peak:0.01M | Scene, ViewLayer | Updating Particle Systems | Copying Particles to device
Fra:19 Mem:9.96M (Peak 11.30M) | Time:00:00.00 | Mem:0.01M, Peak:0.01M | Scene, ViewLayer | Updating Meshes
Fra:19 Mem:9.96M (Peak 11.30M) | Time:00:00.00 | Mem:0.01M, Peak:0.01M | Scene, ViewLayer | Updating Objects | Applying Static Transformations
Fra:19 Mem:9.96M (Peak 11.30M) | Time:00:00.00 | Mem:0.01M, Peak:0.01M | Scene, ViewLayer | Updating Mesh | Computing attributes
Fra:19 Mem:9.97M (Peak 11.30M) | Time:00:00.00 | Mem:0.01M, Peak:0.01M | Scene, ViewLayer | Updating Mesh | Copying Attributes to device
Fra:19 Mem:9.97M (Peak 11.30M) | Time:00:00.00 | Mem:0.02M, Peak:0.02M | Scene, ViewLayer | Updating Scene BVH | Building
Fra:19 Mem:9.97M (Peak 11.30M) | Time:00:00.00 | Mem:0.02M, Peak:0.02M | Scene, ViewLayer | Updating Scene BVH | Building BVH
Fra:19 Mem:9.97M (Peak 11.30M) | Time:00:00.00 | Mem:0.02M, Peak:0.02M | Scene, ViewLayer | Updating Scene BVH | Building BVH 0%
Fra:19 Mem:9.97M (Peak 11.30M) | Time:00:00.00 | Mem:0.04M, Peak:0.04M | Scene, ViewLayer | Updating Scene BVH | Copying BVH to device
Fra:19 Mem:9.97M (Peak 11.30M) | Time:00:00.00 | Mem:0.04M, Peak:0.04M | Scene, ViewLayer | Updating Mesh | Computing normals
Fra:19 Mem:9.98M (Peak 11.30M) | Time:00:00.00 | Mem:0.04M, Peak:0.04M | Scene, ViewLayer | Updating Mesh | Copying Mesh to device
Fra:19 Mem:9.98M (Peak 11.30M) | Time:00:00.00 | Mem:0.05M, Peak:0.05M | Scene, ViewLayer | Updating Objects Flags
Fra:19 Mem:9.98M (Peak 11.30M) | Time:00:00.00 | Mem:0.05M, Peak:0.05M | Scene, ViewLayer | Updating Primitive Offsets
Fra:19 Mem:9.98M (Peak 11.30M) | Time:00:00.00 | Mem:0.05M, Peak:0.05M | Scene, ViewLayer | Updating Images
Fra:19 Mem:9.98M (Peak 11.30M) | Time:00:00.00 | Mem:0.05M, Peak:0.05M | Scene, ViewLayer | Updating Camera Volume
Fra:19 Mem:9.98M (Peak 11.30M) | Time:00:00.00 | Mem:0.05M, Peak:0.05M | Scene, ViewLayer | Updating Lookup Tables
Fra:19 Mem:9.98M (Peak 11.30M) | Time:00:00.00 | Mem:0.13M, Peak:0.13M | Scene, ViewLayer | Updating Lights
Fra:19 Mem:9.98M (Peak 11.30M) | Time:00:00.00 | Mem:0.13M, Peak:0.13M | Scene, ViewLayer | Updating Lights | Computing tree
Fra:19 Mem:9.99M (Peak 11.30M) | Time:00:00.00 | Mem:0.14M, Peak:0.14M | Scene, ViewLayer | Updating Integrator
Fra:19 Mem:9.99M (Peak 11.30M) | Time:00:00.00 | Mem:0.14M, Peak:0.14M | Scene, ViewLayer | Updating Film
Fra:19 Mem:10.00M (Peak 11.30M) | Time:00:00.00 | Mem:0.06M, Peak:0.14M | Scene, ViewLayer | Updating Lookup Tables
Fra:19 Mem:10.00M (Peak 11.30M) | Time:00:00.00 | Mem:0.15M, Peak:0.15M | Scene, ViewLayer | Updating Baking
Fra:19 Mem:10.00M (Peak 11.30M) | Time:00:00.00 | Mem:0.15M, Peak:0.15M | Scene, ViewLayer | Updating Device | Writing constant memory
Fra:19 Mem:10.00M (Peak 11.30M) | Time:00:00.00 | Mem:0.15M, Peak:0.15M | Scene, ViewLayer | Sample 0/8
Fra:19 Mem:12.29M (Peak 12.29M) | Time:00:00.00 | Remaining:00:00.04 | Mem:2.40M, Peak:2.40M | Scene, ViewLayer | Sample 1/8
Fra:19 Mem:13.29M (Peak 15.29M) | Time:00:00.05 | Mem:2.40M, Peak:2.40M | Scene, ViewLayer | Sample 8/8
Fra:19 Mem:13.29M (Peak 15.29M) | Time:00:00.05 | Mem:2.40M, Peak:2.40M | Scene, ViewLayer | Finished
Saved: '/home/terence/Documents/Codex/2026-09-06/realtime-voice-chat-3/outputs/butterfly-method-comparison/blender/turntable-frames/turntable_011.png'
Time: 00:00.05 (Saving: 00:00.00)

Fra:21 Mem:11.27M (Peak 11.27M) | Time:00:00.00 | Mem:0.00M, Peak:0.00M | Scene, ViewLayer | Synchronizing object | R forewing_border
Fra:21 Mem:11.28M (Peak 11.28M) | Time:00:00.00 | Mem:0.00M, Peak:0.00M | Scene, ViewLayer | Synchronizing object | R forewing_blue
Fra:21 Mem:11.28M (Peak 11.28M) | Time:00:00.00 | Mem:0.00M, Peak:0.00M | Scene, ViewLayer | Synchronizing object | R forewing_highlight
Fra:21 Mem:11.28M (Peak 11.28M) | Time:00:00.00 | Mem:0.00M, Peak:0.00M | Scene, ViewLayer | Synchronizing object | R forewing_cyan.001
Fra:21 Mem:11.28M (Peak 11.28M) | Time:00:00.00 | Mem:0.00M, Peak:0.00M | Scene, ViewLayer | Synchronizing object | R forewing_highlight.001
Fra:21 Mem:11.28M (Peak 11.28M) | Time:00:00.00 | Mem:0.00M, Peak:0.00M | Scene, ViewLayer | Synchronizing object | R hindwing_border
Fra:21 Mem:11.28M (Peak 11.28M) | Time:00:00.00 | Mem:0.00M, Peak:0.00M | Scene, ViewLayer | Synchronizing object | R hindwing_cyan
Fra:21 Mem:11.28M (Peak 11.28M) | Time:00:00.00 | Mem:0.00M, Peak:0.00M | Scene, ViewLayer | Synchronizing object | R hindwing_highlight
Fra:21 Mem:11.29M (Peak 11.29M) | Time:00:00.00 | Mem:0.00M, Peak:0.00M | Scene, ViewLayer | Synchronizing object | R hindwing_cyan.001
Fra:21 Mem:11.29M (Peak 11.29M) | Time:00:00.00 | Mem:0.00M, Peak:0.00M | Scene, ViewLayer | Synchronizing object | R hindwing_blue.001
Fra:21 Mem:11.29M (Peak 11.29M) | Time:00:00.00 | Mem:0.00M, Peak:0.00M | Scene, ViewLayer | Synchronizing object | L forewing_border
Fra:21 Mem:11.29M (Peak 11.29M) | Time:00:00.00 | Mem:0.00M, Peak:0.00M | Scene, ViewLayer | Synchronizing object | L forewing_cyan
Fra:21 Mem:11.29M (Peak 11.29M) | Time:00:00.00 | Mem:0.00M, Peak:0.00M | Scene, ViewLayer | Synchronizing object | L forewing_blue
Fra:21 Mem:11.29M (Peak 11.29M) | Time:00:00.00 | Mem:0.00M, Peak:0.00M | Scene, ViewLayer | Synchronizing object | L forewing_highlight
Fra:21 Mem:11.29M (Peak 11.29M) | Time:00:00.00 | Mem:0.00M, Peak:0.00M | Scene, ViewLayer | Synchronizing object | L forewing_cyan.001
Fra:21 Mem:11.29M (Peak 11.29M) | Time:00:00.00 | Mem:0.00M, Peak:0.00M | Scene, ViewLayer | Synchronizing object | L forewing_blue.001
Fra:21 Mem:11.29M (Peak 11.29M) | Time:00:00.00 | Mem:0.00M, Peak:0.00M | Scene, ViewLayer | Synchronizing object | L forewing_highlight.001
Fra:21 Mem:11.29M (Peak 11.29M) | Time:00:00.00 | Mem:0.00M, Peak:0.00M | Scene, ViewLayer | Synchronizing object | L hindwing_border
Fra:21 Mem:11.29M (Peak 11.29M) | Time:00:00.00 | Mem:0.00M, Peak:0.00M | Scene, ViewLayer | Synchronizing object | L hindwing_cyan
Fra:21 Mem:11.29M (Peak 11.29M) | Time:00:00.00 | Mem:0.00M, Peak:0.00M | Scene, ViewLayer | Synchronizing object | Head
Fra:21 Mem:11.29M (Peak 11.29M) | Time:00:00.00 | Mem:0.00M, Peak:0.00M | Scene, ViewLayer | Synchronizing object | L hindwing_highlight
Fra:21 Mem:11.29M (Peak 11.29M) | Time:00:00.00 | Mem:0.00M, Peak:0.00M | Scene, ViewLayer | Synchronizing object | L hindwing_cyan.001
Fra:21 Mem:11.29M (Peak 11.29M) | Time:00:00.00 | Mem:0.00M, Peak:0.00M | Scene, ViewLayer | Synchronizing object | L hindwing_blue.001
Fra:21 Mem:11.29M (Peak 11.29M) | Time:00:00.00 | Mem:0.00M, Peak:0.00M | Scene, ViewLayer | Synchronizing object | L hindwing_highlight.001
Fra:21 Mem:11.29M (Peak 11.29M) | Time:00:00.00 | Mem:0.00M, Peak:0.00M | Scene, ViewLayer | Synchronizing object | Abdomen
Fra:21 Mem:11.30M (Peak 11.30M) | Time:00:00.00 | Mem:0.00M, Peak:0.00M | Scene, ViewLayer | Initializing
Fra:21 Mem:9.87M (Peak 11.30M) | Time:00:00.00 | Mem:0.00M, Peak:0.00M | Scene, ViewLayer | Waiting for render to start
Fra:21 Mem:9.87M (Peak 11.30M) | Time:00:00.00 | Mem:0.00M, Peak:0.00M | Scene, ViewLayer | Updating Scene
Fra:21 Mem:9.87M (Peak 11.30M) | Time:00:00.00 | Mem:0.00M, Peak:0.00M | Scene, ViewLayer | Updating Shaders
Fra:21 Mem:9.87M (Peak 11.30M) | Time:00:00.00 | Mem:0.00M, Peak:0.00M | Scene, ViewLayer | Loading render kernels (may take a few minutes the first time)
Fra:21 Mem:9.96M (Peak 11.30M) | Time:00:00.00 | Mem:0.00M, Peak:0.00M | Scene, ViewLayer | Updating Procedurals
Fra:21 Mem:9.96M (Peak 11.30M) | Time:00:00.00 | Mem:0.00M, Peak:0.00M | Scene, ViewLayer | Updating Background
Fra:21 Mem:9.96M (Peak 11.30M) | Time:00:00.00 | Mem:0.00M, Peak:0.00M | Scene, ViewLayer | Updating Camera
Fra:21 Mem:9.96M (Peak 11.30M) | Time:00:00.00 | Mem:0.00M, Peak:0.00M | Scene, ViewLayer | Updating Meshes Flags
Fra:21 Mem:9.96M (Peak 11.30M) | Time:00:00.00 | Mem:0.00M, Peak:0.00M | Scene, ViewLayer | Updating Objects
Fra:21 Mem:9.96M (Peak 11.30M) | Time:00:00.00 | Mem:0.00M, Peak:0.00M | Scene, ViewLayer | Updating Objects | Copying Transformations to device
Fra:21 Mem:9.96M (Peak 11.30M) | Time:00:00.00 | Mem:0.01M, Peak:0.01M | Scene, ViewLayer | Updating Particle Systems
Fra:21 Mem:9.96M (Peak 11.30M) | Time:00:00.00 | Mem:0.01M, Peak:0.01M | Scene, ViewLayer | Updating Particle Systems | Copying Particles to device
Fra:21 Mem:9.96M (Peak 11.30M) | Time:00:00.00 | Mem:0.01M, Peak:0.01M | Scene, ViewLayer | Updating Meshes
Fra:21 Mem:9.96M (Peak 11.30M) | Time:00:00.00 | Mem:0.01M, Peak:0.01M | Scene, ViewLayer | Updating Objects | Applying Static Transformations
Fra:21 Mem:9.96M (Peak 11.30M) | Time:00:00.00 | Mem:0.01M, Peak:0.01M | Scene, ViewLayer | Updating Mesh | Computing attributes
Fra:21 Mem:9.97M (Peak 11.30M) | Time:00:00.00 | Mem:0.01M, Peak:0.01M | Scene, ViewLayer | Updating Mesh | Copying Attributes to device
Fra:21 Mem:9.97M (Peak 11.30M) | Time:00:00.00 | Mem:0.02M, Peak:0.02M | Scene, ViewLayer | Updating Scene BVH | Building
Fra:21 Mem:9.97M (Peak 11.30M) | Time:00:00.00 | Mem:0.02M, Peak:0.02M | Scene, ViewLayer | Updating Scene BVH | Building BVH
Fra:21 Mem:9.97M (Peak 11.30M) | Time:00:00.00 | Mem:0.04M, Peak:0.04M | Scene, ViewLayer | Updating Scene BVH | Copying BVH to device
Fra:21 Mem:9.97M (Peak 11.30M) | Time:00:00.00 | Mem:0.04M, Peak:0.04M | Scene, ViewLayer | Updating Mesh | Computing normals
Fra:21 Mem:9.98M (Peak 11.30M) | Time:00:00.00 | Mem:0.04M, Peak:0.04M | Scene, ViewLayer | Updating Mesh | Copying Mesh to device
Fra:21 Mem:9.98M (Peak 11.30M) | Time:00:00.00 | Mem:0.05M, Peak:0.05M | Scene, ViewLayer | Updating Objects Flags
Fra:21 Mem:9.98M (Peak 11.30M) | Time:00:00.00 | Mem:0.05M, Peak:0.05M | Scene, ViewLayer | Updating Primitive Offsets
Fra:21 Mem:9.98M (Peak 11.30M) | Time:00:00.00 | Mem:0.05M, Peak:0.05M | Scene, ViewLayer | Updating Images
Fra:21 Mem:9.98M (Peak 11.30M) | Time:00:00.00 | Mem:0.05M, Peak:0.05M | Scene, ViewLayer | Updating Camera Volume
Fra:21 Mem:9.98M (Peak 11.30M) | Time:00:00.00 | Mem:0.05M, Peak:0.05M | Scene, ViewLayer | Updating Lookup Tables
Fra:21 Mem:9.98M (Peak 11.30M) | Time:00:00.00 | Mem:0.13M, Peak:0.13M | Scene, ViewLayer | Updating Lights
Fra:21 Mem:9.98M (Peak 11.30M) | Time:00:00.00 | Mem:0.13M, Peak:0.13M | Scene, ViewLayer | Updating Lights | Computing tree
Fra:21 Mem:9.99M (Peak 11.30M) | Time:00:00.00 | Mem:0.14M, Peak:0.14M | Scene, ViewLayer | Updating Integrator
Fra:21 Mem:9.99M (Peak 11.30M) | Time:00:00.00 | Mem:0.14M, Peak:0.14M | Scene, ViewLayer | Updating Film
Fra:21 Mem:10.00M (Peak 11.30M) | Time:00:00.00 | Mem:0.06M, Peak:0.14M | Scene, ViewLayer | Updating Lookup Tables
Fra:21 Mem:10.00M (Peak 11.30M) | Time:00:00.00 | Mem:0.15M, Peak:0.15M | Scene, ViewLayer | Updating Baking
Fra:21 Mem:10.00M (Peak 11.30M) | Time:00:00.00 | Mem:0.15M, Peak:0.15M | Scene, ViewLayer | Updating Device | Writing constant memory
Fra:21 Mem:10.00M (Peak 11.30M) | Time:00:00.00 | Mem:0.15M, Peak:0.15M | Scene, ViewLayer | Sample 0/8
Fra:21 Mem:12.29M (Peak 12.29M) | Time:00:00.00 | Remaining:00:00.04 | Mem:2.40M, Peak:2.40M | Scene, ViewLayer | Sample 1/8
Fra:21 Mem:13.29M (Peak 15.29M) | Time:00:00.05 | Mem:2.40M, Peak:2.40M | Scene, ViewLayer | Sample 8/8
Fra:21 Mem:13.29M (Peak 15.29M) | Time:00:00.05 | Mem:2.40M, Peak:2.40M | Scene, ViewLayer | Finished
Saved: '/home/terence/Documents/Codex/2026-09-06/realtime-voice-chat-3/outputs/butterfly-method-comparison/blender/turntable-frames/turntable_012.png'
Time: 00:00.05 (Saving: 00:00.00)

Fra:22 Mem:11.27M (Peak 11.27M) | Time:00:00.00 | Mem:0.00M, Peak:0.00M | Scene, ViewLayer | Synchronizing object | R forewing_border
Fra:22 Mem:11.28M (Peak 11.28M) | Time:00:00.00 | Mem:0.00M, Peak:0.00M | Scene, ViewLayer | Synchronizing object | R forewing_blue
Fra:22 Mem:11.28M (Peak 11.28M) | Time:00:00.00 | Mem:0.00M, Peak:0.00M | Scene, ViewLayer | Synchronizing object | R forewing_highlight
Fra:22 Mem:11.28M (Peak 11.28M) | Time:00:00.00 | Mem:0.00M, Peak:0.00M | Scene, ViewLayer | Synchronizing object | R forewing_cyan.001
Fra:22 Mem:11.28M (Peak 11.28M) | Time:00:00.00 | Mem:0.00M, Peak:0.00M | Scene, ViewLayer | Synchronizing object | R forewing_blue.001
Fra:22 Mem:11.28M (Peak 11.28M) | Time:00:00.00 | Mem:0.00M, Peak:0.00M | Scene, ViewLayer | Synchronizing object | R hindwing_border
Fra:22 Mem:11.28M (Peak 11.28M) | Time:00:00.00 | Mem:0.00M, Peak:0.00M | Scene, ViewLayer | Synchronizing object | R hindwing_cyan
Fra:22 Mem:11.28M (Peak 11.28M) | Time:00:00.00 | Mem:0.00M, Peak:0.00M | Scene, ViewLayer | Synchronizing object | R hindwing_blue
Fra:22 Mem:11.28M (Peak 11.28M) | Time:00:00.00 | Mem:0.00M, Peak:0.00M | Scene, ViewLayer | Synchronizing object | R hindwing_highlight
Fra:22 Mem:11.28M (Peak 11.28M) | Time:00:00.00 | Mem:0.00M, Peak:0.00M | Scene, ViewLayer | Synchronizing object | R hindwing_blue.001
Fra:22 Mem:11.29M (Peak 11.29M) | Time:00:00.00 | Mem:0.00M, Peak:0.00M | Scene, ViewLayer | Synchronizing object | R hindwing_highlight.001
Fra:22 Mem:11.29M (Peak 11.29M) | Time:00:00.00 | Mem:0.00M, Peak:0.00M | Scene, ViewLayer | Synchronizing object | L forewing_cyan
Fra:22 Mem:11.29M (Peak 11.29M) | Time:00:00.00 | Mem:0.00M, Peak:0.00M | Scene, ViewLayer | Synchronizing object | L forewing_blue
Fra:22 Mem:11.29M (Peak 11.29M) | Time:00:00.00 | Mem:0.00M, Peak:0.00M | Scene, ViewLayer | Synchronizing object | L forewing_highlight
Fra:22 Mem:11.29M (Peak 11.29M) | Time:00:00.00 | Mem:0.00M, Peak:0.00M | Scene, ViewLayer | Synchronizing object | L forewing_blue.001
Fra:22 Mem:11.29M (Peak 11.29M) | Time:00:00.00 | Mem:0.00M, Peak:0.00M | Scene, ViewLayer | Synchronizing object | Antenna.001
Fra:22 Mem:11.29M (Peak 11.29M) | Time:00:00.00 | Mem:0.00M, Peak:0.00M | Scene, ViewLayer | Synchronizing object | L forewing_highlight.001
Fra:22 Mem:11.29M (Peak 11.29M) | Time:00:00.00 | Mem:0.00M, Peak:0.00M | Scene, ViewLayer | Synchronizing object | L hindwing_cyan
Fra:22 Mem:11.29M (Peak 11.29M) | Time:00:00.00 | Mem:0.00M, Peak:0.00M | Scene, ViewLayer | Synchronizing object | L hindwing_blue
Fra:22 Mem:11.29M (Peak 11.29M) | Time:00:00.00 | Mem:0.00M, Peak:0.00M | Scene, ViewLayer | Synchronizing object | Antenna
Fra:22 Mem:11.29M (Peak 11.29M) | Time:00:00.00 | Mem:0.00M, Peak:0.00M | Scene, ViewLayer | Synchronizing object | L hindwing_cyan.001
Fra:22 Mem:11.29M (Peak 11.29M) | Time:00:00.00 | Mem:0.00M, Peak:0.00M | Scene, ViewLayer | Synchronizing object | L hindwing_blue.001
Fra:22 Mem:11.29M (Peak 11.29M) | Time:00:00.00 | Mem:0.00M, Peak:0.00M | Scene, ViewLayer | Synchronizing object | Abdomen
Fra:22 Mem:11.29M (Peak 11.29M) | Time:00:00.00 | Mem:0.00M, Peak:0.00M | Scene, ViewLayer | Synchronizing object | Thorax
Fra:22 Mem:11.30M (Peak 11.30M) | Time:00:00.00 | Mem:0.00M, Peak:0.00M | Scene, ViewLayer | Initializing
Fra:22 Mem:9.87M (Peak 11.30M) | Time:00:00.00 | Mem:0.00M, Peak:0.00M | Scene, ViewLayer | Waiting for render to start
Fra:22 Mem:9.87M (Peak 11.30M) | Time:00:00.00 | Mem:0.00M, Peak:0.00M | Scene, ViewLayer | Updating Scene
Fra:22 Mem:9.87M (Peak 11.30M) | Time:00:00.00 | Mem:0.00M, Peak:0.00M | Scene, ViewLayer | Updating Shaders
Fra:22 Mem:9.87M (Peak 11.30M) | Time:00:00.00 | Mem:0.00M, Peak:0.00M | Scene, ViewLayer | Loading render kernels (may take a few minutes the first time)
Fra:22 Mem:9.96M (Peak 11.30M) | Time:00:00.00 | Mem:0.00M, Peak:0.00M | Scene, ViewLayer | Updating Procedurals
Fra:22 Mem:9.96M (Peak 11.30M) | Time:00:00.00 | Mem:0.00M, Peak:0.00M | Scene, ViewLayer | Updating Background
Fra:22 Mem:9.96M (Peak 11.30M) | Time:00:00.00 | Mem:0.00M, Peak:0.00M | Scene, ViewLayer | Updating Camera
Fra:22 Mem:9.96M (Peak 11.30M) | Time:00:00.00 | Mem:0.00M, Peak:0.00M | Scene, ViewLayer | Updating Meshes Flags
Fra:22 Mem:9.96M (Peak 11.30M) | Time:00:00.00 | Mem:0.00M, Peak:0.00M | Scene, ViewLayer | Updating Objects
Fra:22 Mem:9.96M (Peak 11.30M) | Time:00:00.00 | Mem:0.00M, Peak:0.00M | Scene, ViewLayer | Updating Objects | Copying Transformations to device
Fra:22 Mem:9.96M (Peak 11.30M) | Time:00:00.00 | Mem:0.01M, Peak:0.01M | Scene, ViewLayer | Updating Particle Systems
Fra:22 Mem:9.96M (Peak 11.30M) | Time:00:00.00 | Mem:0.01M, Peak:0.01M | Scene, ViewLayer | Updating Particle Systems | Copying Particles to device
Fra:22 Mem:9.96M (Peak 11.30M) | Time:00:00.00 | Mem:0.01M, Peak:0.01M | Scene, ViewLayer | Updating Meshes
Fra:22 Mem:9.96M (Peak 11.30M) | Time:00:00.00 | Mem:0.01M, Peak:0.01M | Scene, ViewLayer | Updating Objects | Applying Static Transformations
Fra:22 Mem:9.96M (Peak 11.30M) | Time:00:00.00 | Mem:0.01M, Peak:0.01M | Scene, ViewLayer | Updating Mesh | Computing attributes
Fra:22 Mem:9.97M (Peak 11.30M) | Time:00:00.00 | Mem:0.01M, Peak:0.01M | Scene, ViewLayer | Updating Mesh | Copying Attributes to device
Fra:22 Mem:9.97M (Peak 11.30M) | Time:00:00.00 | Mem:0.02M, Peak:0.02M | Scene, ViewLayer | Updating Scene BVH | Building
Fra:22 Mem:9.97M (Peak 11.30M) | Time:00:00.00 | Mem:0.02M, Peak:0.02M | Scene, ViewLayer | Updating Scene BVH | Building BVH
Fra:22 Mem:9.97M (Peak 11.30M) | Time:00:00.00 | Mem:0.04M, Peak:0.04M | Scene, ViewLayer | Updating Scene BVH | Copying BVH to device
Fra:22 Mem:9.97M (Peak 11.30M) | Time:00:00.00 | Mem:0.04M, Peak:0.04M | Scene, ViewLayer | Updating Mesh | Computing normals
Fra:22 Mem:9.98M (Peak 11.30M) | Time:00:00.00 | Mem:0.04M, Peak:0.04M | Scene, ViewLayer | Updating Mesh | Copying Mesh to device
Fra:22 Mem:9.98M (Peak 11.30M) | Time:00:00.00 | Mem:0.05M, Peak:0.05M | Scene, ViewLayer | Updating Objects Flags
Fra:22 Mem:9.98M (Peak 11.30M) | Time:00:00.00 | Mem:0.05M, Peak:0.05M | Scene, ViewLayer | Updating Primitive Offsets
Fra:22 Mem:9.98M (Peak 11.30M) | Time:00:00.00 | Mem:0.05M, Peak:0.05M | Scene, ViewLayer | Updating Images
Fra:22 Mem:9.98M (Peak 11.30M) | Time:00:00.00 | Mem:0.05M, Peak:0.05M | Scene, ViewLayer | Updating Camera Volume
Fra:22 Mem:9.98M (Peak 11.30M) | Time:00:00.00 | Mem:0.05M, Peak:0.05M | Scene, ViewLayer | Updating Lookup Tables
Fra:22 Mem:9.98M (Peak 11.30M) | Time:00:00.00 | Mem:0.13M, Peak:0.13M | Scene, ViewLayer | Updating Lights
Fra:22 Mem:9.98M (Peak 11.30M) | Time:00:00.00 | Mem:0.13M, Peak:0.13M | Scene, ViewLayer | Updating Lights | Computing tree
Fra:22 Mem:9.99M (Peak 11.30M) | Time:00:00.00 | Mem:0.14M, Peak:0.14M | Scene, ViewLayer | Updating Integrator
Fra:22 Mem:9.99M (Peak 11.30M) | Time:00:00.00 | Mem:0.14M, Peak:0.14M | Scene, ViewLayer | Updating Film
Fra:22 Mem:10.00M (Peak 11.30M) | Time:00:00.00 | Mem:0.06M, Peak:0.14M | Scene, ViewLayer | Updating Lookup Tables
Fra:22 Mem:10.00M (Peak 11.30M) | Time:00:00.00 | Mem:0.15M, Peak:0.15M | Scene, ViewLayer | Updating Baking
Fra:22 Mem:10.00M (Peak 11.30M) | Time:00:00.00 | Mem:0.15M, Peak:0.15M | Scene, ViewLayer | Updating Device | Writing constant memory
Fra:22 Mem:10.00M (Peak 11.30M) | Time:00:00.00 | Mem:0.15M, Peak:0.15M | Scene, ViewLayer | Sample 0/8
Fra:22 Mem:12.29M (Peak 12.29M) | Time:00:00.00 | Remaining:00:00.03 | Mem:2.40M, Peak:2.40M | Scene, ViewLayer | Sample 1/8
Fra:22 Mem:13.29M (Peak 15.29M) | Time:00:00.05 | Mem:2.40M, Peak:2.40M | Scene, ViewLayer | Sample 8/8
Fra:22 Mem:13.29M (Peak 15.29M) | Time:00:00.05 | Mem:2.40M, Peak:2.40M | Scene, ViewLayer | Finished
Saved: '/home/terence/Documents/Codex/2026-09-06/realtime-voice-chat-3/outputs/butterfly-method-comparison/blender/turntable-frames/turntable_013.png'
Time: 00:00.05 (Saving: 00:00.00)

Fra:24 Mem:11.27M (Peak 11.27M) | Time:00:00.00 | Mem:0.00M, Peak:0.00M | Scene, ViewLayer | Synchronizing object | R forewing_border
Fra:24 Mem:11.28M (Peak 11.28M) | Time:00:00.00 | Mem:0.00M, Peak:0.00M | Scene, ViewLayer | Synchronizing object | R forewing_blue
Fra:24 Mem:11.28M (Peak 11.28M) | Time:00:00.00 | Mem:0.00M, Peak:0.00M | Scene, ViewLayer | Synchronizing object | R forewing_highlight
Fra:24 Mem:11.28M (Peak 11.28M) | Time:00:00.00 | Mem:0.00M, Peak:0.00M | Scene, ViewLayer | Synchronizing object | R forewing_blue.001
Fra:24 Mem:11.28M (Peak 11.28M) | Time:00:00.00 | Mem:0.00M, Peak:0.00M | Scene, ViewLayer | Synchronizing object | R hindwing_border
Fra:24 Mem:11.29M (Peak 11.29M) | Time:00:00.00 | Mem:0.00M, Peak:0.00M | Scene, ViewLayer | Synchronizing object | Antenna.001
Fra:24 Mem:11.29M (Peak 11.29M) | Time:00:00.00 | Mem:0.00M, Peak:0.00M | Scene, ViewLayer | Synchronizing object | R hindwing_blue
Fra:24 Mem:11.29M (Peak 11.29M) | Time:00:00.00 | Mem:0.00M, Peak:0.00M | Scene, ViewLayer | Synchronizing object | R hindwing_highlight
Fra:24 Mem:11.29M (Peak 11.29M) | Time:00:00.00 | Mem:0.00M, Peak:0.00M | Scene, ViewLayer | Synchronizing object | R hindwing_blue.001
Fra:24 Mem:11.29M (Peak 11.29M) | Time:00:00.00 | Mem:0.00M, Peak:0.00M | Scene, ViewLayer | Synchronizing object | R hindwing_highlight.001
Fra:24 Mem:11.29M (Peak 11.29M) | Time:00:00.00 | Mem:0.00M, Peak:0.00M | Scene, ViewLayer | Synchronizing object | L forewing_border
Fra:24 Mem:11.29M (Peak 11.29M) | Time:00:00.00 | Mem:0.00M, Peak:0.00M | Scene, ViewLayer | Synchronizing object | L forewing_cyan
Fra:24 Mem:11.29M (Peak 11.29M) | Time:00:00.00 | Mem:0.00M, Peak:0.00M | Scene, ViewLayer | Synchronizing object | L forewing_blue
Fra:24 Mem:11.29M (Peak 11.29M) | Time:00:00.00 | Mem:0.00M, Peak:0.00M | Scene, ViewLayer | Synchronizing object | L forewing_highlight
Fra:24 Mem:11.29M (Peak 11.29M) | Time:00:00.00 | Mem:0.00M, Peak:0.00M | Scene, ViewLayer | Synchronizing object | L forewing_highlight.001
Fra:24 Mem:11.29M (Peak 11.29M) | Time:00:00.00 | Mem:0.00M, Peak:0.00M | Scene, ViewLayer | Synchronizing object | Antenna
Fra:24 Mem:11.29M (Peak 11.29M) | Time:00:00.00 | Mem:0.00M, Peak:0.00M | Scene, ViewLayer | Synchronizing object | L hindwing_blue
Fra:24 Mem:11.29M (Peak 11.29M) | Time:00:00.00 | Mem:0.00M, Peak:0.00M | Scene, ViewLayer | Synchronizing object | Head
Fra:24 Mem:11.29M (Peak 11.29M) | Time:00:00.00 | Mem:0.00M, Peak:0.00M | Scene, ViewLayer | Synchronizing object | L hindwing_highlight
Fra:24 Mem:11.29M (Peak 11.29M) | Time:00:00.00 | Mem:0.00M, Peak:0.00M | Scene, ViewLayer | Synchronizing object | L hindwing_cyan.001
Fra:24 Mem:11.29M (Peak 11.29M) | Time:00:00.00 | Mem:0.00M, Peak:0.00M | Scene, ViewLayer | Synchronizing object | L hindwing_blue.001
Fra:24 Mem:11.29M (Peak 11.29M) | Time:00:00.00 | Mem:0.00M, Peak:0.00M | Scene, ViewLayer | Synchronizing object | Thorax
Fra:24 Mem:11.29M (Peak 11.29M) | Time:00:00.00 | Mem:0.00M, Peak:0.00M | Scene, ViewLayer | Synchronizing object | L hindwing_highlight.001
Fra:24 Mem:11.30M (Peak 11.30M) | Time:00:00.00 | Mem:0.00M, Peak:0.00M | Scene, ViewLayer | Synchronizing object | Abdomen
Fra:24 Mem:11.30M (Peak 11.30M) | Time:00:00.00 | Mem:0.00M, Peak:0.00M | Scene, ViewLayer | Initializing
Fra:24 Mem:9.87M (Peak 11.30M) | Time:00:00.00 | Mem:0.00M, Peak:0.00M | Scene, ViewLayer | Waiting for render to start
Fra:24 Mem:9.87M (Peak 11.30M) | Time:00:00.00 | Mem:0.00M, Peak:0.00M | Scene, ViewLayer | Updating Scene
Fra:24 Mem:9.87M (Peak 11.30M) | Time:00:00.00 | Mem:0.00M, Peak:0.00M | Scene, ViewLayer | Updating Shaders
Fra:24 Mem:9.87M (Peak 11.30M) | Time:00:00.00 | Mem:0.00M, Peak:0.00M | Scene, ViewLayer | Loading render kernels (may take a few minutes the first time)
Fra:24 Mem:9.96M (Peak 11.30M) | Time:00:00.00 | Mem:0.00M, Peak:0.00M | Scene, ViewLayer | Updating Procedurals
Fra:24 Mem:9.96M (Peak 11.30M) | Time:00:00.00 | Mem:0.00M, Peak:0.00M | Scene, ViewLayer | Updating Background
Fra:24 Mem:9.96M (Peak 11.30M) | Time:00:00.00 | Mem:0.00M, Peak:0.00M | Scene, ViewLayer | Updating Camera
Fra:24 Mem:9.96M (Peak 11.30M) | Time:00:00.00 | Mem:0.00M, Peak:0.00M | Scene, ViewLayer | Updating Meshes Flags
Fra:24 Mem:9.96M (Peak 11.30M) | Time:00:00.00 | Mem:0.00M, Peak:0.00M | Scene, ViewLayer | Updating Objects
Fra:24 Mem:9.96M (Peak 11.30M) | Time:00:00.00 | Mem:0.00M, Peak:0.00M | Scene, ViewLayer | Updating Objects | Copying Transformations to device
Fra:24 Mem:9.96M (Peak 11.30M) | Time:00:00.00 | Mem:0.01M, Peak:0.01M | Scene, ViewLayer | Updating Particle Systems
Fra:24 Mem:9.96M (Peak 11.30M) | Time:00:00.00 | Mem:0.01M, Peak:0.01M | Scene, ViewLayer | Updating Particle Systems | Copying Particles to device
Fra:24 Mem:9.96M (Peak 11.30M) | Time:00:00.00 | Mem:0.01M, Peak:0.01M | Scene, ViewLayer | Updating Meshes
Fra:24 Mem:9.96M (Peak 11.30M) | Time:00:00.00 | Mem:0.01M, Peak:0.01M | Scene, ViewLayer | Updating Objects | Applying Static Transformations
Fra:24 Mem:9.96M (Peak 11.30M) | Time:00:00.00 | Mem:0.01M, Peak:0.01M | Scene, ViewLayer | Updating Mesh | Computing attributes
Fra:24 Mem:9.97M (Peak 11.30M) | Time:00:00.00 | Mem:0.01M, Peak:0.01M | Scene, ViewLayer | Updating Mesh | Copying Attributes to device
Fra:24 Mem:9.97M (Peak 11.30M) | Time:00:00.00 | Mem:0.02M, Peak:0.02M | Scene, ViewLayer | Updating Scene BVH | Building
Fra:24 Mem:9.97M (Peak 11.30M) | Time:00:00.00 | Mem:0.02M, Peak:0.02M | Scene, ViewLayer | Updating Scene BVH | Building BVH
Fra:24 Mem:9.97M (Peak 11.30M) | Time:00:00.00 | Mem:0.04M, Peak:0.04M | Scene, ViewLayer | Updating Scene BVH | Copying BVH to device
Fra:24 Mem:9.97M (Peak 11.30M) | Time:00:00.00 | Mem:0.04M, Peak:0.04M | Scene, ViewLayer | Updating Mesh | Computing normals
Fra:24 Mem:9.98M (Peak 11.30M) | Time:00:00.00 | Mem:0.04M, Peak:0.04M | Scene, ViewLayer | Updating Mesh | Copying Mesh to device
Fra:24 Mem:9.98M (Peak 11.30M) | Time:00:00.00 | Mem:0.05M, Peak:0.05M | Scene, ViewLayer | Updating Objects Flags
Fra:24 Mem:9.98M (Peak 11.30M) | Time:00:00.00 | Mem:0.05M, Peak:0.05M | Scene, ViewLayer | Updating Primitive Offsets
Fra:24 Mem:9.98M (Peak 11.30M) | Time:00:00.00 | Mem:0.05M, Peak:0.05M | Scene, ViewLayer | Updating Images
Fra:24 Mem:9.98M (Peak 11.30M) | Time:00:00.00 | Mem:0.05M, Peak:0.05M | Scene, ViewLayer | Updating Camera Volume
Fra:24 Mem:9.98M (Peak 11.30M) | Time:00:00.00 | Mem:0.05M, Peak:0.05M | Scene, ViewLayer | Updating Lookup Tables
Fra:24 Mem:9.98M (Peak 11.30M) | Time:00:00.00 | Mem:0.13M, Peak:0.13M | Scene, ViewLayer | Updating Lights
Fra:24 Mem:9.98M (Peak 11.30M) | Time:00:00.00 | Mem:0.13M, Peak:0.13M | Scene, ViewLayer | Updating Lights | Computing tree
Fra:24 Mem:9.99M (Peak 11.30M) | Time:00:00.00 | Mem:0.14M, Peak:0.14M | Scene, ViewLayer | Updating Integrator
Fra:24 Mem:9.99M (Peak 11.30M) | Time:00:00.00 | Mem:0.14M, Peak:0.14M | Scene, ViewLayer | Updating Film
Fra:24 Mem:10.00M (Peak 11.30M) | Time:00:00.00 | Mem:0.06M, Peak:0.14M | Scene, ViewLayer | Updating Lookup Tables
Fra:24 Mem:10.00M (Peak 11.30M) | Time:00:00.00 | Mem:0.15M, Peak:0.15M | Scene, ViewLayer | Updating Baking
Fra:24 Mem:10.00M (Peak 11.30M) | Time:00:00.00 | Mem:0.15M, Peak:0.15M | Scene, ViewLayer | Updating Device | Writing constant memory
Fra:24 Mem:10.00M (Peak 11.30M) | Time:00:00.00 | Mem:0.15M, Peak:0.15M | Scene, ViewLayer | Sample 0/8
Fra:24 Mem:12.29M (Peak 12.29M) | Time:00:00.00 | Remaining:00:00.03 | Mem:2.40M, Peak:2.40M | Scene, ViewLayer | Sample 1/8
Fra:24 Mem:13.29M (Peak 15.29M) | Time:00:00.04 | Mem:2.40M, Peak:2.40M | Scene, ViewLayer | Sample 8/8
Fra:24 Mem:13.29M (Peak 15.29M) | Time:00:00.04 | Mem:2.40M, Peak:2.40M | Scene, ViewLayer | Finished
Saved: '/home/terence/Documents/Codex/2026-09-06/realtime-voice-chat-3/outputs/butterfly-method-comparison/blender/turntable-frames/turntable_014.png'
Time: 00:00.04 (Saving: 00:00.00)

Fra:1 Mem:11.27M (Peak 11.27M) | Time:00:00.00 | Mem:0.00M, Peak:0.00M | Scene, ViewLayer | Synchronizing object | R forewing_border
Fra:1 Mem:11.28M (Peak 11.28M) | Time:00:00.00 | Mem:0.00M, Peak:0.00M | Scene, ViewLayer | Synchronizing object | R forewing_cyan
Fra:1 Mem:11.28M (Peak 11.28M) | Time:00:00.00 | Mem:0.00M, Peak:0.00M | Scene, ViewLayer | Synchronizing object | R forewing_blue
Fra:1 Mem:11.28M (Peak 11.28M) | Time:00:00.00 | Mem:0.00M, Peak:0.00M | Scene, ViewLayer | Synchronizing object | R forewing_cyan.001
Fra:1 Mem:11.28M (Peak 11.28M) | Time:00:00.00 | Mem:0.00M, Peak:0.00M | Scene, ViewLayer | Synchronizing object | R forewing_blue.001
Fra:1 Mem:11.28M (Peak 11.28M) | Time:00:00.00 | Mem:0.00M, Peak:0.00M | Scene, ViewLayer | Synchronizing object | R hindwing_border
Fra:1 Mem:11.29M (Peak 11.29M) | Time:00:00.00 | Mem:0.00M, Peak:0.00M | Scene, ViewLayer | Synchronizing object | R hindwing_blue
Fra:1 Mem:11.29M (Peak 11.29M) | Time:00:00.00 | Mem:0.00M, Peak:0.00M | Scene, ViewLayer | Synchronizing object | R hindwing_highlight
Fra:1 Mem:11.29M (Peak 11.29M) | Time:00:00.00 | Mem:0.00M, Peak:0.00M | Scene, ViewLayer | Synchronizing object | R hindwing_cyan.001
Fra:1 Mem:11.29M (Peak 11.29M) | Time:00:00.00 | Mem:0.00M, Peak:0.00M | Scene, ViewLayer | Synchronizing object | Antenna
Fra:1 Mem:11.29M (Peak 11.29M) | Time:00:00.00 | Mem:0.00M, Peak:0.00M | Scene, ViewLayer | Synchronizing object | Head
Fra:1 Mem:11.29M (Peak 11.29M) | Time:00:00.00 | Mem:0.00M, Peak:0.00M | Scene, ViewLayer | Synchronizing object | L forewing_border
Fra:1 Mem:11.29M (Peak 11.29M) | Time:00:00.00 | Mem:0.00M, Peak:0.00M | Scene, ViewLayer | Synchronizing object | Thorax
Fra:1 Mem:11.29M (Peak 11.29M) | Time:00:00.00 | Mem:0.00M, Peak:0.00M | Scene, ViewLayer | Synchronizing object | Abdomen
Fra:1 Mem:11.29M (Peak 11.29M) | Time:00:00.00 | Mem:0.00M, Peak:0.00M | Scene, ViewLayer | Synchronizing object | L hindwing_highlight.001
Fra:1 Mem:11.30M (Peak 11.30M) | Time:00:00.00 | Mem:0.00M, Peak:0.00M | Scene, ViewLayer | Synchronizing object | L forewing_highlight
Fra:1 Mem:11.30M (Peak 11.30M) | Time:00:00.00 | Mem:0.00M, Peak:0.00M | Scene, ViewLayer | Synchronizing object | L hindwing_blue.001
Fra:1 Mem:11.30M (Peak 11.30M) | Time:00:00.00 | Mem:0.00M, Peak:0.00M | Scene, ViewLayer | Synchronizing object | L forewing_highlight.001
Fra:1 Mem:11.30M (Peak 11.30M) | Time:00:00.00 | Mem:0.00M, Peak:0.00M | Scene, ViewLayer | Synchronizing object | L hindwing_border
Fra:1 Mem:11.30M (Peak 11.30M) | Time:00:00.00 | Mem:0.00M, Peak:0.00M | Scene, ViewLayer | Synchronizing object | L hindwing_cyan
Fra:1 Mem:11.30M (Peak 11.30M) | Time:00:00.00 | Mem:0.00M, Peak:0.00M | Scene, ViewLayer | Synchronizing object | L hindwing_highlight
Fra:1 Mem:11.30M (Peak 11.30M) | Time:00:00.00 | Mem:0.00M, Peak:0.00M | Scene, ViewLayer | Synchronizing object | L hindwing_blue
Fra:1 Mem:11.30M (Peak 11.30M) | Time:00:00.00 | Mem:0.00M, Peak:0.00M | Scene, ViewLayer | Initializing
Fra:1 Mem:9.87M (Peak 11.30M) | Time:00:00.00 | Mem:0.00M, Peak:0.00M | Scene, ViewLayer | Waiting for render to start
Fra:1 Mem:9.87M (Peak 11.30M) | Time:00:00.00 | Mem:0.00M, Peak:0.00M | Scene, ViewLayer | Updating Scene
Fra:1 Mem:9.87M (Peak 11.30M) | Time:00:00.00 | Mem:0.00M, Peak:0.00M | Scene, ViewLayer | Updating Shaders
Fra:1 Mem:9.87M (Peak 11.30M) | Time:00:00.00 | Mem:0.00M, Peak:0.00M | Scene, ViewLayer | Loading render kernels (may take a few minutes the first time)
Fra:1 Mem:9.96M (Peak 11.30M) | Time:00:00.00 | Mem:0.00M, Peak:0.00M | Scene, ViewLayer | Updating Procedurals
Fra:1 Mem:9.96M (Peak 11.30M) | Time:00:00.00 | Mem:0.00M, Peak:0.00M | Scene, ViewLayer | Updating Background
Fra:1 Mem:9.96M (Peak 11.30M) | Time:00:00.00 | Mem:0.00M, Peak:0.00M | Scene, ViewLayer | Updating Camera
Fra:1 Mem:9.96M (Peak 11.30M) | Time:00:00.00 | Mem:0.00M, Peak:0.00M | Scene, ViewLayer | Updating Meshes Flags
Fra:1 Mem:9.96M (Peak 11.30M) | Time:00:00.00 | Mem:0.00M, Peak:0.00M | Scene, ViewLayer | Updating Objects
Fra:1 Mem:9.96M (Peak 11.30M) | Time:00:00.00 | Mem:0.00M, Peak:0.00M | Scene, ViewLayer | Updating Objects | Copying Transformations to device
Fra:1 Mem:9.96M (Peak 11.30M) | Time:00:00.00 | Mem:0.01M, Peak:0.01M | Scene, ViewLayer | Updating Particle Systems
Fra:1 Mem:9.96M (Peak 11.30M) | Time:00:00.00 | Mem:0.01M, Peak:0.01M | Scene, ViewLayer | Updating Particle Systems | Copying Particles to device
Fra:1 Mem:9.96M (Peak 11.30M) | Time:00:00.00 | Mem:0.01M, Peak:0.01M | Scene, ViewLayer | Updating Meshes
Fra:1 Mem:9.96M (Peak 11.30M) | Time:00:00.00 | Mem:0.01M, Peak:0.01M | Scene, ViewLayer | Updating Objects | Applying Static Transformations
Fra:1 Mem:9.96M (Peak 11.30M) | Time:00:00.00 | Mem:0.01M, Peak:0.01M | Scene, ViewLayer | Updating Mesh | Computing attributes
Fra:1 Mem:9.97M (Peak 11.30M) | Time:00:00.00 | Mem:0.01M, Peak:0.01M | Scene, ViewLayer | Updating Mesh | Copying Attributes to device
Fra:1 Mem:9.97M (Peak 11.30M) | Time:00:00.00 | Mem:0.02M, Peak:0.02M | Scene, ViewLayer | Updating Scene BVH | Building
Fra:1 Mem:9.97M (Peak 11.30M) | Time:00:00.00 | Mem:0.02M, Peak:0.02M | Scene, ViewLayer | Updating Scene BVH | Building BVH
Fra:1 Mem:9.97M (Peak 11.30M) | Time:00:00.00 | Mem:0.04M, Peak:0.04M | Scene, ViewLayer | Updating Scene BVH | Copying BVH to device
Fra:1 Mem:9.97M (Peak 11.30M) | Time:00:00.00 | Mem:0.04M, Peak:0.04M | Scene, ViewLayer | Updating Mesh | Computing normals
Fra:1 Mem:9.98M (Peak 11.30M) | Time:00:00.00 | Mem:0.04M, Peak:0.04M | Scene, ViewLayer | Updating Mesh | Copying Mesh to device
Fra:1 Mem:9.98M (Peak 11.30M) | Time:00:00.00 | Mem:0.05M, Peak:0.05M | Scene, ViewLayer | Updating Objects Flags
Fra:1 Mem:9.98M (Peak 11.30M) | Time:00:00.00 | Mem:0.05M, Peak:0.05M | Scene, ViewLayer | Updating Primitive Offsets
Fra:1 Mem:9.98M (Peak 11.30M) | Time:00:00.00 | Mem:0.05M, Peak:0.05M | Scene, ViewLayer | Updating Images
Fra:1 Mem:9.98M (Peak 11.30M) | Time:00:00.00 | Mem:0.05M, Peak:0.05M | Scene, ViewLayer | Updating Camera Volume
Fra:1 Mem:9.98M (Peak 11.30M) | Time:00:00.00 | Mem:0.05M, Peak:0.05M | Scene, ViewLayer | Updating Lookup Tables
Fra:1 Mem:9.98M (Peak 11.30M) | Time:00:00.00 | Mem:0.13M, Peak:0.13M | Scene, ViewLayer | Updating Lights
Fra:1 Mem:9.98M (Peak 11.30M) | Time:00:00.00 | Mem:0.13M, Peak:0.13M | Scene, ViewLayer | Updating Lights | Computing tree
Fra:1 Mem:9.99M (Peak 11.30M) | Time:00:00.00 | Mem:0.14M, Peak:0.14M | Scene, ViewLayer | Updating Integrator
Fra:1 Mem:9.99M (Peak 11.30M) | Time:00:00.00 | Mem:0.14M, Peak:0.14M | Scene, ViewLayer | Updating Film
Fra:1 Mem:10.00M (Peak 11.30M) | Time:00:00.00 | Mem:0.06M, Peak:0.14M | Scene, ViewLayer | Updating Lookup Tables
Fra:1 Mem:10.00M (Peak 11.30M) | Time:00:00.00 | Mem:0.14M, Peak:0.14M | Scene, ViewLayer | Updating Baking
Fra:1 Mem:10.00M (Peak 11.30M) | Time:00:00.00 | Mem:0.14M, Peak:0.14M | Scene, ViewLayer | Updating Device | Writing constant memory
Fra:1 Mem:10.00M (Peak 11.30M) | Time:00:00.00 | Mem:0.14M, Peak:0.14M | Scene, ViewLayer | Sample 0/8
Fra:1 Mem:12.29M (Peak 12.29M) | Time:00:00.00 | Remaining:00:00.03 | Mem:2.39M, Peak:2.39M | Scene, ViewLayer | Sample 1/8
Fra:1 Mem:13.29M (Peak 15.29M) | Time:00:00.04 | Mem:2.39M, Peak:2.39M | Scene, ViewLayer | Sample 8/8
Fra:1 Mem:13.29M (Peak 15.29M) | Time:00:00.04 | Mem:2.39M, Peak:2.39M | Scene, ViewLayer | Finished
Saved: '/home/terence/Documents/Codex/2026-09-06/realtime-voice-chat-3/outputs/butterfly-method-comparison/blender/turntable-frames/turntable_015.png'
Time: 00:00.04 (Saving: 00:00.00)

Fra:2 Mem:11.27M (Peak 11.27M) | Time:00:00.00 | Mem:0.00M, Peak:0.00M | Scene, ViewLayer | Synchronizing object | R forewing_border
Fra:2 Mem:11.28M (Peak 11.28M) | Time:00:00.00 | Mem:0.00M, Peak:0.00M | Scene, ViewLayer | Synchronizing object | R forewing_blue
Fra:2 Mem:11.28M (Peak 11.28M) | Time:00:00.00 | Mem:0.00M, Peak:0.00M | Scene, ViewLayer | Synchronizing object | R forewing_highlight
Fra:2 Mem:11.28M (Peak 11.28M) | Time:00:00.00 | Mem:0.00M, Peak:0.00M | Scene, ViewLayer | Synchronizing object | R forewing_cyan.001
Fra:2 Mem:11.28M (Peak 11.28M) | Time:00:00.00 | Mem:0.00M, Peak:0.00M | Scene, ViewLayer | Synchronizing object | Antenna.001
Fra:2 Mem:11.28M (Peak 11.28M) | Time:00:00.00 | Mem:0.00M, Peak:0.00M | Scene, ViewLayer | Synchronizing object | R forewing_highlight.001
Fra:2 Mem:11.28M (Peak 11.28M) | Time:00:00.00 | Mem:0.00M, Peak:0.00M | Scene, ViewLayer | Synchronizing object | Antenna
Fra:2 Mem:11.29M (Peak 11.29M) | Time:00:00.00 | Mem:0.00M, Peak:0.00M | Scene, ViewLayer | Synchronizing object | R hindwing_cyan
Fra:2 Mem:11.29M (Peak 11.29M) | Time:00:00.00 | Mem:0.00M, Peak:0.00M | Scene, ViewLayer | Synchronizing object | R hindwing_blue
Fra:2 Mem:11.29M (Peak 11.29M) | Time:00:00.00 | Mem:0.00M, Peak:0.00M | Scene, ViewLayer | Synchronizing object | R hindwing_highlight
Fra:2 Mem:11.29M (Peak 11.29M) | Time:00:00.00 | Mem:0.00M, Peak:0.00M | Scene, ViewLayer | Synchronizing object | R hindwing_highlight.001
Fra:2 Mem:11.29M (Peak 11.29M) | Time:00:00.00 | Mem:0.00M, Peak:0.00M | Scene, ViewLayer | Synchronizing object | L forewing_border
Fra:2 Mem:11.29M (Peak 11.29M) | Time:00:00.00 | Mem:0.00M, Peak:0.00M | Scene, ViewLayer | Synchronizing object | Head
Fra:2 Mem:11.29M (Peak 11.29M) | Time:00:00.00 | Mem:0.00M, Peak:0.00M | Scene, ViewLayer | Synchronizing object | L forewing_highlight
Fra:2 Mem:11.29M (Peak 11.29M) | Time:00:00.00 | Mem:0.00M, Peak:0.00M | Scene, ViewLayer | Synchronizing object | L forewing_cyan.001
Fra:2 Mem:11.29M (Peak 11.29M) | Time:00:00.00 | Mem:0.00M, Peak:0.00M | Scene, ViewLayer | Synchronizing object | L forewing_blue.001
Fra:2 Mem:11.29M (Peak 11.29M) | Time:00:00.00 | Mem:0.00M, Peak:0.00M | Scene, ViewLayer | Synchronizing object | L forewing_highlight.001
Fra:2 Mem:11.29M (Peak 11.29M) | Time:00:00.00 | Mem:0.00M, Peak:0.00M | Scene, ViewLayer | Synchronizing object | Thorax
Fra:2 Mem:11.29M (Peak 11.29M) | Time:00:00.00 | Mem:0.00M, Peak:0.00M | Scene, ViewLayer | Synchronizing object | Abdomen
Fra:2 Mem:11.30M (Peak 11.30M) | Time:00:00.00 | Mem:0.00M, Peak:0.00M | Scene, ViewLayer | Synchronizing object | L hindwing_cyan
Fra:2 Mem:11.30M (Peak 11.30M) | Time:00:00.00 | Mem:0.00M, Peak:0.00M | Scene, ViewLayer | Synchronizing object | L hindwing_highlight.001
Fra:2 Mem:11.30M (Peak 11.30M) | Time:00:00.00 | Mem:0.00M, Peak:0.00M | Scene, ViewLayer | Synchronizing object | L hindwing_cyan.001
Fra:2 Mem:11.30M (Peak 11.30M) | Time:00:00.00 | Mem:0.00M, Peak:0.00M | Scene, ViewLayer | Synchronizing object | L hindwing_blue.001
Fra:2 Mem:11.30M (Peak 11.30M) | Time:00:00.00 | Mem:0.00M, Peak:0.00M | Scene, ViewLayer | Initializing
Fra:2 Mem:9.87M (Peak 11.30M) | Time:00:00.00 | Mem:0.00M, Peak:0.00M | Scene, ViewLayer | Waiting for render to start
Fra:2 Mem:9.87M (Peak 11.30M) | Time:00:00.00 | Mem:0.00M, Peak:0.00M | Scene, ViewLayer | Updating Scene
Fra:2 Mem:9.87M (Peak 11.30M) | Time:00:00.00 | Mem:0.00M, Peak:0.00M | Scene, ViewLayer | Updating Shaders
Fra:2 Mem:9.87M (Peak 11.30M) | Time:00:00.00 | Mem:0.00M, Peak:0.00M | Scene, ViewLayer | Loading render kernels (may take a few minutes the first time)
Fra:2 Mem:9.96M (Peak 11.30M) | Time:00:00.00 | Mem:0.00M, Peak:0.00M | Scene, ViewLayer | Updating Procedurals
Fra:2 Mem:9.96M (Peak 11.30M) | Time:00:00.00 | Mem:0.00M, Peak:0.00M | Scene, ViewLayer | Updating Background
Fra:2 Mem:9.96M (Peak 11.30M) | Time:00:00.00 | Mem:0.00M, Peak:0.00M | Scene, ViewLayer | Updating Camera
Fra:2 Mem:9.96M (Peak 11.30M) | Time:00:00.00 | Mem:0.00M, Peak:0.00M | Scene, ViewLayer | Updating Meshes Flags
Fra:2 Mem:9.96M (Peak 11.30M) | Time:00:00.00 | Mem:0.00M, Peak:0.00M | Scene, ViewLayer | Updating Objects
Fra:2 Mem:9.96M (Peak 11.30M) | Time:00:00.00 | Mem:0.00M, Peak:0.00M | Scene, ViewLayer | Updating Objects | Copying Transformations to device
Fra:2 Mem:9.96M (Peak 11.30M) | Time:00:00.00 | Mem:0.01M, Peak:0.01M | Scene, ViewLayer | Updating Particle Systems
Fra:2 Mem:9.96M (Peak 11.30M) | Time:00:00.00 | Mem:0.01M, Peak:0.01M | Scene, ViewLayer | Updating Particle Systems | Copying Particles to device
Fra:2 Mem:9.96M (Peak 11.30M) | Time:00:00.00 | Mem:0.01M, Peak:0.01M | Scene, ViewLayer | Updating Meshes
Fra:2 Mem:9.96M (Peak 11.30M) | Time:00:00.00 | Mem:0.01M, Peak:0.01M | Scene, ViewLayer | Updating Objects | Applying Static Transformations
Fra:2 Mem:9.96M (Peak 11.30M) | Time:00:00.00 | Mem:0.01M, Peak:0.01M | Scene, ViewLayer | Updating Mesh | Computing attributes
Fra:2 Mem:9.97M (Peak 11.30M) | Time:00:00.00 | Mem:0.01M, Peak:0.01M | Scene, ViewLayer | Updating Mesh | Copying Attributes to device
Fra:2 Mem:9.97M (Peak 11.30M) | Time:00:00.00 | Mem:0.02M, Peak:0.02M | Scene, ViewLayer | Updating Scene BVH | Building
Fra:2 Mem:9.97M (Peak 11.30M) | Time:00:00.00 | Mem:0.02M, Peak:0.02M | Scene, ViewLayer | Updating Scene BVH | Building BVH
Fra:2 Mem:9.97M (Peak 11.30M) | Time:00:00.00 | Mem:0.02M, Peak:0.02M | Scene, ViewLayer | Updating Scene BVH | Building BVH 0%
Fra:2 Mem:9.97M (Peak 11.30M) | Time:00:00.00 | Mem:0.04M, Peak:0.04M | Scene, ViewLayer | Updating Scene BVH | Copying BVH to device
Fra:2 Mem:9.97M (Peak 11.30M) | Time:00:00.00 | Mem:0.04M, Peak:0.04M | Scene, ViewLayer | Updating Mesh | Computing normals
Fra:2 Mem:9.98M (Peak 11.30M) | Time:00:00.00 | Mem:0.04M, Peak:0.04M | Scene, ViewLayer | Updating Mesh | Copying Mesh to device
Fra:2 Mem:9.98M (Peak 11.30M) | Time:00:00.00 | Mem:0.05M, Peak:0.05M | Scene, ViewLayer | Updating Objects Flags
Fra:2 Mem:9.98M (Peak 11.30M) | Time:00:00.00 | Mem:0.05M, Peak:0.05M | Scene, ViewLayer | Updating Primitive Offsets
Fra:2 Mem:9.98M (Peak 11.30M) | Time:00:00.00 | Mem:0.05M, Peak:0.05M | Scene, ViewLayer | Updating Images
Fra:2 Mem:9.98M (Peak 11.30M) | Time:00:00.00 | Mem:0.05M, Peak:0.05M | Scene, ViewLayer | Updating Camera Volume
Fra:2 Mem:9.98M (Peak 11.30M) | Time:00:00.00 | Mem:0.05M, Peak:0.05M | Scene, ViewLayer | Updating Lookup Tables
Fra:2 Mem:9.98M (Peak 11.30M) | Time:00:00.00 | Mem:0.13M, Peak:0.13M | Scene, ViewLayer | Updating Lights
Fra:2 Mem:9.98M (Peak 11.30M) | Time:00:00.00 | Mem:0.13M, Peak:0.13M | Scene, ViewLayer | Updating Lights | Computing tree
Fra:2 Mem:9.99M (Peak 11.30M) | Time:00:00.00 | Mem:0.14M, Peak:0.14M | Scene, ViewLayer | Updating Integrator
Fra:2 Mem:9.99M (Peak 11.30M) | Time:00:00.00 | Mem:0.14M, Peak:0.14M | Scene, ViewLayer | Updating Film
Fra:2 Mem:10.00M (Peak 11.30M) | Time:00:00.00 | Mem:0.06M, Peak:0.14M | Scene, ViewLayer | Updating Lookup Tables
Fra:2 Mem:10.00M (Peak 11.30M) | Time:00:00.00 | Mem:0.15M, Peak:0.15M | Scene, ViewLayer | Updating Baking
Fra:2 Mem:10.00M (Peak 11.30M) | Time:00:00.00 | Mem:0.15M, Peak:0.15M | Scene, ViewLayer | Updating Device | Writing constant memory
Fra:2 Mem:10.00M (Peak 11.30M) | Time:00:00.00 | Mem:0.15M, Peak:0.15M | Scene, ViewLayer | Sample 0/8
Fra:2 Mem:12.29M (Peak 12.29M) | Time:00:00.00 | Remaining:00:00.03 | Mem:2.40M, Peak:2.40M | Scene, ViewLayer | Sample 1/8
Fra:2 Mem:13.29M (Peak 15.29M) | Time:00:00.04 | Mem:2.40M, Peak:2.40M | Scene, ViewLayer | Sample 8/8
Fra:2 Mem:13.29M (Peak 15.29M) | Time:00:00.04 | Mem:2.40M, Peak:2.40M | Scene, ViewLayer | Finished
Saved: '/home/terence/Documents/Codex/2026-09-06/realtime-voice-chat-3/outputs/butterfly-method-comparison/blender/turntable-frames/turntable_016.png'
Time: 00:00.04 (Saving: 00:00.00)

Fra:4 Mem:11.27M (Peak 11.27M) | Time:00:00.00 | Mem:0.00M, Peak:0.00M | Scene, ViewLayer | Synchronizing object | R forewing_border
Fra:4 Mem:11.28M (Peak 11.28M) | Time:00:00.00 | Mem:0.00M, Peak:0.00M | Scene, ViewLayer | Synchronizing object | R forewing_blue
Fra:4 Mem:11.28M (Peak 11.28M) | Time:00:00.00 | Mem:0.00M, Peak:0.00M | Scene, ViewLayer | Synchronizing object | R forewing_highlight
Fra:4 Mem:11.28M (Peak 11.28M) | Time:00:00.00 | Mem:0.00M, Peak:0.00M | Scene, ViewLayer | Synchronizing object | R forewing_cyan.001
Fra:4 Mem:11.28M (Peak 11.28M) | Time:00:00.00 | Mem:0.00M, Peak:0.00M | Scene, ViewLayer | Synchronizing object | R forewing_highlight.001
Fra:4 Mem:11.28M (Peak 11.28M) | Time:00:00.00 | Mem:0.00M, Peak:0.00M | Scene, ViewLayer | Synchronizing object | R hindwing_border
Fra:4 Mem:11.28M (Peak 11.28M) | Time:00:00.00 | Mem:0.00M, Peak:0.00M | Scene, ViewLayer | Synchronizing object | R hindwing_cyan
Fra:4 Mem:11.28M (Peak 11.28M) | Time:00:00.00 | Mem:0.00M, Peak:0.00M | Scene, ViewLayer | Synchronizing object | R hindwing_highlight
Fra:4 Mem:11.29M (Peak 11.29M) | Time:00:00.00 | Mem:0.00M, Peak:0.00M | Scene, ViewLayer | Synchronizing object | R hindwing_cyan.001
Fra:4 Mem:11.29M (Peak 11.29M) | Time:00:00.00 | Mem:0.00M, Peak:0.00M | Scene, ViewLayer | Synchronizing object | R hindwing_blue.001
Fra:4 Mem:11.29M (Peak 11.29M) | Time:00:00.00 | Mem:0.00M, Peak:0.00M | Scene, ViewLayer | Synchronizing object | L forewing_border
Fra:4 Mem:11.29M (Peak 11.29M) | Time:00:00.00 | Mem:0.00M, Peak:0.00M | Scene, ViewLayer | Synchronizing object | L forewing_cyan
Fra:4 Mem:11.29M (Peak 11.29M) | Time:00:00.00 | Mem:0.00M, Peak:0.00M | Scene, ViewLayer | Synchronizing object | L forewing_blue
Fra:4 Mem:11.29M (Peak 11.29M) | Time:00:00.00 | Mem:0.00M, Peak:0.00M | Scene, ViewLayer | Synchronizing object | L forewing_highlight
Fra:4 Mem:11.29M (Peak 11.29M) | Time:00:00.00 | Mem:0.00M, Peak:0.00M | Scene, ViewLayer | Synchronizing object | Antenna
Fra:4 Mem:11.29M (Peak 11.29M) | Time:00:00.00 | Mem:0.00M, Peak:0.00M | Scene, ViewLayer | Synchronizing object | L forewing_blue.001
Fra:4 Mem:11.29M (Peak 11.29M) | Time:00:00.00 | Mem:0.00M, Peak:0.00M | Scene, ViewLayer | Synchronizing object | Head
Fra:4 Mem:11.29M (Peak 11.29M) | Time:00:00.00 | Mem:0.00M, Peak:0.00M | Scene, ViewLayer | Synchronizing object | L hindwing_border
Fra:4 Mem:11.29M (Peak 11.29M) | Time:00:00.00 | Mem:0.00M, Peak:0.00M | Scene, ViewLayer | Synchronizing object | Thorax
Fra:4 Mem:11.29M (Peak 11.29M) | Time:00:00.00 | Mem:0.00M, Peak:0.00M | Scene, ViewLayer | Synchronizing object | L hindwing_cyan
Fra:4 Mem:11.29M (Peak 11.29M) | Time:00:00.00 | Mem:0.00M, Peak:0.00M | Scene, ViewLayer | Synchronizing object | Abdomen
Fra:4 Mem:11.30M (Peak 11.30M) | Time:00:00.00 | Mem:0.00M, Peak:0.00M | Scene, ViewLayer | Synchronizing object | L hindwing_highlight.001
Fra:4 Mem:11.30M (Peak 11.30M) | Time:00:00.00 | Mem:0.00M, Peak:0.00M | Scene, ViewLayer | Synchronizing object | L hindwing_highlight
Fra:4 Mem:11.30M (Peak 11.30M) | Time:00:00.00 | Mem:0.00M, Peak:0.00M | Scene, ViewLayer | Synchronizing object | L hindwing_cyan.001
Fra:4 Mem:11.30M (Peak 11.30M) | Time:00:00.00 | Mem:0.00M, Peak:0.00M | Scene, ViewLayer | Initializing
Fra:4 Mem:9.87M (Peak 11.30M) | Time:00:00.00 | Mem:0.00M, Peak:0.00M | Scene, ViewLayer | Waiting for render to start
Fra:4 Mem:9.87M (Peak 11.30M) | Time:00:00.00 | Mem:0.00M, Peak:0.00M | Scene, ViewLayer | Updating Scene
Fra:4 Mem:9.87M (Peak 11.30M) | Time:00:00.00 | Mem:0.00M, Peak:0.00M | Scene, ViewLayer | Updating Shaders
Fra:4 Mem:9.87M (Peak 11.30M) | Time:00:00.00 | Mem:0.00M, Peak:0.00M | Scene, ViewLayer | Loading render kernels (may take a few minutes the first time)
Fra:4 Mem:9.96M (Peak 11.30M) | Time:00:00.00 | Mem:0.00M, Peak:0.00M | Scene, ViewLayer | Updating Procedurals
Fra:4 Mem:9.96M (Peak 11.30M) | Time:00:00.00 | Mem:0.00M, Peak:0.00M | Scene, ViewLayer | Updating Background
Fra:4 Mem:9.96M (Peak 11.30M) | Time:00:00.00 | Mem:0.00M, Peak:0.00M | Scene, ViewLayer | Updating Camera
Fra:4 Mem:9.96M (Peak 11.30M) | Time:00:00.00 | Mem:0.00M, Peak:0.00M | Scene, ViewLayer | Updating Meshes Flags
Fra:4 Mem:9.96M (Peak 11.30M) | Time:00:00.00 | Mem:0.00M, Peak:0.00M | Scene, ViewLayer | Updating Objects
Fra:4 Mem:9.96M (Peak 11.30M) | Time:00:00.00 | Mem:0.00M, Peak:0.00M | Scene, ViewLayer | Updating Objects | Copying Transformations to device
Fra:4 Mem:9.96M (Peak 11.30M) | Time:00:00.00 | Mem:0.01M, Peak:0.01M | Scene, ViewLayer | Updating Particle Systems
Fra:4 Mem:9.96M (Peak 11.30M) | Time:00:00.00 | Mem:0.01M, Peak:0.01M | Scene, ViewLayer | Updating Particle Systems | Copying Particles to device
Fra:4 Mem:9.96M (Peak 11.30M) | Time:00:00.00 | Mem:0.01M, Peak:0.01M | Scene, ViewLayer | Updating Meshes
Fra:4 Mem:9.96M (Peak 11.30M) | Time:00:00.00 | Mem:0.01M, Peak:0.01M | Scene, ViewLayer | Updating Objects | Applying Static Transformations
Fra:4 Mem:9.96M (Peak 11.30M) | Time:00:00.00 | Mem:0.01M, Peak:0.01M | Scene, ViewLayer | Updating Mesh | Computing attributes
Fra:4 Mem:9.97M (Peak 11.30M) | Time:00:00.00 | Mem:0.01M, Peak:0.01M | Scene, ViewLayer | Updating Mesh | Copying Attributes to device
Fra:4 Mem:9.97M (Peak 11.30M) | Time:00:00.00 | Mem:0.02M, Peak:0.02M | Scene, ViewLayer | Updating Scene BVH | Building
Fra:4 Mem:9.97M (Peak 11.30M) | Time:00:00.00 | Mem:0.02M, Peak:0.02M | Scene, ViewLayer | Updating Scene BVH | Building BVH
Fra:4 Mem:9.97M (Peak 11.30M) | Time:00:00.00 | Mem:0.04M, Peak:0.04M | Scene, ViewLayer | Updating Scene BVH | Copying BVH to device
Fra:4 Mem:9.97M (Peak 11.30M) | Time:00:00.00 | Mem:0.04M, Peak:0.04M | Scene, ViewLayer | Updating Mesh | Computing normals
Fra:4 Mem:9.98M (Peak 11.30M) | Time:00:00.00 | Mem:0.04M, Peak:0.04M | Scene, ViewLayer | Updating Mesh | Copying Mesh to device
Fra:4 Mem:9.98M (Peak 11.30M) | Time:00:00.00 | Mem:0.05M, Peak:0.05M | Scene, ViewLayer | Updating Objects Flags
Fra:4 Mem:9.98M (Peak 11.30M) | Time:00:00.00 | Mem:0.05M, Peak:0.05M | Scene, ViewLayer | Updating Primitive Offsets
Fra:4 Mem:9.98M (Peak 11.30M) | Time:00:00.00 | Mem:0.05M, Peak:0.05M | Scene, ViewLayer | Updating Images
Fra:4 Mem:9.98M (Peak 11.30M) | Time:00:00.00 | Mem:0.05M, Peak:0.05M | Scene, ViewLayer | Updating Camera Volume
Fra:4 Mem:9.98M (Peak 11.30M) | Time:00:00.00 | Mem:0.05M, Peak:0.05M | Scene, ViewLayer | Updating Lookup Tables
Fra:4 Mem:9.98M (Peak 11.30M) | Time:00:00.00 | Mem:0.13M, Peak:0.13M | Scene, ViewLayer | Updating Lights
Fra:4 Mem:9.98M (Peak 11.30M) | Time:00:00.00 | Mem:0.13M, Peak:0.13M | Scene, ViewLayer | Updating Lights | Computing tree
Fra:4 Mem:9.99M (Peak 11.30M) | Time:00:00.00 | Mem:0.14M, Peak:0.14M | Scene, ViewLayer | Updating Integrator
Fra:4 Mem:9.99M (Peak 11.30M) | Time:00:00.00 | Mem:0.14M, Peak:0.14M | Scene, ViewLayer | Updating Film
Fra:4 Mem:10.00M (Peak 11.30M) | Time:00:00.00 | Mem:0.06M, Peak:0.14M | Scene, ViewLayer | Updating Lookup Tables
Fra:4 Mem:10.00M (Peak 11.30M) | Time:00:00.00 | Mem:0.15M, Peak:0.15M | Scene, ViewLayer | Updating Baking
Fra:4 Mem:10.00M (Peak 11.30M) | Time:00:00.00 | Mem:0.15M, Peak:0.15M | Scene, ViewLayer | Updating Device | Writing constant memory
Fra:4 Mem:10.00M (Peak 11.30M) | Time:00:00.00 | Mem:0.15M, Peak:0.15M | Scene, ViewLayer | Sample 0/8
Fra:4 Mem:12.29M (Peak 12.29M) | Time:00:00.00 | Remaining:00:00.04 | Mem:2.40M, Peak:2.40M | Scene, ViewLayer | Sample 1/8
Fra:4 Mem:13.29M (Peak 15.29M) | Time:00:00.05 | Mem:2.40M, Peak:2.40M | Scene, ViewLayer | Sample 8/8
Fra:4 Mem:13.29M (Peak 15.29M) | Time:00:00.05 | Mem:2.40M, Peak:2.40M | Scene, ViewLayer | Finished
Saved: '/home/terence/Documents/Codex/2026-09-06/realtime-voice-chat-3/outputs/butterfly-method-comparison/blender/turntable-frames/turntable_017.png'
Time: 00:00.05 (Saving: 00:00.00)

Fra:6 Mem:11.27M (Peak 11.27M) | Time:00:00.00 | Mem:0.00M, Peak:0.00M | Scene, ViewLayer | Synchronizing object | R forewing_border
Fra:6 Mem:11.28M (Peak 11.28M) | Time:00:00.00 | Mem:0.00M, Peak:0.00M | Scene, ViewLayer | Synchronizing object | R forewing_blue
Fra:6 Mem:11.28M (Peak 11.28M) | Time:00:00.00 | Mem:0.00M, Peak:0.00M | Scene, ViewLayer | Synchronizing object | R forewing_highlight
Fra:6 Mem:11.28M (Peak 11.28M) | Time:00:00.00 | Mem:0.00M, Peak:0.00M | Scene, ViewLayer | Synchronizing object | R forewing_cyan.001
Fra:6 Mem:11.28M (Peak 11.28M) | Time:00:00.00 | Mem:0.00M, Peak:0.00M | Scene, ViewLayer | Synchronizing object | R forewing_blue.001
Fra:6 Mem:11.28M (Peak 11.28M) | Time:00:00.00 | Mem:0.00M, Peak:0.00M | Scene, ViewLayer | Synchronizing object | Antenna.001
Fra:6 Mem:11.29M (Peak 11.29M) | Time:00:00.00 | Mem:0.00M, Peak:0.00M | Scene, ViewLayer | Synchronizing object | R hindwing_cyan
Fra:6 Mem:11.29M (Peak 11.29M) | Time:00:00.00 | Mem:0.00M, Peak:0.00M | Scene, ViewLayer | Synchronizing object | R hindwing_blue
Fra:6 Mem:11.29M (Peak 11.29M) | Time:00:00.00 | Mem:0.00M, Peak:0.00M | Scene, ViewLayer | Synchronizing object | R hindwing_cyan.001
Fra:6 Mem:11.29M (Peak 11.29M) | Time:00:00.00 | Mem:0.00M, Peak:0.00M | Scene, ViewLayer | Synchronizing object | R hindwing_blue.001
Fra:6 Mem:11.29M (Peak 11.29M) | Time:00:00.00 | Mem:0.00M, Peak:0.00M | Scene, ViewLayer | Synchronizing object | R hindwing_highlight.001
Fra:6 Mem:11.29M (Peak 11.29M) | Time:00:00.00 | Mem:0.00M, Peak:0.00M | Scene, ViewLayer | Synchronizing object | L forewing_border
Fra:6 Mem:11.29M (Peak 11.29M) | Time:00:00.00 | Mem:0.00M, Peak:0.00M | Scene, ViewLayer | Synchronizing object | L forewing_blue
Fra:6 Mem:11.29M (Peak 11.29M) | Time:00:00.00 | Mem:0.00M, Peak:0.00M | Scene, ViewLayer | Synchronizing object | Thorax
Fra:6 Mem:11.29M (Peak 11.29M) | Time:00:00.00 | Mem:0.00M, Peak:0.00M | Scene, ViewLayer | Synchronizing object | L forewing_highlight
Fra:6 Mem:11.29M (Peak 11.29M) | Time:00:00.00 | Mem:0.00M, Peak:0.00M | Scene, ViewLayer | Synchronizing object | Abdomen
Fra:6 Mem:11.29M (Peak 11.29M) | Time:00:00.00 | Mem:0.00M, Peak:0.00M | Scene, ViewLayer | Synchronizing object | L forewing_cyan.001
Fra:6 Mem:11.30M (Peak 11.30M) | Time:00:00.00 | Mem:0.00M, Peak:0.00M | Scene, ViewLayer | Synchronizing object | L forewing_blue.001
Fra:6 Mem:11.30M (Peak 11.30M) | Time:00:00.00 | Mem:0.00M, Peak:0.00M | Scene, ViewLayer | Synchronizing object | L forewing_highlight.001
Fra:6 Mem:11.30M (Peak 11.30M) | Time:00:00.00 | Mem:0.00M, Peak:0.00M | Scene, ViewLayer | Synchronizing object | L hindwing_border
Fra:6 Mem:11.30M (Peak 11.30M) | Time:00:00.00 | Mem:0.00M, Peak:0.00M | Scene, ViewLayer | Synchronizing object | L hindwing_blue.001
Fra:6 Mem:11.30M (Peak 11.30M) | Time:00:00.00 | Mem:0.00M, Peak:0.00M | Scene, ViewLayer | Synchronizing object | L hindwing_blue
Fra:6 Mem:11.30M (Peak 11.30M) | Time:00:00.00 | Mem:0.00M, Peak:0.00M | Scene, ViewLayer | Synchronizing object | L hindwing_cyan.001
Fra:6 Mem:11.30M (Peak 11.30M) | Time:00:00.00 | Mem:0.00M, Peak:0.00M | Scene, ViewLayer | Synchronizing object | L hindwing_highlight
Fra:6 Mem:11.30M (Peak 11.30M) | Time:00:00.00 | Mem:0.00M, Peak:0.00M | Scene, ViewLayer | Initializing
Fra:6 Mem:9.87M (Peak 11.30M) | Time:00:00.00 | Mem:0.00M, Peak:0.00M | Scene, ViewLayer | Waiting for render to start
Fra:6 Mem:9.87M (Peak 11.30M) | Time:00:00.00 | Mem:0.00M, Peak:0.00M | Scene, ViewLayer | Updating Scene
Fra:6 Mem:9.87M (Peak 11.30M) | Time:00:00.00 | Mem:0.00M, Peak:0.00M | Scene, ViewLayer | Updating Shaders
Fra:6 Mem:9.87M (Peak 11.30M) | Time:00:00.00 | Mem:0.00M, Peak:0.00M | Scene, ViewLayer | Loading render kernels (may take a few minutes the first time)
Fra:6 Mem:9.96M (Peak 11.30M) | Time:00:00.00 | Mem:0.00M, Peak:0.00M | Scene, ViewLayer | Updating Procedurals
Fra:6 Mem:9.96M (Peak 11.30M) | Time:00:00.00 | Mem:0.00M, Peak:0.00M | Scene, ViewLayer | Updating Background
Fra:6 Mem:9.96M (Peak 11.30M) | Time:00:00.00 | Mem:0.00M, Peak:0.00M | Scene, ViewLayer | Updating Camera
Fra:6 Mem:9.96M (Peak 11.30M) | Time:00:00.00 | Mem:0.00M, Peak:0.00M | Scene, ViewLayer | Updating Meshes Flags
Fra:6 Mem:9.96M (Peak 11.30M) | Time:00:00.00 | Mem:0.00M, Peak:0.00M | Scene, ViewLayer | Updating Objects
Fra:6 Mem:9.96M (Peak 11.30M) | Time:00:00.00 | Mem:0.00M, Peak:0.00M | Scene, ViewLayer | Updating Objects | Copying Transformations to device
Fra:6 Mem:9.96M (Peak 11.30M) | Time:00:00.00 | Mem:0.01M, Peak:0.01M | Scene, ViewLayer | Updating Particle Systems
Fra:6 Mem:9.96M (Peak 11.30M) | Time:00:00.00 | Mem:0.01M, Peak:0.01M | Scene, ViewLayer | Updating Particle Systems | Copying Particles to device
Fra:6 Mem:9.96M (Peak 11.30M) | Time:00:00.00 | Mem:0.01M, Peak:0.01M | Scene, ViewLayer | Updating Meshes
Fra:6 Mem:9.96M (Peak 11.30M) | Time:00:00.00 | Mem:0.01M, Peak:0.01M | Scene, ViewLayer | Updating Objects | Applying Static Transformations
Fra:6 Mem:9.96M (Peak 11.30M) | Time:00:00.00 | Mem:0.01M, Peak:0.01M | Scene, ViewLayer | Updating Mesh | Computing attributes
Fra:6 Mem:9.97M (Peak 11.30M) | Time:00:00.00 | Mem:0.01M, Peak:0.01M | Scene, ViewLayer | Updating Mesh | Copying Attributes to device
Fra:6 Mem:9.97M (Peak 11.30M) | Time:00:00.00 | Mem:0.02M, Peak:0.02M | Scene, ViewLayer | Updating Scene BVH | Building
Fra:6 Mem:9.97M (Peak 11.30M) | Time:00:00.00 | Mem:0.02M, Peak:0.02M | Scene, ViewLayer | Updating Scene BVH | Building BVH
Fra:6 Mem:9.97M (Peak 11.30M) | Time:00:00.00 | Mem:0.04M, Peak:0.04M | Scene, ViewLayer | Updating Scene BVH | Copying BVH to device
Fra:6 Mem:9.97M (Peak 11.30M) | Time:00:00.00 | Mem:0.04M, Peak:0.04M | Scene, ViewLayer | Updating Mesh | Computing normals
Fra:6 Mem:9.98M (Peak 11.30M) | Time:00:00.00 | Mem:0.04M, Peak:0.04M | Scene, ViewLayer | Updating Mesh | Copying Mesh to device
Fra:6 Mem:9.98M (Peak 11.30M) | Time:00:00.00 | Mem:0.05M, Peak:0.05M | Scene, ViewLayer | Updating Objects Flags
Fra:6 Mem:9.98M (Peak 11.30M) | Time:00:00.00 | Mem:0.05M, Peak:0.05M | Scene, ViewLayer | Updating Primitive Offsets
Fra:6 Mem:9.98M (Peak 11.30M) | Time:00:00.00 | Mem:0.05M, Peak:0.05M | Scene, ViewLayer | Updating Images
Fra:6 Mem:9.98M (Peak 11.30M) | Time:00:00.00 | Mem:0.05M, Peak:0.05M | Scene, ViewLayer | Updating Camera Volume
Fra:6 Mem:9.98M (Peak 11.30M) | Time:00:00.00 | Mem:0.05M, Peak:0.05M | Scene, ViewLayer | Updating Lookup Tables
Fra:6 Mem:9.98M (Peak 11.30M) | Time:00:00.00 | Mem:0.13M, Peak:0.13M | Scene, ViewLayer | Updating Lights
Fra:6 Mem:9.98M (Peak 11.30M) | Time:00:00.00 | Mem:0.13M, Peak:0.13M | Scene, ViewLayer | Updating Lights | Computing tree
Fra:6 Mem:9.99M (Peak 11.30M) | Time:00:00.00 | Mem:0.14M, Peak:0.14M | Scene, ViewLayer | Updating Integrator
Fra:6 Mem:9.99M (Peak 11.30M) | Time:00:00.00 | Mem:0.14M, Peak:0.14M | Scene, ViewLayer | Updating Film
Fra:6 Mem:10.00M (Peak 11.30M) | Time:00:00.00 | Mem:0.06M, Peak:0.14M | Scene, ViewLayer | Updating Lookup Tables
Fra:6 Mem:10.00M (Peak 11.30M) | Time:00:00.00 | Mem:0.15M, Peak:0.15M | Scene, ViewLayer | Updating Baking
Fra:6 Mem:10.00M (Peak 11.30M) | Time:00:00.00 | Mem:0.15M, Peak:0.15M | Scene, ViewLayer | Updating Device | Writing constant memory
Fra:6 Mem:10.00M (Peak 11.30M) | Time:00:00.00 | Mem:0.15M, Peak:0.15M | Scene, ViewLayer | Sample 0/8
Fra:6 Mem:12.29M (Peak 12.29M) | Time:00:00.01 | Remaining:00:00.05 | Mem:2.40M, Peak:2.40M | Scene, ViewLayer | Sample 1/8
Fra:6 Mem:13.29M (Peak 15.29M) | Time:00:00.05 | Mem:2.40M, Peak:2.40M | Scene, ViewLayer | Sample 8/8
Fra:6 Mem:13.29M (Peak 15.29M) | Time:00:00.05 | Mem:2.40M, Peak:2.40M | Scene, ViewLayer | Finished
Saved: '/home/terence/Documents/Codex/2026-09-06/realtime-voice-chat-3/outputs/butterfly-method-comparison/blender/turntable-frames/turntable_018.png'
Time: 00:00.05 (Saving: 00:00.00)

Fra:7 Mem:11.27M (Peak 11.27M) | Time:00:00.00 | Mem:0.00M, Peak:0.00M | Scene, ViewLayer | Synchronizing object | R forewing_border
Fra:7 Mem:11.28M (Peak 11.28M) | Time:00:00.00 | Mem:0.00M, Peak:0.00M | Scene, ViewLayer | Synchronizing object | R forewing_cyan
Fra:7 Mem:11.28M (Peak 11.28M) | Time:00:00.00 | Mem:0.00M, Peak:0.00M | Scene, ViewLayer | Synchronizing object | R forewing_blue
Fra:7 Mem:11.28M (Peak 11.28M) | Time:00:00.00 | Mem:0.00M, Peak:0.00M | Scene, ViewLayer | Synchronizing object | R forewing_highlight
Fra:7 Mem:11.28M (Peak 11.28M) | Time:00:00.00 | Mem:0.00M, Peak:0.00M | Scene, ViewLayer | Synchronizing object | R forewing_cyan.001
Fra:7 Mem:11.28M (Peak 11.28M) | Time:00:00.00 | Mem:0.00M, Peak:0.00M | Scene, ViewLayer | Synchronizing object | R forewing_blue.001
Fra:7 Mem:11.28M (Peak 11.28M) | Time:00:00.00 | Mem:0.00M, Peak:0.00M | Scene, ViewLayer | Synchronizing object | R forewing_highlight.001
Fra:7 Mem:11.28M (Peak 11.28M) | Time:00:00.00 | Mem:0.00M, Peak:0.00M | Scene, ViewLayer | Synchronizing object | R hindwing_border
Fra:7 Mem:11.29M (Peak 11.29M) | Time:00:00.00 | Mem:0.00M, Peak:0.00M | Scene, ViewLayer | Synchronizing object | R hindwing_cyan
Fra:7 Mem:11.29M (Peak 11.29M) | Time:00:00.00 | Mem:0.00M, Peak:0.00M | Scene, ViewLayer | Synchronizing object | R hindwing_blue
Fra:7 Mem:11.29M (Peak 11.29M) | Time:00:00.00 | Mem:0.00M, Peak:0.00M | Scene, ViewLayer | Synchronizing object | R hindwing_highlight
Fra:7 Mem:11.29M (Peak 11.29M) | Time:00:00.00 | Mem:0.00M, Peak:0.00M | Scene, ViewLayer | Synchronizing object | R hindwing_cyan.001
Fra:7 Mem:11.29M (Peak 11.29M) | Time:00:00.00 | Mem:0.00M, Peak:0.00M | Scene, ViewLayer | Synchronizing object | Antenna
Fra:7 Mem:11.29M (Peak 11.29M) | Time:00:00.00 | Mem:0.00M, Peak:0.00M | Scene, ViewLayer | Synchronizing object | R hindwing_highlight.001
Fra:7 Mem:11.29M (Peak 11.29M) | Time:00:00.00 | Mem:0.00M, Peak:0.00M | Scene, ViewLayer | Synchronizing object | Head
Fra:7 Mem:11.29M (Peak 11.29M) | Time:00:00.00 | Mem:0.00M, Peak:0.00M | Scene, ViewLayer | Synchronizing object | L forewing_border
Fra:7 Mem:11.29M (Peak 11.29M) | Time:00:00.00 | Mem:0.00M, Peak:0.00M | Scene, ViewLayer | Synchronizing object | Thorax
Fra:7 Mem:11.29M (Peak 11.29M) | Time:00:00.00 | Mem:0.00M, Peak:0.00M | Scene, ViewLayer | Synchronizing object | L forewing_blue
Fra:7 Mem:11.29M (Peak 11.29M) | Time:00:00.00 | Mem:0.00M, Peak:0.00M | Scene, ViewLayer | Synchronizing object | Abdomen
Fra:7 Mem:11.30M (Peak 11.30M) | Time:00:00.00 | Mem:0.00M, Peak:0.00M | Scene, ViewLayer | Synchronizing object | L forewing_cyan.001
Fra:7 Mem:11.30M (Peak 11.30M) | Time:00:00.00 | Mem:0.00M, Peak:0.00M | Scene, ViewLayer | Synchronizing object | L hindwing_highlight.001
Fra:7 Mem:11.30M (Peak 11.30M) | Time:00:00.00 | Mem:0.00M, Peak:0.00M | Scene, ViewLayer | Synchronizing object | L forewing_blue.001
Fra:7 Mem:11.30M (Peak 11.30M) | Time:00:00.00 | Mem:0.00M, Peak:0.00M | Scene, ViewLayer | Synchronizing object | L hindwing_blue.001
Fra:7 Mem:11.30M (Peak 11.30M) | Time:00:00.00 | Mem:0.00M, Peak:0.00M | Scene, ViewLayer | Synchronizing object | L hindwing_border
Fra:7 Mem:11.30M (Peak 11.30M) | Time:00:00.00 | Mem:0.00M, Peak:0.00M | Scene, ViewLayer | Synchronizing object | L hindwing_cyan
Fra:7 Mem:11.30M (Peak 11.30M) | Time:00:00.00 | Mem:0.00M, Peak:0.00M | Scene, ViewLayer | Synchronizing object | L hindwing_blue
Fra:7 Mem:11.30M (Peak 11.30M) | Time:00:00.00 | Mem:0.00M, Peak:0.00M | Scene, ViewLayer | Synchronizing object | L hindwing_highlight
Fra:7 Mem:11.30M (Peak 11.30M) | Time:00:00.00 | Mem:0.00M, Peak:0.00M | Scene, ViewLayer | Initializing
Fra:7 Mem:9.87M (Peak 11.30M) | Time:00:00.00 | Mem:0.00M, Peak:0.00M | Scene, ViewLayer | Waiting for render to start
Fra:7 Mem:9.87M (Peak 11.30M) | Time:00:00.00 | Mem:0.00M, Peak:0.00M | Scene, ViewLayer | Updating Scene
Fra:7 Mem:9.87M (Peak 11.30M) | Time:00:00.00 | Mem:0.00M, Peak:0.00M | Scene, ViewLayer | Updating Shaders
Fra:7 Mem:9.87M (Peak 11.30M) | Time:00:00.00 | Mem:0.00M, Peak:0.00M | Scene, ViewLayer | Loading render kernels (may take a few minutes the first time)
Fra:7 Mem:9.96M (Peak 11.30M) | Time:00:00.00 | Mem:0.00M, Peak:0.00M | Scene, ViewLayer | Updating Procedurals
Fra:7 Mem:9.96M (Peak 11.30M) | Time:00:00.00 | Mem:0.00M, Peak:0.00M | Scene, ViewLayer | Updating Background
Fra:7 Mem:9.96M (Peak 11.30M) | Time:00:00.00 | Mem:0.00M, Peak:0.00M | Scene, ViewLayer | Updating Camera
Fra:7 Mem:9.96M (Peak 11.30M) | Time:00:00.00 | Mem:0.00M, Peak:0.00M | Scene, ViewLayer | Updating Meshes Flags
Fra:7 Mem:9.96M (Peak 11.30M) | Time:00:00.00 | Mem:0.00M, Peak:0.00M | Scene, ViewLayer | Updating Objects
Fra:7 Mem:9.96M (Peak 11.30M) | Time:00:00.00 | Mem:0.00M, Peak:0.00M | Scene, ViewLayer | Updating Objects | Copying Transformations to device
Fra:7 Mem:9.96M (Peak 11.30M) | Time:00:00.00 | Mem:0.01M, Peak:0.01M | Scene, ViewLayer | Updating Particle Systems
Fra:7 Mem:9.96M (Peak 11.30M) | Time:00:00.00 | Mem:0.01M, Peak:0.01M | Scene, ViewLayer | Updating Particle Systems | Copying Particles to device
Fra:7 Mem:9.96M (Peak 11.30M) | Time:00:00.00 | Mem:0.01M, Peak:0.01M | Scene, ViewLayer | Updating Meshes
Fra:7 Mem:9.96M (Peak 11.30M) | Time:00:00.00 | Mem:0.01M, Peak:0.01M | Scene, ViewLayer | Updating Objects | Applying Static Transformations
Fra:7 Mem:9.96M (Peak 11.30M) | Time:00:00.00 | Mem:0.01M, Peak:0.01M | Scene, ViewLayer | Updating Mesh | Computing attributes
Fra:7 Mem:9.97M (Peak 11.30M) | Time:00:00.00 | Mem:0.01M, Peak:0.01M | Scene, ViewLayer | Updating Mesh | Copying Attributes to device
Fra:7 Mem:9.97M (Peak 11.30M) | Time:00:00.00 | Mem:0.02M, Peak:0.02M | Scene, ViewLayer | Updating Scene BVH | Building
Fra:7 Mem:9.97M (Peak 11.30M) | Time:00:00.00 | Mem:0.02M, Peak:0.02M | Scene, ViewLayer | Updating Scene BVH | Building BVH
Fra:7 Mem:9.97M (Peak 11.30M) | Time:00:00.00 | Mem:0.04M, Peak:0.04M | Scene, ViewLayer | Updating Scene BVH | Copying BVH to device
Fra:7 Mem:9.97M (Peak 11.30M) | Time:00:00.00 | Mem:0.04M, Peak:0.04M | Scene, ViewLayer | Updating Mesh | Computing normals
Fra:7 Mem:9.98M (Peak 11.30M) | Time:00:00.00 | Mem:0.04M, Peak:0.04M | Scene, ViewLayer | Updating Mesh | Copying Mesh to device
Fra:7 Mem:9.98M (Peak 11.30M) | Time:00:00.00 | Mem:0.05M, Peak:0.05M | Scene, ViewLayer | Updating Objects Flags
Fra:7 Mem:9.98M (Peak 11.30M) | Time:00:00.00 | Mem:0.05M, Peak:0.05M | Scene, ViewLayer | Updating Primitive Offsets
Fra:7 Mem:9.98M (Peak 11.30M) | Time:00:00.00 | Mem:0.05M, Peak:0.05M | Scene, ViewLayer | Updating Images
Fra:7 Mem:9.98M (Peak 11.30M) | Time:00:00.00 | Mem:0.05M, Peak:0.05M | Scene, ViewLayer | Updating Camera Volume
Fra:7 Mem:9.98M (Peak 11.30M) | Time:00:00.00 | Mem:0.05M, Peak:0.05M | Scene, ViewLayer | Updating Lookup Tables
Fra:7 Mem:9.98M (Peak 11.30M) | Time:00:00.00 | Mem:0.13M, Peak:0.13M | Scene, ViewLayer | Updating Lights
Fra:7 Mem:9.98M (Peak 11.30M) | Time:00:00.00 | Mem:0.13M, Peak:0.13M | Scene, ViewLayer | Updating Lights | Computing tree
Fra:7 Mem:9.99M (Peak 11.30M) | Time:00:00.00 | Mem:0.14M, Peak:0.14M | Scene, ViewLayer | Updating Integrator
Fra:7 Mem:9.99M (Peak 11.30M) | Time:00:00.00 | Mem:0.14M, Peak:0.14M | Scene, ViewLayer | Updating Film
Fra:7 Mem:10.00M (Peak 11.30M) | Time:00:00.00 | Mem:0.06M, Peak:0.14M | Scene, ViewLayer | Updating Lookup Tables
Fra:7 Mem:10.00M (Peak 11.30M) | Time:00:00.00 | Mem:0.15M, Peak:0.15M | Scene, ViewLayer | Updating Baking
Fra:7 Mem:10.00M (Peak 11.30M) | Time:00:00.00 | Mem:0.15M, Peak:0.15M | Scene, ViewLayer | Updating Device | Writing constant memory
Fra:7 Mem:10.00M (Peak 11.30M) | Time:00:00.00 | Mem:0.15M, Peak:0.15M | Scene, ViewLayer | Sample 0/8
Fra:7 Mem:12.29M (Peak 12.29M) | Time:00:00.00 | Remaining:00:00.04 | Mem:2.40M, Peak:2.40M | Scene, ViewLayer | Sample 1/8
Fra:7 Mem:13.29M (Peak 15.29M) | Time:00:00.05 | Mem:2.40M, Peak:2.40M | Scene, ViewLayer | Sample 8/8
Fra:7 Mem:13.29M (Peak 15.29M) | Time:00:00.05 | Mem:2.40M, Peak:2.40M | Scene, ViewLayer | Finished
Saved: '/home/terence/Documents/Codex/2026-09-06/realtime-voice-chat-3/outputs/butterfly-method-comparison/blender/turntable-frames/turntable_019.png'
Time: 00:00.05 (Saving: 00:00.00)

Fra:9 Mem:11.27M (Peak 11.27M) | Time:00:00.00 | Mem:0.00M, Peak:0.00M | Scene, ViewLayer | Synchronizing object | R forewing_border
Fra:9 Mem:11.28M (Peak 11.28M) | Time:00:00.00 | Mem:0.00M, Peak:0.00M | Scene, ViewLayer | Synchronizing object | R forewing_blue
Fra:9 Mem:11.28M (Peak 11.28M) | Time:00:00.00 | Mem:0.00M, Peak:0.00M | Scene, ViewLayer | Synchronizing object | R forewing_highlight
Fra:9 Mem:11.28M (Peak 11.28M) | Time:00:00.00 | Mem:0.00M, Peak:0.00M | Scene, ViewLayer | Synchronizing object | R forewing_cyan.001
Fra:9 Mem:11.28M (Peak 11.28M) | Time:00:00.00 | Mem:0.00M, Peak:0.00M | Scene, ViewLayer | Synchronizing object | R forewing_blue.001
Fra:9 Mem:11.28M (Peak 11.28M) | Time:00:00.00 | Mem:0.00M, Peak:0.00M | Scene, ViewLayer | Synchronizing object | R forewing_highlight.001
Fra:9 Mem:11.28M (Peak 11.28M) | Time:00:00.00 | Mem:0.00M, Peak:0.00M | Scene, ViewLayer | Synchronizing object | R hindwing_border
Fra:9 Mem:11.28M (Peak 11.28M) | Time:00:00.00 | Mem:0.00M, Peak:0.00M | Scene, ViewLayer | Synchronizing object | R hindwing_cyan
Fra:9 Mem:11.29M (Peak 11.29M) | Time:00:00.00 | Mem:0.00M, Peak:0.00M | Scene, ViewLayer | Synchronizing object | R hindwing_blue
Fra:9 Mem:11.29M (Peak 11.29M) | Time:00:00.00 | Mem:0.00M, Peak:0.00M | Scene, ViewLayer | Synchronizing object | Antenna.001
Fra:9 Mem:11.29M (Peak 11.29M) | Time:00:00.00 | Mem:0.00M, Peak:0.00M | Scene, ViewLayer | Synchronizing object | R hindwing_cyan.001
Fra:9 Mem:11.29M (Peak 11.29M) | Time:00:00.00 | Mem:0.00M, Peak:0.00M | Scene, ViewLayer | Synchronizing object | R hindwing_blue.001
Fra:9 Mem:11.29M (Peak 11.29M) | Time:00:00.00 | Mem:0.00M, Peak:0.00M | Scene, ViewLayer | Synchronizing object | R hindwing_highlight.001
Fra:9 Mem:11.29M (Peak 11.29M) | Time:00:00.00 | Mem:0.00M, Peak:0.00M | Scene, ViewLayer | Synchronizing object | Antenna
Fra:9 Mem:11.29M (Peak 11.29M) | Time:00:00.00 | Mem:0.00M, Peak:0.00M | Scene, ViewLayer | Synchronizing object | L forewing_blue
Fra:9 Mem:11.29M (Peak 11.29M) | Time:00:00.00 | Mem:0.00M, Peak:0.00M | Scene, ViewLayer | Synchronizing object | Head
Fra:9 Mem:11.29M (Peak 11.29M) | Time:00:00.00 | Mem:0.00M, Peak:0.00M | Scene, ViewLayer | Synchronizing object | L forewing_highlight
Fra:9 Mem:11.29M (Peak 11.29M) | Time:00:00.00 | Mem:0.00M, Peak:0.00M | Scene, ViewLayer | Synchronizing object | L forewing_cyan.001
Fra:9 Mem:11.29M (Peak 11.29M) | Time:00:00.00 | Mem:0.00M, Peak:0.00M | Scene, ViewLayer | Synchronizing object | L forewing_highlight.001
Fra:9 Mem:11.29M (Peak 11.29M) | Time:00:00.00 | Mem:0.00M, Peak:0.00M | Scene, ViewLayer | Synchronizing object | Thorax
Fra:9 Mem:11.29M (Peak 11.29M) | Time:00:00.00 | Mem:0.00M, Peak:0.00M | Scene, ViewLayer | Synchronizing object | L hindwing_border
Fra:9 Mem:11.29M (Peak 11.29M) | Time:00:00.00 | Mem:0.00M, Peak:0.00M | Scene, ViewLayer | Synchronizing object | L hindwing_blue
Fra:9 Mem:11.29M (Peak 11.29M) | Time:00:00.00 | Mem:0.00M, Peak:0.00M | Scene, ViewLayer | Synchronizing object | Abdomen
Fra:9 Mem:11.29M (Peak 11.29M) | Time:00:00.00 | Mem:0.00M, Peak:0.00M | Scene, ViewLayer | Synchronizing object | L hindwing_highlight
Fra:9 Mem:11.30M (Peak 11.30M) | Time:00:00.00 | Mem:0.00M, Peak:0.00M | Scene, ViewLayer | Synchronizing object | L hindwing_highlight.001
Fra:9 Mem:11.30M (Peak 11.30M) | Time:00:00.00 | Mem:0.00M, Peak:0.00M | Scene, ViewLayer | Synchronizing object | L hindwing_blue.001
Fra:9 Mem:11.30M (Peak 11.30M) | Time:00:00.00 | Mem:0.00M, Peak:0.00M | Scene, ViewLayer | Initializing
Fra:9 Mem:9.87M (Peak 11.30M) | Time:00:00.00 | Mem:0.00M, Peak:0.00M | Scene, ViewLayer | Waiting for render to start
Fra:9 Mem:9.87M (Peak 11.30M) | Time:00:00.00 | Mem:0.00M, Peak:0.00M | Scene, ViewLayer | Updating Scene
Fra:9 Mem:9.87M (Peak 11.30M) | Time:00:00.00 | Mem:0.00M, Peak:0.00M | Scene, ViewLayer | Updating Shaders
Fra:9 Mem:9.87M (Peak 11.30M) | Time:00:00.00 | Mem:0.00M, Peak:0.00M | Scene, ViewLayer | Loading render kernels (may take a few minutes the first time)
Fra:9 Mem:9.96M (Peak 11.30M) | Time:00:00.00 | Mem:0.00M, Peak:0.00M | Scene, ViewLayer | Updating Procedurals
Fra:9 Mem:9.96M (Peak 11.30M) | Time:00:00.00 | Mem:0.00M, Peak:0.00M | Scene, ViewLayer | Updating Background
Fra:9 Mem:9.96M (Peak 11.30M) | Time:00:00.00 | Mem:0.00M, Peak:0.00M | Scene, ViewLayer | Updating Camera
Fra:9 Mem:9.96M (Peak 11.30M) | Time:00:00.00 | Mem:0.00M, Peak:0.00M | Scene, ViewLayer | Updating Meshes Flags
Fra:9 Mem:9.96M (Peak 11.30M) | Time:00:00.00 | Mem:0.00M, Peak:0.00M | Scene, ViewLayer | Updating Objects
Fra:9 Mem:9.96M (Peak 11.30M) | Time:00:00.00 | Mem:0.00M, Peak:0.00M | Scene, ViewLayer | Updating Objects | Copying Transformations to device
Fra:9 Mem:9.96M (Peak 11.30M) | Time:00:00.00 | Mem:0.01M, Peak:0.01M | Scene, ViewLayer | Updating Particle Systems
Fra:9 Mem:9.96M (Peak 11.30M) | Time:00:00.00 | Mem:0.01M, Peak:0.01M | Scene, ViewLayer | Updating Particle Systems | Copying Particles to device
Fra:9 Mem:9.96M (Peak 11.30M) | Time:00:00.00 | Mem:0.01M, Peak:0.01M | Scene, ViewLayer | Updating Meshes
Fra:9 Mem:9.96M (Peak 11.30M) | Time:00:00.00 | Mem:0.01M, Peak:0.01M | Scene, ViewLayer | Updating Objects | Applying Static Transformations
Fra:9 Mem:9.96M (Peak 11.30M) | Time:00:00.00 | Mem:0.01M, Peak:0.01M | Scene, ViewLayer | Updating Mesh | Computing attributes
Fra:9 Mem:9.97M (Peak 11.30M) | Time:00:00.00 | Mem:0.01M, Peak:0.01M | Scene, ViewLayer | Updating Mesh | Copying Attributes to device
Fra:9 Mem:9.97M (Peak 11.30M) | Time:00:00.00 | Mem:0.02M, Peak:0.02M | Scene, ViewLayer | Updating Scene BVH | Building
Fra:9 Mem:9.97M (Peak 11.30M) | Time:00:00.00 | Mem:0.02M, Peak:0.02M | Scene, ViewLayer | Updating Scene BVH | Building BVH
Fra:9 Mem:9.97M (Peak 11.30M) | Time:00:00.00 | Mem:0.04M, Peak:0.04M | Scene, ViewLayer | Updating Scene BVH | Copying BVH to device
Fra:9 Mem:9.97M (Peak 11.30M) | Time:00:00.00 | Mem:0.04M, Peak:0.04M | Scene, ViewLayer | Updating Mesh | Computing normals
Fra:9 Mem:9.98M (Peak 11.30M) | Time:00:00.00 | Mem:0.04M, Peak:0.04M | Scene, ViewLayer | Updating Mesh | Copying Mesh to device
Fra:9 Mem:9.98M (Peak 11.30M) | Time:00:00.00 | Mem:0.05M, Peak:0.05M | Scene, ViewLayer | Updating Objects Flags
Fra:9 Mem:9.98M (Peak 11.30M) | Time:00:00.00 | Mem:0.05M, Peak:0.05M | Scene, ViewLayer | Updating Primitive Offsets
Fra:9 Mem:9.98M (Peak 11.30M) | Time:00:00.00 | Mem:0.05M, Peak:0.05M | Scene, ViewLayer | Updating Images
Fra:9 Mem:9.98M (Peak 11.30M) | Time:00:00.00 | Mem:0.05M, Peak:0.05M | Scene, ViewLayer | Updating Camera Volume
Fra:9 Mem:9.98M (Peak 11.30M) | Time:00:00.00 | Mem:0.05M, Peak:0.05M | Scene, ViewLayer | Updating Lookup Tables
Fra:9 Mem:9.98M (Peak 11.30M) | Time:00:00.00 | Mem:0.13M, Peak:0.13M | Scene, ViewLayer | Updating Lights
Fra:9 Mem:9.98M (Peak 11.30M) | Time:00:00.00 | Mem:0.13M, Peak:0.13M | Scene, ViewLayer | Updating Lights | Computing tree
Fra:9 Mem:9.99M (Peak 11.30M) | Time:00:00.00 | Mem:0.14M, Peak:0.14M | Scene, ViewLayer | Updating Integrator
Fra:9 Mem:9.99M (Peak 11.30M) | Time:00:00.00 | Mem:0.14M, Peak:0.14M | Scene, ViewLayer | Updating Film
Fra:9 Mem:10.00M (Peak 11.30M) | Time:00:00.00 | Mem:0.06M, Peak:0.14M | Scene, ViewLayer | Updating Lookup Tables
Fra:9 Mem:10.00M (Peak 11.30M) | Time:00:00.00 | Mem:0.15M, Peak:0.15M | Scene, ViewLayer | Updating Baking
Fra:9 Mem:10.00M (Peak 11.30M) | Time:00:00.00 | Mem:0.15M, Peak:0.15M | Scene, ViewLayer | Updating Device | Writing constant memory
Fra:9 Mem:10.00M (Peak 11.30M) | Time:00:00.00 | Mem:0.15M, Peak:0.15M | Scene, ViewLayer | Sample 0/8
Fra:9 Mem:12.29M (Peak 12.29M) | Time:00:00.01 | Remaining:00:00.05 | Mem:2.40M, Peak:2.40M | Scene, ViewLayer | Sample 1/8
Fra:9 Mem:13.29M (Peak 15.29M) | Time:00:00.05 | Mem:2.40M, Peak:2.40M | Scene, ViewLayer | Sample 8/8
Fra:9 Mem:13.29M (Peak 15.29M) | Time:00:00.05 | Mem:2.40M, Peak:2.40M | Scene, ViewLayer | Finished
Saved: '/home/terence/Documents/Codex/2026-09-06/realtime-voice-chat-3/outputs/butterfly-method-comparison/blender/turntable-frames/turntable_020.png'
Time: 00:00.05 (Saving: 00:00.00)

Fra:11 Mem:11.27M (Peak 11.27M) | Time:00:00.00 | Mem:0.00M, Peak:0.00M | Scene, ViewLayer | Synchronizing object | R forewing_border
Fra:11 Mem:11.28M (Peak 11.28M) | Time:00:00.00 | Mem:0.00M, Peak:0.00M | Scene, ViewLayer | Synchronizing object | R forewing_blue
Fra:11 Mem:11.28M (Peak 11.28M) | Time:00:00.00 | Mem:0.00M, Peak:0.00M | Scene, ViewLayer | Synchronizing object | R forewing_highlight
Fra:11 Mem:11.28M (Peak 11.28M) | Time:00:00.00 | Mem:0.00M, Peak:0.00M | Scene, ViewLayer | Synchronizing object | R forewing_cyan.001
Fra:11 Mem:11.28M (Peak 11.28M) | Time:00:00.00 | Mem:0.00M, Peak:0.00M | Scene, ViewLayer | Synchronizing object | Antenna.001
Fra:11 Mem:11.28M (Peak 11.28M) | Time:00:00.00 | Mem:0.00M, Peak:0.00M | Scene, ViewLayer | Synchronizing object | R forewing_highlight.001
Fra:11 Mem:11.29M (Peak 11.29M) | Time:00:00.00 | Mem:0.00M, Peak:0.00M | Scene, ViewLayer | Synchronizing object | R hindwing_cyan
Fra:11 Mem:11.29M (Peak 11.29M) | Time:00:00.00 | Mem:0.00M, Peak:0.00M | Scene, ViewLayer | Synchronizing object | R hindwing_blue
Fra:11 Mem:11.29M (Peak 11.29M) | Time:00:00.00 | Mem:0.00M, Peak:0.00M | Scene, ViewLayer | Synchronizing object | R hindwing_highlight
Fra:11 Mem:11.29M (Peak 11.29M) | Time:00:00.00 | Mem:0.00M, Peak:0.00M | Scene, ViewLayer | Synchronizing object | R hindwing_cyan.001
Fra:11 Mem:11.29M (Peak 11.29M) | Time:00:00.00 | Mem:0.00M, Peak:0.00M | Scene, ViewLayer | Synchronizing object | Head
Fra:11 Mem:11.29M (Peak 11.29M) | Time:00:00.00 | Mem:0.00M, Peak:0.00M | Scene, ViewLayer | Synchronizing object | Thorax
Fra:11 Mem:11.29M (Peak 11.29M) | Time:00:00.00 | Mem:0.00M, Peak:0.00M | Scene, ViewLayer | Synchronizing object | Abdomen
Fra:11 Mem:11.29M (Peak 11.29M) | Time:00:00.00 | Mem:0.00M, Peak:0.00M | Scene, ViewLayer | Synchronizing object | R hindwing_highlight.001
Fra:11 Mem:11.29M (Peak 11.29M) | Time:00:00.00 | Mem:0.00M, Peak:0.00M | Scene, ViewLayer | Synchronizing object | L hindwing_highlight.001
Fra:11 Mem:11.29M (Peak 11.29M) | Time:00:00.00 | Mem:0.00M, Peak:0.00M | Scene, ViewLayer | Synchronizing object | L forewing_cyan
Fra:11 Mem:11.29M (Peak 11.29M) | Time:00:00.00 | Mem:0.00M, Peak:0.00M | Scene, ViewLayer | Synchronizing object | L forewing_blue
Fra:11 Mem:11.30M (Peak 11.30M) | Time:00:00.00 | Mem:0.00M, Peak:0.00M | Scene, ViewLayer | Synchronizing object | L hindwing_blue.001
Fra:11 Mem:11.30M (Peak 11.30M) | Time:00:00.00 | Mem:0.00M, Peak:0.00M | Scene, ViewLayer | Synchronizing object | L forewing_cyan.001
Fra:11 Mem:11.30M (Peak 11.30M) | Time:00:00.00 | Mem:0.00M, Peak:0.00M | Scene, ViewLayer | Synchronizing object | L forewing_blue.001
Fra:11 Mem:11.30M (Peak 11.30M) | Time:00:00.00 | Mem:0.00M, Peak:0.00M | Scene, ViewLayer | Synchronizing object | L forewing_highlight.001
Fra:11 Mem:11.30M (Peak 11.30M) | Time:00:00.00 | Mem:0.00M, Peak:0.00M | Scene, ViewLayer | Synchronizing object | L hindwing_cyan
Fra:11 Mem:11.30M (Peak 11.30M) | Time:00:00.00 | Mem:0.00M, Peak:0.00M | Scene, ViewLayer | Synchronizing object | L hindwing_blue
Fra:11 Mem:11.30M (Peak 11.30M) | Time:00:00.00 | Mem:0.00M, Peak:0.00M | Scene, ViewLayer | Initializing
Fra:11 Mem:9.87M (Peak 11.30M) | Time:00:00.00 | Mem:0.00M, Peak:0.00M | Scene, ViewLayer | Waiting for render to start
Fra:11 Mem:9.87M (Peak 11.30M) | Time:00:00.00 | Mem:0.00M, Peak:0.00M | Scene, ViewLayer | Updating Scene
Fra:11 Mem:9.87M (Peak 11.30M) | Time:00:00.00 | Mem:0.00M, Peak:0.00M | Scene, ViewLayer | Updating Shaders
Fra:11 Mem:9.87M (Peak 11.30M) | Time:00:00.00 | Mem:0.00M, Peak:0.00M | Scene, ViewLayer | Loading render kernels (may take a few minutes the first time)
Fra:11 Mem:9.96M (Peak 11.30M) | Time:00:00.00 | Mem:0.00M, Peak:0.00M | Scene, ViewLayer | Updating Procedurals
Fra:11 Mem:9.96M (Peak 11.30M) | Time:00:00.00 | Mem:0.00M, Peak:0.00M | Scene, ViewLayer | Updating Background
Fra:11 Mem:9.96M (Peak 11.30M) | Time:00:00.00 | Mem:0.00M, Peak:0.00M | Scene, ViewLayer | Updating Camera
Fra:11 Mem:9.96M (Peak 11.30M) | Time:00:00.00 | Mem:0.00M, Peak:0.00M | Scene, ViewLayer | Updating Meshes Flags
Fra:11 Mem:9.96M (Peak 11.30M) | Time:00:00.00 | Mem:0.00M, Peak:0.00M | Scene, ViewLayer | Updating Objects
Fra:11 Mem:9.96M (Peak 11.30M) | Time:00:00.00 | Mem:0.00M, Peak:0.00M | Scene, ViewLayer | Updating Objects | Copying Transformations to device
Fra:11 Mem:9.96M (Peak 11.30M) | Time:00:00.00 | Mem:0.01M, Peak:0.01M | Scene, ViewLayer | Updating Particle Systems
Fra:11 Mem:9.96M (Peak 11.30M) | Time:00:00.00 | Mem:0.01M, Peak:0.01M | Scene, ViewLayer | Updating Particle Systems | Copying Particles to device
Fra:11 Mem:9.96M (Peak 11.30M) | Time:00:00.00 | Mem:0.01M, Peak:0.01M | Scene, ViewLayer | Updating Meshes
Fra:11 Mem:9.96M (Peak 11.30M) | Time:00:00.00 | Mem:0.01M, Peak:0.01M | Scene, ViewLayer | Updating Objects | Applying Static Transformations
Fra:11 Mem:9.96M (Peak 11.30M) | Time:00:00.00 | Mem:0.01M, Peak:0.01M | Scene, ViewLayer | Updating Mesh | Computing attributes
Fra:11 Mem:9.97M (Peak 11.30M) | Time:00:00.00 | Mem:0.01M, Peak:0.01M | Scene, ViewLayer | Updating Mesh | Copying Attributes to device
Fra:11 Mem:9.97M (Peak 11.30M) | Time:00:00.00 | Mem:0.02M, Peak:0.02M | Scene, ViewLayer | Updating Scene BVH | Building
Fra:11 Mem:9.97M (Peak 11.30M) | Time:00:00.00 | Mem:0.02M, Peak:0.02M | Scene, ViewLayer | Updating Scene BVH | Building BVH
Fra:11 Mem:9.97M (Peak 11.30M) | Time:00:00.00 | Mem:0.02M, Peak:0.02M | Scene, ViewLayer | Updating Scene BVH | Building BVH 0%
Fra:11 Mem:9.97M (Peak 11.30M) | Time:00:00.00 | Mem:0.04M, Peak:0.04M | Scene, ViewLayer | Updating Scene BVH | Copying BVH to device
Fra:11 Mem:9.97M (Peak 11.30M) | Time:00:00.00 | Mem:0.04M, Peak:0.04M | Scene, ViewLayer | Updating Mesh | Computing normals
Fra:11 Mem:9.98M (Peak 11.30M) | Time:00:00.00 | Mem:0.04M, Peak:0.04M | Scene, ViewLayer | Updating Mesh | Copying Mesh to device
Fra:11 Mem:9.98M (Peak 11.30M) | Time:00:00.00 | Mem:0.05M, Peak:0.05M | Scene, ViewLayer | Updating Objects Flags
Fra:11 Mem:9.98M (Peak 11.30M) | Time:00:00.00 | Mem:0.05M, Peak:0.05M | Scene, ViewLayer | Updating Primitive Offsets
Fra:11 Mem:9.98M (Peak 11.30M) | Time:00:00.00 | Mem:0.05M, Peak:0.05M | Scene, ViewLayer | Updating Images
Fra:11 Mem:9.98M (Peak 11.30M) | Time:00:00.00 | Mem:0.05M, Peak:0.05M | Scene, ViewLayer | Updating Camera Volume
Fra:11 Mem:9.98M (Peak 11.30M) | Time:00:00.00 | Mem:0.05M, Peak:0.05M | Scene, ViewLayer | Updating Lookup Tables
Fra:11 Mem:9.98M (Peak 11.30M) | Time:00:00.00 | Mem:0.13M, Peak:0.13M | Scene, ViewLayer | Updating Lights
Fra:11 Mem:9.98M (Peak 11.30M) | Time:00:00.00 | Mem:0.13M, Peak:0.13M | Scene, ViewLayer | Updating Lights | Computing tree
Fra:11 Mem:9.99M (Peak 11.30M) | Time:00:00.00 | Mem:0.14M, Peak:0.14M | Scene, ViewLayer | Updating Integrator
Fra:11 Mem:9.99M (Peak 11.30M) | Time:00:00.00 | Mem:0.14M, Peak:0.14M | Scene, ViewLayer | Updating Film
Fra:11 Mem:10.00M (Peak 11.30M) | Time:00:00.00 | Mem:0.06M, Peak:0.14M | Scene, ViewLayer | Updating Lookup Tables
Fra:11 Mem:10.00M (Peak 11.30M) | Time:00:00.00 | Mem:0.15M, Peak:0.15M | Scene, ViewLayer | Updating Baking
Fra:11 Mem:10.00M (Peak 11.30M) | Time:00:00.00 | Mem:0.15M, Peak:0.15M | Scene, ViewLayer | Updating Device | Writing constant memory
Fra:11 Mem:10.00M (Peak 11.30M) | Time:00:00.00 | Mem:0.15M, Peak:0.15M | Scene, ViewLayer | Sample 0/8
Fra:11 Mem:12.29M (Peak 12.29M) | Time:00:00.00 | Remaining:00:00.04 | Mem:2.40M, Peak:2.40M | Scene, ViewLayer | Sample 1/8
Fra:11 Mem:13.29M (Peak 15.29M) | Time:00:00.04 | Mem:2.40M, Peak:2.40M | Scene, ViewLayer | Sample 8/8
Fra:11 Mem:13.29M (Peak 15.29M) | Time:00:00.04 | Mem:2.40M, Peak:2.40M | Scene, ViewLayer | Finished
Saved: '/home/terence/Documents/Codex/2026-09-06/realtime-voice-chat-3/outputs/butterfly-method-comparison/blender/turntable-frames/turntable_021.png'
Time: 00:00.05 (Saving: 00:00.00)

Fra:12 Mem:11.27M (Peak 11.27M) | Time:00:00.00 | Mem:0.00M, Peak:0.00M | Scene, ViewLayer | Synchronizing object | R forewing_border
Fra:12 Mem:11.28M (Peak 11.28M) | Time:00:00.00 | Mem:0.00M, Peak:0.00M | Scene, ViewLayer | Synchronizing object | R forewing_blue
Fra:12 Mem:11.28M (Peak 11.28M) | Time:00:00.00 | Mem:0.00M, Peak:0.00M | Scene, ViewLayer | Synchronizing object | R forewing_highlight
Fra:12 Mem:11.28M (Peak 11.28M) | Time:00:00.00 | Mem:0.00M, Peak:0.00M | Scene, ViewLayer | Synchronizing object | R forewing_cyan.001
Fra:12 Mem:11.28M (Peak 11.28M) | Time:00:00.00 | Mem:0.00M, Peak:0.00M | Scene, ViewLayer | Synchronizing object | R forewing_blue.001
Fra:12 Mem:11.28M (Peak 11.28M) | Time:00:00.00 | Mem:0.00M, Peak:0.00M | Scene, ViewLayer | Synchronizing object | R hindwing_border
Fra:12 Mem:11.28M (Peak 11.28M) | Time:00:00.00 | Mem:0.00M, Peak:0.00M | Scene, ViewLayer | Synchronizing object | R hindwing_cyan
Fra:12 Mem:11.28M (Peak 11.28M) | Time:00:00.00 | Mem:0.00M, Peak:0.00M | Scene, ViewLayer | Synchronizing object | R hindwing_blue
Fra:12 Mem:11.28M (Peak 11.28M) | Time:00:00.00 | Mem:0.00M, Peak:0.00M | Scene, ViewLayer | Synchronizing object | R hindwing_highlight
Fra:12 Mem:11.29M (Peak 11.29M) | Time:00:00.00 | Mem:0.00M, Peak:0.00M | Scene, ViewLayer | Synchronizing object | R hindwing_blue.001
Fra:12 Mem:11.29M (Peak 11.29M) | Time:00:00.00 | Mem:0.00M, Peak:0.00M | Scene, ViewLayer | Synchronizing object | R hindwing_highlight.001
Fra:12 Mem:11.29M (Peak 11.29M) | Time:00:00.00 | Mem:0.00M, Peak:0.00M | Scene, ViewLayer | Synchronizing object | L forewing_border
Fra:12 Mem:11.29M (Peak 11.29M) | Time:00:00.00 | Mem:0.00M, Peak:0.00M | Scene, ViewLayer | Synchronizing object | L forewing_blue
Fra:12 Mem:11.29M (Peak 11.29M) | Time:00:00.00 | Mem:0.00M, Peak:0.00M | Scene, ViewLayer | Synchronizing object | L forewing_highlight
Fra:12 Mem:11.29M (Peak 11.29M) | Time:00:00.00 | Mem:0.00M, Peak:0.00M | Scene, ViewLayer | Synchronizing object | L forewing_cyan.001
Fra:12 Mem:11.29M (Peak 11.29M) | Time:00:00.00 | Mem:0.00M, Peak:0.00M | Scene, ViewLayer | Synchronizing object | L forewing_blue.001
Fra:12 Mem:11.29M (Peak 11.29M) | Time:00:00.00 | Mem:0.00M, Peak:0.00M | Scene, ViewLayer | Synchronizing object | L forewing_highlight.001
Fra:12 Mem:11.29M (Peak 11.29M) | Time:00:00.00 | Mem:0.00M, Peak:0.00M | Scene, ViewLayer | Synchronizing object | Antenna
Fra:12 Mem:11.29M (Peak 11.29M) | Time:00:00.00 | Mem:0.00M, Peak:0.00M | Scene, ViewLayer | Synchronizing object | L hindwing_cyan
Fra:12 Mem:11.29M (Peak 11.29M) | Time:00:00.00 | Mem:0.00M, Peak:0.00M | Scene, ViewLayer | Synchronizing object | Head
Fra:12 Mem:11.29M (Peak 11.29M) | Time:00:00.00 | Mem:0.00M, Peak:0.00M | Scene, ViewLayer | Synchronizing object | L hindwing_highlight
Fra:12 Mem:11.29M (Peak 11.29M) | Time:00:00.00 | Mem:0.00M, Peak:0.00M | Scene, ViewLayer | Synchronizing object | L hindwing_cyan.001
Fra:12 Mem:11.29M (Peak 11.29M) | Time:00:00.00 | Mem:0.00M, Peak:0.00M | Scene, ViewLayer | Synchronizing object | L hindwing_blue.001
Fra:12 Mem:11.29M (Peak 11.29M) | Time:00:00.00 | Mem:0.00M, Peak:0.00M | Scene, ViewLayer | Synchronizing object | Thorax
Fra:12 Mem:11.30M (Peak 11.30M) | Time:00:00.00 | Mem:0.00M, Peak:0.00M | Scene, ViewLayer | Synchronizing object | Abdomen
Fra:12 Mem:11.30M (Peak 11.30M) | Time:00:00.00 | Mem:0.00M, Peak:0.00M | Scene, ViewLayer | Initializing
Fra:12 Mem:9.87M (Peak 11.30M) | Time:00:00.00 | Mem:0.00M, Peak:0.00M | Scene, ViewLayer | Waiting for render to start
Fra:12 Mem:9.87M (Peak 11.30M) | Time:00:00.00 | Mem:0.00M, Peak:0.00M | Scene, ViewLayer | Updating Scene
Fra:12 Mem:9.87M (Peak 11.30M) | Time:00:00.00 | Mem:0.00M, Peak:0.00M | Scene, ViewLayer | Updating Shaders
Fra:12 Mem:9.87M (Peak 11.30M) | Time:00:00.00 | Mem:0.00M, Peak:0.00M | Scene, ViewLayer | Loading render kernels (may take a few minutes the first time)
Fra:12 Mem:9.96M (Peak 11.30M) | Time:00:00.00 | Mem:0.00M, Peak:0.00M | Scene, ViewLayer | Updating Procedurals
Fra:12 Mem:9.96M (Peak 11.30M) | Time:00:00.00 | Mem:0.00M, Peak:0.00M | Scene, ViewLayer | Updating Background
Fra:12 Mem:9.96M (Peak 11.30M) | Time:00:00.00 | Mem:0.00M, Peak:0.00M | Scene, ViewLayer | Updating Camera
Fra:12 Mem:9.96M (Peak 11.30M) | Time:00:00.00 | Mem:0.00M, Peak:0.00M | Scene, ViewLayer | Updating Meshes Flags
Fra:12 Mem:9.96M (Peak 11.30M) | Time:00:00.00 | Mem:0.00M, Peak:0.00M | Scene, ViewLayer | Updating Objects
Fra:12 Mem:9.96M (Peak 11.30M) | Time:00:00.00 | Mem:0.00M, Peak:0.00M | Scene, ViewLayer | Updating Objects | Copying Transformations to device
Fra:12 Mem:9.96M (Peak 11.30M) | Time:00:00.00 | Mem:0.01M, Peak:0.01M | Scene, ViewLayer | Updating Particle Systems
Fra:12 Mem:9.96M (Peak 11.30M) | Time:00:00.00 | Mem:0.01M, Peak:0.01M | Scene, ViewLayer | Updating Particle Systems | Copying Particles to device
Fra:12 Mem:9.96M (Peak 11.30M) | Time:00:00.00 | Mem:0.01M, Peak:0.01M | Scene, ViewLayer | Updating Meshes
Fra:12 Mem:9.96M (Peak 11.30M) | Time:00:00.00 | Mem:0.01M, Peak:0.01M | Scene, ViewLayer | Updating Objects | Applying Static Transformations
Fra:12 Mem:9.96M (Peak 11.30M) | Time:00:00.00 | Mem:0.01M, Peak:0.01M | Scene, ViewLayer | Updating Mesh | Computing attributes
Fra:12 Mem:9.97M (Peak 11.30M) | Time:00:00.00 | Mem:0.01M, Peak:0.01M | Scene, ViewLayer | Updating Mesh | Copying Attributes to device
Fra:12 Mem:9.97M (Peak 11.30M) | Time:00:00.00 | Mem:0.02M, Peak:0.02M | Scene, ViewLayer | Updating Scene BVH | Building
Fra:12 Mem:9.97M (Peak 11.30M) | Time:00:00.00 | Mem:0.02M, Peak:0.02M | Scene, ViewLayer | Updating Scene BVH | Building BVH
Fra:12 Mem:9.97M (Peak 11.30M) | Time:00:00.00 | Mem:0.04M, Peak:0.04M | Scene, ViewLayer | Updating Scene BVH | Copying BVH to device
Fra:12 Mem:9.97M (Peak 11.30M) | Time:00:00.00 | Mem:0.04M, Peak:0.04M | Scene, ViewLayer | Updating Mesh | Computing normals
Fra:12 Mem:9.98M (Peak 11.30M) | Time:00:00.00 | Mem:0.04M, Peak:0.04M | Scene, ViewLayer | Updating Mesh | Copying Mesh to device
Fra:12 Mem:9.98M (Peak 11.30M) | Time:00:00.00 | Mem:0.05M, Peak:0.05M | Scene, ViewLayer | Updating Objects Flags
Fra:12 Mem:9.98M (Peak 11.30M) | Time:00:00.00 | Mem:0.05M, Peak:0.05M | Scene, ViewLayer | Updating Primitive Offsets
Fra:12 Mem:9.98M (Peak 11.30M) | Time:00:00.00 | Mem:0.05M, Peak:0.05M | Scene, ViewLayer | Updating Images
Fra:12 Mem:9.98M (Peak 11.30M) | Time:00:00.00 | Mem:0.05M, Peak:0.05M | Scene, ViewLayer | Updating Camera Volume
Fra:12 Mem:9.98M (Peak 11.30M) | Time:00:00.00 | Mem:0.05M, Peak:0.05M | Scene, ViewLayer | Updating Lookup Tables
Fra:12 Mem:9.98M (Peak 11.30M) | Time:00:00.00 | Mem:0.13M, Peak:0.13M | Scene, ViewLayer | Updating Lights
Fra:12 Mem:9.98M (Peak 11.30M) | Time:00:00.00 | Mem:0.13M, Peak:0.13M | Scene, ViewLayer | Updating Lights | Computing tree
Fra:12 Mem:9.99M (Peak 11.30M) | Time:00:00.00 | Mem:0.14M, Peak:0.14M | Scene, ViewLayer | Updating Integrator
Fra:12 Mem:9.99M (Peak 11.30M) | Time:00:00.00 | Mem:0.14M, Peak:0.14M | Scene, ViewLayer | Updating Film
Fra:12 Mem:10.00M (Peak 11.30M) | Time:00:00.00 | Mem:0.06M, Peak:0.14M | Scene, ViewLayer | Updating Lookup Tables
Fra:12 Mem:10.00M (Peak 11.30M) | Time:00:00.00 | Mem:0.15M, Peak:0.15M | Scene, ViewLayer | Updating Baking
Fra:12 Mem:10.00M (Peak 11.30M) | Time:00:00.00 | Mem:0.15M, Peak:0.15M | Scene, ViewLayer | Updating Device | Writing constant memory
Fra:12 Mem:10.00M (Peak 11.30M) | Time:00:00.00 | Mem:0.15M, Peak:0.15M | Scene, ViewLayer | Sample 0/8
Fra:12 Mem:12.29M (Peak 12.29M) | Time:00:00.00 | Remaining:00:00.03 | Mem:2.40M, Peak:2.40M | Scene, ViewLayer | Sample 1/8
Fra:12 Mem:13.29M (Peak 15.29M) | Time:00:00.04 | Mem:2.40M, Peak:2.40M | Scene, ViewLayer | Sample 8/8
Fra:12 Mem:13.29M (Peak 15.29M) | Time:00:00.04 | Mem:2.40M, Peak:2.40M | Scene, ViewLayer | Finished
Saved: '/home/terence/Documents/Codex/2026-09-06/realtime-voice-chat-3/outputs/butterfly-method-comparison/blender/turntable-frames/turntable_022.png'
Time: 00:00.04 (Saving: 00:00.00)

Fra:14 Mem:11.27M (Peak 11.27M) | Time:00:00.00 | Mem:0.00M, Peak:0.00M | Scene, ViewLayer | Synchronizing object | R forewing_border
Fra:14 Mem:11.28M (Peak 11.28M) | Time:00:00.00 | Mem:0.00M, Peak:0.00M | Scene, ViewLayer | Synchronizing object | R forewing_cyan
Fra:14 Mem:11.28M (Peak 11.28M) | Time:00:00.00 | Mem:0.00M, Peak:0.00M | Scene, ViewLayer | Synchronizing object | R forewing_blue
Fra:14 Mem:11.28M (Peak 11.28M) | Time:00:00.00 | Mem:0.00M, Peak:0.00M | Scene, ViewLayer | Synchronizing object | R forewing_highlight
Fra:14 Mem:11.28M (Peak 11.28M) | Time:00:00.00 | Mem:0.00M, Peak:0.00M | Scene, ViewLayer | Synchronizing object | R forewing_blue.001
Fra:14 Mem:11.28M (Peak 11.28M) | Time:00:00.00 | Mem:0.00M, Peak:0.00M | Scene, ViewLayer | Synchronizing object | R forewing_highlight.001
Fra:14 Mem:11.28M (Peak 11.28M) | Time:00:00.00 | Mem:0.00M, Peak:0.00M | Scene, ViewLayer | Synchronizing object | R hindwing_border
Fra:14 Mem:11.28M (Peak 11.28M) | Time:00:00.00 | Mem:0.00M, Peak:0.00M | Scene, ViewLayer | Synchronizing object | R hindwing_cyan
Fra:14 Mem:11.28M (Peak 11.28M) | Time:00:00.00 | Mem:0.00M, Peak:0.00M | Scene, ViewLayer | Synchronizing object | R hindwing_blue
Fra:14 Mem:11.28M (Peak 11.28M) | Time:00:00.00 | Mem:0.00M, Peak:0.00M | Scene, ViewLayer | Synchronizing object | R hindwing_highlight
Fra:14 Mem:11.29M (Peak 11.29M) | Time:00:00.00 | Mem:0.00M, Peak:0.00M | Scene, ViewLayer | Synchronizing object | R hindwing_cyan.001
Fra:14 Mem:11.29M (Peak 11.29M) | Time:00:00.00 | Mem:0.00M, Peak:0.00M | Scene, ViewLayer | Synchronizing object | R hindwing_blue.001
Fra:14 Mem:11.29M (Peak 11.29M) | Time:00:00.00 | Mem:0.00M, Peak:0.00M | Scene, ViewLayer | Synchronizing object | R hindwing_highlight.001
Fra:14 Mem:11.29M (Peak 11.29M) | Time:00:00.00 | Mem:0.00M, Peak:0.00M | Scene, ViewLayer | Synchronizing object | L forewing_border
Fra:14 Mem:11.29M (Peak 11.29M) | Time:00:00.00 | Mem:0.00M, Peak:0.00M | Scene, ViewLayer | Synchronizing object | Antenna
Fra:14 Mem:11.29M (Peak 11.29M) | Time:00:00.00 | Mem:0.00M, Peak:0.00M | Scene, ViewLayer | Synchronizing object | Head
Fra:14 Mem:11.29M (Peak 11.29M) | Time:00:00.00 | Mem:0.00M, Peak:0.00M | Scene, ViewLayer | Synchronizing object | Thorax
Fra:14 Mem:11.29M (Peak 11.29M) | Time:00:00.00 | Mem:0.00M, Peak:0.00M | Scene, ViewLayer | Synchronizing object | L forewing_highlight
Fra:14 Mem:11.29M (Peak 11.29M) | Time:00:00.00 | Mem:0.00M, Peak:0.00M | Scene, ViewLayer | Synchronizing object | L forewing_cyan.001
Fra:14 Mem:11.29M (Peak 11.29M) | Time:00:00.00 | Mem:0.00M, Peak:0.00M | Scene, ViewLayer | Synchronizing object | L forewing_blue.001
Fra:14 Mem:11.29M (Peak 11.29M) | Time:00:00.00 | Mem:0.00M, Peak:0.00M | Scene, ViewLayer | Synchronizing object | L forewing_highlight.001
Fra:14 Mem:11.29M (Peak 11.29M) | Time:00:00.00 | Mem:0.00M, Peak:0.00M | Scene, ViewLayer | Synchronizing object | L hindwing_border
Fra:14 Mem:11.30M (Peak 11.30M) | Time:00:00.00 | Mem:0.00M, Peak:0.00M | Scene, ViewLayer | Synchronizing object | L hindwing_highlight.001
Fra:14 Mem:11.30M (Peak 11.30M) | Time:00:00.00 | Mem:0.00M, Peak:0.00M | Scene, ViewLayer | Synchronizing object | L hindwing_cyan
Fra:14 Mem:11.30M (Peak 11.30M) | Time:00:00.00 | Mem:0.00M, Peak:0.00M | Scene, ViewLayer | Synchronizing object | L hindwing_blue.001
Fra:14 Mem:11.30M (Peak 11.30M) | Time:00:00.00 | Mem:0.00M, Peak:0.00M | Scene, ViewLayer | Synchronizing object | L hindwing_highlight
Fra:14 Mem:11.30M (Peak 11.30M) | Time:00:00.00 | Mem:0.00M, Peak:0.00M | Scene, ViewLayer | Synchronizing object | L hindwing_cyan.001
Fra:14 Mem:11.30M (Peak 11.30M) | Time:00:00.00 | Mem:0.00M, Peak:0.00M | Scene, ViewLayer | Initializing
Fra:14 Mem:9.87M (Peak 11.30M) | Time:00:00.00 | Mem:0.00M, Peak:0.00M | Scene, ViewLayer | Waiting for render to start
Fra:14 Mem:9.87M (Peak 11.30M) | Time:00:00.00 | Mem:0.00M, Peak:0.00M | Scene, ViewLayer | Updating Scene
Fra:14 Mem:9.87M (Peak 11.30M) | Time:00:00.00 | Mem:0.00M, Peak:0.00M | Scene, ViewLayer | Updating Shaders
Fra:14 Mem:9.87M (Peak 11.30M) | Time:00:00.00 | Mem:0.00M, Peak:0.00M | Scene, ViewLayer | Loading render kernels (may take a few minutes the first time)
Fra:14 Mem:9.96M (Peak 11.30M) | Time:00:00.00 | Mem:0.00M, Peak:0.00M | Scene, ViewLayer | Updating Procedurals
Fra:14 Mem:9.96M (Peak 11.30M) | Time:00:00.00 | Mem:0.00M, Peak:0.00M | Scene, ViewLayer | Updating Background
Fra:14 Mem:9.96M (Peak 11.30M) | Time:00:00.00 | Mem:0.00M, Peak:0.00M | Scene, ViewLayer | Updating Camera
Fra:14 Mem:9.96M (Peak 11.30M) | Time:00:00.00 | Mem:0.00M, Peak:0.00M | Scene, ViewLayer | Updating Meshes Flags
Fra:14 Mem:9.96M (Peak 11.30M) | Time:00:00.00 | Mem:0.00M, Peak:0.00M | Scene, ViewLayer | Updating Objects
Fra:14 Mem:9.96M (Peak 11.30M) | Time:00:00.00 | Mem:0.00M, Peak:0.00M | Scene, ViewLayer | Updating Objects | Copying Transformations to device
Fra:14 Mem:9.96M (Peak 11.30M) | Time:00:00.00 | Mem:0.01M, Peak:0.01M | Scene, ViewLayer | Updating Particle Systems
Fra:14 Mem:9.96M (Peak 11.30M) | Time:00:00.00 | Mem:0.01M, Peak:0.01M | Scene, ViewLayer | Updating Particle Systems | Copying Particles to device
Fra:14 Mem:9.96M (Peak 11.30M) | Time:00:00.00 | Mem:0.01M, Peak:0.01M | Scene, ViewLayer | Updating Meshes
Fra:14 Mem:9.96M (Peak 11.30M) | Time:00:00.00 | Mem:0.01M, Peak:0.01M | Scene, ViewLayer | Updating Objects | Applying Static Transformations
Fra:14 Mem:9.96M (Peak 11.30M) | Time:00:00.00 | Mem:0.01M, Peak:0.01M | Scene, ViewLayer | Updating Mesh | Computing attributes
Fra:14 Mem:9.97M (Peak 11.30M) | Time:00:00.00 | Mem:0.01M, Peak:0.01M | Scene, ViewLayer | Updating Mesh | Copying Attributes to device
Fra:14 Mem:9.97M (Peak 11.30M) | Time:00:00.00 | Mem:0.02M, Peak:0.02M | Scene, ViewLayer | Updating Scene BVH | Building
Fra:14 Mem:9.97M (Peak 11.30M) | Time:00:00.00 | Mem:0.02M, Peak:0.02M | Scene, ViewLayer | Updating Scene BVH | Building BVH
Fra:14 Mem:9.97M (Peak 11.30M) | Time:00:00.00 | Mem:0.04M, Peak:0.04M | Scene, ViewLayer | Updating Scene BVH | Copying BVH to device
Fra:14 Mem:9.97M (Peak 11.30M) | Time:00:00.00 | Mem:0.04M, Peak:0.04M | Scene, ViewLayer | Updating Mesh | Computing normals
Fra:14 Mem:9.98M (Peak 11.30M) | Time:00:00.00 | Mem:0.04M, Peak:0.04M | Scene, ViewLayer | Updating Mesh | Copying Mesh to device
Fra:14 Mem:9.98M (Peak 11.30M) | Time:00:00.00 | Mem:0.05M, Peak:0.05M | Scene, ViewLayer | Updating Objects Flags
Fra:14 Mem:9.98M (Peak 11.30M) | Time:00:00.00 | Mem:0.05M, Peak:0.05M | Scene, ViewLayer | Updating Primitive Offsets
Fra:14 Mem:9.98M (Peak 11.30M) | Time:00:00.00 | Mem:0.05M, Peak:0.05M | Scene, ViewLayer | Updating Images
Fra:14 Mem:9.98M (Peak 11.30M) | Time:00:00.00 | Mem:0.05M, Peak:0.05M | Scene, ViewLayer | Updating Camera Volume
Fra:14 Mem:9.98M (Peak 11.30M) | Time:00:00.00 | Mem:0.05M, Peak:0.05M | Scene, ViewLayer | Updating Lookup Tables
Fra:14 Mem:9.98M (Peak 11.30M) | Time:00:00.00 | Mem:0.13M, Peak:0.13M | Scene, ViewLayer | Updating Lights
Fra:14 Mem:9.98M (Peak 11.30M) | Time:00:00.00 | Mem:0.13M, Peak:0.13M | Scene, ViewLayer | Updating Lights | Computing tree
Fra:14 Mem:9.99M (Peak 11.30M) | Time:00:00.00 | Mem:0.14M, Peak:0.14M | Scene, ViewLayer | Updating Integrator
Fra:14 Mem:9.99M (Peak 11.30M) | Time:00:00.00 | Mem:0.14M, Peak:0.14M | Scene, ViewLayer | Updating Film
Fra:14 Mem:10.00M (Peak 11.30M) | Time:00:00.00 | Mem:0.06M, Peak:0.14M | Scene, ViewLayer | Updating Lookup Tables
Fra:14 Mem:10.00M (Peak 11.30M) | Time:00:00.00 | Mem:0.15M, Peak:0.15M | Scene, ViewLayer | Updating Baking
Fra:14 Mem:10.00M (Peak 11.30M) | Time:00:00.00 | Mem:0.15M, Peak:0.15M | Scene, ViewLayer | Updating Device | Writing constant memory
Fra:14 Mem:10.00M (Peak 11.30M) | Time:00:00.00 | Mem:0.15M, Peak:0.15M | Scene, ViewLayer | Sample 0/8
Fra:14 Mem:12.29M (Peak 12.29M) | Time:00:00.00 | Remaining:00:00.04 | Mem:2.40M, Peak:2.40M | Scene, ViewLayer | Sample 1/8
Fra:14 Mem:13.29M (Peak 15.29M) | Time:00:00.04 | Mem:2.40M, Peak:2.40M | Scene, ViewLayer | Sample 8/8
Fra:14 Mem:13.29M (Peak 15.29M) | Time:00:00.04 | Mem:2.40M, Peak:2.40M | Scene, ViewLayer | Finished
Saved: '/home/terence/Documents/Codex/2026-09-06/realtime-voice-chat-3/outputs/butterfly-method-comparison/blender/turntable-frames/turntable_023.png'
Time: 00:00.04 (Saving: 00:00.00)

Fra:16 Mem:11.27M (Peak 11.27M) | Time:00:00.00 | Mem:0.00M, Peak:0.00M | Scene, ViewLayer | Synchronizing object | R forewing_border
Fra:16 Mem:11.28M (Peak 11.28M) | Time:00:00.00 | Mem:0.00M, Peak:0.00M | Scene, ViewLayer | Synchronizing object | R forewing_blue
Fra:16 Mem:11.28M (Peak 11.28M) | Time:00:00.00 | Mem:0.00M, Peak:0.00M | Scene, ViewLayer | Synchronizing object | R forewing_highlight
Fra:16 Mem:11.28M (Peak 11.28M) | Time:00:00.00 | Mem:0.00M, Peak:0.00M | Scene, ViewLayer | Synchronizing object | R forewing_cyan.001
Fra:16 Mem:11.28M (Peak 11.28M) | Time:00:00.00 | Mem:0.00M, Peak:0.00M | Scene, ViewLayer | Synchronizing object | Antenna.001
Fra:16 Mem:11.28M (Peak 11.28M) | Time:00:00.00 | Mem:0.00M, Peak:0.00M | Scene, ViewLayer | Synchronizing object | R hindwing_border
Fra:16 Mem:11.29M (Peak 11.29M) | Time:00:00.00 | Mem:0.00M, Peak:0.00M | Scene, ViewLayer | Synchronizing object | R hindwing_blue
Fra:16 Mem:11.29M (Peak 11.29M) | Time:00:00.00 | Mem:0.00M, Peak:0.00M | Scene, ViewLayer | Synchronizing object | R hindwing_highlight
Fra:16 Mem:11.29M (Peak 11.29M) | Time:00:00.00 | Mem:0.00M, Peak:0.00M | Scene, ViewLayer | Synchronizing object | R hindwing_cyan.001
Fra:16 Mem:11.29M (Peak 11.29M) | Time:00:00.00 | Mem:0.00M, Peak:0.00M | Scene, ViewLayer | Synchronizing object | R hindwing_blue.001
Fra:16 Mem:11.29M (Peak 11.29M) | Time:00:00.00 | Mem:0.00M, Peak:0.00M | Scene, ViewLayer | Synchronizing object | R hindwing_highlight.001
Fra:16 Mem:11.29M (Peak 11.29M) | Time:00:00.00 | Mem:0.00M, Peak:0.00M | Scene, ViewLayer | Synchronizing object | Antenna
Fra:16 Mem:11.29M (Peak 11.29M) | Time:00:00.00 | Mem:0.00M, Peak:0.00M | Scene, ViewLayer | Synchronizing object | L forewing_cyan
Fra:16 Mem:11.29M (Peak 11.29M) | Time:00:00.00 | Mem:0.00M, Peak:0.00M | Scene, ViewLayer | Synchronizing object | L forewing_blue
Fra:16 Mem:11.29M (Peak 11.29M) | Time:00:00.00 | Mem:0.00M, Peak:0.00M | Scene, ViewLayer | Synchronizing object | L forewing_highlight
Fra:16 Mem:11.29M (Peak 11.29M) | Time:00:00.00 | Mem:0.00M, Peak:0.00M | Scene, ViewLayer | Synchronizing object | L forewing_cyan.001
Fra:16 Mem:11.29M (Peak 11.29M) | Time:00:00.00 | Mem:0.00M, Peak:0.00M | Scene, ViewLayer | Synchronizing object | L forewing_blue.001
Fra:16 Mem:11.29M (Peak 11.29M) | Time:00:00.00 | Mem:0.00M, Peak:0.00M | Scene, ViewLayer | Synchronizing object | L forewing_highlight.001
Fra:16 Mem:11.29M (Peak 11.29M) | Time:00:00.00 | Mem:0.00M, Peak:0.00M | Scene, ViewLayer | Synchronizing object | L hindwing_border
Fra:16 Mem:11.30M (Peak 11.30M) | Time:00:00.00 | Mem:0.00M, Peak:0.00M | Scene, ViewLayer | Synchronizing object | L hindwing_cyan
Fra:16 Mem:11.30M (Peak 11.30M) | Time:00:00.00 | Mem:0.00M, Peak:0.00M | Scene, ViewLayer | Synchronizing object | L hindwing_highlight.001
Fra:16 Mem:11.30M (Peak 11.30M) | Time:00:00.00 | Mem:0.00M, Peak:0.00M | Scene, ViewLayer | Synchronizing object | L hindwing_blue
Fra:16 Mem:11.30M (Peak 11.30M) | Time:00:00.00 | Mem:0.00M, Peak:0.00M | Scene, ViewLayer | Synchronizing object | L hindwing_blue.001
Fra:16 Mem:11.30M (Peak 11.30M) | Time:00:00.00 | Mem:0.00M, Peak:0.00M | Scene, ViewLayer | Synchronizing object | L hindwing_highlight
Fra:16 Mem:11.30M (Peak 11.30M) | Time:00:00.00 | Mem:0.00M, Peak:0.00M | Scene, ViewLayer | Initializing
Fra:16 Mem:9.87M (Peak 11.30M) | Time:00:00.00 | Mem:0.00M, Peak:0.00M | Scene, ViewLayer | Waiting for render to start
Fra:16 Mem:9.87M (Peak 11.30M) | Time:00:00.00 | Mem:0.00M, Peak:0.00M | Scene, ViewLayer | Updating Scene
Fra:16 Mem:9.87M (Peak 11.30M) | Time:00:00.00 | Mem:0.00M, Peak:0.00M | Scene, ViewLayer | Updating Shaders
Fra:16 Mem:9.87M (Peak 11.30M) | Time:00:00.00 | Mem:0.00M, Peak:0.00M | Scene, ViewLayer | Loading render kernels (may take a few minutes the first time)
Fra:16 Mem:9.96M (Peak 11.30M) | Time:00:00.00 | Mem:0.00M, Peak:0.00M | Scene, ViewLayer | Updating Procedurals
Fra:16 Mem:9.96M (Peak 11.30M) | Time:00:00.00 | Mem:0.00M, Peak:0.00M | Scene, ViewLayer | Updating Background
Fra:16 Mem:9.96M (Peak 11.30M) | Time:00:00.00 | Mem:0.00M, Peak:0.00M | Scene, ViewLayer | Updating Camera
Fra:16 Mem:9.96M (Peak 11.30M) | Time:00:00.00 | Mem:0.00M, Peak:0.00M | Scene, ViewLayer | Updating Meshes Flags
Fra:16 Mem:9.96M (Peak 11.30M) | Time:00:00.00 | Mem:0.00M, Peak:0.00M | Scene, ViewLayer | Updating Objects
Fra:16 Mem:9.96M (Peak 11.30M) | Time:00:00.00 | Mem:0.00M, Peak:0.00M | Scene, ViewLayer | Updating Objects | Copying Transformations to device
Fra:16 Mem:9.96M (Peak 11.30M) | Time:00:00.00 | Mem:0.01M, Peak:0.01M | Scene, ViewLayer | Updating Particle Systems
Fra:16 Mem:9.96M (Peak 11.30M) | Time:00:00.00 | Mem:0.01M, Peak:0.01M | Scene, ViewLayer | Updating Particle Systems | Copying Particles to device
Fra:16 Mem:9.96M (Peak 11.30M) | Time:00:00.00 | Mem:0.01M, Peak:0.01M | Scene, ViewLayer | Updating Meshes
Fra:16 Mem:9.96M (Peak 11.30M) | Time:00:00.00 | Mem:0.01M, Peak:0.01M | Scene, ViewLayer | Updating Objects | Applying Static Transformations
Fra:16 Mem:9.96M (Peak 11.30M) | Time:00:00.00 | Mem:0.01M, Peak:0.01M | Scene, ViewLayer | Updating Mesh | Computing attributes
Fra:16 Mem:9.97M (Peak 11.30M) | Time:00:00.00 | Mem:0.01M, Peak:0.01M | Scene, ViewLayer | Updating Mesh | Copying Attributes to device
Fra:16 Mem:9.97M (Peak 11.30M) | Time:00:00.00 | Mem:0.02M, Peak:0.02M | Scene, ViewLayer | Updating Scene BVH | Building
Fra:16 Mem:9.97M (Peak 11.30M) | Time:00:00.00 | Mem:0.02M, Peak:0.02M | Scene, ViewLayer | Updating Scene BVH | Building BVH
Fra:16 Mem:9.97M (Peak 11.30M) | Time:00:00.00 | Mem:0.04M, Peak:0.04M | Scene, ViewLayer | Updating Scene BVH | Copying BVH to device
Fra:16 Mem:9.97M (Peak 11.30M) | Time:00:00.00 | Mem:0.04M, Peak:0.04M | Scene, ViewLayer | Updating Mesh | Computing normals
Fra:16 Mem:9.98M (Peak 11.30M) | Time:00:00.00 | Mem:0.04M, Peak:0.04M | Scene, ViewLayer | Updating Mesh | Copying Mesh to device
Fra:16 Mem:9.98M (Peak 11.30M) | Time:00:00.00 | Mem:0.05M, Peak:0.05M | Scene, ViewLayer | Updating Objects Flags
Fra:16 Mem:9.98M (Peak 11.30M) | Time:00:00.00 | Mem:0.05M, Peak:0.05M | Scene, ViewLayer | Updating Primitive Offsets
Fra:16 Mem:9.98M (Peak 11.30M) | Time:00:00.00 | Mem:0.05M, Peak:0.05M | Scene, ViewLayer | Updating Images
Fra:16 Mem:9.98M (Peak 11.30M) | Time:00:00.00 | Mem:0.05M, Peak:0.05M | Scene, ViewLayer | Updating Camera Volume
Fra:16 Mem:9.98M (Peak 11.30M) | Time:00:00.00 | Mem:0.05M, Peak:0.05M | Scene, ViewLayer | Updating Lookup Tables
Fra:16 Mem:9.98M (Peak 11.30M) | Time:00:00.00 | Mem:0.13M, Peak:0.13M | Scene, ViewLayer | Updating Lights
Fra:16 Mem:9.98M (Peak 11.30M) | Time:00:00.00 | Mem:0.13M, Peak:0.13M | Scene, ViewLayer | Updating Lights | Computing tree
Fra:16 Mem:9.99M (Peak 11.30M) | Time:00:00.00 | Mem:0.14M, Peak:0.14M | Scene, ViewLayer | Updating Integrator
Fra:16 Mem:9.99M (Peak 11.30M) | Time:00:00.00 | Mem:0.14M, Peak:0.14M | Scene, ViewLayer | Updating Film
Fra:16 Mem:10.00M (Peak 11.30M) | Time:00:00.00 | Mem:0.06M, Peak:0.14M | Scene, ViewLayer | Updating Lookup Tables
Fra:16 Mem:10.00M (Peak 11.30M) | Time:00:00.00 | Mem:0.15M, Peak:0.15M | Scene, ViewLayer | Updating Baking
Fra:16 Mem:10.00M (Peak 11.30M) | Time:00:00.00 | Mem:0.15M, Peak:0.15M | Scene, ViewLayer | Updating Device | Writing constant memory
Fra:16 Mem:10.00M (Peak 11.30M) | Time:00:00.00 | Mem:0.15M, Peak:0.15M | Scene, ViewLayer | Sample 0/8
Fra:16 Mem:12.29M (Peak 12.29M) | Time:00:00.00 | Remaining:00:00.03 | Mem:2.40M, Peak:2.40M | Scene, ViewLayer | Sample 1/8
Fra:16 Mem:13.29M (Peak 15.29M) | Time:00:00.04 | Mem:2.40M, Peak:2.40M | Scene, ViewLayer | Sample 8/8
Fra:16 Mem:13.29M (Peak 15.29M) | Time:00:00.04 | Mem:2.40M, Peak:2.40M | Scene, ViewLayer | Finished
Saved: '/home/terence/Documents/Codex/2026-09-06/realtime-voice-chat-3/outputs/butterfly-method-comparison/blender/turntable-frames/turntable_024.png'
Time: 00:00.04 (Saving: 00:00.00)

Fra:17 Mem:11.27M (Peak 11.27M) | Time:00:00.00 | Mem:0.00M, Peak:0.00M | Scene, ViewLayer | Synchronizing object | R forewing_border
Fra:17 Mem:11.28M (Peak 11.28M) | Time:00:00.00 | Mem:0.00M, Peak:0.00M | Scene, ViewLayer | Synchronizing object | R forewing_blue
Fra:17 Mem:11.28M (Peak 11.28M) | Time:00:00.00 | Mem:0.00M, Peak:0.00M | Scene, ViewLayer | Synchronizing object | R forewing_highlight
Fra:17 Mem:11.28M (Peak 11.28M) | Time:00:00.00 | Mem:0.00M, Peak:0.00M | Scene, ViewLayer | Synchronizing object | R forewing_blue.001
Fra:17 Mem:11.28M (Peak 11.28M) | Time:00:00.00 | Mem:0.00M, Peak:0.00M | Scene, ViewLayer | Synchronizing object | R forewing_cyan.001
Fra:17 Mem:11.28M (Peak 11.28M) | Time:00:00.00 | Mem:0.00M, Peak:0.00M | Scene, ViewLayer | Synchronizing object | Antenna.001
Fra:17 Mem:11.28M (Peak 11.28M) | Time:00:00.00 | Mem:0.00M, Peak:0.00M | Scene, ViewLayer | Synchronizing object | R hindwing_cyan
Fra:17 Mem:11.29M (Peak 11.29M) | Time:00:00.00 | Mem:0.00M, Peak:0.00M | Scene, ViewLayer | Synchronizing object | Antenna
Fra:17 Mem:11.29M (Peak 11.29M) | Time:00:00.00 | Mem:0.00M, Peak:0.00M | Scene, ViewLayer | Synchronizing object | R hindwing_blue
Fra:17 Mem:11.29M (Peak 11.29M) | Time:00:00.00 | Mem:0.00M, Peak:0.00M | Scene, ViewLayer | Synchronizing object | Head
Fra:17 Mem:11.29M (Peak 11.29M) | Time:00:00.00 | Mem:0.00M, Peak:0.00M | Scene, ViewLayer | Synchronizing object | R hindwing_cyan.001
Fra:17 Mem:11.29M (Peak 11.29M) | Time:00:00.00 | Mem:0.00M, Peak:0.00M | Scene, ViewLayer | Synchronizing object | Thorax
Fra:17 Mem:11.29M (Peak 11.29M) | Time:00:00.00 | Mem:0.00M, Peak:0.00M | Scene, ViewLayer | Synchronizing object | R hindwing_highlight.001
Fra:17 Mem:11.29M (Peak 11.29M) | Time:00:00.00 | Mem:0.00M, Peak:0.00M | Scene, ViewLayer | Synchronizing object | Abdomen
Fra:17 Mem:11.29M (Peak 11.29M) | Time:00:00.00 | Mem:0.00M, Peak:0.00M | Scene, ViewLayer | Synchronizing object | L hindwing_highlight.001
Fra:17 Mem:11.29M (Peak 11.29M) | Time:00:00.00 | Mem:0.00M, Peak:0.00M | Scene, ViewLayer | Synchronizing object | L forewing_cyan
Fra:17 Mem:11.29M (Peak 11.29M) | Time:00:00.00 | Mem:0.00M, Peak:0.00M | Scene, ViewLayer | Synchronizing object | L forewing_highlight
Fra:17 Mem:11.30M (Peak 11.30M) | Time:00:00.00 | Mem:0.00M, Peak:0.00M | Scene, ViewLayer | Synchronizing object | L forewing_cyan.001
Fra:17 Mem:11.30M (Peak 11.30M) | Time:00:00.00 | Mem:0.00M, Peak:0.00M | Scene, ViewLayer | Synchronizing object | L hindwing_highlight
Fra:17 Mem:11.30M (Peak 11.30M) | Time:00:00.00 | Mem:0.00M, Peak:0.00M | Scene, ViewLayer | Synchronizing object | L hindwing_border
Fra:17 Mem:11.30M (Peak 11.30M) | Time:00:00.00 | Mem:0.00M, Peak:0.00M | Scene, ViewLayer | Synchronizing object | L hindwing_cyan
Fra:17 Mem:11.30M (Peak 11.30M) | Time:00:00.00 | Mem:0.00M, Peak:0.00M | Scene, ViewLayer | Synchronizing object | L hindwing_blue
Fra:17 Mem:11.30M (Peak 11.30M) | Time:00:00.00 | Mem:0.00M, Peak:0.00M | Scene, ViewLayer | Initializing
Fra:17 Mem:9.87M (Peak 11.30M) | Time:00:00.00 | Mem:0.00M, Peak:0.00M | Scene, ViewLayer | Waiting for render to start
Fra:17 Mem:9.87M (Peak 11.30M) | Time:00:00.00 | Mem:0.00M, Peak:0.00M | Scene, ViewLayer | Updating Scene
Fra:17 Mem:9.87M (Peak 11.30M) | Time:00:00.00 | Mem:0.00M, Peak:0.00M | Scene, ViewLayer | Updating Shaders
Fra:17 Mem:9.87M (Peak 11.30M) | Time:00:00.00 | Mem:0.00M, Peak:0.00M | Scene, ViewLayer | Loading render kernels (may take a few minutes the first time)
Fra:17 Mem:9.96M (Peak 11.30M) | Time:00:00.00 | Mem:0.00M, Peak:0.00M | Scene, ViewLayer | Updating Procedurals
Fra:17 Mem:9.96M (Peak 11.30M) | Time:00:00.00 | Mem:0.00M, Peak:0.00M | Scene, ViewLayer | Updating Background
Fra:17 Mem:9.96M (Peak 11.30M) | Time:00:00.00 | Mem:0.00M, Peak:0.00M | Scene, ViewLayer | Updating Camera
Fra:17 Mem:9.96M (Peak 11.30M) | Time:00:00.00 | Mem:0.00M, Peak:0.00M | Scene, ViewLayer | Updating Meshes Flags
Fra:17 Mem:9.96M (Peak 11.30M) | Time:00:00.00 | Mem:0.00M, Peak:0.00M | Scene, ViewLayer | Updating Objects
Fra:17 Mem:9.96M (Peak 11.30M) | Time:00:00.00 | Mem:0.00M, Peak:0.00M | Scene, ViewLayer | Updating Objects | Copying Transformations to device
Fra:17 Mem:9.96M (Peak 11.30M) | Time:00:00.00 | Mem:0.01M, Peak:0.01M | Scene, ViewLayer | Updating Particle Systems
Fra:17 Mem:9.96M (Peak 11.30M) | Time:00:00.00 | Mem:0.01M, Peak:0.01M | Scene, ViewLayer | Updating Particle Systems | Copying Particles to device
Fra:17 Mem:9.96M (Peak 11.30M) | Time:00:00.00 | Mem:0.01M, Peak:0.01M | Scene, ViewLayer | Updating Meshes
Fra:17 Mem:9.96M (Peak 11.30M) | Time:00:00.00 | Mem:0.01M, Peak:0.01M | Scene, ViewLayer | Updating Objects | Applying Static Transformations
Fra:17 Mem:9.96M (Peak 11.30M) | Time:00:00.00 | Mem:0.01M, Peak:0.01M | Scene, ViewLayer | Updating Mesh | Computing attributes
Fra:17 Mem:9.97M (Peak 11.30M) | Time:00:00.00 | Mem:0.01M, Peak:0.01M | Scene, ViewLayer | Updating Mesh | Copying Attributes to device
Fra:17 Mem:9.97M (Peak 11.30M) | Time:00:00.00 | Mem:0.02M, Peak:0.02M | Scene, ViewLayer | Updating Scene BVH | Building
Fra:17 Mem:9.97M (Peak 11.30M) | Time:00:00.00 | Mem:0.02M, Peak:0.02M | Scene, ViewLayer | Updating Scene BVH | Building BVH
Fra:17 Mem:9.97M (Peak 11.30M) | Time:00:00.00 | Mem:0.04M, Peak:0.04M | Scene, ViewLayer | Updating Scene BVH | Copying BVH to device
Fra:17 Mem:9.97M (Peak 11.30M) | Time:00:00.00 | Mem:0.04M, Peak:0.04M | Scene, ViewLayer | Updating Mesh | Computing normals
Fra:17 Mem:9.98M (Peak 11.30M) | Time:00:00.00 | Mem:0.04M, Peak:0.04M | Scene, ViewLayer | Updating Mesh | Copying Mesh to device
Fra:17 Mem:9.98M (Peak 11.30M) | Time:00:00.00 | Mem:0.05M, Peak:0.05M | Scene, ViewLayer | Updating Objects Flags
Fra:17 Mem:9.98M (Peak 11.30M) | Time:00:00.00 | Mem:0.05M, Peak:0.05M | Scene, ViewLayer | Updating Primitive Offsets
Fra:17 Mem:9.98M (Peak 11.30M) | Time:00:00.00 | Mem:0.05M, Peak:0.05M | Scene, ViewLayer | Updating Images
Fra:17 Mem:9.98M (Peak 11.30M) | Time:00:00.00 | Mem:0.05M, Peak:0.05M | Scene, ViewLayer | Updating Camera Volume
Fra:17 Mem:9.98M (Peak 11.30M) | Time:00:00.00 | Mem:0.05M, Peak:0.05M | Scene, ViewLayer | Updating Lookup Tables
Fra:17 Mem:9.98M (Peak 11.30M) | Time:00:00.00 | Mem:0.13M, Peak:0.13M | Scene, ViewLayer | Updating Lights
Fra:17 Mem:9.98M (Peak 11.30M) | Time:00:00.00 | Mem:0.13M, Peak:0.13M | Scene, ViewLayer | Updating Lights | Computing tree
Fra:17 Mem:9.99M (Peak 11.30M) | Time:00:00.00 | Mem:0.14M, Peak:0.14M | Scene, ViewLayer | Updating Integrator
Fra:17 Mem:9.99M (Peak 11.30M) | Time:00:00.00 | Mem:0.14M, Peak:0.14M | Scene, ViewLayer | Updating Film
Fra:17 Mem:10.00M (Peak 11.30M) | Time:00:00.00 | Mem:0.06M, Peak:0.14M | Scene, ViewLayer | Updating Lookup Tables
Fra:17 Mem:10.00M (Peak 11.30M) | Time:00:00.00 | Mem:0.15M, Peak:0.15M | Scene, ViewLayer | Updating Baking
Fra:17 Mem:10.00M (Peak 11.30M) | Time:00:00.00 | Mem:0.15M, Peak:0.15M | Scene, ViewLayer | Updating Device | Writing constant memory
Fra:17 Mem:10.00M (Peak 11.30M) | Time:00:00.00 | Mem:0.15M, Peak:0.15M | Scene, ViewLayer | Sample 0/8
Fra:17 Mem:12.29M (Peak 12.29M) | Time:00:00.00 | Remaining:00:00.02 | Mem:2.40M, Peak:2.40M | Scene, ViewLayer | Sample 1/8
Fra:17 Mem:13.29M (Peak 15.29M) | Time:00:00.04 | Mem:2.40M, Peak:2.40M | Scene, ViewLayer | Sample 8/8
Fra:17 Mem:13.29M (Peak 15.29M) | Time:00:00.04 | Mem:2.40M, Peak:2.40M | Scene, ViewLayer | Finished
Saved: '/home/terence/Documents/Codex/2026-09-06/realtime-voice-chat-3/outputs/butterfly-method-comparison/blender/turntable-frames/turntable_025.png'
Time: 00:00.04 (Saving: 00:00.00)

Fra:19 Mem:11.27M (Peak 11.27M) | Time:00:00.00 | Mem:0.00M, Peak:0.00M | Scene, ViewLayer | Synchronizing object | R forewing_border
Fra:19 Mem:11.28M (Peak 11.28M) | Time:00:00.00 | Mem:0.00M, Peak:0.00M | Scene, ViewLayer | Synchronizing object | R forewing_blue
Fra:19 Mem:11.28M (Peak 11.28M) | Time:00:00.00 | Mem:0.00M, Peak:0.00M | Scene, ViewLayer | Synchronizing object | R forewing_highlight
Fra:19 Mem:11.28M (Peak 11.28M) | Time:00:00.00 | Mem:0.00M, Peak:0.00M | Scene, ViewLayer | Synchronizing object | R forewing_cyan.001
Fra:19 Mem:11.28M (Peak 11.28M) | Time:00:00.00 | Mem:0.00M, Peak:0.00M | Scene, ViewLayer | Synchronizing object | R forewing_blue.001
Fra:19 Mem:11.28M (Peak 11.28M) | Time:00:00.00 | Mem:0.00M, Peak:0.00M | Scene, ViewLayer | Synchronizing object | R forewing_highlight.001
Fra:19 Mem:11.29M (Peak 11.29M) | Time:00:00.00 | Mem:0.00M, Peak:0.00M | Scene, ViewLayer | Synchronizing object | Antenna.001
Fra:19 Mem:11.29M (Peak 11.29M) | Time:00:00.00 | Mem:0.00M, Peak:0.00M | Scene, ViewLayer | Synchronizing object | R hindwing_blue
Fra:19 Mem:11.29M (Peak 11.29M) | Time:00:00.00 | Mem:0.00M, Peak:0.00M | Scene, ViewLayer | Synchronizing object | Antenna
Fra:19 Mem:11.29M (Peak 11.29M) | Time:00:00.00 | Mem:0.00M, Peak:0.00M | Scene, ViewLayer | Synchronizing object | R hindwing_highlight
Fra:19 Mem:11.29M (Peak 11.29M) | Time:00:00.00 | Mem:0.00M, Peak:0.00M | Scene, ViewLayer | Synchronizing object | R hindwing_cyan.001
Fra:19 Mem:11.29M (Peak 11.29M) | Time:00:00.00 | Mem:0.00M, Peak:0.00M | Scene, ViewLayer | Synchronizing object | R hindwing_highlight.001
Fra:19 Mem:11.29M (Peak 11.29M) | Time:00:00.00 | Mem:0.00M, Peak:0.00M | Scene, ViewLayer | Synchronizing object | Head
Fra:19 Mem:11.29M (Peak 11.29M) | Time:00:00.00 | Mem:0.00M, Peak:0.00M | Scene, ViewLayer | Synchronizing object | L forewing_border
Fra:19 Mem:11.29M (Peak 11.29M) | Time:00:00.00 | Mem:0.00M, Peak:0.00M | Scene, ViewLayer | Synchronizing object | Thorax
Fra:19 Mem:11.29M (Peak 11.29M) | Time:00:00.00 | Mem:0.00M, Peak:0.00M | Scene, ViewLayer | Synchronizing object | Abdomen
Fra:19 Mem:11.29M (Peak 11.29M) | Time:00:00.00 | Mem:0.00M, Peak:0.00M | Scene, ViewLayer | Synchronizing object | L forewing_cyan
Fra:19 Mem:11.29M (Peak 11.29M) | Time:00:00.00 | Mem:0.00M, Peak:0.00M | Scene, ViewLayer | Synchronizing object | L hindwing_highlight.001
Fra:19 Mem:11.29M (Peak 11.29M) | Time:00:00.00 | Mem:0.00M, Peak:0.00M | Scene, ViewLayer | Synchronizing object | L hindwing_blue.001
Fra:19 Mem:11.30M (Peak 11.30M) | Time:00:00.00 | Mem:0.00M, Peak:0.00M | Scene, ViewLayer | Synchronizing object | L forewing_blue
Fra:19 Mem:11.30M (Peak 11.30M) | Time:00:00.00 | Mem:0.00M, Peak:0.00M | Scene, ViewLayer | Synchronizing object | L forewing_highlight
Fra:19 Mem:11.30M (Peak 11.30M) | Time:00:00.00 | Mem:0.00M, Peak:0.00M | Scene, ViewLayer | Synchronizing object | L forewing_cyan.001
Fra:19 Mem:11.30M (Peak 11.30M) | Time:00:00.00 | Mem:0.00M, Peak:0.00M | Scene, ViewLayer | Synchronizing object | L hindwing_highlight
Fra:19 Mem:11.30M (Peak 11.30M) | Time:00:00.00 | Mem:0.00M, Peak:0.00M | Scene, ViewLayer | Synchronizing object | L forewing_highlight.001
Fra:19 Mem:11.30M (Peak 11.30M) | Time:00:00.00 | Mem:0.00M, Peak:0.00M | Scene, ViewLayer | Synchronizing object | L hindwing_border
Fra:19 Mem:11.30M (Peak 11.30M) | Time:00:00.00 | Mem:0.00M, Peak:0.00M | Scene, ViewLayer | Synchronizing object | L hindwing_blue
Fra:19 Mem:11.30M (Peak 11.30M) | Time:00:00.00 | Mem:0.00M, Peak:0.00M | Scene, ViewLayer | Synchronizing object | L hindwing_cyan
Fra:19 Mem:11.30M (Peak 11.30M) | Time:00:00.00 | Mem:0.00M, Peak:0.00M | Scene, ViewLayer | Initializing
Fra:19 Mem:9.87M (Peak 11.30M) | Time:00:00.00 | Mem:0.00M, Peak:0.00M | Scene, ViewLayer | Waiting for render to start
Fra:19 Mem:9.87M (Peak 11.30M) | Time:00:00.00 | Mem:0.00M, Peak:0.00M | Scene, ViewLayer | Updating Scene
Fra:19 Mem:9.87M (Peak 11.30M) | Time:00:00.00 | Mem:0.00M, Peak:0.00M | Scene, ViewLayer | Updating Shaders
Fra:19 Mem:9.87M (Peak 11.30M) | Time:00:00.00 | Mem:0.00M, Peak:0.00M | Scene, ViewLayer | Loading render kernels (may take a few minutes the first time)
Fra:19 Mem:9.96M (Peak 11.30M) | Time:00:00.00 | Mem:0.00M, Peak:0.00M | Scene, ViewLayer | Updating Procedurals
Fra:19 Mem:9.96M (Peak 11.30M) | Time:00:00.00 | Mem:0.00M, Peak:0.00M | Scene, ViewLayer | Updating Background
Fra:19 Mem:9.96M (Peak 11.30M) | Time:00:00.00 | Mem:0.00M, Peak:0.00M | Scene, ViewLayer | Updating Camera
Fra:19 Mem:9.96M (Peak 11.30M) | Time:00:00.00 | Mem:0.00M, Peak:0.00M | Scene, ViewLayer | Updating Meshes Flags
Fra:19 Mem:9.96M (Peak 11.30M) | Time:00:00.00 | Mem:0.00M, Peak:0.00M | Scene, ViewLayer | Updating Objects
Fra:19 Mem:9.96M (Peak 11.30M) | Time:00:00.00 | Mem:0.00M, Peak:0.00M | Scene, ViewLayer | Updating Objects | Copying Transformations to device
Fra:19 Mem:9.96M (Peak 11.30M) | Time:00:00.00 | Mem:0.01M, Peak:0.01M | Scene, ViewLayer | Updating Particle Systems
Fra:19 Mem:9.96M (Peak 11.30M) | Time:00:00.00 | Mem:0.01M, Peak:0.01M | Scene, ViewLayer | Updating Particle Systems | Copying Particles to device
Fra:19 Mem:9.96M (Peak 11.30M) | Time:00:00.00 | Mem:0.01M, Peak:0.01M | Scene, ViewLayer | Updating Meshes
Fra:19 Mem:9.96M (Peak 11.30M) | Time:00:00.00 | Mem:0.01M, Peak:0.01M | Scene, ViewLayer | Updating Objects | Applying Static Transformations
Fra:19 Mem:9.96M (Peak 11.30M) | Time:00:00.00 | Mem:0.01M, Peak:0.01M | Scene, ViewLayer | Updating Mesh | Computing attributes
Fra:19 Mem:9.97M (Peak 11.30M) | Time:00:00.00 | Mem:0.01M, Peak:0.01M | Scene, ViewLayer | Updating Mesh | Copying Attributes to device
Fra:19 Mem:9.97M (Peak 11.30M) | Time:00:00.00 | Mem:0.02M, Peak:0.02M | Scene, ViewLayer | Updating Scene BVH | Building
Fra:19 Mem:9.97M (Peak 11.30M) | Time:00:00.00 | Mem:0.02M, Peak:0.02M | Scene, ViewLayer | Updating Scene BVH | Building BVH
Fra:19 Mem:9.97M (Peak 11.30M) | Time:00:00.00 | Mem:0.04M, Peak:0.04M | Scene, ViewLayer | Updating Scene BVH | Copying BVH to device
Fra:19 Mem:9.97M (Peak 11.30M) | Time:00:00.00 | Mem:0.04M, Peak:0.04M | Scene, ViewLayer | Updating Mesh | Computing normals
Fra:19 Mem:9.98M (Peak 11.30M) | Time:00:00.00 | Mem:0.04M, Peak:0.04M | Scene, ViewLayer | Updating Mesh | Copying Mesh to device
Fra:19 Mem:9.98M (Peak 11.30M) | Time:00:00.00 | Mem:0.05M, Peak:0.05M | Scene, ViewLayer | Updating Objects Flags
Fra:19 Mem:9.98M (Peak 11.30M) | Time:00:00.00 | Mem:0.05M, Peak:0.05M | Scene, ViewLayer | Updating Primitive Offsets
Fra:19 Mem:9.98M (Peak 11.30M) | Time:00:00.00 | Mem:0.05M, Peak:0.05M | Scene, ViewLayer | Updating Images
Fra:19 Mem:9.98M (Peak 11.30M) | Time:00:00.00 | Mem:0.05M, Peak:0.05M | Scene, ViewLayer | Updating Camera Volume
Fra:19 Mem:9.98M (Peak 11.30M) | Time:00:00.00 | Mem:0.05M, Peak:0.05M | Scene, ViewLayer | Updating Lookup Tables
Fra:19 Mem:9.98M (Peak 11.30M) | Time:00:00.00 | Mem:0.13M, Peak:0.13M | Scene, ViewLayer | Updating Lights
Fra:19 Mem:9.98M (Peak 11.30M) | Time:00:00.00 | Mem:0.13M, Peak:0.13M | Scene, ViewLayer | Updating Lights | Computing tree
Fra:19 Mem:9.99M (Peak 11.30M) | Time:00:00.00 | Mem:0.14M, Peak:0.14M | Scene, ViewLayer | Updating Integrator
Fra:19 Mem:9.99M (Peak 11.30M) | Time:00:00.00 | Mem:0.14M, Peak:0.14M | Scene, ViewLayer | Updating Film
Fra:19 Mem:10.00M (Peak 11.30M) | Time:00:00.00 | Mem:0.06M, Peak:0.14M | Scene, ViewLayer | Updating Lookup Tables
Fra:19 Mem:10.00M (Peak 11.30M) | Time:00:00.00 | Mem:0.15M, Peak:0.15M | Scene, ViewLayer | Updating Baking
Fra:19 Mem:10.00M (Peak 11.30M) | Time:00:00.00 | Mem:0.15M, Peak:0.15M | Scene, ViewLayer | Updating Device | Writing constant memory
Fra:19 Mem:10.00M (Peak 11.30M) | Time:00:00.00 | Mem:0.15M, Peak:0.15M | Scene, ViewLayer | Sample 0/8
Fra:19 Mem:12.29M (Peak 12.29M) | Time:00:00.00 | Remaining:00:00.02 | Mem:2.40M, Peak:2.40M | Scene, ViewLayer | Sample 1/8
Fra:19 Mem:13.29M (Peak 15.29M) | Time:00:00.04 | Mem:2.40M, Peak:2.40M | Scene, ViewLayer | Sample 8/8
Fra:19 Mem:13.29M (Peak 15.29M) | Time:00:00.04 | Mem:2.40M, Peak:2.40M | Scene, ViewLayer | Finished
Saved: '/home/terence/Documents/Codex/2026-09-06/realtime-voice-chat-3/outputs/butterfly-method-comparison/blender/turntable-frames/turntable_026.png'
Time: 00:00.04 (Saving: 00:00.00)

Fra:21 Mem:11.27M (Peak 11.27M) | Time:00:00.00 | Mem:0.00M, Peak:0.00M | Scene, ViewLayer | Synchronizing object | R forewing_border
Fra:21 Mem:11.28M (Peak 11.28M) | Time:00:00.00 | Mem:0.00M, Peak:0.00M | Scene, ViewLayer | Synchronizing object | R forewing_blue
Fra:21 Mem:11.28M (Peak 11.28M) | Time:00:00.00 | Mem:0.00M, Peak:0.00M | Scene, ViewLayer | Synchronizing object | R forewing_highlight
Fra:21 Mem:11.28M (Peak 11.28M) | Time:00:00.00 | Mem:0.00M, Peak:0.00M | Scene, ViewLayer | Synchronizing object | R forewing_cyan.001
Fra:21 Mem:11.28M (Peak 11.28M) | Time:00:00.00 | Mem:0.00M, Peak:0.00M | Scene, ViewLayer | Synchronizing object | Antenna.001
Fra:21 Mem:11.28M (Peak 11.28M) | Time:00:00.00 | Mem:0.00M, Peak:0.00M | Scene, ViewLayer | Synchronizing object | R hindwing_border
Fra:21 Mem:11.29M (Peak 11.29M) | Time:00:00.00 | Mem:0.00M, Peak:0.00M | Scene, ViewLayer | Synchronizing object | R hindwing_cyan
Fra:21 Mem:11.29M (Peak 11.29M) | Time:00:00.00 | Mem:0.00M, Peak:0.00M | Scene, ViewLayer | Synchronizing object | R hindwing_blue
Fra:21 Mem:11.29M (Peak 11.29M) | Time:00:00.00 | Mem:0.00M, Peak:0.00M | Scene, ViewLayer | Synchronizing object | R hindwing_highlight
Fra:21 Mem:11.29M (Peak 11.29M) | Time:00:00.00 | Mem:0.00M, Peak:0.00M | Scene, ViewLayer | Synchronizing object | R hindwing_blue.001
Fra:21 Mem:11.29M (Peak 11.29M) | Time:00:00.00 | Mem:0.00M, Peak:0.00M | Scene, ViewLayer | Synchronizing object | Thorax
Fra:21 Mem:11.29M (Peak 11.29M) | Time:00:00.00 | Mem:0.00M, Peak:0.00M | Scene, ViewLayer | Synchronizing object | R hindwing_highlight.001
Fra:21 Mem:11.29M (Peak 11.29M) | Time:00:00.00 | Mem:0.00M, Peak:0.00M | Scene, ViewLayer | Synchronizing object | L forewing_cyan
Fra:21 Mem:11.29M (Peak 11.29M) | Time:00:00.00 | Mem:0.00M, Peak:0.00M | Scene, ViewLayer | Synchronizing object | L forewing_blue
Fra:21 Mem:11.29M (Peak 11.29M) | Time:00:00.00 | Mem:0.00M, Peak:0.00M | Scene, ViewLayer | Synchronizing object | L forewing_highlight
Fra:21 Mem:11.29M (Peak 11.29M) | Time:00:00.00 | Mem:0.00M, Peak:0.00M | Scene, ViewLayer | Synchronizing object | L forewing_blue.001
Fra:21 Mem:11.29M (Peak 11.29M) | Time:00:00.00 | Mem:0.00M, Peak:0.00M | Scene, ViewLayer | Synchronizing object | L forewing_highlight.001
Fra:21 Mem:11.29M (Peak 11.29M) | Time:00:00.00 | Mem:0.00M, Peak:0.00M | Scene, ViewLayer | Synchronizing object | L hindwing_border
Fra:21 Mem:11.30M (Peak 11.30M) | Time:00:00.00 | Mem:0.00M, Peak:0.00M | Scene, ViewLayer | Synchronizing object | L hindwing_cyan
Fra:21 Mem:11.30M (Peak 11.30M) | Time:00:00.00 | Mem:0.00M, Peak:0.00M | Scene, ViewLayer | Synchronizing object | L hindwing_blue
Fra:21 Mem:11.30M (Peak 11.30M) | Time:00:00.00 | Mem:0.00M, Peak:0.00M | Scene, ViewLayer | Synchronizing object | L hindwing_highlight
Fra:21 Mem:11.30M (Peak 11.30M) | Time:00:00.00 | Mem:0.00M, Peak:0.00M | Scene, ViewLayer | Synchronizing object | L hindwing_cyan.001
Fra:21 Mem:11.30M (Peak 11.30M) | Time:00:00.00 | Mem:0.00M, Peak:0.00M | Scene, ViewLayer | Initializing
Fra:21 Mem:9.87M (Peak 11.30M) | Time:00:00.00 | Mem:0.00M, Peak:0.00M | Scene, ViewLayer | Waiting for render to start
Fra:21 Mem:9.87M (Peak 11.30M) | Time:00:00.00 | Mem:0.00M, Peak:0.00M | Scene, ViewLayer | Updating Scene
Fra:21 Mem:9.87M (Peak 11.30M) | Time:00:00.00 | Mem:0.00M, Peak:0.00M | Scene, ViewLayer | Updating Shaders
Fra:21 Mem:9.87M (Peak 11.30M) | Time:00:00.00 | Mem:0.00M, Peak:0.00M | Scene, ViewLayer | Loading render kernels (may take a few minutes the first time)
Fra:21 Mem:9.96M (Peak 11.30M) | Time:00:00.00 | Mem:0.00M, Peak:0.00M | Scene, ViewLayer | Updating Procedurals
Fra:21 Mem:9.96M (Peak 11.30M) | Time:00:00.00 | Mem:0.00M, Peak:0.00M | Scene, ViewLayer | Updating Background
Fra:21 Mem:9.96M (Peak 11.30M) | Time:00:00.00 | Mem:0.00M, Peak:0.00M | Scene, ViewLayer | Updating Camera
Fra:21 Mem:9.96M (Peak 11.30M) | Time:00:00.00 | Mem:0.00M, Peak:0.00M | Scene, ViewLayer | Updating Meshes Flags
Fra:21 Mem:9.96M (Peak 11.30M) | Time:00:00.00 | Mem:0.00M, Peak:0.00M | Scene, ViewLayer | Updating Objects
Fra:21 Mem:9.96M (Peak 11.30M) | Time:00:00.00 | Mem:0.00M, Peak:0.00M | Scene, ViewLayer | Updating Objects | Copying Transformations to device
Fra:21 Mem:9.96M (Peak 11.30M) | Time:00:00.00 | Mem:0.01M, Peak:0.01M | Scene, ViewLayer | Updating Particle Systems
Fra:21 Mem:9.96M (Peak 11.30M) | Time:00:00.00 | Mem:0.01M, Peak:0.01M | Scene, ViewLayer | Updating Particle Systems | Copying Particles to device
Fra:21 Mem:9.96M (Peak 11.30M) | Time:00:00.00 | Mem:0.01M, Peak:0.01M | Scene, ViewLayer | Updating Meshes
Fra:21 Mem:9.96M (Peak 11.30M) | Time:00:00.00 | Mem:0.01M, Peak:0.01M | Scene, ViewLayer | Updating Objects | Applying Static Transformations
Fra:21 Mem:9.96M (Peak 11.30M) | Time:00:00.00 | Mem:0.01M, Peak:0.01M | Scene, ViewLayer | Updating Mesh | Computing attributes
Fra:21 Mem:9.97M (Peak 11.30M) | Time:00:00.00 | Mem:0.01M, Peak:0.01M | Scene, ViewLayer | Updating Mesh | Copying Attributes to device
Fra:21 Mem:9.97M (Peak 11.30M) | Time:00:00.00 | Mem:0.02M, Peak:0.02M | Scene, ViewLayer | Updating Scene BVH | Building
Fra:21 Mem:9.97M (Peak 11.30M) | Time:00:00.00 | Mem:0.02M, Peak:0.02M | Scene, ViewLayer | Updating Scene BVH | Building BVH
Fra:21 Mem:9.97M (Peak 11.30M) | Time:00:00.00 | Mem:0.02M, Peak:0.02M | Scene, ViewLayer | Updating Scene BVH | Building BVH 0%
Fra:21 Mem:9.97M (Peak 11.30M) | Time:00:00.00 | Mem:0.04M, Peak:0.04M | Scene, ViewLayer | Updating Scene BVH | Copying BVH to device
Fra:21 Mem:9.97M (Peak 11.30M) | Time:00:00.00 | Mem:0.04M, Peak:0.04M | Scene, ViewLayer | Updating Mesh | Computing normals
Fra:21 Mem:9.98M (Peak 11.30M) | Time:00:00.00 | Mem:0.04M, Peak:0.04M | Scene, ViewLayer | Updating Mesh | Copying Mesh to device
Fra:21 Mem:9.98M (Peak 11.30M) | Time:00:00.00 | Mem:0.05M, Peak:0.05M | Scene, ViewLayer | Updating Objects Flags
Fra:21 Mem:9.98M (Peak 11.30M) | Time:00:00.00 | Mem:0.05M, Peak:0.05M | Scene, ViewLayer | Updating Primitive Offsets
Fra:21 Mem:9.98M (Peak 11.30M) | Time:00:00.00 | Mem:0.05M, Peak:0.05M | Scene, ViewLayer | Updating Images
Fra:21 Mem:9.98M (Peak 11.30M) | Time:00:00.00 | Mem:0.05M, Peak:0.05M | Scene, ViewLayer | Updating Camera Volume
Fra:21 Mem:9.98M (Peak 11.30M) | Time:00:00.00 | Mem:0.05M, Peak:0.05M | Scene, ViewLayer | Updating Lookup Tables
Fra:21 Mem:9.98M (Peak 11.30M) | Time:00:00.00 | Mem:0.13M, Peak:0.13M | Scene, ViewLayer | Updating Lights
Fra:21 Mem:9.98M (Peak 11.30M) | Time:00:00.00 | Mem:0.13M, Peak:0.13M | Scene, ViewLayer | Updating Lights | Computing tree
Fra:21 Mem:9.99M (Peak 11.30M) | Time:00:00.00 | Mem:0.14M, Peak:0.14M | Scene, ViewLayer | Updating Integrator
Fra:21 Mem:9.99M (Peak 11.30M) | Time:00:00.00 | Mem:0.14M, Peak:0.14M | Scene, ViewLayer | Updating Film
Fra:21 Mem:10.00M (Peak 11.30M) | Time:00:00.00 | Mem:0.06M, Peak:0.14M | Scene, ViewLayer | Updating Lookup Tables
Fra:21 Mem:10.00M (Peak 11.30M) | Time:00:00.00 | Mem:0.15M, Peak:0.15M | Scene, ViewLayer | Updating Baking
Fra:21 Mem:10.00M (Peak 11.30M) | Time:00:00.00 | Mem:0.15M, Peak:0.15M | Scene, ViewLayer | Updating Device | Writing constant memory
Fra:21 Mem:10.00M (Peak 11.30M) | Time:00:00.00 | Mem:0.15M, Peak:0.15M | Scene, ViewLayer | Sample 0/8
Fra:21 Mem:12.29M (Peak 12.29M) | Time:00:00.00 | Remaining:00:00.02 | Mem:2.40M, Peak:2.40M | Scene, ViewLayer | Sample 1/8
Fra:21 Mem:13.29M (Peak 15.29M) | Time:00:00.04 | Mem:2.40M, Peak:2.40M | Scene, ViewLayer | Sample 8/8
Fra:21 Mem:13.29M (Peak 15.29M) | Time:00:00.04 | Mem:2.40M, Peak:2.40M | Scene, ViewLayer | Finished
Saved: '/home/terence/Documents/Codex/2026-09-06/realtime-voice-chat-3/outputs/butterfly-method-comparison/blender/turntable-frames/turntable_027.png'
Time: 00:00.04 (Saving: 00:00.00)

Fra:22 Mem:11.27M (Peak 11.27M) | Time:00:00.00 | Mem:0.00M, Peak:0.00M | Scene, ViewLayer | Synchronizing object | R forewing_border
Fra:22 Mem:11.28M (Peak 11.28M) | Time:00:00.00 | Mem:0.00M, Peak:0.00M | Scene, ViewLayer | Synchronizing object | R forewing_blue
Fra:22 Mem:11.28M (Peak 11.28M) | Time:00:00.00 | Mem:0.00M, Peak:0.00M | Scene, ViewLayer | Synchronizing object | R forewing_highlight
Fra:22 Mem:11.28M (Peak 11.28M) | Time:00:00.00 | Mem:0.00M, Peak:0.00M | Scene, ViewLayer | Synchronizing object | R forewing_cyan.001
Fra:22 Mem:11.28M (Peak 11.28M) | Time:00:00.00 | Mem:0.00M, Peak:0.00M | Scene, ViewLayer | Synchronizing object | R forewing_blue.001
Fra:22 Mem:11.28M (Peak 11.28M) | Time:00:00.00 | Mem:0.00M, Peak:0.00M | Scene, ViewLayer | Synchronizing object | R hindwing_border
Fra:22 Mem:11.28M (Peak 11.28M) | Time:00:00.00 | Mem:0.00M, Peak:0.00M | Scene, ViewLayer | Synchronizing object | R hindwing_cyan
Fra:22 Mem:11.29M (Peak 11.29M) | Time:00:00.00 | Mem:0.00M, Peak:0.00M | Scene, ViewLayer | Synchronizing object | R hindwing_highlight
Fra:22 Mem:11.29M (Peak 11.29M) | Time:00:00.00 | Mem:0.00M, Peak:0.00M | Scene, ViewLayer | Synchronizing object | R hindwing_cyan.001
Fra:22 Mem:11.29M (Peak 11.29M) | Time:00:00.00 | Mem:0.00M, Peak:0.00M | Scene, ViewLayer | Synchronizing object | R hindwing_highlight.001
Fra:22 Mem:11.29M (Peak 11.29M) | Time:00:00.00 | Mem:0.00M, Peak:0.00M | Scene, ViewLayer | Synchronizing object | L forewing_border
Fra:22 Mem:11.29M (Peak 11.29M) | Time:00:00.00 | Mem:0.00M, Peak:0.00M | Scene, ViewLayer | Synchronizing object | L forewing_cyan
Fra:22 Mem:11.29M (Peak 11.29M) | Time:00:00.00 | Mem:0.00M, Peak:0.00M | Scene, ViewLayer | Synchronizing object | L forewing_highlight
Fra:22 Mem:11.29M (Peak 11.29M) | Time:00:00.00 | Mem:0.00M, Peak:0.00M | Scene, ViewLayer | Synchronizing object | Head
Fra:22 Mem:11.29M (Peak 11.29M) | Time:00:00.00 | Mem:0.00M, Peak:0.00M | Scene, ViewLayer | Synchronizing object | L forewing_cyan.001
Fra:22 Mem:11.29M (Peak 11.29M) | Time:00:00.00 | Mem:0.00M, Peak:0.00M | Scene, ViewLayer | Synchronizing object | Thorax
Fra:22 Mem:11.29M (Peak 11.29M) | Time:00:00.00 | Mem:0.00M, Peak:0.00M | Scene, ViewLayer | Synchronizing object | L forewing_highlight.001
Fra:22 Mem:11.29M (Peak 11.29M) | Time:00:00.00 | Mem:0.00M, Peak:0.00M | Scene, ViewLayer | Synchronizing object | L hindwing_border
Fra:22 Mem:11.29M (Peak 11.29M) | Time:00:00.00 | Mem:0.00M, Peak:0.00M | Scene, ViewLayer | Synchronizing object | L hindwing_cyan
Fra:22 Mem:11.30M (Peak 11.30M) | Time:00:00.00 | Mem:0.00M, Peak:0.00M | Scene, ViewLayer | Synchronizing object | L hindwing_blue
Fra:22 Mem:11.30M (Peak 11.30M) | Time:00:00.00 | Mem:0.00M, Peak:0.00M | Scene, ViewLayer | Synchronizing object | L hindwing_highlight
Fra:22 Mem:11.30M (Peak 11.30M) | Time:00:00.00 | Mem:0.00M, Peak:0.00M | Scene, ViewLayer | Synchronizing object | L hindwing_cyan.001
Fra:22 Mem:11.30M (Peak 11.30M) | Time:00:00.00 | Mem:0.00M, Peak:0.00M | Scene, ViewLayer | Synchronizing object | L hindwing_highlight.001
Fra:22 Mem:11.30M (Peak 11.30M) | Time:00:00.00 | Mem:0.00M, Peak:0.00M | Scene, ViewLayer | Synchronizing object | L hindwing_blue.001
Fra:22 Mem:11.30M (Peak 11.30M) | Time:00:00.00 | Mem:0.00M, Peak:0.00M | Scene, ViewLayer | Initializing
Fra:22 Mem:9.87M (Peak 11.30M) | Time:00:00.00 | Mem:0.00M, Peak:0.00M | Scene, ViewLayer | Waiting for render to start
Fra:22 Mem:9.87M (Peak 11.30M) | Time:00:00.00 | Mem:0.00M, Peak:0.00M | Scene, ViewLayer | Updating Scene
Fra:22 Mem:9.87M (Peak 11.30M) | Time:00:00.00 | Mem:0.00M, Peak:0.00M | Scene, ViewLayer | Updating Shaders
Fra:22 Mem:9.87M (Peak 11.30M) | Time:00:00.00 | Mem:0.00M, Peak:0.00M | Scene, ViewLayer | Loading render kernels (may take a few minutes the first time)
Fra:22 Mem:9.96M (Peak 11.30M) | Time:00:00.00 | Mem:0.00M, Peak:0.00M | Scene, ViewLayer | Updating Procedurals
Fra:22 Mem:9.96M (Peak 11.30M) | Time:00:00.00 | Mem:0.00M, Peak:0.00M | Scene, ViewLayer | Updating Background
Fra:22 Mem:9.96M (Peak 11.30M) | Time:00:00.00 | Mem:0.00M, Peak:0.00M | Scene, ViewLayer | Updating Camera
Fra:22 Mem:9.96M (Peak 11.30M) | Time:00:00.00 | Mem:0.00M, Peak:0.00M | Scene, ViewLayer | Updating Meshes Flags
Fra:22 Mem:9.96M (Peak 11.30M) | Time:00:00.00 | Mem:0.00M, Peak:0.00M | Scene, ViewLayer | Updating Objects
Fra:22 Mem:9.96M (Peak 11.30M) | Time:00:00.00 | Mem:0.00M, Peak:0.00M | Scene, ViewLayer | Updating Objects | Copying Transformations to device
Fra:22 Mem:9.96M (Peak 11.30M) | Time:00:00.00 | Mem:0.01M, Peak:0.01M | Scene, ViewLayer | Updating Particle Systems
Fra:22 Mem:9.96M (Peak 11.30M) | Time:00:00.00 | Mem:0.01M, Peak:0.01M | Scene, ViewLayer | Updating Particle Systems | Copying Particles to device
Fra:22 Mem:9.96M (Peak 11.30M) | Time:00:00.00 | Mem:0.01M, Peak:0.01M | Scene, ViewLayer | Updating Meshes
Fra:22 Mem:9.96M (Peak 11.30M) | Time:00:00.00 | Mem:0.01M, Peak:0.01M | Scene, ViewLayer | Updating Objects | Applying Static Transformations
Fra:22 Mem:9.96M (Peak 11.30M) | Time:00:00.00 | Mem:0.01M, Peak:0.01M | Scene, ViewLayer | Updating Mesh | Computing attributes
Fra:22 Mem:9.97M (Peak 11.30M) | Time:00:00.00 | Mem:0.01M, Peak:0.01M | Scene, ViewLayer | Updating Mesh | Copying Attributes to device
Fra:22 Mem:9.97M (Peak 11.30M) | Time:00:00.00 | Mem:0.02M, Peak:0.02M | Scene, ViewLayer | Updating Scene BVH | Building
Fra:22 Mem:9.97M (Peak 11.30M) | Time:00:00.00 | Mem:0.02M, Peak:0.02M | Scene, ViewLayer | Updating Scene BVH | Building BVH
Fra:22 Mem:9.97M (Peak 11.30M) | Time:00:00.00 | Mem:0.04M, Peak:0.04M | Scene, ViewLayer | Updating Scene BVH | Copying BVH to device
Fra:22 Mem:9.97M (Peak 11.30M) | Time:00:00.00 | Mem:0.04M, Peak:0.04M | Scene, ViewLayer | Updating Mesh | Computing normals
Fra:22 Mem:9.98M (Peak 11.30M) | Time:00:00.00 | Mem:0.04M, Peak:0.04M | Scene, ViewLayer | Updating Mesh | Copying Mesh to device
Fra:22 Mem:9.98M (Peak 11.30M) | Time:00:00.00 | Mem:0.05M, Peak:0.05M | Scene, ViewLayer | Updating Objects Flags
Fra:22 Mem:9.98M (Peak 11.30M) | Time:00:00.00 | Mem:0.05M, Peak:0.05M | Scene, ViewLayer | Updating Primitive Offsets
Fra:22 Mem:9.98M (Peak 11.30M) | Time:00:00.00 | Mem:0.05M, Peak:0.05M | Scene, ViewLayer | Updating Images
Fra:22 Mem:9.98M (Peak 11.30M) | Time:00:00.00 | Mem:0.05M, Peak:0.05M | Scene, ViewLayer | Updating Camera Volume
Fra:22 Mem:9.98M (Peak 11.30M) | Time:00:00.00 | Mem:0.05M, Peak:0.05M | Scene, ViewLayer | Updating Lookup Tables
Fra:22 Mem:9.98M (Peak 11.30M) | Time:00:00.00 | Mem:0.13M, Peak:0.13M | Scene, ViewLayer | Updating Lights
Fra:22 Mem:9.98M (Peak 11.30M) | Time:00:00.00 | Mem:0.13M, Peak:0.13M | Scene, ViewLayer | Updating Lights | Computing tree
Fra:22 Mem:9.99M (Peak 11.30M) | Time:00:00.00 | Mem:0.14M, Peak:0.14M | Scene, ViewLayer | Updating Integrator
Fra:22 Mem:9.99M (Peak 11.30M) | Time:00:00.00 | Mem:0.14M, Peak:0.14M | Scene, ViewLayer | Updating Film
Fra:22 Mem:10.00M (Peak 11.30M) | Time:00:00.00 | Mem:0.06M, Peak:0.14M | Scene, ViewLayer | Updating Lookup Tables
Fra:22 Mem:10.00M (Peak 11.30M) | Time:00:00.00 | Mem:0.15M, Peak:0.15M | Scene, ViewLayer | Updating Baking
Fra:22 Mem:10.00M (Peak 11.30M) | Time:00:00.00 | Mem:0.15M, Peak:0.15M | Scene, ViewLayer | Updating Device | Writing constant memory
Fra:22 Mem:10.00M (Peak 11.30M) | Time:00:00.00 | Mem:0.15M, Peak:0.15M | Scene, ViewLayer | Sample 0/8
Fra:22 Mem:12.29M (Peak 12.29M) | Time:00:00.00 | Remaining:00:00.02 | Mem:2.40M, Peak:2.40M | Scene, ViewLayer | Sample 1/8
Fra:22 Mem:13.29M (Peak 15.29M) | Time:00:00.03 | Mem:2.40M, Peak:2.40M | Scene, ViewLayer | Sample 8/8
Fra:22 Mem:13.29M (Peak 15.29M) | Time:00:00.03 | Mem:2.40M, Peak:2.40M | Scene, ViewLayer | Finished
Saved: '/home/terence/Documents/Codex/2026-09-06/realtime-voice-chat-3/outputs/butterfly-method-comparison/blender/turntable-frames/turntable_028.png'
Time: 00:00.04 (Saving: 00:00.00)

Fra:24 Mem:11.27M (Peak 11.27M) | Time:00:00.00 | Mem:0.00M, Peak:0.00M | Scene, ViewLayer | Synchronizing object | R forewing_border
Fra:24 Mem:11.28M (Peak 11.28M) | Time:00:00.00 | Mem:0.00M, Peak:0.00M | Scene, ViewLayer | Synchronizing object | R forewing_blue
Fra:24 Mem:11.28M (Peak 11.28M) | Time:00:00.00 | Mem:0.00M, Peak:0.00M | Scene, ViewLayer | Synchronizing object | R forewing_highlight
Fra:24 Mem:11.28M (Peak 11.28M) | Time:00:00.00 | Mem:0.00M, Peak:0.00M | Scene, ViewLayer | Synchronizing object | R forewing_cyan.001
Fra:24 Mem:11.28M (Peak 11.28M) | Time:00:00.00 | Mem:0.00M, Peak:0.00M | Scene, ViewLayer | Synchronizing object | R forewing_blue.001
Fra:24 Mem:11.28M (Peak 11.28M) | Time:00:00.00 | Mem:0.00M, Peak:0.00M | Scene, ViewLayer | Synchronizing object | R forewing_highlight.001
Fra:24 Mem:11.28M (Peak 11.28M) | Time:00:00.00 | Mem:0.00M, Peak:0.00M | Scene, ViewLayer | Synchronizing object | R hindwing_cyan
Fra:24 Mem:11.29M (Peak 11.29M) | Time:00:00.00 | Mem:0.00M, Peak:0.00M | Scene, ViewLayer | Synchronizing object | Antenna.001
Fra:24 Mem:11.29M (Peak 11.29M) | Time:00:00.00 | Mem:0.00M, Peak:0.00M | Scene, ViewLayer | Synchronizing object | R hindwing_highlight
Fra:24 Mem:11.29M (Peak 11.29M) | Time:00:00.00 | Mem:0.00M, Peak:0.00M | Scene, ViewLayer | Synchronizing object | Antenna
Fra:24 Mem:11.29M (Peak 11.29M) | Time:00:00.00 | Mem:0.00M, Peak:0.00M | Scene, ViewLayer | Synchronizing object | R hindwing_cyan.001
Fra:24 Mem:11.29M (Peak 11.29M) | Time:00:00.00 | Mem:0.00M, Peak:0.00M | Scene, ViewLayer | Synchronizing object | R hindwing_blue.001
Fra:24 Mem:11.29M (Peak 11.29M) | Time:00:00.00 | Mem:0.00M, Peak:0.00M | Scene, ViewLayer | Synchronizing object | Head
Fra:24 Mem:11.29M (Peak 11.29M) | Time:00:00.00 | Mem:0.00M, Peak:0.00M | Scene, ViewLayer | Synchronizing object | L forewing_border
Fra:24 Mem:11.29M (Peak 11.29M) | Time:00:00.00 | Mem:0.00M, Peak:0.00M | Scene, ViewLayer | Synchronizing object | L forewing_cyan
Fra:24 Mem:11.29M (Peak 11.29M) | Time:00:00.00 | Mem:0.00M, Peak:0.00M | Scene, ViewLayer | Synchronizing object | L forewing_blue
Fra:24 Mem:11.29M (Peak 11.29M) | Time:00:00.00 | Mem:0.00M, Peak:0.00M | Scene, ViewLayer | Synchronizing object | L forewing_cyan.001
Fra:24 Mem:11.29M (Peak 11.29M) | Time:00:00.00 | Mem:0.00M, Peak:0.00M | Scene, ViewLayer | Synchronizing object | Abdomen
Fra:24 Mem:11.29M (Peak 11.29M) | Time:00:00.00 | Mem:0.00M, Peak:0.00M | Scene, ViewLayer | Synchronizing object | L forewing_highlight.001
Fra:24 Mem:11.30M (Peak 11.30M) | Time:00:00.00 | Mem:0.00M, Peak:0.00M | Scene, ViewLayer | Synchronizing object | L hindwing_border
Fra:24 Mem:11.30M (Peak 11.30M) | Time:00:00.00 | Mem:0.00M, Peak:0.00M | Scene, ViewLayer | Synchronizing object | L hindwing_blue
Fra:24 Mem:11.30M (Peak 11.30M) | Time:00:00.00 | Mem:0.00M, Peak:0.00M | Scene, ViewLayer | Synchronizing object | L hindwing_highlight
Fra:24 Mem:11.30M (Peak 11.30M) | Time:00:00.00 | Mem:0.00M, Peak:0.00M | Scene, ViewLayer | Synchronizing object | L hindwing_cyan.001
Fra:24 Mem:11.30M (Peak 11.30M) | Time:00:00.00 | Mem:0.00M, Peak:0.00M | Scene, ViewLayer | Initializing
Fra:24 Mem:9.87M (Peak 11.30M) | Time:00:00.00 | Mem:0.00M, Peak:0.00M | Scene, ViewLayer | Waiting for render to start
Fra:24 Mem:9.87M (Peak 11.30M) | Time:00:00.00 | Mem:0.00M, Peak:0.00M | Scene, ViewLayer | Updating Scene
Fra:24 Mem:9.87M (Peak 11.30M) | Time:00:00.00 | Mem:0.00M, Peak:0.00M | Scene, ViewLayer | Updating Shaders
Fra:24 Mem:9.87M (Peak 11.30M) | Time:00:00.00 | Mem:0.00M, Peak:0.00M | Scene, ViewLayer | Loading render kernels (may take a few minutes the first time)
Fra:24 Mem:9.96M (Peak 11.30M) | Time:00:00.00 | Mem:0.00M, Peak:0.00M | Scene, ViewLayer | Updating Procedurals
Fra:24 Mem:9.96M (Peak 11.30M) | Time:00:00.00 | Mem:0.00M, Peak:0.00M | Scene, ViewLayer | Updating Background
Fra:24 Mem:9.96M (Peak 11.30M) | Time:00:00.00 | Mem:0.00M, Peak:0.00M | Scene, ViewLayer | Updating Camera
Fra:24 Mem:9.96M (Peak 11.30M) | Time:00:00.00 | Mem:0.00M, Peak:0.00M | Scene, ViewLayer | Updating Meshes Flags
Fra:24 Mem:9.96M (Peak 11.30M) | Time:00:00.00 | Mem:0.00M, Peak:0.00M | Scene, ViewLayer | Updating Objects
Fra:24 Mem:9.96M (Peak 11.30M) | Time:00:00.00 | Mem:0.00M, Peak:0.00M | Scene, ViewLayer | Updating Objects | Copying Transformations to device
Fra:24 Mem:9.96M (Peak 11.30M) | Time:00:00.00 | Mem:0.01M, Peak:0.01M | Scene, ViewLayer | Updating Particle Systems
Fra:24 Mem:9.96M (Peak 11.30M) | Time:00:00.00 | Mem:0.01M, Peak:0.01M | Scene, ViewLayer | Updating Particle Systems | Copying Particles to device
Fra:24 Mem:9.96M (Peak 11.30M) | Time:00:00.00 | Mem:0.01M, Peak:0.01M | Scene, ViewLayer | Updating Meshes
Fra:24 Mem:9.96M (Peak 11.30M) | Time:00:00.00 | Mem:0.01M, Peak:0.01M | Scene, ViewLayer | Updating Objects | Applying Static Transformations
Fra:24 Mem:9.96M (Peak 11.30M) | Time:00:00.00 | Mem:0.01M, Peak:0.01M | Scene, ViewLayer | Updating Mesh | Computing attributes
Fra:24 Mem:9.97M (Peak 11.30M) | Time:00:00.00 | Mem:0.01M, Peak:0.01M | Scene, ViewLayer | Updating Mesh | Copying Attributes to device
Fra:24 Mem:9.97M (Peak 11.30M) | Time:00:00.00 | Mem:0.02M, Peak:0.02M | Scene, ViewLayer | Updating Scene BVH | Building
Fra:24 Mem:9.97M (Peak 11.30M) | Time:00:00.00 | Mem:0.02M, Peak:0.02M | Scene, ViewLayer | Updating Scene BVH | Building BVH
Fra:24 Mem:9.97M (Peak 11.30M) | Time:00:00.00 | Mem:0.04M, Peak:0.04M | Scene, ViewLayer | Updating Scene BVH | Copying BVH to device
Fra:24 Mem:9.97M (Peak 11.30M) | Time:00:00.00 | Mem:0.04M, Peak:0.04M | Scene, ViewLayer | Updating Mesh | Computing normals
Fra:24 Mem:9.98M (Peak 11.30M) | Time:00:00.00 | Mem:0.04M, Peak:0.04M | Scene, ViewLayer | Updating Mesh | Copying Mesh to device
Fra:24 Mem:9.98M (Peak 11.30M) | Time:00:00.00 | Mem:0.05M, Peak:0.05M | Scene, ViewLayer | Updating Objects Flags
Fra:24 Mem:9.98M (Peak 11.30M) | Time:00:00.00 | Mem:0.05M, Peak:0.05M | Scene, ViewLayer | Updating Primitive Offsets
Fra:24 Mem:9.98M (Peak 11.30M) | Time:00:00.00 | Mem:0.05M, Peak:0.05M | Scene, ViewLayer | Updating Images
Fra:24 Mem:9.98M (Peak 11.30M) | Time:00:00.00 | Mem:0.05M, Peak:0.05M | Scene, ViewLayer | Updating Camera Volume
Fra:24 Mem:9.98M (Peak 11.30M) | Time:00:00.00 | Mem:0.05M, Peak:0.05M | Scene, ViewLayer | Updating Lookup Tables
Fra:24 Mem:9.98M (Peak 11.30M) | Time:00:00.00 | Mem:0.13M, Peak:0.13M | Scene, ViewLayer | Updating Lights
Fra:24 Mem:9.98M (Peak 11.30M) | Time:00:00.00 | Mem:0.13M, Peak:0.13M | Scene, ViewLayer | Updating Lights | Computing tree
Fra:24 Mem:9.99M (Peak 11.30M) | Time:00:00.00 | Mem:0.14M, Peak:0.14M | Scene, ViewLayer | Updating Integrator
Fra:24 Mem:9.99M (Peak 11.30M) | Time:00:00.00 | Mem:0.14M, Peak:0.14M | Scene, ViewLayer | Updating Film
Fra:24 Mem:10.00M (Peak 11.30M) | Time:00:00.00 | Mem:0.06M, Peak:0.14M | Scene, ViewLayer | Updating Lookup Tables
Fra:24 Mem:10.00M (Peak 11.30M) | Time:00:00.00 | Mem:0.15M, Peak:0.15M | Scene, ViewLayer | Updating Baking
Fra:24 Mem:10.00M (Peak 11.30M) | Time:00:00.00 | Mem:0.15M, Peak:0.15M | Scene, ViewLayer | Updating Device | Writing constant memory
Fra:24 Mem:10.00M (Peak 11.30M) | Time:00:00.00 | Mem:0.15M, Peak:0.15M | Scene, ViewLayer | Sample 0/8
Fra:24 Mem:12.29M (Peak 12.29M) | Time:00:00.00 | Remaining:00:00.03 | Mem:2.40M, Peak:2.40M | Scene, ViewLayer | Sample 1/8
Fra:24 Mem:13.29M (Peak 15.29M) | Time:00:00.04 | Mem:2.40M, Peak:2.40M | Scene, ViewLayer | Sample 8/8
Fra:24 Mem:13.29M (Peak 15.29M) | Time:00:00.04 | Mem:2.40M, Peak:2.40M | Scene, ViewLayer | Finished
Saved: '/home/terence/Documents/Codex/2026-09-06/realtime-voice-chat-3/outputs/butterfly-method-comparison/blender/turntable-frames/turntable_029.png'
Time: 00:00.04 (Saving: 00:00.00)

Fra:1 Mem:11.27M (Peak 11.27M) | Time:00:00.00 | Mem:0.00M, Peak:0.00M | Scene, ViewLayer | Synchronizing object | R forewing_border
Fra:1 Mem:11.28M (Peak 11.28M) | Time:00:00.00 | Mem:0.00M, Peak:0.00M | Scene, ViewLayer | Synchronizing object | R forewing_blue
Fra:1 Mem:11.28M (Peak 11.28M) | Time:00:00.00 | Mem:0.00M, Peak:0.00M | Scene, ViewLayer | Synchronizing object | R forewing_cyan.001
Fra:1 Mem:11.28M (Peak 11.28M) | Time:00:00.00 | Mem:0.00M, Peak:0.00M | Scene, ViewLayer | Synchronizing object | R forewing_highlight.001
Fra:1 Mem:11.28M (Peak 11.28M) | Time:00:00.00 | Mem:0.00M, Peak:0.00M | Scene, ViewLayer | Synchronizing object | R hindwing_border
Fra:1 Mem:11.29M (Peak 11.29M) | Time:00:00.00 | Mem:0.00M, Peak:0.00M | Scene, ViewLayer | Synchronizing object | R hindwing_cyan
Fra:1 Mem:11.29M (Peak 11.29M) | Time:00:00.00 | Mem:0.00M, Peak:0.00M | Scene, ViewLayer | Synchronizing object | Antenna.001
Fra:1 Mem:11.29M (Peak 11.29M) | Time:00:00.00 | Mem:0.00M, Peak:0.00M | Scene, ViewLayer | Synchronizing object | R hindwing_blue
Fra:1 Mem:11.29M (Peak 11.29M) | Time:00:00.00 | Mem:0.00M, Peak:0.00M | Scene, ViewLayer | Synchronizing object | R hindwing_highlight
Fra:1 Mem:11.29M (Peak 11.29M) | Time:00:00.00 | Mem:0.00M, Peak:0.00M | Scene, ViewLayer | Synchronizing object | R hindwing_cyan.001
Fra:1 Mem:11.29M (Peak 11.29M) | Time:00:00.00 | Mem:0.00M, Peak:0.00M | Scene, ViewLayer | Synchronizing object | R hindwing_blue.001
Fra:1 Mem:11.29M (Peak 11.29M) | Time:00:00.00 | Mem:0.00M, Peak:0.00M | Scene, ViewLayer | Synchronizing object | R hindwing_highlight.001
Fra:1 Mem:11.29M (Peak 11.29M) | Time:00:00.00 | Mem:0.00M, Peak:0.00M | Scene, ViewLayer | Synchronizing object | L forewing_border
Fra:1 Mem:11.29M (Peak 11.29M) | Time:00:00.00 | Mem:0.00M, Peak:0.00M | Scene, ViewLayer | Synchronizing object | L forewing_cyan
Fra:1 Mem:11.29M (Peak 11.29M) | Time:00:00.00 | Mem:0.00M, Peak:0.00M | Scene, ViewLayer | Synchronizing object | L forewing_blue
Fra:1 Mem:11.29M (Peak 11.29M) | Time:00:00.00 | Mem:0.00M, Peak:0.00M | Scene, ViewLayer | Synchronizing object | L forewing_highlight
Fra:1 Mem:11.29M (Peak 11.29M) | Time:00:00.00 | Mem:0.00M, Peak:0.00M | Scene, ViewLayer | Synchronizing object | L forewing_cyan.001
Fra:1 Mem:11.29M (Peak 11.29M) | Time:00:00.00 | Mem:0.00M, Peak:0.00M | Scene, ViewLayer | Synchronizing object | Head
Fra:1 Mem:11.29M (Peak 11.29M) | Time:00:00.00 | Mem:0.00M, Peak:0.00M | Scene, ViewLayer | Synchronizing object | L forewing_highlight.001
Fra:1 Mem:11.29M (Peak 11.29M) | Time:00:00.00 | Mem:0.00M, Peak:0.00M | Scene, ViewLayer | Synchronizing object | L hindwing_border
Fra:1 Mem:11.29M (Peak 11.29M) | Time:00:00.00 | Mem:0.00M, Peak:0.00M | Scene, ViewLayer | Synchronizing object | L hindwing_cyan
Fra:1 Mem:11.29M (Peak 11.29M) | Time:00:00.00 | Mem:0.00M, Peak:0.00M | Scene, ViewLayer | Synchronizing object | Thorax
Fra:1 Mem:11.30M (Peak 11.30M) | Time:00:00.00 | Mem:0.00M, Peak:0.00M | Scene, ViewLayer | Synchronizing object | L hindwing_blue
Fra:1 Mem:11.29M (Peak 11.30M) | Time:00:00.00 | Mem:0.00M, Peak:0.00M | Scene, ViewLayer | Synchronizing object | Abdomen
Fra:1 Mem:11.30M (Peak 11.30M) | Time:00:00.00 | Mem:0.00M, Peak:0.00M | Scene, ViewLayer | Synchronizing object | L hindwing_cyan.001
Fra:1 Mem:11.30M (Peak 11.30M) | Time:00:00.00 | Mem:0.00M, Peak:0.00M | Scene, ViewLayer | Synchronizing object | L hindwing_blue.001
Fra:1 Mem:11.30M (Peak 11.30M) | Time:00:00.00 | Mem:0.00M, Peak:0.00M | Scene, ViewLayer | Synchronizing object | L hindwing_highlight.001
Fra:1 Mem:11.30M (Peak 11.30M) | Time:00:00.00 | Mem:0.00M, Peak:0.00M | Scene, ViewLayer | Initializing
Fra:1 Mem:9.87M (Peak 11.30M) | Time:00:00.00 | Mem:0.00M, Peak:0.00M | Scene, ViewLayer | Waiting for render to start
Fra:1 Mem:9.87M (Peak 11.30M) | Time:00:00.00 | Mem:0.00M, Peak:0.00M | Scene, ViewLayer | Updating Scene
Fra:1 Mem:9.87M (Peak 11.30M) | Time:00:00.00 | Mem:0.00M, Peak:0.00M | Scene, ViewLayer | Updating Shaders
Fra:1 Mem:9.87M (Peak 11.30M) | Time:00:00.00 | Mem:0.00M, Peak:0.00M | Scene, ViewLayer | Loading render kernels (may take a few minutes the first time)
Fra:1 Mem:9.96M (Peak 11.30M) | Time:00:00.00 | Mem:0.00M, Peak:0.00M | Scene, ViewLayer | Updating Procedurals
Fra:1 Mem:9.96M (Peak 11.30M) | Time:00:00.00 | Mem:0.00M, Peak:0.00M | Scene, ViewLayer | Updating Background
Fra:1 Mem:9.96M (Peak 11.30M) | Time:00:00.00 | Mem:0.00M, Peak:0.00M | Scene, ViewLayer | Updating Camera
Fra:1 Mem:9.96M (Peak 11.30M) | Time:00:00.00 | Mem:0.00M, Peak:0.00M | Scene, ViewLayer | Updating Meshes Flags
Fra:1 Mem:9.96M (Peak 11.30M) | Time:00:00.00 | Mem:0.00M, Peak:0.00M | Scene, ViewLayer | Updating Objects
Fra:1 Mem:9.96M (Peak 11.30M) | Time:00:00.00 | Mem:0.00M, Peak:0.00M | Scene, ViewLayer | Updating Objects | Copying Transformations to device
Fra:1 Mem:9.96M (Peak 11.30M) | Time:00:00.00 | Mem:0.01M, Peak:0.01M | Scene, ViewLayer | Updating Particle Systems
Fra:1 Mem:9.96M (Peak 11.30M) | Time:00:00.00 | Mem:0.01M, Peak:0.01M | Scene, ViewLayer | Updating Particle Systems | Copying Particles to device
Fra:1 Mem:9.96M (Peak 11.30M) | Time:00:00.00 | Mem:0.01M, Peak:0.01M | Scene, ViewLayer | Updating Meshes
Fra:1 Mem:9.96M (Peak 11.30M) | Time:00:00.00 | Mem:0.01M, Peak:0.01M | Scene, ViewLayer | Updating Objects | Applying Static Transformations
Fra:1 Mem:9.96M (Peak 11.30M) | Time:00:00.00 | Mem:0.01M, Peak:0.01M | Scene, ViewLayer | Updating Mesh | Computing attributes
Fra:1 Mem:9.97M (Peak 11.30M) | Time:00:00.00 | Mem:0.01M, Peak:0.01M | Scene, ViewLayer | Updating Mesh | Copying Attributes to device
Fra:1 Mem:9.97M (Peak 11.30M) | Time:00:00.00 | Mem:0.02M, Peak:0.02M | Scene, ViewLayer | Updating Scene BVH | Building
Fra:1 Mem:9.97M (Peak 11.30M) | Time:00:00.00 | Mem:0.02M, Peak:0.02M | Scene, ViewLayer | Updating Scene BVH | Building BVH
Fra:1 Mem:9.97M (Peak 11.30M) | Time:00:00.00 | Mem:0.04M, Peak:0.04M | Scene, ViewLayer | Updating Scene BVH | Copying BVH to device
Fra:1 Mem:9.97M (Peak 11.30M) | Time:00:00.00 | Mem:0.04M, Peak:0.04M | Scene, ViewLayer | Updating Mesh | Computing normals
Fra:1 Mem:9.98M (Peak 11.30M) | Time:00:00.00 | Mem:0.04M, Peak:0.04M | Scene, ViewLayer | Updating Mesh | Copying Mesh to device
Fra:1 Mem:9.98M (Peak 11.30M) | Time:00:00.00 | Mem:0.05M, Peak:0.05M | Scene, ViewLayer | Updating Objects Flags
Fra:1 Mem:9.98M (Peak 11.30M) | Time:00:00.00 | Mem:0.05M, Peak:0.05M | Scene, ViewLayer | Updating Primitive Offsets
Fra:1 Mem:9.98M (Peak 11.30M) | Time:00:00.00 | Mem:0.05M, Peak:0.05M | Scene, ViewLayer | Updating Images
Fra:1 Mem:9.98M (Peak 11.30M) | Time:00:00.00 | Mem:0.05M, Peak:0.05M | Scene, ViewLayer | Updating Camera Volume
Fra:1 Mem:9.98M (Peak 11.30M) | Time:00:00.00 | Mem:0.05M, Peak:0.05M | Scene, ViewLayer | Updating Lookup Tables
Fra:1 Mem:9.98M (Peak 11.30M) | Time:00:00.00 | Mem:0.13M, Peak:0.13M | Scene, ViewLayer | Updating Lights
Fra:1 Mem:9.98M (Peak 11.30M) | Time:00:00.00 | Mem:0.13M, Peak:0.13M | Scene, ViewLayer | Updating Lights | Computing tree
Fra:1 Mem:9.99M (Peak 11.30M) | Time:00:00.00 | Mem:0.14M, Peak:0.14M | Scene, ViewLayer | Updating Integrator
Fra:1 Mem:9.99M (Peak 11.30M) | Time:00:00.00 | Mem:0.14M, Peak:0.14M | Scene, ViewLayer | Updating Film
Fra:1 Mem:10.00M (Peak 11.30M) | Time:00:00.00 | Mem:0.06M, Peak:0.14M | Scene, ViewLayer | Updating Lookup Tables
Fra:1 Mem:10.00M (Peak 11.30M) | Time:00:00.00 | Mem:0.14M, Peak:0.14M | Scene, ViewLayer | Updating Baking
Fra:1 Mem:10.00M (Peak 11.30M) | Time:00:00.00 | Mem:0.14M, Peak:0.14M | Scene, ViewLayer | Updating Device | Writing constant memory
Fra:1 Mem:10.00M (Peak 11.30M) | Time:00:00.00 | Mem:0.14M, Peak:0.14M | Scene, ViewLayer | Sample 0/8
Fra:1 Mem:12.29M (Peak 12.29M) | Time:00:00.00 | Remaining:00:00.03 | Mem:2.39M, Peak:2.39M | Scene, ViewLayer | Sample 1/8
Fra:1 Mem:13.29M (Peak 15.29M) | Time:00:00.04 | Mem:2.39M, Peak:2.39M | Scene, ViewLayer | Sample 8/8
Fra:1 Mem:13.29M (Peak 15.29M) | Time:00:00.04 | Mem:2.39M, Peak:2.39M | Scene, ViewLayer | Finished
Saved: '/home/terence/Documents/Codex/2026-09-06/realtime-voice-chat-3/outputs/butterfly-method-comparison/blender/turntable-frames/turntable_030.png'
Time: 00:00.04 (Saving: 00:00.00)

Fra:2 Mem:11.27M (Peak 11.27M) | Time:00:00.00 | Mem:0.00M, Peak:0.00M | Scene, ViewLayer | Synchronizing object | R forewing_border
Fra:2 Mem:11.28M (Peak 11.28M) | Time:00:00.00 | Mem:0.00M, Peak:0.00M | Scene, ViewLayer | Synchronizing object | R forewing_blue
Fra:2 Mem:11.28M (Peak 11.28M) | Time:00:00.00 | Mem:0.00M, Peak:0.00M | Scene, ViewLayer | Synchronizing object | R forewing_highlight
Fra:2 Mem:11.28M (Peak 11.28M) | Time:00:00.00 | Mem:0.00M, Peak:0.00M | Scene, ViewLayer | Synchronizing object | R forewing_cyan.001
Fra:2 Mem:11.28M (Peak 11.28M) | Time:00:00.00 | Mem:0.00M, Peak:0.00M | Scene, ViewLayer | Synchronizing object | R forewing_blue.001
Fra:2 Mem:11.28M (Peak 11.28M) | Time:00:00.00 | Mem:0.00M, Peak:0.00M | Scene, ViewLayer | Synchronizing object | R forewing_highlight.001
Fra:2 Mem:11.29M (Peak 11.29M) | Time:00:00.00 | Mem:0.00M, Peak:0.00M | Scene, ViewLayer | Synchronizing object | R hindwing_cyan
Fra:2 Mem:11.29M (Peak 11.29M) | Time:00:00.00 | Mem:0.00M, Peak:0.00M | Scene, ViewLayer | Synchronizing object | Head
Fra:2 Mem:11.29M (Peak 11.29M) | Time:00:00.00 | Mem:0.00M, Peak:0.00M | Scene, ViewLayer | Synchronizing object | R hindwing_blue
Fra:2 Mem:11.29M (Peak 11.29M) | Time:00:00.00 | Mem:0.00M, Peak:0.00M | Scene, ViewLayer | Synchronizing object | R hindwing_cyan.001
Fra:2 Mem:11.29M (Peak 11.29M) | Time:00:00.00 | Mem:0.00M, Peak:0.00M | Scene, ViewLayer | Synchronizing object | R hindwing_blue.001
Fra:2 Mem:11.29M (Peak 11.29M) | Time:00:00.00 | Mem:0.00M, Peak:0.00M | Scene, ViewLayer | Synchronizing object | R hindwing_highlight.001
Fra:2 Mem:11.29M (Peak 11.29M) | Time:00:00.00 | Mem:0.00M, Peak:0.00M | Scene, ViewLayer | Synchronizing object | L forewing_cyan
Fra:2 Mem:11.29M (Peak 11.29M) | Time:00:00.00 | Mem:0.00M, Peak:0.00M | Scene, ViewLayer | Synchronizing object | L forewing_blue
Fra:2 Mem:11.29M (Peak 11.29M) | Time:00:00.00 | Mem:0.00M, Peak:0.00M | Scene, ViewLayer | Synchronizing object | L hindwing_highlight.001
Fra:2 Mem:11.29M (Peak 11.29M) | Time:00:00.00 | Mem:0.00M, Peak:0.00M | Scene, ViewLayer | Synchronizing object | L hindwing_blue.001
Fra:2 Mem:11.30M (Peak 11.30M) | Time:00:00.00 | Mem:0.00M, Peak:0.00M | Scene, ViewLayer | Synchronizing object | L hindwing_cyan.001
Fra:2 Mem:11.30M (Peak 11.30M) | Time:00:00.00 | Mem:0.00M, Peak:0.00M | Scene, ViewLayer | Synchronizing object | L hindwing_highlight
Fra:2 Mem:11.30M (Peak 11.30M) | Time:00:00.00 | Mem:0.00M, Peak:0.00M | Scene, ViewLayer | Synchronizing object | L hindwing_blue
Fra:2 Mem:11.30M (Peak 11.30M) | Time:00:00.00 | Mem:0.00M, Peak:0.00M | Scene, ViewLayer | Synchronizing object | L hindwing_cyan
Fra:2 Mem:11.30M (Peak 11.30M) | Time:00:00.00 | Mem:0.00M, Peak:0.00M | Scene, ViewLayer | Synchronizing object | L forewing_cyan.001
Fra:2 Mem:11.30M (Peak 11.30M) | Time:00:00.00 | Mem:0.00M, Peak:0.00M | Scene, ViewLayer | Synchronizing object | L hindwing_border
Fra:2 Mem:11.30M (Peak 11.30M) | Time:00:00.00 | Mem:0.00M, Peak:0.00M | Scene, ViewLayer | Synchronizing object | L forewing_blue.001
Fra:2 Mem:11.30M (Peak 11.30M) | Time:00:00.00 | Mem:0.00M, Peak:0.00M | Scene, ViewLayer | Synchronizing object | L forewing_highlight.001
Fra:2 Mem:11.30M (Peak 11.30M) | Time:00:00.00 | Mem:0.00M, Peak:0.00M | Scene, ViewLayer | Initializing
Fra:2 Mem:9.87M (Peak 11.30M) | Time:00:00.00 | Mem:0.00M, Peak:0.00M | Scene, ViewLayer | Waiting for render to start
Fra:2 Mem:9.87M (Peak 11.30M) | Time:00:00.00 | Mem:0.00M, Peak:0.00M | Scene, ViewLayer | Updating Scene
Fra:2 Mem:9.87M (Peak 11.30M) | Time:00:00.00 | Mem:0.00M, Peak:0.00M | Scene, ViewLayer | Updating Shaders
Fra:2 Mem:9.87M (Peak 11.30M) | Time:00:00.00 | Mem:0.00M, Peak:0.00M | Scene, ViewLayer | Loading render kernels (may take a few minutes the first time)
Fra:2 Mem:9.96M (Peak 11.30M) | Time:00:00.00 | Mem:0.00M, Peak:0.00M | Scene, ViewLayer | Updating Procedurals
Fra:2 Mem:9.96M (Peak 11.30M) | Time:00:00.00 | Mem:0.00M, Peak:0.00M | Scene, ViewLayer | Updating Background
Fra:2 Mem:9.96M (Peak 11.30M) | Time:00:00.00 | Mem:0.00M, Peak:0.00M | Scene, ViewLayer | Updating Camera
Fra:2 Mem:9.96M (Peak 11.30M) | Time:00:00.00 | Mem:0.00M, Peak:0.00M | Scene, ViewLayer | Updating Meshes Flags
Fra:2 Mem:9.96M (Peak 11.30M) | Time:00:00.00 | Mem:0.00M, Peak:0.00M | Scene, ViewLayer | Updating Objects
Fra:2 Mem:9.96M (Peak 11.30M) | Time:00:00.00 | Mem:0.00M, Peak:0.00M | Scene, ViewLayer | Updating Objects | Copying Transformations to device
Fra:2 Mem:9.96M (Peak 11.30M) | Time:00:00.00 | Mem:0.01M, Peak:0.01M | Scene, ViewLayer | Updating Particle Systems
Fra:2 Mem:9.96M (Peak 11.30M) | Time:00:00.00 | Mem:0.01M, Peak:0.01M | Scene, ViewLayer | Updating Particle Systems | Copying Particles to device
Fra:2 Mem:9.96M (Peak 11.30M) | Time:00:00.00 | Mem:0.01M, Peak:0.01M | Scene, ViewLayer | Updating Meshes
Fra:2 Mem:9.96M (Peak 11.30M) | Time:00:00.00 | Mem:0.01M, Peak:0.01M | Scene, ViewLayer | Updating Objects | Applying Static Transformations
Fra:2 Mem:9.96M (Peak 11.30M) | Time:00:00.00 | Mem:0.01M, Peak:0.01M | Scene, ViewLayer | Updating Mesh | Computing attributes
Fra:2 Mem:9.97M (Peak 11.30M) | Time:00:00.00 | Mem:0.01M, Peak:0.01M | Scene, ViewLayer | Updating Mesh | Copying Attributes to device
Fra:2 Mem:9.97M (Peak 11.30M) | Time:00:00.00 | Mem:0.02M, Peak:0.02M | Scene, ViewLayer | Updating Scene BVH | Building
Fra:2 Mem:9.97M (Peak 11.30M) | Time:00:00.00 | Mem:0.02M, Peak:0.02M | Scene, ViewLayer | Updating Scene BVH | Building BVH
Fra:2 Mem:9.97M (Peak 11.30M) | Time:00:00.00 | Mem:0.04M, Peak:0.04M | Scene, ViewLayer | Updating Scene BVH | Copying BVH to device
Fra:2 Mem:9.97M (Peak 11.30M) | Time:00:00.00 | Mem:0.04M, Peak:0.04M | Scene, ViewLayer | Updating Mesh | Computing normals
Fra:2 Mem:9.98M (Peak 11.30M) | Time:00:00.00 | Mem:0.04M, Peak:0.04M | Scene, ViewLayer | Updating Mesh | Copying Mesh to device
Fra:2 Mem:9.98M (Peak 11.30M) | Time:00:00.00 | Mem:0.05M, Peak:0.05M | Scene, ViewLayer | Updating Objects Flags
Fra:2 Mem:9.98M (Peak 11.30M) | Time:00:00.00 | Mem:0.05M, Peak:0.05M | Scene, ViewLayer | Updating Primitive Offsets
Fra:2 Mem:9.98M (Peak 11.30M) | Time:00:00.00 | Mem:0.05M, Peak:0.05M | Scene, ViewLayer | Updating Images
Fra:2 Mem:9.98M (Peak 11.30M) | Time:00:00.00 | Mem:0.05M, Peak:0.05M | Scene, ViewLayer | Updating Camera Volume
Fra:2 Mem:9.98M (Peak 11.30M) | Time:00:00.00 | Mem:0.05M, Peak:0.05M | Scene, ViewLayer | Updating Lookup Tables
Fra:2 Mem:9.98M (Peak 11.30M) | Time:00:00.00 | Mem:0.13M, Peak:0.13M | Scene, ViewLayer | Updating Lights
Fra:2 Mem:9.98M (Peak 11.30M) | Time:00:00.00 | Mem:0.13M, Peak:0.13M | Scene, ViewLayer | Updating Lights | Computing tree
Fra:2 Mem:9.99M (Peak 11.30M) | Time:00:00.00 | Mem:0.14M, Peak:0.14M | Scene, ViewLayer | Updating Integrator
Fra:2 Mem:9.99M (Peak 11.30M) | Time:00:00.00 | Mem:0.14M, Peak:0.14M | Scene, ViewLayer | Updating Film
Fra:2 Mem:10.00M (Peak 11.30M) | Time:00:00.00 | Mem:0.06M, Peak:0.14M | Scene, ViewLayer | Updating Lookup Tables
Fra:2 Mem:10.00M (Peak 11.30M) | Time:00:00.00 | Mem:0.15M, Peak:0.15M | Scene, ViewLayer | Updating Baking
Fra:2 Mem:10.00M (Peak 11.30M) | Time:00:00.00 | Mem:0.15M, Peak:0.15M | Scene, ViewLayer | Updating Device | Writing constant memory
Fra:2 Mem:10.00M (Peak 11.30M) | Time:00:00.00 | Mem:0.15M, Peak:0.15M | Scene, ViewLayer | Sample 0/8
Fra:2 Mem:12.29M (Peak 12.29M) | Time:00:00.00 | Remaining:00:00.03 | Mem:2.40M, Peak:2.40M | Scene, ViewLayer | Sample 1/8
Fra:2 Mem:13.29M (Peak 15.29M) | Time:00:00.04 | Mem:2.40M, Peak:2.40M | Scene, ViewLayer | Sample 8/8
Fra:2 Mem:13.29M (Peak 15.29M) | Time:00:00.04 | Mem:2.40M, Peak:2.40M | Scene, ViewLayer | Finished
Saved: '/home/terence/Documents/Codex/2026-09-06/realtime-voice-chat-3/outputs/butterfly-method-comparison/blender/turntable-frames/turntable_031.png'
Time: 00:00.04 (Saving: 00:00.00)

Fra:4 Mem:11.27M (Peak 11.27M) | Time:00:00.00 | Mem:0.00M, Peak:0.00M | Scene, ViewLayer | Synchronizing object | R forewing_border
Fra:4 Mem:11.28M (Peak 11.28M) | Time:00:00.00 | Mem:0.00M, Peak:0.00M | Scene, ViewLayer | Synchronizing object | R forewing_blue
Fra:4 Mem:11.28M (Peak 11.28M) | Time:00:00.00 | Mem:0.00M, Peak:0.00M | Scene, ViewLayer | Synchronizing object | R forewing_highlight
Fra:4 Mem:11.28M (Peak 11.28M) | Time:00:00.00 | Mem:0.00M, Peak:0.00M | Scene, ViewLayer | Synchronizing object | R forewing_blue.001
Fra:4 Mem:11.28M (Peak 11.28M) | Time:00:00.00 | Mem:0.00M, Peak:0.00M | Scene, ViewLayer | Synchronizing object | R forewing_highlight.001
Fra:4 Mem:11.29M (Peak 11.29M) | Time:00:00.00 | Mem:0.00M, Peak:0.00M | Scene, ViewLayer | Synchronizing object | Antenna.001
Fra:4 Mem:11.29M (Peak 11.29M) | Time:00:00.00 | Mem:0.00M, Peak:0.00M | Scene, ViewLayer | Synchronizing object | R hindwing_blue
Fra:4 Mem:11.29M (Peak 11.29M) | Time:00:00.00 | Mem:0.00M, Peak:0.00M | Scene, ViewLayer | Synchronizing object | R hindwing_highlight
Fra:4 Mem:11.29M (Peak 11.29M) | Time:00:00.00 | Mem:0.00M, Peak:0.00M | Scene, ViewLayer | Synchronizing object | R hindwing_cyan.001
Fra:4 Mem:11.29M (Peak 11.29M) | Time:00:00.00 | Mem:0.00M, Peak:0.00M | Scene, ViewLayer | Synchronizing object | R hindwing_blue.001
Fra:4 Mem:11.29M (Peak 11.29M) | Time:00:00.00 | Mem:0.00M, Peak:0.00M | Scene, ViewLayer | Synchronizing object | R hindwing_highlight.001
Fra:4 Mem:11.29M (Peak 11.29M) | Time:00:00.00 | Mem:0.00M, Peak:0.00M | Scene, ViewLayer | Synchronizing object | Head
Fra:4 Mem:11.29M (Peak 11.29M) | Time:00:00.00 | Mem:0.00M, Peak:0.00M | Scene, ViewLayer | Synchronizing object | L forewing_border
Fra:4 Mem:11.29M (Peak 11.29M) | Time:00:00.00 | Mem:0.00M, Peak:0.00M | Scene, ViewLayer | Synchronizing object | L forewing_cyan
Fra:4 Mem:11.29M (Peak 11.29M) | Time:00:00.00 | Mem:0.00M, Peak:0.00M | Scene, ViewLayer | Synchronizing object | L forewing_blue
Fra:4 Mem:11.29M (Peak 11.29M) | Time:00:00.00 | Mem:0.00M, Peak:0.00M | Scene, ViewLayer | Synchronizing object | L forewing_cyan.001
Fra:4 Mem:11.29M (Peak 11.29M) | Time:00:00.00 | Mem:0.00M, Peak:0.00M | Scene, ViewLayer | Synchronizing object | L forewing_blue.001
Fra:4 Mem:11.29M (Peak 11.29M) | Time:00:00.00 | Mem:0.00M, Peak:0.00M | Scene, ViewLayer | Synchronizing object | L forewing_highlight.001
Fra:4 Mem:11.29M (Peak 11.29M) | Time:00:00.00 | Mem:0.00M, Peak:0.00M | Scene, ViewLayer | Synchronizing object | L hindwing_border
Fra:4 Mem:11.29M (Peak 11.29M) | Time:00:00.00 | Mem:0.00M, Peak:0.00M | Scene, ViewLayer | Synchronizing object | L hindwing_blue
Fra:4 Mem:11.29M (Peak 11.29M) | Time:00:00.00 | Mem:0.00M, Peak:0.00M | Scene, ViewLayer | Synchronizing object | L hindwing_highlight
Fra:4 Mem:11.29M (Peak 11.29M) | Time:00:00.00 | Mem:0.00M, Peak:0.00M | Scene, ViewLayer | Synchronizing object | L hindwing_cyan.001
Fra:4 Mem:11.29M (Peak 11.29M) | Time:00:00.00 | Mem:0.00M, Peak:0.00M | Scene, ViewLayer | Synchronizing object | L hindwing_blue.001
Fra:4 Mem:11.29M (Peak 11.29M) | Time:00:00.00 | Mem:0.00M, Peak:0.00M | Scene, ViewLayer | Synchronizing object | Abdomen
Fra:4 Mem:11.30M (Peak 11.30M) | Time:00:00.00 | Mem:0.00M, Peak:0.00M | Scene, ViewLayer | Initializing
Fra:4 Mem:9.87M (Peak 11.30M) | Time:00:00.00 | Mem:0.00M, Peak:0.00M | Scene, ViewLayer | Waiting for render to start
Fra:4 Mem:9.87M (Peak 11.30M) | Time:00:00.00 | Mem:0.00M, Peak:0.00M | Scene, ViewLayer | Updating Scene
Fra:4 Mem:9.87M (Peak 11.30M) | Time:00:00.00 | Mem:0.00M, Peak:0.00M | Scene, ViewLayer | Updating Shaders
Fra:4 Mem:9.87M (Peak 11.30M) | Time:00:00.00 | Mem:0.00M, Peak:0.00M | Scene, ViewLayer | Loading render kernels (may take a few minutes the first time)
Fra:4 Mem:9.96M (Peak 11.30M) | Time:00:00.00 | Mem:0.00M, Peak:0.00M | Scene, ViewLayer | Updating Procedurals
Fra:4 Mem:9.96M (Peak 11.30M) | Time:00:00.00 | Mem:0.00M, Peak:0.00M | Scene, ViewLayer | Updating Background
Fra:4 Mem:9.96M (Peak 11.30M) | Time:00:00.00 | Mem:0.00M, Peak:0.00M | Scene, ViewLayer | Updating Camera
Fra:4 Mem:9.96M (Peak 11.30M) | Time:00:00.00 | Mem:0.00M, Peak:0.00M | Scene, ViewLayer | Updating Meshes Flags
Fra:4 Mem:9.96M (Peak 11.30M) | Time:00:00.00 | Mem:0.00M, Peak:0.00M | Scene, ViewLayer | Updating Objects
Fra:4 Mem:9.96M (Peak 11.30M) | Time:00:00.00 | Mem:0.00M, Peak:0.00M | Scene, ViewLayer | Updating Objects | Copying Transformations to device
Fra:4 Mem:9.96M (Peak 11.30M) | Time:00:00.00 | Mem:0.01M, Peak:0.01M | Scene, ViewLayer | Updating Particle Systems
Fra:4 Mem:9.96M (Peak 11.30M) | Time:00:00.00 | Mem:0.01M, Peak:0.01M | Scene, ViewLayer | Updating Particle Systems | Copying Particles to device
Fra:4 Mem:9.96M (Peak 11.30M) | Time:00:00.00 | Mem:0.01M, Peak:0.01M | Scene, ViewLayer | Updating Meshes
Fra:4 Mem:9.96M (Peak 11.30M) | Time:00:00.00 | Mem:0.01M, Peak:0.01M | Scene, ViewLayer | Updating Objects | Applying Static Transformations
Fra:4 Mem:9.96M (Peak 11.30M) | Time:00:00.00 | Mem:0.01M, Peak:0.01M | Scene, ViewLayer | Updating Mesh | Computing attributes
Fra:4 Mem:9.97M (Peak 11.30M) | Time:00:00.00 | Mem:0.01M, Peak:0.01M | Scene, ViewLayer | Updating Mesh | Copying Attributes to device
Fra:4 Mem:9.97M (Peak 11.30M) | Time:00:00.00 | Mem:0.02M, Peak:0.02M | Scene, ViewLayer | Updating Scene BVH | Building
Fra:4 Mem:9.97M (Peak 11.30M) | Time:00:00.00 | Mem:0.02M, Peak:0.02M | Scene, ViewLayer | Updating Scene BVH | Building BVH
Fra:4 Mem:9.97M (Peak 11.30M) | Time:00:00.00 | Mem:0.04M, Peak:0.04M | Scene, ViewLayer | Updating Scene BVH | Copying BVH to device
Fra:4 Mem:9.97M (Peak 11.30M) | Time:00:00.00 | Mem:0.04M, Peak:0.04M | Scene, ViewLayer | Updating Mesh | Computing normals
Fra:4 Mem:9.98M (Peak 11.30M) | Time:00:00.00 | Mem:0.04M, Peak:0.04M | Scene, ViewLayer | Updating Mesh | Copying Mesh to device
Fra:4 Mem:9.98M (Peak 11.30M) | Time:00:00.00 | Mem:0.05M, Peak:0.05M | Scene, ViewLayer | Updating Objects Flags
Fra:4 Mem:9.98M (Peak 11.30M) | Time:00:00.00 | Mem:0.05M, Peak:0.05M | Scene, ViewLayer | Updating Primitive Offsets
Fra:4 Mem:9.98M (Peak 11.30M) | Time:00:00.00 | Mem:0.05M, Peak:0.05M | Scene, ViewLayer | Updating Images
Fra:4 Mem:9.98M (Peak 11.30M) | Time:00:00.00 | Mem:0.05M, Peak:0.05M | Scene, ViewLayer | Updating Camera Volume
Fra:4 Mem:9.98M (Peak 11.30M) | Time:00:00.00 | Mem:0.05M, Peak:0.05M | Scene, ViewLayer | Updating Lookup Tables
Fra:4 Mem:9.98M (Peak 11.30M) | Time:00:00.00 | Mem:0.13M, Peak:0.13M | Scene, ViewLayer | Updating Lights
Fra:4 Mem:9.98M (Peak 11.30M) | Time:00:00.00 | Mem:0.13M, Peak:0.13M | Scene, ViewLayer | Updating Lights | Computing tree
Fra:4 Mem:9.99M (Peak 11.30M) | Time:00:00.00 | Mem:0.14M, Peak:0.14M | Scene, ViewLayer | Updating Integrator
Fra:4 Mem:9.99M (Peak 11.30M) | Time:00:00.00 | Mem:0.14M, Peak:0.14M | Scene, ViewLayer | Updating Film
Fra:4 Mem:10.00M (Peak 11.30M) | Time:00:00.00 | Mem:0.06M, Peak:0.14M | Scene, ViewLayer | Updating Lookup Tables
Fra:4 Mem:10.00M (Peak 11.30M) | Time:00:00.00 | Mem:0.15M, Peak:0.15M | Scene, ViewLayer | Updating Baking
Fra:4 Mem:10.00M (Peak 11.30M) | Time:00:00.00 | Mem:0.15M, Peak:0.15M | Scene, ViewLayer | Updating Device | Writing constant memory
Fra:4 Mem:10.00M (Peak 11.30M) | Time:00:00.00 | Mem:0.15M, Peak:0.15M | Scene, ViewLayer | Sample 0/8
Fra:4 Mem:12.29M (Peak 12.29M) | Time:00:00.00 | Remaining:00:00.03 | Mem:2.40M, Peak:2.40M | Scene, ViewLayer | Sample 1/8
Fra:4 Mem:13.29M (Peak 15.29M) | Time:00:00.04 | Mem:2.40M, Peak:2.40M | Scene, ViewLayer | Sample 8/8
Fra:4 Mem:13.29M (Peak 15.29M) | Time:00:00.04 | Mem:2.40M, Peak:2.40M | Scene, ViewLayer | Finished
Saved: '/home/terence/Documents/Codex/2026-09-06/realtime-voice-chat-3/outputs/butterfly-method-comparison/blender/turntable-frames/turntable_032.png'
Time: 00:00.04 (Saving: 00:00.00)

Fra:6 Mem:11.27M (Peak 11.27M) | Time:00:00.00 | Mem:0.00M, Peak:0.00M | Scene, ViewLayer | Synchronizing object | R forewing_border
Fra:6 Mem:11.28M (Peak 11.28M) | Time:00:00.00 | Mem:0.00M, Peak:0.00M | Scene, ViewLayer | Synchronizing object | R forewing_blue
Fra:6 Mem:11.28M (Peak 11.28M) | Time:00:00.00 | Mem:0.00M, Peak:0.00M | Scene, ViewLayer | Synchronizing object | R forewing_highlight
Fra:6 Mem:11.28M (Peak 11.28M) | Time:00:00.00 | Mem:0.00M, Peak:0.00M | Scene, ViewLayer | Synchronizing object | R forewing_cyan.001
Fra:6 Mem:11.28M (Peak 11.28M) | Time:00:00.00 | Mem:0.00M, Peak:0.00M | Scene, ViewLayer | Synchronizing object | R forewing_blue.001
Fra:6 Mem:11.28M (Peak 11.28M) | Time:00:00.00 | Mem:0.00M, Peak:0.00M | Scene, ViewLayer | Synchronizing object | R forewing_highlight.001
Fra:6 Mem:11.28M (Peak 11.28M) | Time:00:00.00 | Mem:0.00M, Peak:0.00M | Scene, ViewLayer | Synchronizing object | R hindwing_cyan
Fra:6 Mem:11.29M (Peak 11.29M) | Time:00:00.00 | Mem:0.00M, Peak:0.00M | Scene, ViewLayer | Synchronizing object | R hindwing_blue
Fra:6 Mem:11.29M (Peak 11.29M) | Time:00:00.00 | Mem:0.00M, Peak:0.00M | Scene, ViewLayer | Synchronizing object | R hindwing_cyan.001
Fra:6 Mem:11.29M (Peak 11.29M) | Time:00:00.00 | Mem:0.00M, Peak:0.00M | Scene, ViewLayer | Synchronizing object | R hindwing_blue.001
Fra:6 Mem:11.29M (Peak 11.29M) | Time:00:00.00 | Mem:0.00M, Peak:0.00M | Scene, ViewLayer | Synchronizing object | Antenna
Fra:6 Mem:11.29M (Peak 11.29M) | Time:00:00.00 | Mem:0.00M, Peak:0.00M | Scene, ViewLayer | Synchronizing object | L forewing_border
Fra:6 Mem:11.29M (Peak 11.29M) | Time:00:00.00 | Mem:0.00M, Peak:0.00M | Scene, ViewLayer | Synchronizing object | L forewing_blue
Fra:6 Mem:11.29M (Peak 11.29M) | Time:00:00.00 | Mem:0.00M, Peak:0.00M | Scene, ViewLayer | Synchronizing object | Thorax
Fra:6 Mem:11.29M (Peak 11.29M) | Time:00:00.00 | Mem:0.00M, Peak:0.00M | Scene, ViewLayer | Synchronizing object | L forewing_cyan.001
Fra:6 Mem:11.29M (Peak 11.29M) | Time:00:00.00 | Mem:0.00M, Peak:0.00M | Scene, ViewLayer | Synchronizing object | Abdomen
Fra:6 Mem:11.29M (Peak 11.29M) | Time:00:00.00 | Mem:0.00M, Peak:0.00M | Scene, ViewLayer | Synchronizing object | L hindwing_border
Fra:6 Mem:11.30M (Peak 11.30M) | Time:00:00.00 | Mem:0.00M, Peak:0.00M | Scene, ViewLayer | Synchronizing object | L hindwing_highlight.001
Fra:6 Mem:11.30M (Peak 11.30M) | Time:00:00.00 | Mem:0.00M, Peak:0.00M | Scene, ViewLayer | Synchronizing object | L hindwing_cyan
Fra:6 Mem:11.30M (Peak 11.30M) | Time:00:00.00 | Mem:0.00M, Peak:0.00M | Scene, ViewLayer | Synchronizing object | L hindwing_blue.001
Fra:6 Mem:11.30M (Peak 11.30M) | Time:00:00.00 | Mem:0.00M, Peak:0.00M | Scene, ViewLayer | Synchronizing object | L hindwing_blue
Fra:6 Mem:11.30M (Peak 11.30M) | Time:00:00.00 | Mem:0.00M, Peak:0.00M | Scene, ViewLayer | Synchronizing object | L hindwing_cyan.001
Fra:6 Mem:11.30M (Peak 11.30M) | Time:00:00.00 | Mem:0.00M, Peak:0.00M | Scene, ViewLayer | Synchronizing object | L hindwing_highlight
Fra:6 Mem:11.30M (Peak 11.30M) | Time:00:00.00 | Mem:0.00M, Peak:0.00M | Scene, ViewLayer | Initializing
Fra:6 Mem:9.87M (Peak 11.30M) | Time:00:00.00 | Mem:0.00M, Peak:0.00M | Scene, ViewLayer | Waiting for render to start
Fra:6 Mem:9.87M (Peak 11.30M) | Time:00:00.00 | Mem:0.00M, Peak:0.00M | Scene, ViewLayer | Updating Scene
Fra:6 Mem:9.87M (Peak 11.30M) | Time:00:00.00 | Mem:0.00M, Peak:0.00M | Scene, ViewLayer | Updating Shaders
Fra:6 Mem:9.87M (Peak 11.30M) | Time:00:00.00 | Mem:0.00M, Peak:0.00M | Scene, ViewLayer | Loading render kernels (may take a few minutes the first time)
Fra:6 Mem:9.96M (Peak 11.30M) | Time:00:00.00 | Mem:0.00M, Peak:0.00M | Scene, ViewLayer | Updating Procedurals
Fra:6 Mem:9.96M (Peak 11.30M) | Time:00:00.00 | Mem:0.00M, Peak:0.00M | Scene, ViewLayer | Updating Background
Fra:6 Mem:9.96M (Peak 11.30M) | Time:00:00.00 | Mem:0.00M, Peak:0.00M | Scene, ViewLayer | Updating Camera
Fra:6 Mem:9.96M (Peak 11.30M) | Time:00:00.00 | Mem:0.00M, Peak:0.00M | Scene, ViewLayer | Updating Meshes Flags
Fra:6 Mem:9.96M (Peak 11.30M) | Time:00:00.00 | Mem:0.00M, Peak:0.00M | Scene, ViewLayer | Updating Objects
Fra:6 Mem:9.96M (Peak 11.30M) | Time:00:00.00 | Mem:0.00M, Peak:0.00M | Scene, ViewLayer | Updating Objects | Copying Transformations to device
Fra:6 Mem:9.96M (Peak 11.30M) | Time:00:00.00 | Mem:0.01M, Peak:0.01M | Scene, ViewLayer | Updating Particle Systems
Fra:6 Mem:9.96M (Peak 11.30M) | Time:00:00.00 | Mem:0.01M, Peak:0.01M | Scene, ViewLayer | Updating Particle Systems | Copying Particles to device
Fra:6 Mem:9.96M (Peak 11.30M) | Time:00:00.00 | Mem:0.01M, Peak:0.01M | Scene, ViewLayer | Updating Meshes
Fra:6 Mem:9.96M (Peak 11.30M) | Time:00:00.00 | Mem:0.01M, Peak:0.01M | Scene, ViewLayer | Updating Objects | Applying Static Transformations
Fra:6 Mem:9.96M (Peak 11.30M) | Time:00:00.00 | Mem:0.01M, Peak:0.01M | Scene, ViewLayer | Updating Mesh | Computing attributes
Fra:6 Mem:9.97M (Peak 11.30M) | Time:00:00.00 | Mem:0.01M, Peak:0.01M | Scene, ViewLayer | Updating Mesh | Copying Attributes to device
Fra:6 Mem:9.97M (Peak 11.30M) | Time:00:00.00 | Mem:0.02M, Peak:0.02M | Scene, ViewLayer | Updating Scene BVH | Building
Fra:6 Mem:9.97M (Peak 11.30M) | Time:00:00.00 | Mem:0.02M, Peak:0.02M | Scene, ViewLayer | Updating Scene BVH | Building BVH
Fra:6 Mem:9.97M (Peak 11.30M) | Time:00:00.00 | Mem:0.02M, Peak:0.02M | Scene, ViewLayer | Updating Scene BVH | Building BVH 0%
Fra:6 Mem:9.97M (Peak 11.30M) | Time:00:00.00 | Mem:0.04M, Peak:0.04M | Scene, ViewLayer | Updating Scene BVH | Copying BVH to device
Fra:6 Mem:9.97M (Peak 11.30M) | Time:00:00.00 | Mem:0.04M, Peak:0.04M | Scene, ViewLayer | Updating Mesh | Computing normals
Fra:6 Mem:9.98M (Peak 11.30M) | Time:00:00.00 | Mem:0.04M, Peak:0.04M | Scene, ViewLayer | Updating Mesh | Copying Mesh to device
Fra:6 Mem:9.98M (Peak 11.30M) | Time:00:00.00 | Mem:0.05M, Peak:0.05M | Scene, ViewLayer | Updating Objects Flags
Fra:6 Mem:9.98M (Peak 11.30M) | Time:00:00.00 | Mem:0.05M, Peak:0.05M | Scene, ViewLayer | Updating Primitive Offsets
Fra:6 Mem:9.98M (Peak 11.30M) | Time:00:00.00 | Mem:0.05M, Peak:0.05M | Scene, ViewLayer | Updating Images
Fra:6 Mem:9.98M (Peak 11.30M) | Time:00:00.00 | Mem:0.05M, Peak:0.05M | Scene, ViewLayer | Updating Camera Volume
Fra:6 Mem:9.98M (Peak 11.30M) | Time:00:00.00 | Mem:0.05M, Peak:0.05M | Scene, ViewLayer | Updating Lookup Tables
Fra:6 Mem:9.98M (Peak 11.30M) | Time:00:00.00 | Mem:0.13M, Peak:0.13M | Scene, ViewLayer | Updating Lights
Fra:6 Mem:9.98M (Peak 11.30M) | Time:00:00.00 | Mem:0.13M, Peak:0.13M | Scene, ViewLayer | Updating Lights | Computing tree
Fra:6 Mem:9.99M (Peak 11.30M) | Time:00:00.00 | Mem:0.14M, Peak:0.14M | Scene, ViewLayer | Updating Integrator
Fra:6 Mem:9.99M (Peak 11.30M) | Time:00:00.00 | Mem:0.14M, Peak:0.14M | Scene, ViewLayer | Updating Film
Fra:6 Mem:10.00M (Peak 11.30M) | Time:00:00.00 | Mem:0.06M, Peak:0.14M | Scene, ViewLayer | Updating Lookup Tables
Fra:6 Mem:10.00M (Peak 11.30M) | Time:00:00.00 | Mem:0.15M, Peak:0.15M | Scene, ViewLayer | Updating Baking
Fra:6 Mem:10.00M (Peak 11.30M) | Time:00:00.00 | Mem:0.15M, Peak:0.15M | Scene, ViewLayer | Updating Device | Writing constant memory
Fra:6 Mem:10.00M (Peak 11.30M) | Time:00:00.00 | Mem:0.15M, Peak:0.15M | Scene, ViewLayer | Sample 0/8
Fra:6 Mem:12.29M (Peak 12.29M) | Time:00:00.00 | Remaining:00:00.03 | Mem:2.40M, Peak:2.40M | Scene, ViewLayer | Sample 1/8
Fra:6 Mem:13.29M (Peak 15.29M) | Time:00:00.04 | Mem:2.40M, Peak:2.40M | Scene, ViewLayer | Sample 8/8
Fra:6 Mem:13.29M (Peak 15.29M) | Time:00:00.04 | Mem:2.40M, Peak:2.40M | Scene, ViewLayer | Finished
Saved: '/home/terence/Documents/Codex/2026-09-06/realtime-voice-chat-3/outputs/butterfly-method-comparison/blender/turntable-frames/turntable_033.png'
Time: 00:00.04 (Saving: 00:00.00)

Fra:7 Mem:11.27M (Peak 11.27M) | Time:00:00.00 | Mem:0.00M, Peak:0.00M | Scene, ViewLayer | Synchronizing object | R forewing_border
Fra:7 Mem:11.28M (Peak 11.28M) | Time:00:00.00 | Mem:0.00M, Peak:0.00M | Scene, ViewLayer | Synchronizing object | R forewing_blue
Fra:7 Mem:11.28M (Peak 11.28M) | Time:00:00.00 | Mem:0.00M, Peak:0.00M | Scene, ViewLayer | Synchronizing object | R forewing_highlight
Fra:7 Mem:11.28M (Peak 11.28M) | Time:00:00.00 | Mem:0.00M, Peak:0.00M | Scene, ViewLayer | Synchronizing object | R forewing_cyan.001
Fra:7 Mem:11.28M (Peak 11.28M) | Time:00:00.00 | Mem:0.00M, Peak:0.00M | Scene, ViewLayer | Synchronizing object | R forewing_highlight.001
Fra:7 Mem:11.28M (Peak 11.28M) | Time:00:00.00 | Mem:0.00M, Peak:0.00M | Scene, ViewLayer | Synchronizing object | R hindwing_border
Fra:7 Mem:11.28M (Peak 11.28M) | Time:00:00.00 | Mem:0.00M, Peak:0.00M | Scene, ViewLayer | Synchronizing object | R hindwing_cyan
Fra:7 Mem:11.29M (Peak 11.29M) | Time:00:00.00 | Mem:0.00M, Peak:0.00M | Scene, ViewLayer | Synchronizing object | R hindwing_highlight
Fra:7 Mem:11.29M (Peak 11.29M) | Time:00:00.00 | Mem:0.00M, Peak:0.00M | Scene, ViewLayer | Synchronizing object | Antenna.001
Fra:7 Mem:11.29M (Peak 11.29M) | Time:00:00.00 | Mem:0.00M, Peak:0.00M | Scene, ViewLayer | Synchronizing object | R hindwing_highlight.001
Fra:7 Mem:11.29M (Peak 11.29M) | Time:00:00.00 | Mem:0.00M, Peak:0.00M | Scene, ViewLayer | Synchronizing object | Antenna
Fra:7 Mem:11.29M (Peak 11.29M) | Time:00:00.00 | Mem:0.00M, Peak:0.00M | Scene, ViewLayer | Synchronizing object | L forewing_border
Fra:7 Mem:11.29M (Peak 11.29M) | Time:00:00.00 | Mem:0.00M, Peak:0.00M | Scene, ViewLayer | Synchronizing object | L forewing_blue
Fra:7 Mem:11.29M (Peak 11.29M) | Time:00:00.00 | Mem:0.00M, Peak:0.00M | Scene, ViewLayer | Synchronizing object | Head
Fra:7 Mem:11.29M (Peak 11.29M) | Time:00:00.00 | Mem:0.00M, Peak:0.00M | Scene, ViewLayer | Synchronizing object | L forewing_highlight
Fra:7 Mem:11.29M (Peak 11.29M) | Time:00:00.00 | Mem:0.00M, Peak:0.00M | Scene, ViewLayer | Synchronizing object | Thorax
Fra:7 Mem:11.29M (Peak 11.29M) | Time:00:00.00 | Mem:0.00M, Peak:0.00M | Scene, ViewLayer | Synchronizing object | L forewing_cyan.001
Fra:7 Mem:11.29M (Peak 11.29M) | Time:00:00.00 | Mem:0.00M, Peak:0.00M | Scene, ViewLayer | Synchronizing object | Abdomen
Fra:7 Mem:11.29M (Peak 11.29M) | Time:00:00.00 | Mem:0.00M, Peak:0.00M | Scene, ViewLayer | Synchronizing object | L forewing_highlight.001
Fra:7 Mem:11.30M (Peak 11.30M) | Time:00:00.00 | Mem:0.00M, Peak:0.00M | Scene, ViewLayer | Synchronizing object | L hindwing_highlight.001
Fra:7 Mem:11.30M (Peak 11.30M) | Time:00:00.00 | Mem:0.00M, Peak:0.00M | Scene, ViewLayer | Synchronizing object | L hindwing_blue.001
Fra:7 Mem:11.30M (Peak 11.30M) | Time:00:00.00 | Mem:0.00M, Peak:0.00M | Scene, ViewLayer | Synchronizing object | L hindwing_blue
Fra:7 Mem:11.30M (Peak 11.30M) | Time:00:00.00 | Mem:0.00M, Peak:0.00M | Scene, ViewLayer | Synchronizing object | L hindwing_cyan.001
Fra:7 Mem:11.30M (Peak 11.30M) | Time:00:00.00 | Mem:0.00M, Peak:0.00M | Scene, ViewLayer | Synchronizing object | L hindwing_highlight
Fra:7 Mem:11.30M (Peak 11.30M) | Time:00:00.00 | Mem:0.00M, Peak:0.00M | Scene, ViewLayer | Initializing
Fra:7 Mem:9.87M (Peak 11.30M) | Time:00:00.00 | Mem:0.00M, Peak:0.00M | Scene, ViewLayer | Waiting for render to start
Fra:7 Mem:9.87M (Peak 11.30M) | Time:00:00.00 | Mem:0.00M, Peak:0.00M | Scene, ViewLayer | Updating Scene
Fra:7 Mem:9.87M (Peak 11.30M) | Time:00:00.00 | Mem:0.00M, Peak:0.00M | Scene, ViewLayer | Updating Shaders
Fra:7 Mem:9.87M (Peak 11.30M) | Time:00:00.00 | Mem:0.00M, Peak:0.00M | Scene, ViewLayer | Loading render kernels (may take a few minutes the first time)
Fra:7 Mem:9.96M (Peak 11.30M) | Time:00:00.00 | Mem:0.00M, Peak:0.00M | Scene, ViewLayer | Updating Procedurals
Fra:7 Mem:9.96M (Peak 11.30M) | Time:00:00.00 | Mem:0.00M, Peak:0.00M | Scene, ViewLayer | Updating Background
Fra:7 Mem:9.96M (Peak 11.30M) | Time:00:00.00 | Mem:0.00M, Peak:0.00M | Scene, ViewLayer | Updating Camera
Fra:7 Mem:9.96M (Peak 11.30M) | Time:00:00.00 | Mem:0.00M, Peak:0.00M | Scene, ViewLayer | Updating Meshes Flags
Fra:7 Mem:9.96M (Peak 11.30M) | Time:00:00.00 | Mem:0.00M, Peak:0.00M | Scene, ViewLayer | Updating Objects
Fra:7 Mem:9.96M (Peak 11.30M) | Time:00:00.00 | Mem:0.00M, Peak:0.00M | Scene, ViewLayer | Updating Objects | Copying Transformations to device
Fra:7 Mem:9.96M (Peak 11.30M) | Time:00:00.00 | Mem:0.01M, Peak:0.01M | Scene, ViewLayer | Updating Particle Systems
Fra:7 Mem:9.96M (Peak 11.30M) | Time:00:00.00 | Mem:0.01M, Peak:0.01M | Scene, ViewLayer | Updating Particle Systems | Copying Particles to device
Fra:7 Mem:9.96M (Peak 11.30M) | Time:00:00.00 | Mem:0.01M, Peak:0.01M | Scene, ViewLayer | Updating Meshes
Fra:7 Mem:9.96M (Peak 11.30M) | Time:00:00.00 | Mem:0.01M, Peak:0.01M | Scene, ViewLayer | Updating Objects | Applying Static Transformations
Fra:7 Mem:9.96M (Peak 11.30M) | Time:00:00.00 | Mem:0.01M, Peak:0.01M | Scene, ViewLayer | Updating Mesh | Computing attributes
Fra:7 Mem:9.97M (Peak 11.30M) | Time:00:00.00 | Mem:0.01M, Peak:0.01M | Scene, ViewLayer | Updating Mesh | Copying Attributes to device
Fra:7 Mem:9.97M (Peak 11.30M) | Time:00:00.00 | Mem:0.02M, Peak:0.02M | Scene, ViewLayer | Updating Scene BVH | Building
Fra:7 Mem:9.97M (Peak 11.30M) | Time:00:00.00 | Mem:0.02M, Peak:0.02M | Scene, ViewLayer | Updating Scene BVH | Building BVH
Fra:7 Mem:9.97M (Peak 11.30M) | Time:00:00.00 | Mem:0.04M, Peak:0.04M | Scene, ViewLayer | Updating Scene BVH | Copying BVH to device
Fra:7 Mem:9.97M (Peak 11.30M) | Time:00:00.00 | Mem:0.04M, Peak:0.04M | Scene, ViewLayer | Updating Mesh | Computing normals
Fra:7 Mem:9.98M (Peak 11.30M) | Time:00:00.00 | Mem:0.04M, Peak:0.04M | Scene, ViewLayer | Updating Mesh | Copying Mesh to device
Fra:7 Mem:9.98M (Peak 11.30M) | Time:00:00.00 | Mem:0.05M, Peak:0.05M | Scene, ViewLayer | Updating Objects Flags
Fra:7 Mem:9.98M (Peak 11.30M) | Time:00:00.00 | Mem:0.05M, Peak:0.05M | Scene, ViewLayer | Updating Primitive Offsets
Fra:7 Mem:9.98M (Peak 11.30M) | Time:00:00.00 | Mem:0.05M, Peak:0.05M | Scene, ViewLayer | Updating Images
Fra:7 Mem:9.98M (Peak 11.30M) | Time:00:00.00 | Mem:0.05M, Peak:0.05M | Scene, ViewLayer | Updating Camera Volume
Fra:7 Mem:9.98M (Peak 11.30M) | Time:00:00.00 | Mem:0.05M, Peak:0.05M | Scene, ViewLayer | Updating Lookup Tables
Fra:7 Mem:9.98M (Peak 11.30M) | Time:00:00.00 | Mem:0.13M, Peak:0.13M | Scene, ViewLayer | Updating Lights
Fra:7 Mem:9.98M (Peak 11.30M) | Time:00:00.00 | Mem:0.13M, Peak:0.13M | Scene, ViewLayer | Updating Lights | Computing tree
Fra:7 Mem:9.99M (Peak 11.30M) | Time:00:00.00 | Mem:0.14M, Peak:0.14M | Scene, ViewLayer | Updating Integrator
Fra:7 Mem:9.99M (Peak 11.30M) | Time:00:00.00 | Mem:0.14M, Peak:0.14M | Scene, ViewLayer | Updating Film
Fra:7 Mem:10.00M (Peak 11.30M) | Time:00:00.00 | Mem:0.06M, Peak:0.14M | Scene, ViewLayer | Updating Lookup Tables
Fra:7 Mem:10.00M (Peak 11.30M) | Time:00:00.00 | Mem:0.15M, Peak:0.15M | Scene, ViewLayer | Updating Baking
Fra:7 Mem:10.00M (Peak 11.30M) | Time:00:00.00 | Mem:0.15M, Peak:0.15M | Scene, ViewLayer | Updating Device | Writing constant memory
Fra:7 Mem:10.00M (Peak 11.30M) | Time:00:00.00 | Mem:0.15M, Peak:0.15M | Scene, ViewLayer | Sample 0/8
Fra:7 Mem:12.29M (Peak 12.29M) | Time:00:00.00 | Remaining:00:00.03 | Mem:2.40M, Peak:2.40M | Scene, ViewLayer | Sample 1/8
Fra:7 Mem:13.29M (Peak 15.29M) | Time:00:00.04 | Mem:2.40M, Peak:2.40M | Scene, ViewLayer | Sample 8/8
Fra:7 Mem:13.29M (Peak 15.29M) | Time:00:00.04 | Mem:2.40M, Peak:2.40M | Scene, ViewLayer | Finished
Saved: '/home/terence/Documents/Codex/2026-09-06/realtime-voice-chat-3/outputs/butterfly-method-comparison/blender/turntable-frames/turntable_034.png'
Time: 00:00.04 (Saving: 00:00.00)

Fra:9 Mem:11.27M (Peak 11.27M) | Time:00:00.00 | Mem:0.00M, Peak:0.00M | Scene, ViewLayer | Synchronizing object | R forewing_border
Fra:9 Mem:11.28M (Peak 11.28M) | Time:00:00.00 | Mem:0.00M, Peak:0.00M | Scene, ViewLayer | Synchronizing object | R forewing_blue
Fra:9 Mem:11.28M (Peak 11.28M) | Time:00:00.00 | Mem:0.00M, Peak:0.00M | Scene, ViewLayer | Synchronizing object | R forewing_highlight
Fra:9 Mem:11.28M (Peak 11.28M) | Time:00:00.00 | Mem:0.00M, Peak:0.00M | Scene, ViewLayer | Synchronizing object | R forewing_cyan.001
Fra:9 Mem:11.28M (Peak 11.28M) | Time:00:00.00 | Mem:0.00M, Peak:0.00M | Scene, ViewLayer | Synchronizing object | R forewing_highlight.001
Fra:9 Mem:11.28M (Peak 11.28M) | Time:00:00.00 | Mem:0.00M, Peak:0.00M | Scene, ViewLayer | Synchronizing object | Antenna.001
Fra:9 Mem:11.28M (Peak 11.29M) | Time:00:00.00 | Mem:0.00M, Peak:0.00M | Scene, ViewLayer | Synchronizing object | R hindwing_cyan
Fra:9 Mem:11.29M (Peak 11.29M) | Time:00:00.00 | Mem:0.00M, Peak:0.00M | Scene, ViewLayer | Synchronizing object | Antenna
Fra:9 Mem:11.29M (Peak 11.29M) | Time:00:00.00 | Mem:0.00M, Peak:0.00M | Scene, ViewLayer | Synchronizing object | R hindwing_blue
Fra:9 Mem:11.29M (Peak 11.29M) | Time:00:00.00 | Mem:0.00M, Peak:0.00M | Scene, ViewLayer | Synchronizing object | R hindwing_cyan.001
Fra:9 Mem:11.29M (Peak 11.29M) | Time:00:00.00 | Mem:0.00M, Peak:0.00M | Scene, ViewLayer | Synchronizing object | Head
Fra:9 Mem:11.29M (Peak 11.29M) | Time:00:00.00 | Mem:0.00M, Peak:0.00M | Scene, ViewLayer | Synchronizing object | R hindwing_blue.001
Fra:9 Mem:11.29M (Peak 11.29M) | Time:00:00.00 | Mem:0.00M, Peak:0.00M | Scene, ViewLayer | Synchronizing object | R hindwing_highlight.001
Fra:9 Mem:11.29M (Peak 11.29M) | Time:00:00.00 | Mem:0.00M, Peak:0.00M | Scene, ViewLayer | Synchronizing object | L forewing_border
Fra:9 Mem:11.29M (Peak 11.29M) | Time:00:00.00 | Mem:0.00M, Peak:0.00M | Scene, ViewLayer | Synchronizing object | L forewing_cyan
Fra:9 Mem:11.29M (Peak 11.29M) | Time:00:00.00 | Mem:0.00M, Peak:0.00M | Scene, ViewLayer | Synchronizing object | Abdomen
Fra:9 Mem:11.29M (Peak 11.29M) | Time:00:00.00 | Mem:0.00M, Peak:0.00M | Scene, ViewLayer | Synchronizing object | L forewing_highlight
Fra:9 Mem:11.30M (Peak 11.30M) | Time:00:00.00 | Mem:0.00M, Peak:0.00M | Scene, ViewLayer | Synchronizing object | L forewing_cyan.001
Fra:9 Mem:11.30M (Peak 11.30M) | Time:00:00.00 | Mem:0.00M, Peak:0.00M | Scene, ViewLayer | Synchronizing object | L hindwing_highlight.001
Fra:9 Mem:11.30M (Peak 11.30M) | Time:00:00.00 | Mem:0.00M, Peak:0.00M | Scene, ViewLayer | Synchronizing object | L forewing_highlight.001
Fra:9 Mem:11.30M (Peak 11.30M) | Time:00:00.00 | Mem:0.00M, Peak:0.00M | Scene, ViewLayer | Synchronizing object | L hindwing_border
Fra:9 Mem:11.30M (Peak 11.30M) | Time:00:00.00 | Mem:0.00M, Peak:0.00M | Scene, ViewLayer | Synchronizing object | L hindwing_cyan
Fra:9 Mem:11.30M (Peak 11.30M) | Time:00:00.00 | Mem:0.00M, Peak:0.00M | Scene, ViewLayer | Synchronizing object | L hindwing_blue
Fra:9 Mem:11.30M (Peak 11.30M) | Time:00:00.00 | Mem:0.00M, Peak:0.00M | Scene, ViewLayer | Synchronizing object | L hindwing_highlight
Fra:9 Mem:11.30M (Peak 11.30M) | Time:00:00.00 | Mem:0.00M, Peak:0.00M | Scene, ViewLayer | Initializing
Fra:9 Mem:9.87M (Peak 11.30M) | Time:00:00.00 | Mem:0.00M, Peak:0.00M | Scene, ViewLayer | Waiting for render to start
Fra:9 Mem:9.87M (Peak 11.30M) | Time:00:00.00 | Mem:0.00M, Peak:0.00M | Scene, ViewLayer | Updating Scene
Fra:9 Mem:9.87M (Peak 11.30M) | Time:00:00.00 | Mem:0.00M, Peak:0.00M | Scene, ViewLayer | Updating Shaders
Fra:9 Mem:9.87M (Peak 11.30M) | Time:00:00.00 | Mem:0.00M, Peak:0.00M | Scene, ViewLayer | Loading render kernels (may take a few minutes the first time)
Fra:9 Mem:9.96M (Peak 11.30M) | Time:00:00.00 | Mem:0.00M, Peak:0.00M | Scene, ViewLayer | Updating Procedurals
Fra:9 Mem:9.96M (Peak 11.30M) | Time:00:00.00 | Mem:0.00M, Peak:0.00M | Scene, ViewLayer | Updating Background
Fra:9 Mem:9.96M (Peak 11.30M) | Time:00:00.00 | Mem:0.00M, Peak:0.00M | Scene, ViewLayer | Updating Camera
Fra:9 Mem:9.96M (Peak 11.30M) | Time:00:00.00 | Mem:0.00M, Peak:0.00M | Scene, ViewLayer | Updating Meshes Flags
Fra:9 Mem:9.96M (Peak 11.30M) | Time:00:00.00 | Mem:0.00M, Peak:0.00M | Scene, ViewLayer | Updating Objects
Fra:9 Mem:9.96M (Peak 11.30M) | Time:00:00.00 | Mem:0.00M, Peak:0.00M | Scene, ViewLayer | Updating Objects | Copying Transformations to device
Fra:9 Mem:9.96M (Peak 11.30M) | Time:00:00.00 | Mem:0.01M, Peak:0.01M | Scene, ViewLayer | Updating Particle Systems
Fra:9 Mem:9.96M (Peak 11.30M) | Time:00:00.00 | Mem:0.01M, Peak:0.01M | Scene, ViewLayer | Updating Particle Systems | Copying Particles to device
Fra:9 Mem:9.96M (Peak 11.30M) | Time:00:00.00 | Mem:0.01M, Peak:0.01M | Scene, ViewLayer | Updating Meshes
Fra:9 Mem:9.96M (Peak 11.30M) | Time:00:00.00 | Mem:0.01M, Peak:0.01M | Scene, ViewLayer | Updating Objects | Applying Static Transformations
Fra:9 Mem:9.96M (Peak 11.30M) | Time:00:00.00 | Mem:0.01M, Peak:0.01M | Scene, ViewLayer | Updating Mesh | Computing attributes
Fra:9 Mem:9.97M (Peak 11.30M) | Time:00:00.00 | Mem:0.01M, Peak:0.01M | Scene, ViewLayer | Updating Mesh | Copying Attributes to device
Fra:9 Mem:9.97M (Peak 11.30M) | Time:00:00.00 | Mem:0.02M, Peak:0.02M | Scene, ViewLayer | Updating Scene BVH | Building
Fra:9 Mem:9.97M (Peak 11.30M) | Time:00:00.00 | Mem:0.02M, Peak:0.02M | Scene, ViewLayer | Updating Scene BVH | Building BVH
Fra:9 Mem:9.97M (Peak 11.30M) | Time:00:00.00 | Mem:0.04M, Peak:0.04M | Scene, ViewLayer | Updating Scene BVH | Copying BVH to device
Fra:9 Mem:9.97M (Peak 11.30M) | Time:00:00.00 | Mem:0.04M, Peak:0.04M | Scene, ViewLayer | Updating Mesh | Computing normals
Fra:9 Mem:9.98M (Peak 11.30M) | Time:00:00.00 | Mem:0.04M, Peak:0.04M | Scene, ViewLayer | Updating Mesh | Copying Mesh to device
Fra:9 Mem:9.98M (Peak 11.30M) | Time:00:00.00 | Mem:0.05M, Peak:0.05M | Scene, ViewLayer | Updating Objects Flags
Fra:9 Mem:9.98M (Peak 11.30M) | Time:00:00.00 | Mem:0.05M, Peak:0.05M | Scene, ViewLayer | Updating Primitive Offsets
Fra:9 Mem:9.98M (Peak 11.30M) | Time:00:00.00 | Mem:0.05M, Peak:0.05M | Scene, ViewLayer | Updating Images
Fra:9 Mem:9.98M (Peak 11.30M) | Time:00:00.00 | Mem:0.05M, Peak:0.05M | Scene, ViewLayer | Updating Camera Volume
Fra:9 Mem:9.98M (Peak 11.30M) | Time:00:00.00 | Mem:0.05M, Peak:0.05M | Scene, ViewLayer | Updating Lookup Tables
Fra:9 Mem:9.98M (Peak 11.30M) | Time:00:00.00 | Mem:0.13M, Peak:0.13M | Scene, ViewLayer | Updating Lights
Fra:9 Mem:9.98M (Peak 11.30M) | Time:00:00.00 | Mem:0.13M, Peak:0.13M | Scene, ViewLayer | Updating Lights | Computing tree
Fra:9 Mem:9.99M (Peak 11.30M) | Time:00:00.00 | Mem:0.14M, Peak:0.14M | Scene, ViewLayer | Updating Integrator
Fra:9 Mem:9.99M (Peak 11.30M) | Time:00:00.00 | Mem:0.14M, Peak:0.14M | Scene, ViewLayer | Updating Film
Fra:9 Mem:10.00M (Peak 11.30M) | Time:00:00.00 | Mem:0.06M, Peak:0.14M | Scene, ViewLayer | Updating Lookup Tables
Fra:9 Mem:10.00M (Peak 11.30M) | Time:00:00.00 | Mem:0.15M, Peak:0.15M | Scene, ViewLayer | Updating Baking
Fra:9 Mem:10.00M (Peak 11.30M) | Time:00:00.00 | Mem:0.15M, Peak:0.15M | Scene, ViewLayer | Updating Device | Writing constant memory
Fra:9 Mem:10.00M (Peak 11.30M) | Time:00:00.00 | Mem:0.15M, Peak:0.15M | Scene, ViewLayer | Sample 0/8
Fra:9 Mem:12.29M (Peak 12.29M) | Time:00:00.00 | Remaining:00:00.03 | Mem:2.40M, Peak:2.40M | Scene, ViewLayer | Sample 1/8
Fra:9 Mem:13.29M (Peak 15.29M) | Time:00:00.04 | Mem:2.40M, Peak:2.40M | Scene, ViewLayer | Sample 8/8
Fra:9 Mem:13.29M (Peak 15.29M) | Time:00:00.04 | Mem:2.40M, Peak:2.40M | Scene, ViewLayer | Finished
Saved: '/home/terence/Documents/Codex/2026-09-06/realtime-voice-chat-3/outputs/butterfly-method-comparison/blender/turntable-frames/turntable_035.png'
Time: 00:00.04 (Saving: 00:00.00)

Fra:11 Mem:11.27M (Peak 11.27M) | Time:00:00.00 | Mem:0.00M, Peak:0.00M | Scene, ViewLayer | Synchronizing object | R forewing_border
Fra:11 Mem:11.28M (Peak 11.28M) | Time:00:00.00 | Mem:0.00M, Peak:0.00M | Scene, ViewLayer | Synchronizing object | R forewing_blue
Fra:11 Mem:11.28M (Peak 11.28M) | Time:00:00.00 | Mem:0.00M, Peak:0.00M | Scene, ViewLayer | Synchronizing object | R forewing_highlight
Fra:11 Mem:11.28M (Peak 11.28M) | Time:00:00.00 | Mem:0.00M, Peak:0.00M | Scene, ViewLayer | Synchronizing object | R forewing_cyan.001
Fra:11 Mem:11.28M (Peak 11.28M) | Time:00:00.00 | Mem:0.00M, Peak:0.00M | Scene, ViewLayer | Synchronizing object | Antenna.001
Fra:11 Mem:11.28M (Peak 11.28M) | Time:00:00.00 | Mem:0.00M, Peak:0.00M | Scene, ViewLayer | Synchronizing object | R forewing_highlight.001
Fra:11 Mem:11.29M (Peak 11.29M) | Time:00:00.00 | Mem:0.00M, Peak:0.00M | Scene, ViewLayer | Synchronizing object | R hindwing_cyan
Fra:11 Mem:11.29M (Peak 11.29M) | Time:00:00.00 | Mem:0.00M, Peak:0.00M | Scene, ViewLayer | Synchronizing object | Antenna
Fra:11 Mem:11.29M (Peak 11.29M) | Time:00:00.00 | Mem:0.00M, Peak:0.00M | Scene, ViewLayer | Synchronizing object | R hindwing_blue
Fra:11 Mem:11.29M (Peak 11.29M) | Time:00:00.00 | Mem:0.00M, Peak:0.00M | Scene, ViewLayer | Synchronizing object | R hindwing_highlight
Fra:11 Mem:11.29M (Peak 11.29M) | Time:00:00.00 | Mem:0.00M, Peak:0.00M | Scene, ViewLayer | Synchronizing object | R hindwing_cyan.001
Fra:11 Mem:11.29M (Peak 11.29M) | Time:00:00.00 | Mem:0.00M, Peak:0.00M | Scene, ViewLayer | Synchronizing object | Head
Fra:11 Mem:11.29M (Peak 11.29M) | Time:00:00.00 | Mem:0.00M, Peak:0.00M | Scene, ViewLayer | Synchronizing object | R hindwing_blue.001
Fra:11 Mem:11.29M (Peak 11.29M) | Time:00:00.00 | Mem:0.00M, Peak:0.00M | Scene, ViewLayer | Synchronizing object | R hindwing_highlight.001
Fra:11 Mem:11.29M (Peak 11.29M) | Time:00:00.00 | Mem:0.00M, Peak:0.00M | Scene, ViewLayer | Synchronizing object | Thorax
Fra:11 Mem:11.29M (Peak 11.29M) | Time:00:00.00 | Mem:0.00M, Peak:0.00M | Scene, ViewLayer | Synchronizing object | L forewing_cyan
Fra:11 Mem:11.29M (Peak 11.29M) | Time:00:00.00 | Mem:0.00M, Peak:0.00M | Scene, ViewLayer | Synchronizing object | L forewing_blue
Fra:11 Mem:11.29M (Peak 11.29M) | Time:00:00.00 | Mem:0.00M, Peak:0.00M | Scene, ViewLayer | Synchronizing object | Abdomen
Fra:11 Mem:11.29M (Peak 11.29M) | Time:00:00.00 | Mem:0.00M, Peak:0.00M | Scene, ViewLayer | Synchronizing object | L forewing_cyan.001
Fra:11 Mem:11.29M (Peak 11.29M) | Time:00:00.00 | Mem:0.00M, Peak:0.00M | Scene, ViewLayer | Synchronizing object | L hindwing_highlight.001
Fra:11 Mem:11.30M (Peak 11.30M) | Time:00:00.00 | Mem:0.00M, Peak:0.00M | Scene, ViewLayer | Synchronizing object | L forewing_blue.001
Fra:11 Mem:11.30M (Peak 11.30M) | Time:00:00.00 | Mem:0.00M, Peak:0.00M | Scene, ViewLayer | Synchronizing object | L hindwing_border
Fra:11 Mem:11.30M (Peak 11.30M) | Time:00:00.00 | Mem:0.00M, Peak:0.00M | Scene, ViewLayer | Synchronizing object | L hindwing_blue
Fra:11 Mem:11.30M (Peak 11.30M) | Time:00:00.00 | Mem:0.00M, Peak:0.00M | Scene, ViewLayer | Synchronizing object | L hindwing_highlight
Fra:11 Mem:11.30M (Peak 11.30M) | Time:00:00.00 | Mem:0.00M, Peak:0.00M | Scene, ViewLayer | Synchronizing object | L hindwing_cyan.001
Fra:11 Mem:11.30M (Peak 11.30M) | Time:00:00.00 | Mem:0.00M, Peak:0.00M | Scene, ViewLayer | Initializing
Fra:11 Mem:9.87M (Peak 11.30M) | Time:00:00.00 | Mem:0.00M, Peak:0.00M | Scene, ViewLayer | Waiting for render to start
Fra:11 Mem:9.87M (Peak 11.30M) | Time:00:00.00 | Mem:0.00M, Peak:0.00M | Scene, ViewLayer | Updating Scene
Fra:11 Mem:9.87M (Peak 11.30M) | Time:00:00.00 | Mem:0.00M, Peak:0.00M | Scene, ViewLayer | Updating Shaders
Fra:11 Mem:9.87M (Peak 11.30M) | Time:00:00.00 | Mem:0.00M, Peak:0.00M | Scene, ViewLayer | Loading render kernels (may take a few minutes the first time)
Fra:11 Mem:9.96M (Peak 11.30M) | Time:00:00.00 | Mem:0.00M, Peak:0.00M | Scene, ViewLayer | Updating Procedurals
Fra:11 Mem:9.96M (Peak 11.30M) | Time:00:00.00 | Mem:0.00M, Peak:0.00M | Scene, ViewLayer | Updating Background
Fra:11 Mem:9.96M (Peak 11.30M) | Time:00:00.00 | Mem:0.00M, Peak:0.00M | Scene, ViewLayer | Updating Camera
Fra:11 Mem:9.96M (Peak 11.30M) | Time:00:00.00 | Mem:0.00M, Peak:0.00M | Scene, ViewLayer | Updating Meshes Flags
Fra:11 Mem:9.96M (Peak 11.30M) | Time:00:00.00 | Mem:0.00M, Peak:0.00M | Scene, ViewLayer | Updating Objects
Fra:11 Mem:9.96M (Peak 11.30M) | Time:00:00.00 | Mem:0.00M, Peak:0.00M | Scene, ViewLayer | Updating Objects | Copying Transformations to device
Fra:11 Mem:9.96M (Peak 11.30M) | Time:00:00.00 | Mem:0.01M, Peak:0.01M | Scene, ViewLayer | Updating Particle Systems
Fra:11 Mem:9.96M (Peak 11.30M) | Time:00:00.00 | Mem:0.01M, Peak:0.01M | Scene, ViewLayer | Updating Particle Systems | Copying Particles to device
Fra:11 Mem:9.96M (Peak 11.30M) | Time:00:00.00 | Mem:0.01M, Peak:0.01M | Scene, ViewLayer | Updating Meshes
Fra:11 Mem:9.96M (Peak 11.30M) | Time:00:00.00 | Mem:0.01M, Peak:0.01M | Scene, ViewLayer | Updating Objects | Applying Static Transformations
Fra:11 Mem:9.96M (Peak 11.30M) | Time:00:00.00 | Mem:0.01M, Peak:0.01M | Scene, ViewLayer | Updating Mesh | Computing attributes
Fra:11 Mem:9.97M (Peak 11.30M) | Time:00:00.00 | Mem:0.01M, Peak:0.01M | Scene, ViewLayer | Updating Mesh | Copying Attributes to device
Fra:11 Mem:9.97M (Peak 11.30M) | Time:00:00.00 | Mem:0.02M, Peak:0.02M | Scene, ViewLayer | Updating Scene BVH | Building
Fra:11 Mem:9.97M (Peak 11.30M) | Time:00:00.00 | Mem:0.02M, Peak:0.02M | Scene, ViewLayer | Updating Scene BVH | Building BVH
Fra:11 Mem:9.97M (Peak 11.30M) | Time:00:00.00 | Mem:0.04M, Peak:0.04M | Scene, ViewLayer | Updating Scene BVH | Copying BVH to device
Fra:11 Mem:9.97M (Peak 11.30M) | Time:00:00.00 | Mem:0.04M, Peak:0.04M | Scene, ViewLayer | Updating Mesh | Computing normals
Fra:11 Mem:9.98M (Peak 11.30M) | Time:00:00.00 | Mem:0.04M, Peak:0.04M | Scene, ViewLayer | Updating Mesh | Copying Mesh to device
Fra:11 Mem:9.98M (Peak 11.30M) | Time:00:00.00 | Mem:0.05M, Peak:0.05M | Scene, ViewLayer | Updating Objects Flags
Fra:11 Mem:9.98M (Peak 11.30M) | Time:00:00.00 | Mem:0.05M, Peak:0.05M | Scene, ViewLayer | Updating Primitive Offsets
Fra:11 Mem:9.98M (Peak 11.30M) | Time:00:00.00 | Mem:0.05M, Peak:0.05M | Scene, ViewLayer | Updating Images
Fra:11 Mem:9.98M (Peak 11.30M) | Time:00:00.00 | Mem:0.05M, Peak:0.05M | Scene, ViewLayer | Updating Camera Volume
Fra:11 Mem:9.98M (Peak 11.30M) | Time:00:00.00 | Mem:0.05M, Peak:0.05M | Scene, ViewLayer | Updating Lookup Tables
Fra:11 Mem:9.98M (Peak 11.30M) | Time:00:00.00 | Mem:0.13M, Peak:0.13M | Scene, ViewLayer | Updating Lights
Fra:11 Mem:9.98M (Peak 11.30M) | Time:00:00.00 | Mem:0.13M, Peak:0.13M | Scene, ViewLayer | Updating Lights | Computing tree
Fra:11 Mem:9.99M (Peak 11.30M) | Time:00:00.00 | Mem:0.14M, Peak:0.14M | Scene, ViewLayer | Updating Integrator
Fra:11 Mem:9.99M (Peak 11.30M) | Time:00:00.00 | Mem:0.14M, Peak:0.14M | Scene, ViewLayer | Updating Film
Fra:11 Mem:10.00M (Peak 11.30M) | Time:00:00.00 | Mem:0.06M, Peak:0.14M | Scene, ViewLayer | Updating Lookup Tables
Fra:11 Mem:10.00M (Peak 11.30M) | Time:00:00.00 | Mem:0.15M, Peak:0.15M | Scene, ViewLayer | Updating Baking
Fra:11 Mem:10.00M (Peak 11.30M) | Time:00:00.00 | Mem:0.15M, Peak:0.15M | Scene, ViewLayer | Updating Device | Writing constant memory
Fra:11 Mem:10.00M (Peak 11.30M) | Time:00:00.00 | Mem:0.15M, Peak:0.15M | Scene, ViewLayer | Sample 0/8
Fra:11 Mem:12.29M (Peak 12.29M) | Time:00:00.00 | Remaining:00:00.03 | Mem:2.40M, Peak:2.40M | Scene, ViewLayer | Sample 1/8
Fra:11 Mem:13.29M (Peak 15.29M) | Time:00:00.04 | Mem:2.40M, Peak:2.40M | Scene, ViewLayer | Sample 8/8
Fra:11 Mem:13.29M (Peak 15.29M) | Time:00:00.04 | Mem:2.40M, Peak:2.40M | Scene, ViewLayer | Finished
Saved: '/home/terence/Documents/Codex/2026-09-06/realtime-voice-chat-3/outputs/butterfly-method-comparison/blender/turntable-frames/turntable_036.png'
Time: 00:00.04 (Saving: 00:00.00)

Fra:12 Mem:11.27M (Peak 11.27M) | Time:00:00.00 | Mem:0.00M, Peak:0.00M | Scene, ViewLayer | Synchronizing object | R forewing_border
Fra:12 Mem:11.28M (Peak 11.28M) | Time:00:00.00 | Mem:0.00M, Peak:0.00M | Scene, ViewLayer | Synchronizing object | R forewing_blue
Fra:12 Mem:11.28M (Peak 11.28M) | Time:00:00.00 | Mem:0.00M, Peak:0.00M | Scene, ViewLayer | Synchronizing object | R forewing_highlight
Fra:12 Mem:11.28M (Peak 11.28M) | Time:00:00.00 | Mem:0.00M, Peak:0.00M | Scene, ViewLayer | Synchronizing object | R forewing_cyan.001
Fra:12 Mem:11.28M (Peak 11.28M) | Time:00:00.00 | Mem:0.00M, Peak:0.00M | Scene, ViewLayer | Synchronizing object | R forewing_highlight.001
Fra:12 Mem:11.28M (Peak 11.28M) | Time:00:00.00 | Mem:0.00M, Peak:0.00M | Scene, ViewLayer | Synchronizing object | R hindwing_border
Fra:12 Mem:11.29M (Peak 11.29M) | Time:00:00.00 | Mem:0.00M, Peak:0.00M | Scene, ViewLayer | Synchronizing object | R hindwing_cyan
Fra:12 Mem:11.29M (Peak 11.29M) | Time:00:00.00 | Mem:0.00M, Peak:0.00M | Scene, ViewLayer | Synchronizing object | R hindwing_blue
Fra:12 Mem:11.29M (Peak 11.29M) | Time:00:00.00 | Mem:0.00M, Peak:0.00M | Scene, ViewLayer | Synchronizing object | R hindwing_cyan.001
Fra:12 Mem:11.29M (Peak 11.29M) | Time:00:00.00 | Mem:0.00M, Peak:0.00M | Scene, ViewLayer | Synchronizing object | Antenna
Fra:12 Mem:11.29M (Peak 11.29M) | Time:00:00.00 | Mem:0.00M, Peak:0.00M | Scene, ViewLayer | Synchronizing object | R hindwing_highlight.001
Fra:12 Mem:11.29M (Peak 11.29M) | Time:00:00.00 | Mem:0.00M, Peak:0.00M | Scene, ViewLayer | Synchronizing object | Head
Fra:12 Mem:11.29M (Peak 11.29M) | Time:00:00.00 | Mem:0.00M, Peak:0.00M | Scene, ViewLayer | Synchronizing object | L forewing_cyan
Fra:12 Mem:11.29M (Peak 11.29M) | Time:00:00.00 | Mem:0.00M, Peak:0.00M | Scene, ViewLayer | Synchronizing object | Thorax
Fra:12 Mem:11.29M (Peak 11.29M) | Time:00:00.00 | Mem:0.00M, Peak:0.00M | Scene, ViewLayer | Synchronizing object | L forewing_blue
Fra:12 Mem:11.29M (Peak 11.29M) | Time:00:00.00 | Mem:0.00M, Peak:0.00M | Scene, ViewLayer | Synchronizing object | Abdomen
Fra:12 Mem:11.29M (Peak 11.29M) | Time:00:00.00 | Mem:0.00M, Peak:0.00M | Scene, ViewLayer | Synchronizing object | L forewing_cyan.001
Fra:12 Mem:11.30M (Peak 11.30M) | Time:00:00.00 | Mem:0.00M, Peak:0.00M | Scene, ViewLayer | Synchronizing object | L hindwing_highlight.001
Fra:12 Mem:11.30M (Peak 11.30M) | Time:00:00.00 | Mem:0.00M, Peak:0.00M | Scene, ViewLayer | Synchronizing object | L forewing_blue.001
Fra:12 Mem:11.30M (Peak 11.30M) | Time:00:00.00 | Mem:0.00M, Peak:0.00M | Scene, ViewLayer | Synchronizing object | L forewing_highlight.001
Fra:12 Mem:11.30M (Peak 11.30M) | Time:00:00.00 | Mem:0.00M, Peak:0.00M | Scene, ViewLayer | Synchronizing object | L hindwing_blue.001
Fra:12 Mem:11.30M (Peak 11.30M) | Time:00:00.00 | Mem:0.00M, Peak:0.00M | Scene, ViewLayer | Synchronizing object | L hindwing_cyan
Fra:12 Mem:11.30M (Peak 11.30M) | Time:00:00.00 | Mem:0.00M, Peak:0.00M | Scene, ViewLayer | Synchronizing object | L hindwing_cyan.001
Fra:12 Mem:11.30M (Peak 11.30M) | Time:00:00.00 | Mem:0.00M, Peak:0.00M | Scene, ViewLayer | Synchronizing object | L hindwing_highlight
Fra:12 Mem:11.30M (Peak 11.30M) | Time:00:00.00 | Mem:0.00M, Peak:0.00M | Scene, ViewLayer | Synchronizing object | L hindwing_blue
Fra:12 Mem:11.30M (Peak 11.30M) | Time:00:00.00 | Mem:0.00M, Peak:0.00M | Scene, ViewLayer | Initializing
Fra:12 Mem:9.87M (Peak 11.30M) | Time:00:00.00 | Mem:0.00M, Peak:0.00M | Scene, ViewLayer | Waiting for render to start
Fra:12 Mem:9.87M (Peak 11.30M) | Time:00:00.00 | Mem:0.00M, Peak:0.00M | Scene, ViewLayer | Updating Scene
Fra:12 Mem:9.87M (Peak 11.30M) | Time:00:00.00 | Mem:0.00M, Peak:0.00M | Scene, ViewLayer | Updating Shaders
Fra:12 Mem:9.87M (Peak 11.30M) | Time:00:00.00 | Mem:0.00M, Peak:0.00M | Scene, ViewLayer | Loading render kernels (may take a few minutes the first time)
Fra:12 Mem:9.96M (Peak 11.30M) | Time:00:00.00 | Mem:0.00M, Peak:0.00M | Scene, ViewLayer | Updating Procedurals
Fra:12 Mem:9.96M (Peak 11.30M) | Time:00:00.00 | Mem:0.00M, Peak:0.00M | Scene, ViewLayer | Updating Background
Fra:12 Mem:9.96M (Peak 11.30M) | Time:00:00.00 | Mem:0.00M, Peak:0.00M | Scene, ViewLayer | Updating Camera
Fra:12 Mem:9.96M (Peak 11.30M) | Time:00:00.00 | Mem:0.00M, Peak:0.00M | Scene, ViewLayer | Updating Meshes Flags
Fra:12 Mem:9.96M (Peak 11.30M) | Time:00:00.00 | Mem:0.00M, Peak:0.00M | Scene, ViewLayer | Updating Objects
Fra:12 Mem:9.96M (Peak 11.30M) | Time:00:00.00 | Mem:0.00M, Peak:0.00M | Scene, ViewLayer | Updating Objects | Copying Transformations to device
Fra:12 Mem:9.96M (Peak 11.30M) | Time:00:00.00 | Mem:0.01M, Peak:0.01M | Scene, ViewLayer | Updating Particle Systems
Fra:12 Mem:9.96M (Peak 11.30M) | Time:00:00.00 | Mem:0.01M, Peak:0.01M | Scene, ViewLayer | Updating Particle Systems | Copying Particles to device
Fra:12 Mem:9.96M (Peak 11.30M) | Time:00:00.00 | Mem:0.01M, Peak:0.01M | Scene, ViewLayer | Updating Meshes
Fra:12 Mem:9.96M (Peak 11.30M) | Time:00:00.00 | Mem:0.01M, Peak:0.01M | Scene, ViewLayer | Updating Objects | Applying Static Transformations
Fra:12 Mem:9.96M (Peak 11.30M) | Time:00:00.00 | Mem:0.01M, Peak:0.01M | Scene, ViewLayer | Updating Mesh | Computing attributes
Fra:12 Mem:9.97M (Peak 11.30M) | Time:00:00.00 | Mem:0.01M, Peak:0.01M | Scene, ViewLayer | Updating Mesh | Copying Attributes to device
Fra:12 Mem:9.97M (Peak 11.30M) | Time:00:00.00 | Mem:0.02M, Peak:0.02M | Scene, ViewLayer | Updating Scene BVH | Building
Fra:12 Mem:9.97M (Peak 11.30M) | Time:00:00.00 | Mem:0.02M, Peak:0.02M | Scene, ViewLayer | Updating Scene BVH | Building BVH
Fra:12 Mem:9.97M (Peak 11.30M) | Time:00:00.00 | Mem:0.04M, Peak:0.04M | Scene, ViewLayer | Updating Scene BVH | Copying BVH to device
Fra:12 Mem:9.97M (Peak 11.30M) | Time:00:00.00 | Mem:0.04M, Peak:0.04M | Scene, ViewLayer | Updating Mesh | Computing normals
Fra:12 Mem:9.98M (Peak 11.30M) | Time:00:00.00 | Mem:0.04M, Peak:0.04M | Scene, ViewLayer | Updating Mesh | Copying Mesh to device
Fra:12 Mem:9.98M (Peak 11.30M) | Time:00:00.00 | Mem:0.05M, Peak:0.05M | Scene, ViewLayer | Updating Objects Flags
Fra:12 Mem:9.98M (Peak 11.30M) | Time:00:00.00 | Mem:0.05M, Peak:0.05M | Scene, ViewLayer | Updating Primitive Offsets
Fra:12 Mem:9.98M (Peak 11.30M) | Time:00:00.00 | Mem:0.05M, Peak:0.05M | Scene, ViewLayer | Updating Images
Fra:12 Mem:9.98M (Peak 11.30M) | Time:00:00.00 | Mem:0.05M, Peak:0.05M | Scene, ViewLayer | Updating Camera Volume
Fra:12 Mem:9.98M (Peak 11.30M) | Time:00:00.00 | Mem:0.05M, Peak:0.05M | Scene, ViewLayer | Updating Lookup Tables
Fra:12 Mem:9.98M (Peak 11.30M) | Time:00:00.00 | Mem:0.13M, Peak:0.13M | Scene, ViewLayer | Updating Lights
Fra:12 Mem:9.98M (Peak 11.30M) | Time:00:00.00 | Mem:0.13M, Peak:0.13M | Scene, ViewLayer | Updating Lights | Computing tree
Fra:12 Mem:9.99M (Peak 11.30M) | Time:00:00.00 | Mem:0.14M, Peak:0.14M | Scene, ViewLayer | Updating Integrator
Fra:12 Mem:9.99M (Peak 11.30M) | Time:00:00.00 | Mem:0.14M, Peak:0.14M | Scene, ViewLayer | Updating Film
Fra:12 Mem:10.00M (Peak 11.30M) | Time:00:00.00 | Mem:0.06M, Peak:0.14M | Scene, ViewLayer | Updating Lookup Tables
Fra:12 Mem:10.00M (Peak 11.30M) | Time:00:00.00 | Mem:0.15M, Peak:0.15M | Scene, ViewLayer | Updating Baking
Fra:12 Mem:10.00M (Peak 11.30M) | Time:00:00.00 | Mem:0.15M, Peak:0.15M | Scene, ViewLayer | Updating Device | Writing constant memory
Fra:12 Mem:10.00M (Peak 11.30M) | Time:00:00.00 | Mem:0.15M, Peak:0.15M | Scene, ViewLayer | Sample 0/8
Fra:12 Mem:12.29M (Peak 12.29M) | Time:00:00.00 | Remaining:00:00.03 | Mem:2.40M, Peak:2.40M | Scene, ViewLayer | Sample 1/8
Fra:12 Mem:13.29M (Peak 15.29M) | Time:00:00.04 | Mem:2.40M, Peak:2.40M | Scene, ViewLayer | Sample 8/8
Fra:12 Mem:13.29M (Peak 15.29M) | Time:00:00.04 | Mem:2.40M, Peak:2.40M | Scene, ViewLayer | Finished
Saved: '/home/terence/Documents/Codex/2026-09-06/realtime-voice-chat-3/outputs/butterfly-method-comparison/blender/turntable-frames/turntable_037.png'
Time: 00:00.04 (Saving: 00:00.00)

Fra:14 Mem:11.27M (Peak 11.27M) | Time:00:00.00 | Mem:0.00M, Peak:0.00M | Scene, ViewLayer | Synchronizing object | R forewing_border
Fra:14 Mem:11.28M (Peak 11.28M) | Time:00:00.00 | Mem:0.00M, Peak:0.00M | Scene, ViewLayer | Synchronizing object | R forewing_cyan
Fra:14 Mem:11.28M (Peak 11.28M) | Time:00:00.00 | Mem:0.00M, Peak:0.00M | Scene, ViewLayer | Synchronizing object | R forewing_blue
Fra:14 Mem:11.28M (Peak 11.28M) | Time:00:00.00 | Mem:0.00M, Peak:0.00M | Scene, ViewLayer | Synchronizing object | R forewing_highlight
Fra:14 Mem:11.28M (Peak 11.28M) | Time:00:00.00 | Mem:0.00M, Peak:0.00M | Scene, ViewLayer | Synchronizing object | R forewing_cyan.001
Fra:14 Mem:11.28M (Peak 11.28M) | Time:00:00.00 | Mem:0.00M, Peak:0.00M | Scene, ViewLayer | Synchronizing object | R forewing_blue.001
Fra:14 Mem:11.28M (Peak 11.28M) | Time:00:00.00 | Mem:0.00M, Peak:0.00M | Scene, ViewLayer | Synchronizing object | R forewing_highlight.001
Fra:14 Mem:11.29M (Peak 11.29M) | Time:00:00.00 | Mem:0.00M, Peak:0.00M | Scene, ViewLayer | Synchronizing object | R hindwing_border
Fra:14 Mem:11.29M (Peak 11.29M) | Time:00:00.00 | Mem:0.00M, Peak:0.00M | Scene, ViewLayer | Synchronizing object | R hindwing_cyan
Fra:14 Mem:11.29M (Peak 11.29M) | Time:00:00.00 | Mem:0.00M, Peak:0.00M | Scene, ViewLayer | Synchronizing object | Antenna
Fra:14 Mem:11.29M (Peak 11.29M) | Time:00:00.00 | Mem:0.00M, Peak:0.00M | Scene, ViewLayer | Synchronizing object | R hindwing_blue
Fra:14 Mem:11.29M (Peak 11.29M) | Time:00:00.00 | Mem:0.00M, Peak:0.00M | Scene, ViewLayer | Synchronizing object | Head
Fra:14 Mem:11.29M (Peak 11.29M) | Time:00:00.00 | Mem:0.00M, Peak:0.00M | Scene, ViewLayer | Synchronizing object | R hindwing_cyan.001
Fra:14 Mem:11.29M (Peak 11.29M) | Time:00:00.00 | Mem:0.00M, Peak:0.00M | Scene, ViewLayer | Synchronizing object | Thorax
Fra:14 Mem:11.29M (Peak 11.29M) | Time:00:00.00 | Mem:0.00M, Peak:0.00M | Scene, ViewLayer | Synchronizing object | R hindwing_blue.001
Fra:14 Mem:11.29M (Peak 11.29M) | Time:00:00.00 | Mem:0.00M, Peak:0.00M | Scene, ViewLayer | Synchronizing object | R hindwing_highlight.001
Fra:14 Mem:11.29M (Peak 11.29M) | Time:00:00.00 | Mem:0.00M, Peak:0.00M | Scene, ViewLayer | Synchronizing object | L forewing_cyan
Fra:14 Mem:11.29M (Peak 11.29M) | Time:00:00.00 | Mem:0.00M, Peak:0.00M | Scene, ViewLayer | Synchronizing object | L forewing_blue
Fra:14 Mem:11.29M (Peak 11.29M) | Time:00:00.00 | Mem:0.00M, Peak:0.00M | Scene, ViewLayer | Synchronizing object | L forewing_highlight
Fra:14 Mem:11.29M (Peak 11.29M) | Time:00:00.00 | Mem:0.00M, Peak:0.00M | Scene, ViewLayer | Synchronizing object | L forewing_cyan.001
Fra:14 Mem:11.29M (Peak 11.29M) | Time:00:00.00 | Mem:0.00M, Peak:0.00M | Scene, ViewLayer | Synchronizing object | L forewing_highlight.001
Fra:14 Mem:11.29M (Peak 11.29M) | Time:00:00.00 | Mem:0.00M, Peak:0.00M | Scene, ViewLayer | Synchronizing object | L hindwing_border
Fra:14 Mem:11.29M (Peak 11.29M) | Time:00:00.00 | Mem:0.00M, Peak:0.00M | Scene, ViewLayer | Synchronizing object | L hindwing_cyan
Fra:14 Mem:11.30M (Peak 11.29M) | Time:00:00.00 | Mem:0.00M, Peak:0.00M | Scene, ViewLayer | Synchronizing object | L hindwing_blue
Fra:14 Mem:11.30M (Peak 11.30M) | Time:00:00.00 | Mem:0.00M, Peak:0.00M | Scene, ViewLayer | Synchronizing object | L hindwing_highlight
Fra:14 Mem:11.30M (Peak 11.30M) | Time:00:00.00 | Mem:0.00M, Peak:0.00M | Scene, ViewLayer | Synchronizing object | L hindwing_highlight.001
Fra:14 Mem:11.30M (Peak 11.30M) | Time:00:00.00 | Mem:0.00M, Peak:0.00M | Scene, ViewLayer | Initializing
Fra:14 Mem:9.87M (Peak 11.30M) | Time:00:00.00 | Mem:0.00M, Peak:0.00M | Scene, ViewLayer | Waiting for render to start
Fra:14 Mem:9.87M (Peak 11.30M) | Time:00:00.00 | Mem:0.00M, Peak:0.00M | Scene, ViewLayer | Updating Scene
Fra:14 Mem:9.87M (Peak 11.30M) | Time:00:00.00 | Mem:0.00M, Peak:0.00M | Scene, ViewLayer | Updating Shaders
Fra:14 Mem:9.87M (Peak 11.30M) | Time:00:00.00 | Mem:0.00M, Peak:0.00M | Scene, ViewLayer | Loading render kernels (may take a few minutes the first time)
Fra:14 Mem:9.96M (Peak 11.30M) | Time:00:00.00 | Mem:0.00M, Peak:0.00M | Scene, ViewLayer | Updating Procedurals
Fra:14 Mem:9.96M (Peak 11.30M) | Time:00:00.00 | Mem:0.00M, Peak:0.00M | Scene, ViewLayer | Updating Background
Fra:14 Mem:9.96M (Peak 11.30M) | Time:00:00.00 | Mem:0.00M, Peak:0.00M | Scene, ViewLayer | Updating Camera
Fra:14 Mem:9.96M (Peak 11.30M) | Time:00:00.00 | Mem:0.00M, Peak:0.00M | Scene, ViewLayer | Updating Meshes Flags
Fra:14 Mem:9.96M (Peak 11.30M) | Time:00:00.00 | Mem:0.00M, Peak:0.00M | Scene, ViewLayer | Updating Objects
Fra:14 Mem:9.96M (Peak 11.30M) | Time:00:00.00 | Mem:0.00M, Peak:0.00M | Scene, ViewLayer | Updating Objects | Copying Transformations to device
Fra:14 Mem:9.96M (Peak 11.30M) | Time:00:00.00 | Mem:0.01M, Peak:0.01M | Scene, ViewLayer | Updating Particle Systems
Fra:14 Mem:9.96M (Peak 11.30M) | Time:00:00.00 | Mem:0.01M, Peak:0.01M | Scene, ViewLayer | Updating Particle Systems | Copying Particles to device
Fra:14 Mem:9.96M (Peak 11.30M) | Time:00:00.00 | Mem:0.01M, Peak:0.01M | Scene, ViewLayer | Updating Meshes
Fra:14 Mem:9.96M (Peak 11.30M) | Time:00:00.00 | Mem:0.01M, Peak:0.01M | Scene, ViewLayer | Updating Objects | Applying Static Transformations
Fra:14 Mem:9.96M (Peak 11.30M) | Time:00:00.00 | Mem:0.01M, Peak:0.01M | Scene, ViewLayer | Updating Mesh | Computing attributes
Fra:14 Mem:9.97M (Peak 11.30M) | Time:00:00.00 | Mem:0.01M, Peak:0.01M | Scene, ViewLayer | Updating Mesh | Copying Attributes to device
Fra:14 Mem:9.97M (Peak 11.30M) | Time:00:00.00 | Mem:0.02M, Peak:0.02M | Scene, ViewLayer | Updating Scene BVH | Building
Fra:14 Mem:9.97M (Peak 11.30M) | Time:00:00.00 | Mem:0.02M, Peak:0.02M | Scene, ViewLayer | Updating Scene BVH | Building BVH
Fra:14 Mem:9.97M (Peak 11.30M) | Time:00:00.00 | Mem:0.04M, Peak:0.04M | Scene, ViewLayer | Updating Scene BVH | Copying BVH to device
Fra:14 Mem:9.97M (Peak 11.30M) | Time:00:00.00 | Mem:0.04M, Peak:0.04M | Scene, ViewLayer | Updating Mesh | Computing normals
Fra:14 Mem:9.98M (Peak 11.30M) | Time:00:00.00 | Mem:0.04M, Peak:0.04M | Scene, ViewLayer | Updating Mesh | Copying Mesh to device
Fra:14 Mem:9.98M (Peak 11.30M) | Time:00:00.00 | Mem:0.05M, Peak:0.05M | Scene, ViewLayer | Updating Objects Flags
Fra:14 Mem:9.98M (Peak 11.30M) | Time:00:00.00 | Mem:0.05M, Peak:0.05M | Scene, ViewLayer | Updating Primitive Offsets
Fra:14 Mem:9.98M (Peak 11.30M) | Time:00:00.00 | Mem:0.05M, Peak:0.05M | Scene, ViewLayer | Updating Images
Fra:14 Mem:9.98M (Peak 11.30M) | Time:00:00.00 | Mem:0.05M, Peak:0.05M | Scene, ViewLayer | Updating Camera Volume
Fra:14 Mem:9.98M (Peak 11.30M) | Time:00:00.00 | Mem:0.05M, Peak:0.05M | Scene, ViewLayer | Updating Lookup Tables
Fra:14 Mem:9.98M (Peak 11.30M) | Time:00:00.00 | Mem:0.13M, Peak:0.13M | Scene, ViewLayer | Updating Lights
Fra:14 Mem:9.98M (Peak 11.30M) | Time:00:00.00 | Mem:0.13M, Peak:0.13M | Scene, ViewLayer | Updating Lights | Computing tree
Fra:14 Mem:9.99M (Peak 11.30M) | Time:00:00.00 | Mem:0.14M, Peak:0.14M | Scene, ViewLayer | Updating Integrator
Fra:14 Mem:9.99M (Peak 11.30M) | Time:00:00.00 | Mem:0.14M, Peak:0.14M | Scene, ViewLayer | Updating Film
Fra:14 Mem:10.00M (Peak 11.30M) | Time:00:00.00 | Mem:0.06M, Peak:0.14M | Scene, ViewLayer | Updating Lookup Tables
Fra:14 Mem:10.00M (Peak 11.30M) | Time:00:00.00 | Mem:0.15M, Peak:0.15M | Scene, ViewLayer | Updating Baking
Fra:14 Mem:10.00M (Peak 11.30M) | Time:00:00.00 | Mem:0.15M, Peak:0.15M | Scene, ViewLayer | Updating Device | Writing constant memory
Fra:14 Mem:10.00M (Peak 11.30M) | Time:00:00.00 | Mem:0.15M, Peak:0.15M | Scene, ViewLayer | Sample 0/8
Fra:14 Mem:12.29M (Peak 12.29M) | Time:00:00.00 | Remaining:00:00.03 | Mem:2.40M, Peak:2.40M | Scene, ViewLayer | Sample 1/8
Fra:14 Mem:13.29M (Peak 15.29M) | Time:00:00.04 | Mem:2.40M, Peak:2.40M | Scene, ViewLayer | Sample 8/8
Fra:14 Mem:13.29M (Peak 15.29M) | Time:00:00.04 | Mem:2.40M, Peak:2.40M | Scene, ViewLayer | Finished
Saved: '/home/terence/Documents/Codex/2026-09-06/realtime-voice-chat-3/outputs/butterfly-method-comparison/blender/turntable-frames/turntable_038.png'
Time: 00:00.04 (Saving: 00:00.00)

Fra:16 Mem:11.28M (Peak 11.28M) | Time:00:00.00 | Mem:0.00M, Peak:0.00M | Scene, ViewLayer | Synchronizing object | R forewing_blue
Fra:16 Mem:11.28M (Peak 11.28M) | Time:00:00.00 | Mem:0.00M, Peak:0.00M | Scene, ViewLayer | Synchronizing object | R forewing_highlight
Fra:16 Mem:11.28M (Peak 11.28M) | Time:00:00.00 | Mem:0.00M, Peak:0.00M | Scene, ViewLayer | Synchronizing object | R forewing_cyan.001
Fra:16 Mem:11.28M (Peak 11.28M) | Time:00:00.00 | Mem:0.00M, Peak:0.00M | Scene, ViewLayer | Synchronizing object | R forewing_blue.001
Fra:16 Mem:11.28M (Peak 11.28M) | Time:00:00.00 | Mem:0.00M, Peak:0.00M | Scene, ViewLayer | Synchronizing object | R hindwing_border
Fra:16 Mem:11.28M (Peak 11.28M) | Time:00:00.00 | Mem:0.00M, Peak:0.00M | Scene, ViewLayer | Synchronizing object | R hindwing_cyan
Fra:16 Mem:11.29M (Peak 11.29M) | Time:00:00.00 | Mem:0.00M, Peak:0.00M | Scene, ViewLayer | Synchronizing object | Antenna
Fra:16 Mem:11.29M (Peak 11.29M) | Time:00:00.00 | Mem:0.00M, Peak:0.00M | Scene, ViewLayer | Synchronizing object | R hindwing_highlight
Fra:16 Mem:11.29M (Peak 11.29M) | Time:00:00.00 | Mem:0.00M, Peak:0.00M | Scene, ViewLayer | Synchronizing object | R hindwing_cyan.001
Fra:16 Mem:11.29M (Peak 11.29M) | Time:00:00.00 | Mem:0.00M, Peak:0.00M | Scene, ViewLayer | Synchronizing object | Head
Fra:16 Mem:11.29M (Peak 11.29M) | Time:00:00.00 | Mem:0.00M, Peak:0.00M | Scene, ViewLayer | Synchronizing object | R hindwing_highlight.001
Fra:16 Mem:11.29M (Peak 11.29M) | Time:00:00.00 | Mem:0.00M, Peak:0.00M | Scene, ViewLayer | Synchronizing object | Thorax
Fra:16 Mem:11.29M (Peak 11.29M) | Time:00:00.00 | Mem:0.00M, Peak:0.00M | Scene, ViewLayer | Synchronizing object | Abdomen
Fra:16 Mem:11.29M (Peak 11.29M) | Time:00:00.00 | Mem:0.00M, Peak:0.00M | Scene, ViewLayer | Synchronizing object | L forewing_border
Fra:16 Mem:11.29M (Peak 11.29M) | Time:00:00.00 | Mem:0.00M, Peak:0.00M | Scene, ViewLayer | Synchronizing object | L hindwing_highlight.001
Fra:16 Mem:11.29M (Peak 11.29M) | Time:00:00.00 | Mem:0.00M, Peak:0.00M | Scene, ViewLayer | Synchronizing object | L hindwing_blue.001
Fra:16 Mem:11.29M (Peak 11.29M) | Time:00:00.00 | Mem:0.00M, Peak:0.00M | Scene, ViewLayer | Synchronizing object | L forewing_cyan
Fra:16 Mem:11.29M (Peak 11.29M) | Time:00:00.00 | Mem:0.00M, Peak:0.00M | Scene, ViewLayer | Synchronizing object | L hindwing_cyan.001
Fra:16 Mem:11.30M (Peak 11.30M) | Time:00:00.00 | Mem:0.00M, Peak:0.00M | Scene, ViewLayer | Synchronizing object | L forewing_blue
Fra:16 Mem:11.30M (Peak 11.30M) | Time:00:00.00 | Mem:0.00M, Peak:0.00M | Scene, ViewLayer | Synchronizing object | L forewing_highlight
Fra:16 Mem:11.30M (Peak 11.30M) | Time:00:00.00 | Mem:0.00M, Peak:0.00M | Scene, ViewLayer | Synchronizing object | L forewing_cyan.001
Fra:16 Mem:11.30M (Peak 11.30M) | Time:00:00.00 | Mem:0.00M, Peak:0.00M | Scene, ViewLayer | Synchronizing object | L forewing_highlight.001
Fra:16 Mem:11.30M (Peak 11.30M) | Time:00:00.00 | Mem:0.00M, Peak:0.00M | Scene, ViewLayer | Synchronizing object | L hindwing_border
Fra:16 Mem:11.30M (Peak 11.30M) | Time:00:00.00 | Mem:0.00M, Peak:0.00M | Scene, ViewLayer | Synchronizing object | L hindwing_cyan
Fra:16 Mem:11.30M (Peak 11.30M) | Time:00:00.00 | Mem:0.00M, Peak:0.00M | Scene, ViewLayer | Synchronizing object | L hindwing_blue
Fra:16 Mem:11.30M (Peak 11.30M) | Time:00:00.00 | Mem:0.00M, Peak:0.00M | Scene, ViewLayer | Initializing
Fra:16 Mem:9.87M (Peak 11.30M) | Time:00:00.00 | Mem:0.00M, Peak:0.00M | Scene, ViewLayer | Waiting for render to start
Fra:16 Mem:9.87M (Peak 11.30M) | Time:00:00.00 | Mem:0.00M, Peak:0.00M | Scene, ViewLayer | Updating Scene
Fra:16 Mem:9.87M (Peak 11.30M) | Time:00:00.00 | Mem:0.00M, Peak:0.00M | Scene, ViewLayer | Updating Shaders
Fra:16 Mem:9.87M (Peak 11.30M) | Time:00:00.00 | Mem:0.00M, Peak:0.00M | Scene, ViewLayer | Loading render kernels (may take a few minutes the first time)
Fra:16 Mem:9.96M (Peak 11.30M) | Time:00:00.00 | Mem:0.00M, Peak:0.00M | Scene, ViewLayer | Updating Procedurals
Fra:16 Mem:9.96M (Peak 11.30M) | Time:00:00.00 | Mem:0.00M, Peak:0.00M | Scene, ViewLayer | Updating Background
Fra:16 Mem:9.96M (Peak 11.30M) | Time:00:00.00 | Mem:0.00M, Peak:0.00M | Scene, ViewLayer | Updating Camera
Fra:16 Mem:9.96M (Peak 11.30M) | Time:00:00.00 | Mem:0.00M, Peak:0.00M | Scene, ViewLayer | Updating Meshes Flags
Fra:16 Mem:9.96M (Peak 11.30M) | Time:00:00.00 | Mem:0.00M, Peak:0.00M | Scene, ViewLayer | Updating Objects
Fra:16 Mem:9.96M (Peak 11.30M) | Time:00:00.00 | Mem:0.00M, Peak:0.00M | Scene, ViewLayer | Updating Objects | Copying Transformations to device
Fra:16 Mem:9.96M (Peak 11.30M) | Time:00:00.00 | Mem:0.01M, Peak:0.01M | Scene, ViewLayer | Updating Particle Systems
Fra:16 Mem:9.96M (Peak 11.30M) | Time:00:00.00 | Mem:0.01M, Peak:0.01M | Scene, ViewLayer | Updating Particle Systems | Copying Particles to device
Fra:16 Mem:9.96M (Peak 11.30M) | Time:00:00.00 | Mem:0.01M, Peak:0.01M | Scene, ViewLayer | Updating Meshes
Fra:16 Mem:9.96M (Peak 11.30M) | Time:00:00.00 | Mem:0.01M, Peak:0.01M | Scene, ViewLayer | Updating Objects | Applying Static Transformations
Fra:16 Mem:9.96M (Peak 11.30M) | Time:00:00.00 | Mem:0.01M, Peak:0.01M | Scene, ViewLayer | Updating Mesh | Computing attributes
Fra:16 Mem:9.97M (Peak 11.30M) | Time:00:00.00 | Mem:0.01M, Peak:0.01M | Scene, ViewLayer | Updating Mesh | Copying Attributes to device
Fra:16 Mem:9.97M (Peak 11.30M) | Time:00:00.00 | Mem:0.02M, Peak:0.02M | Scene, ViewLayer | Updating Scene BVH | Building
Fra:16 Mem:9.97M (Peak 11.30M) | Time:00:00.00 | Mem:0.02M, Peak:0.02M | Scene, ViewLayer | Updating Scene BVH | Building BVH
Fra:16 Mem:9.97M (Peak 11.30M) | Time:00:00.00 | Mem:0.02M, Peak:0.02M | Scene, ViewLayer | Updating Scene BVH | Building BVH 0%
Fra:16 Mem:9.97M (Peak 11.30M) | Time:00:00.00 | Mem:0.04M, Peak:0.04M | Scene, ViewLayer | Updating Scene BVH | Copying BVH to device
Fra:16 Mem:9.97M (Peak 11.30M) | Time:00:00.00 | Mem:0.04M, Peak:0.04M | Scene, ViewLayer | Updating Mesh | Computing normals
Fra:16 Mem:9.98M (Peak 11.30M) | Time:00:00.00 | Mem:0.04M, Peak:0.04M | Scene, ViewLayer | Updating Mesh | Copying Mesh to device
Fra:16 Mem:9.98M (Peak 11.30M) | Time:00:00.00 | Mem:0.05M, Peak:0.05M | Scene, ViewLayer | Updating Objects Flags
Fra:16 Mem:9.98M (Peak 11.30M) | Time:00:00.00 | Mem:0.05M, Peak:0.05M | Scene, ViewLayer | Updating Primitive Offsets
Fra:16 Mem:9.98M (Peak 11.30M) | Time:00:00.00 | Mem:0.05M, Peak:0.05M | Scene, ViewLayer | Updating Images
Fra:16 Mem:9.98M (Peak 11.30M) | Time:00:00.00 | Mem:0.05M, Peak:0.05M | Scene, ViewLayer | Updating Camera Volume
Fra:16 Mem:9.98M (Peak 11.30M) | Time:00:00.00 | Mem:0.05M, Peak:0.05M | Scene, ViewLayer | Updating Lookup Tables
Fra:16 Mem:9.98M (Peak 11.30M) | Time:00:00.00 | Mem:0.13M, Peak:0.13M | Scene, ViewLayer | Updating Lights
Fra:16 Mem:9.98M (Peak 11.30M) | Time:00:00.00 | Mem:0.13M, Peak:0.13M | Scene, ViewLayer | Updating Lights | Computing tree
Fra:16 Mem:9.99M (Peak 11.30M) | Time:00:00.00 | Mem:0.14M, Peak:0.14M | Scene, ViewLayer | Updating Integrator
Fra:16 Mem:9.99M (Peak 11.30M) | Time:00:00.00 | Mem:0.14M, Peak:0.14M | Scene, ViewLayer | Updating Film
Fra:16 Mem:10.00M (Peak 11.30M) | Time:00:00.00 | Mem:0.06M, Peak:0.14M | Scene, ViewLayer | Updating Lookup Tables
Fra:16 Mem:10.00M (Peak 11.30M) | Time:00:00.00 | Mem:0.15M, Peak:0.15M | Scene, ViewLayer | Updating Baking
Fra:16 Mem:10.00M (Peak 11.30M) | Time:00:00.00 | Mem:0.15M, Peak:0.15M | Scene, ViewLayer | Updating Device | Writing constant memory
Fra:16 Mem:10.00M (Peak 11.30M) | Time:00:00.00 | Mem:0.15M, Peak:0.15M | Scene, ViewLayer | Sample 0/8
Fra:16 Mem:12.29M (Peak 12.29M) | Time:00:00.00 | Remaining:00:00.03 | Mem:2.40M, Peak:2.40M | Scene, ViewLayer | Sample 1/8
Fra:16 Mem:13.29M (Peak 15.29M) | Time:00:00.04 | Mem:2.40M, Peak:2.40M | Scene, ViewLayer | Sample 8/8
Fra:16 Mem:13.29M (Peak 15.29M) | Time:00:00.04 | Mem:2.40M, Peak:2.40M | Scene, ViewLayer | Finished
Saved: '/home/terence/Documents/Codex/2026-09-06/realtime-voice-chat-3/outputs/butterfly-method-comparison/blender/turntable-frames/turntable_039.png'
Time: 00:00.04 (Saving: 00:00.00)

Fra:17 Mem:11.27M (Peak 11.27M) | Time:00:00.00 | Mem:0.00M, Peak:0.00M | Scene, ViewLayer | Synchronizing object | R forewing_border
Fra:17 Mem:11.28M (Peak 11.28M) | Time:00:00.00 | Mem:0.00M, Peak:0.00M | Scene, ViewLayer | Synchronizing object | R forewing_cyan
Fra:17 Mem:11.28M (Peak 11.28M) | Time:00:00.00 | Mem:0.00M, Peak:0.00M | Scene, ViewLayer | Synchronizing object | R forewing_blue
Fra:17 Mem:11.28M (Peak 11.28M) | Time:00:00.00 | Mem:0.00M, Peak:0.00M | Scene, ViewLayer | Synchronizing object | R forewing_cyan.001
Fra:17 Mem:11.28M (Peak 11.28M) | Time:00:00.00 | Mem:0.00M, Peak:0.00M | Scene, ViewLayer | Synchronizing object | R forewing_blue.001
Fra:17 Mem:11.28M (Peak 11.28M) | Time:00:00.00 | Mem:0.00M, Peak:0.00M | Scene, ViewLayer | Synchronizing object | R hindwing_border
Fra:17 Mem:11.28M (Peak 11.28M) | Time:00:00.00 | Mem:0.00M, Peak:0.00M | Scene, ViewLayer | Synchronizing object | R hindwing_blue
Fra:17 Mem:11.29M (Peak 11.29M) | Time:00:00.00 | Mem:0.00M, Peak:0.00M | Scene, ViewLayer | Synchronizing object | R hindwing_highlight
Fra:17 Mem:11.29M (Peak 11.29M) | Time:00:00.00 | Mem:0.00M, Peak:0.00M | Scene, ViewLayer | Synchronizing object | Antenna.001
Fra:17 Mem:11.29M (Peak 11.29M) | Time:00:00.00 | Mem:0.00M, Peak:0.00M | Scene, ViewLayer | Synchronizing object | R hindwing_blue.001
Fra:17 Mem:11.29M (Peak 11.29M) | Time:00:00.00 | Mem:0.00M, Peak:0.00M | Scene, ViewLayer | Synchronizing object | Antenna
Fra:17 Mem:11.29M (Peak 11.29M) | Time:00:00.00 | Mem:0.00M, Peak:0.00M | Scene, ViewLayer | Synchronizing object | L forewing_border
Fra:17 Mem:11.29M (Peak 11.29M) | Time:00:00.00 | Mem:0.00M, Peak:0.00M | Scene, ViewLayer | Synchronizing object | Head
Fra:17 Mem:11.29M (Peak 11.29M) | Time:00:00.00 | Mem:0.00M, Peak:0.00M | Scene, ViewLayer | Synchronizing object | L forewing_cyan
Fra:17 Mem:11.29M (Peak 11.29M) | Time:00:00.00 | Mem:0.00M, Peak:0.00M | Scene, ViewLayer | Synchronizing object | L forewing_blue
Fra:17 Mem:11.29M (Peak 11.29M) | Time:00:00.00 | Mem:0.00M, Peak:0.00M | Scene, ViewLayer | Synchronizing object | L forewing_highlight
Fra:17 Mem:11.29M (Peak 11.29M) | Time:00:00.00 | Mem:0.00M, Peak:0.00M | Scene, ViewLayer | Synchronizing object | L forewing_cyan.001
Fra:17 Mem:11.29M (Peak 11.29M) | Time:00:00.00 | Mem:0.00M, Peak:0.00M | Scene, ViewLayer | Synchronizing object | Abdomen
Fra:17 Mem:11.30M (Peak 11.30M) | Time:00:00.00 | Mem:0.00M, Peak:0.00M | Scene, ViewLayer | Synchronizing object | L forewing_blue.001
Fra:17 Mem:11.30M (Peak 11.30M) | Time:00:00.00 | Mem:0.00M, Peak:0.00M | Scene, ViewLayer | Synchronizing object | L forewing_highlight.001
Fra:17 Mem:11.30M (Peak 11.30M) | Time:00:00.00 | Mem:0.00M, Peak:0.00M | Scene, ViewLayer | Synchronizing object | L hindwing_blue.001
Fra:17 Mem:11.30M (Peak 11.30M) | Time:00:00.00 | Mem:0.00M, Peak:0.00M | Scene, ViewLayer | Synchronizing object | L hindwing_border
Fra:17 Mem:11.30M (Peak 11.30M) | Time:00:00.00 | Mem:0.00M, Peak:0.00M | Scene, ViewLayer | Synchronizing object | L hindwing_cyan.001
Fra:17 Mem:11.30M (Peak 11.30M) | Time:00:00.00 | Mem:0.00M, Peak:0.00M | Scene, ViewLayer | Synchronizing object | L hindwing_blue
Fra:17 Mem:11.30M (Peak 11.30M) | Time:00:00.00 | Mem:0.00M, Peak:0.00M | Scene, ViewLayer | Synchronizing object | L hindwing_highlight
Fra:17 Mem:11.30M (Peak 11.30M) | Time:00:00.00 | Mem:0.00M, Peak:0.00M | Scene, ViewLayer | Initializing
Fra:17 Mem:9.87M (Peak 11.30M) | Time:00:00.00 | Mem:0.00M, Peak:0.00M | Scene, ViewLayer | Waiting for render to start
Fra:17 Mem:9.87M (Peak 11.30M) | Time:00:00.00 | Mem:0.00M, Peak:0.00M | Scene, ViewLayer | Updating Scene
Fra:17 Mem:9.87M (Peak 11.30M) | Time:00:00.00 | Mem:0.00M, Peak:0.00M | Scene, ViewLayer | Updating Shaders
Fra:17 Mem:9.87M (Peak 11.30M) | Time:00:00.00 | Mem:0.00M, Peak:0.00M | Scene, ViewLayer | Loading render kernels (may take a few minutes the first time)
Fra:17 Mem:9.96M (Peak 11.30M) | Time:00:00.00 | Mem:0.00M, Peak:0.00M | Scene, ViewLayer | Updating Procedurals
Fra:17 Mem:9.96M (Peak 11.30M) | Time:00:00.00 | Mem:0.00M, Peak:0.00M | Scene, ViewLayer | Updating Background
Fra:17 Mem:9.96M (Peak 11.30M) | Time:00:00.00 | Mem:0.00M, Peak:0.00M | Scene, ViewLayer | Updating Camera
Fra:17 Mem:9.96M (Peak 11.30M) | Time:00:00.00 | Mem:0.00M, Peak:0.00M | Scene, ViewLayer | Updating Meshes Flags
Fra:17 Mem:9.96M (Peak 11.30M) | Time:00:00.00 | Mem:0.00M, Peak:0.00M | Scene, ViewLayer | Updating Objects
Fra:17 Mem:9.96M (Peak 11.30M) | Time:00:00.00 | Mem:0.00M, Peak:0.00M | Scene, ViewLayer | Updating Objects | Copying Transformations to device
Fra:17 Mem:9.96M (Peak 11.30M) | Time:00:00.00 | Mem:0.01M, Peak:0.01M | Scene, ViewLayer | Updating Particle Systems
Fra:17 Mem:9.96M (Peak 11.30M) | Time:00:00.00 | Mem:0.01M, Peak:0.01M | Scene, ViewLayer | Updating Particle Systems | Copying Particles to device
Fra:17 Mem:9.96M (Peak 11.30M) | Time:00:00.00 | Mem:0.01M, Peak:0.01M | Scene, ViewLayer | Updating Meshes
Fra:17 Mem:9.96M (Peak 11.30M) | Time:00:00.00 | Mem:0.01M, Peak:0.01M | Scene, ViewLayer | Updating Objects | Applying Static Transformations
Fra:17 Mem:9.96M (Peak 11.30M) | Time:00:00.00 | Mem:0.01M, Peak:0.01M | Scene, ViewLayer | Updating Mesh | Computing attributes
Fra:17 Mem:9.97M (Peak 11.30M) | Time:00:00.00 | Mem:0.01M, Peak:0.01M | Scene, ViewLayer | Updating Mesh | Copying Attributes to device
Fra:17 Mem:9.97M (Peak 11.30M) | Time:00:00.00 | Mem:0.02M, Peak:0.02M | Scene, ViewLayer | Updating Scene BVH | Building
Fra:17 Mem:9.97M (Peak 11.30M) | Time:00:00.00 | Mem:0.02M, Peak:0.02M | Scene, ViewLayer | Updating Scene BVH | Building BVH
Fra:17 Mem:9.97M (Peak 11.30M) | Time:00:00.00 | Mem:0.04M, Peak:0.04M | Scene, ViewLayer | Updating Scene BVH | Copying BVH to device
Fra:17 Mem:9.97M (Peak 11.30M) | Time:00:00.00 | Mem:0.04M, Peak:0.04M | Scene, ViewLayer | Updating Mesh | Computing normals
Fra:17 Mem:9.98M (Peak 11.30M) | Time:00:00.00 | Mem:0.04M, Peak:0.04M | Scene, ViewLayer | Updating Mesh | Copying Mesh to device
Fra:17 Mem:9.98M (Peak 11.30M) | Time:00:00.00 | Mem:0.05M, Peak:0.05M | Scene, ViewLayer | Updating Objects Flags
Fra:17 Mem:9.98M (Peak 11.30M) | Time:00:00.00 | Mem:0.05M, Peak:0.05M | Scene, ViewLayer | Updating Primitive Offsets
Fra:17 Mem:9.98M (Peak 11.30M) | Time:00:00.00 | Mem:0.05M, Peak:0.05M | Scene, ViewLayer | Updating Images
Fra:17 Mem:9.98M (Peak 11.30M) | Time:00:00.00 | Mem:0.05M, Peak:0.05M | Scene, ViewLayer | Updating Camera Volume
Fra:17 Mem:9.98M (Peak 11.30M) | Time:00:00.00 | Mem:0.05M, Peak:0.05M | Scene, ViewLayer | Updating Lookup Tables
Fra:17 Mem:9.98M (Peak 11.30M) | Time:00:00.00 | Mem:0.13M, Peak:0.13M | Scene, ViewLayer | Updating Lights
Fra:17 Mem:9.98M (Peak 11.30M) | Time:00:00.00 | Mem:0.13M, Peak:0.13M | Scene, ViewLayer | Updating Lights | Computing tree
Fra:17 Mem:9.99M (Peak 11.30M) | Time:00:00.00 | Mem:0.14M, Peak:0.14M | Scene, ViewLayer | Updating Integrator
Fra:17 Mem:9.99M (Peak 11.30M) | Time:00:00.00 | Mem:0.14M, Peak:0.14M | Scene, ViewLayer | Updating Film
Fra:17 Mem:10.00M (Peak 11.30M) | Time:00:00.00 | Mem:0.06M, Peak:0.14M | Scene, ViewLayer | Updating Lookup Tables
Fra:17 Mem:10.00M (Peak 11.30M) | Time:00:00.00 | Mem:0.15M, Peak:0.15M | Scene, ViewLayer | Updating Baking
Fra:17 Mem:10.00M (Peak 11.30M) | Time:00:00.00 | Mem:0.15M, Peak:0.15M | Scene, ViewLayer | Updating Device | Writing constant memory
Fra:17 Mem:10.00M (Peak 11.30M) | Time:00:00.00 | Mem:0.15M, Peak:0.15M | Scene, ViewLayer | Sample 0/8
Fra:17 Mem:12.29M (Peak 12.29M) | Time:00:00.00 | Remaining:00:00.03 | Mem:2.40M, Peak:2.40M | Scene, ViewLayer | Sample 1/8
Fra:17 Mem:13.29M (Peak 15.29M) | Time:00:00.04 | Mem:2.40M, Peak:2.40M | Scene, ViewLayer | Sample 8/8
Fra:17 Mem:13.29M (Peak 15.29M) | Time:00:00.04 | Mem:2.40M, Peak:2.40M | Scene, ViewLayer | Finished
Saved: '/home/terence/Documents/Codex/2026-09-06/realtime-voice-chat-3/outputs/butterfly-method-comparison/blender/turntable-frames/turntable_040.png'
Time: 00:00.05 (Saving: 00:00.00)

Fra:19 Mem:11.27M (Peak 11.27M) | Time:00:00.00 | Mem:0.00M, Peak:0.00M | Scene, ViewLayer | Synchronizing object | R forewing_border
Fra:19 Mem:11.28M (Peak 11.28M) | Time:00:00.00 | Mem:0.00M, Peak:0.00M | Scene, ViewLayer | Synchronizing object | R forewing_cyan
Fra:19 Mem:11.28M (Peak 11.28M) | Time:00:00.00 | Mem:0.00M, Peak:0.00M | Scene, ViewLayer | Synchronizing object | R forewing_blue
Fra:19 Mem:11.28M (Peak 11.28M) | Time:00:00.00 | Mem:0.00M, Peak:0.00M | Scene, ViewLayer | Synchronizing object | R forewing_highlight
Fra:19 Mem:11.28M (Peak 11.28M) | Time:00:00.00 | Mem:0.00M, Peak:0.00M | Scene, ViewLayer | Synchronizing object | Antenna.001
Fra:19 Mem:11.28M (Peak 11.28M) | Time:00:00.00 | Mem:0.00M, Peak:0.00M | Scene, ViewLayer | Synchronizing object | R forewing_highlight.001
Fra:19 Mem:11.28M (Peak 11.28M) | Time:00:00.00 | Mem:0.00M, Peak:0.00M | Scene, ViewLayer | Synchronizing object | Antenna
Fra:19 Mem:11.28M (Peak 11.28M) | Time:00:00.00 | Mem:0.00M, Peak:0.00M | Scene, ViewLayer | Synchronizing object | R hindwing_border
Fra:19 Mem:11.29M (Peak 11.29M) | Time:00:00.00 | Mem:0.00M, Peak:0.00M | Scene, ViewLayer | Synchronizing object | R hindwing_cyan
Fra:19 Mem:11.29M (Peak 11.29M) | Time:00:00.00 | Mem:0.00M, Peak:0.00M | Scene, ViewLayer | Synchronizing object | Head
Fra:19 Mem:11.29M (Peak 11.29M) | Time:00:00.00 | Mem:0.00M, Peak:0.00M | Scene, ViewLayer | Synchronizing object | R hindwing_blue
Fra:19 Mem:11.29M (Peak 11.29M) | Time:00:00.00 | Mem:0.00M, Peak:0.00M | Scene, ViewLayer | Synchronizing object | Thorax
Fra:19 Mem:11.29M (Peak 11.29M) | Time:00:00.00 | Mem:0.00M, Peak:0.00M | Scene, ViewLayer | Synchronizing object | R hindwing_cyan.001
Fra:19 Mem:11.29M (Peak 11.29M) | Time:00:00.00 | Mem:0.00M, Peak:0.00M | Scene, ViewLayer | Synchronizing object | R hindwing_blue.001
Fra:19 Mem:11.29M (Peak 11.29M) | Time:00:00.00 | Mem:0.00M, Peak:0.00M | Scene, ViewLayer | Synchronizing object | R hindwing_highlight.001
Fra:19 Mem:11.29M (Peak 11.29M) | Time:00:00.00 | Mem:0.00M, Peak:0.00M | Scene, ViewLayer | Synchronizing object | Abdomen
Fra:19 Mem:11.29M (Peak 11.29M) | Time:00:00.00 | Mem:0.00M, Peak:0.00M | Scene, ViewLayer | Synchronizing object | L forewing_border
Fra:19 Mem:11.29M (Peak 11.29M) | Time:00:00.00 | Mem:0.00M, Peak:0.00M | Scene, ViewLayer | Synchronizing object | L forewing_highlight
Fra:19 Mem:11.29M (Peak 11.29M) | Time:00:00.00 | Mem:0.00M, Peak:0.00M | Scene, ViewLayer | Synchronizing object | L forewing_cyan.001
Fra:19 Mem:11.30M (Peak 11.30M) | Time:00:00.00 | Mem:0.00M, Peak:0.00M | Scene, ViewLayer | Synchronizing object | L forewing_blue.001
Fra:19 Mem:11.30M (Peak 11.30M) | Time:00:00.00 | Mem:0.00M, Peak:0.00M | Scene, ViewLayer | Synchronizing object | L forewing_highlight.001
Fra:19 Mem:11.30M (Peak 11.30M) | Time:00:00.00 | Mem:0.00M, Peak:0.00M | Scene, ViewLayer | Synchronizing object | L hindwing_border
Fra:19 Mem:11.30M (Peak 11.30M) | Time:00:00.00 | Mem:0.00M, Peak:0.00M | Scene, ViewLayer | Synchronizing object | L hindwing_cyan
Fra:19 Mem:11.30M (Peak 11.30M) | Time:00:00.00 | Mem:0.00M, Peak:0.00M | Scene, ViewLayer | Synchronizing object | L hindwing_blue
Fra:19 Mem:11.30M (Peak 11.30M) | Time:00:00.00 | Mem:0.00M, Peak:0.00M | Scene, ViewLayer | Synchronizing object | L hindwing_highlight
Fra:19 Mem:11.30M (Peak 11.30M) | Time:00:00.00 | Mem:0.00M, Peak:0.00M | Scene, ViewLayer | Synchronizing object | L hindwing_blue.001
Fra:19 Mem:11.30M (Peak 11.30M) | Time:00:00.00 | Mem:0.00M, Peak:0.00M | Scene, ViewLayer | Synchronizing object | L hindwing_cyan.001
Fra:19 Mem:11.30M (Peak 11.30M) | Time:00:00.00 | Mem:0.00M, Peak:0.00M | Scene, ViewLayer | Initializing
Fra:19 Mem:9.87M (Peak 11.30M) | Time:00:00.00 | Mem:0.00M, Peak:0.00M | Scene, ViewLayer | Waiting for render to start
Fra:19 Mem:9.87M (Peak 11.30M) | Time:00:00.00 | Mem:0.00M, Peak:0.00M | Scene, ViewLayer | Updating Scene
Fra:19 Mem:9.87M (Peak 11.30M) | Time:00:00.00 | Mem:0.00M, Peak:0.00M | Scene, ViewLayer | Updating Shaders
Fra:19 Mem:9.87M (Peak 11.30M) | Time:00:00.00 | Mem:0.00M, Peak:0.00M | Scene, ViewLayer | Loading render kernels (may take a few minutes the first time)
Fra:19 Mem:9.96M (Peak 11.30M) | Time:00:00.00 | Mem:0.00M, Peak:0.00M | Scene, ViewLayer | Updating Procedurals
Fra:19 Mem:9.96M (Peak 11.30M) | Time:00:00.00 | Mem:0.00M, Peak:0.00M | Scene, ViewLayer | Updating Background
Fra:19 Mem:9.96M (Peak 11.30M) | Time:00:00.00 | Mem:0.00M, Peak:0.00M | Scene, ViewLayer | Updating Camera
Fra:19 Mem:9.96M (Peak 11.30M) | Time:00:00.00 | Mem:0.00M, Peak:0.00M | Scene, ViewLayer | Updating Meshes Flags
Fra:19 Mem:9.96M (Peak 11.30M) | Time:00:00.00 | Mem:0.00M, Peak:0.00M | Scene, ViewLayer | Updating Objects
Fra:19 Mem:9.96M (Peak 11.30M) | Time:00:00.00 | Mem:0.00M, Peak:0.00M | Scene, ViewLayer | Updating Objects | Copying Transformations to device
Fra:19 Mem:9.96M (Peak 11.30M) | Time:00:00.00 | Mem:0.01M, Peak:0.01M | Scene, ViewLayer | Updating Particle Systems
Fra:19 Mem:9.96M (Peak 11.30M) | Time:00:00.00 | Mem:0.01M, Peak:0.01M | Scene, ViewLayer | Updating Particle Systems | Copying Particles to device
Fra:19 Mem:9.96M (Peak 11.30M) | Time:00:00.00 | Mem:0.01M, Peak:0.01M | Scene, ViewLayer | Updating Meshes
Fra:19 Mem:9.96M (Peak 11.30M) | Time:00:00.00 | Mem:0.01M, Peak:0.01M | Scene, ViewLayer | Updating Objects | Applying Static Transformations
Fra:19 Mem:9.96M (Peak 11.30M) | Time:00:00.00 | Mem:0.01M, Peak:0.01M | Scene, ViewLayer | Updating Mesh | Computing attributes
Fra:19 Mem:9.97M (Peak 11.30M) | Time:00:00.00 | Mem:0.01M, Peak:0.01M | Scene, ViewLayer | Updating Mesh | Copying Attributes to device
Fra:19 Mem:9.97M (Peak 11.30M) | Time:00:00.00 | Mem:0.02M, Peak:0.02M | Scene, ViewLayer | Updating Scene BVH | Building
Fra:19 Mem:9.97M (Peak 11.30M) | Time:00:00.00 | Mem:0.02M, Peak:0.02M | Scene, ViewLayer | Updating Scene BVH | Building BVH
Fra:19 Mem:9.97M (Peak 11.30M) | Time:00:00.00 | Mem:0.04M, Peak:0.04M | Scene, ViewLayer | Updating Scene BVH | Copying BVH to device
Fra:19 Mem:9.97M (Peak 11.30M) | Time:00:00.00 | Mem:0.04M, Peak:0.04M | Scene, ViewLayer | Updating Mesh | Computing normals
Fra:19 Mem:9.98M (Peak 11.30M) | Time:00:00.00 | Mem:0.04M, Peak:0.04M | Scene, ViewLayer | Updating Mesh | Copying Mesh to device
Fra:19 Mem:9.98M (Peak 11.30M) | Time:00:00.00 | Mem:0.05M, Peak:0.05M | Scene, ViewLayer | Updating Objects Flags
Fra:19 Mem:9.98M (Peak 11.30M) | Time:00:00.00 | Mem:0.05M, Peak:0.05M | Scene, ViewLayer | Updating Primitive Offsets
Fra:19 Mem:9.98M (Peak 11.30M) | Time:00:00.00 | Mem:0.05M, Peak:0.05M | Scene, ViewLayer | Updating Images
Fra:19 Mem:9.98M (Peak 11.30M) | Time:00:00.00 | Mem:0.05M, Peak:0.05M | Scene, ViewLayer | Updating Camera Volume
Fra:19 Mem:9.98M (Peak 11.30M) | Time:00:00.00 | Mem:0.05M, Peak:0.05M | Scene, ViewLayer | Updating Lookup Tables
Fra:19 Mem:9.98M (Peak 11.30M) | Time:00:00.00 | Mem:0.13M, Peak:0.13M | Scene, ViewLayer | Updating Lights
Fra:19 Mem:9.98M (Peak 11.30M) | Time:00:00.00 | Mem:0.13M, Peak:0.13M | Scene, ViewLayer | Updating Lights | Computing tree
Fra:19 Mem:9.99M (Peak 11.30M) | Time:00:00.00 | Mem:0.14M, Peak:0.14M | Scene, ViewLayer | Updating Integrator
Fra:19 Mem:9.99M (Peak 11.30M) | Time:00:00.00 | Mem:0.14M, Peak:0.14M | Scene, ViewLayer | Updating Film
Fra:19 Mem:10.00M (Peak 11.30M) | Time:00:00.00 | Mem:0.06M, Peak:0.14M | Scene, ViewLayer | Updating Lookup Tables
Fra:19 Mem:10.00M (Peak 11.30M) | Time:00:00.00 | Mem:0.15M, Peak:0.15M | Scene, ViewLayer | Updating Baking
Fra:19 Mem:10.00M (Peak 11.30M) | Time:00:00.00 | Mem:0.15M, Peak:0.15M | Scene, ViewLayer | Updating Device | Writing constant memory
Fra:19 Mem:10.00M (Peak 11.30M) | Time:00:00.00 | Mem:0.15M, Peak:0.15M | Scene, ViewLayer | Sample 0/8
Fra:19 Mem:12.29M (Peak 12.29M) | Time:00:00.00 | Remaining:00:00.03 | Mem:2.40M, Peak:2.40M | Scene, ViewLayer | Sample 1/8
Fra:19 Mem:13.29M (Peak 15.29M) | Time:00:00.04 | Mem:2.40M, Peak:2.40M | Scene, ViewLayer | Sample 8/8
Fra:19 Mem:13.29M (Peak 15.29M) | Time:00:00.04 | Mem:2.40M, Peak:2.40M | Scene, ViewLayer | Finished
Saved: '/home/terence/Documents/Codex/2026-09-06/realtime-voice-chat-3/outputs/butterfly-method-comparison/blender/turntable-frames/turntable_041.png'
Time: 00:00.05 (Saving: 00:00.00)

Fra:21 Mem:11.27M (Peak 11.27M) | Time:00:00.00 | Mem:0.00M, Peak:0.00M | Scene, ViewLayer | Synchronizing object | R forewing_border
Fra:21 Mem:11.28M (Peak 11.28M) | Time:00:00.00 | Mem:0.00M, Peak:0.00M | Scene, ViewLayer | Synchronizing object | R forewing_blue
Fra:21 Mem:11.28M (Peak 11.28M) | Time:00:00.00 | Mem:0.00M, Peak:0.00M | Scene, ViewLayer | Synchronizing object | R forewing_highlight
Fra:21 Mem:11.28M (Peak 11.28M) | Time:00:00.00 | Mem:0.00M, Peak:0.00M | Scene, ViewLayer | Synchronizing object | R forewing_cyan.001
Fra:21 Mem:11.28M (Peak 11.28M) | Time:00:00.00 | Mem:0.00M, Peak:0.00M | Scene, ViewLayer | Synchronizing object | R forewing_blue.001
Fra:21 Mem:11.28M (Peak 11.28M) | Time:00:00.00 | Mem:0.00M, Peak:0.00M | Scene, ViewLayer | Synchronizing object | R hindwing_border
Fra:21 Mem:11.29M (Peak 11.29M) | Time:00:00.00 | Mem:0.00M, Peak:0.00M | Scene, ViewLayer | Synchronizing object | R hindwing_cyan
Fra:21 Mem:11.29M (Peak 11.29M) | Time:00:00.00 | Mem:0.00M, Peak:0.00M | Scene, ViewLayer | Synchronizing object | R hindwing_blue
Fra:21 Mem:11.29M (Peak 11.29M) | Time:00:00.00 | Mem:0.00M, Peak:0.00M | Scene, ViewLayer | Synchronizing object | R hindwing_highlight
Fra:21 Mem:11.29M (Peak 11.29M) | Time:00:00.00 | Mem:0.00M, Peak:0.00M | Scene, ViewLayer | Synchronizing object | R hindwing_blue.001
Fra:21 Mem:11.29M (Peak 11.29M) | Time:00:00.00 | Mem:0.00M, Peak:0.00M | Scene, ViewLayer | Synchronizing object | Antenna
Fra:21 Mem:11.29M (Peak 11.29M) | Time:00:00.00 | Mem:0.00M, Peak:0.00M | Scene, ViewLayer | Synchronizing object | R hindwing_highlight.001
Fra:21 Mem:11.29M (Peak 11.29M) | Time:00:00.00 | Mem:0.00M, Peak:0.00M | Scene, ViewLayer | Synchronizing object | L forewing_cyan
Fra:21 Mem:11.29M (Peak 11.29M) | Time:00:00.00 | Mem:0.00M, Peak:0.00M | Scene, ViewLayer | Synchronizing object | L forewing_blue
Fra:21 Mem:11.29M (Peak 11.29M) | Time:00:00.00 | Mem:0.00M, Peak:0.00M | Scene, ViewLayer | Synchronizing object | L forewing_cyan.001
Fra:21 Mem:11.29M (Peak 11.29M) | Time:00:00.00 | Mem:0.00M, Peak:0.00M | Scene, ViewLayer | Synchronizing object | L forewing_blue.001
Fra:21 Mem:11.29M (Peak 11.29M) | Time:00:00.00 | Mem:0.00M, Peak:0.00M | Scene, ViewLayer | Synchronizing object | L hindwing_border
Fra:21 Mem:11.29M (Peak 11.29M) | Time:00:00.00 | Mem:0.00M, Peak:0.00M | Scene, ViewLayer | Synchronizing object | Abdomen
Fra:21 Mem:11.30M (Peak 11.30M) | Time:00:00.00 | Mem:0.00M, Peak:0.00M | Scene, ViewLayer | Synchronizing object | L hindwing_cyan.001
Fra:21 Mem:11.30M (Peak 11.30M) | Time:00:00.00 | Mem:0.00M, Peak:0.00M | Scene, ViewLayer | Synchronizing object | L hindwing_blue.001
Fra:21 Mem:11.30M (Peak 11.30M) | Time:00:00.00 | Mem:0.00M, Peak:0.00M | Scene, ViewLayer | Synchronizing object | L hindwing_highlight.001
Fra:21 Mem:11.30M (Peak 11.30M) | Time:00:00.00 | Mem:0.00M, Peak:0.00M | Scene, ViewLayer | Initializing
Fra:21 Mem:9.87M (Peak 11.30M) | Time:00:00.00 | Mem:0.00M, Peak:0.00M | Scene, ViewLayer | Waiting for render to start
Fra:21 Mem:9.87M (Peak 11.30M) | Time:00:00.00 | Mem:0.00M, Peak:0.00M | Scene, ViewLayer | Updating Scene
Fra:21 Mem:9.87M (Peak 11.30M) | Time:00:00.00 | Mem:0.00M, Peak:0.00M | Scene, ViewLayer | Updating Shaders
Fra:21 Mem:9.87M (Peak 11.30M) | Time:00:00.00 | Mem:0.00M, Peak:0.00M | Scene, ViewLayer | Loading render kernels (may take a few minutes the first time)
Fra:21 Mem:9.96M (Peak 11.30M) | Time:00:00.00 | Mem:0.00M, Peak:0.00M | Scene, ViewLayer | Updating Procedurals
Fra:21 Mem:9.96M (Peak 11.30M) | Time:00:00.00 | Mem:0.00M, Peak:0.00M | Scene, ViewLayer | Updating Background
Fra:21 Mem:9.96M (Peak 11.30M) | Time:00:00.00 | Mem:0.00M, Peak:0.00M | Scene, ViewLayer | Updating Camera
Fra:21 Mem:9.96M (Peak 11.30M) | Time:00:00.00 | Mem:0.00M, Peak:0.00M | Scene, ViewLayer | Updating Meshes Flags
Fra:21 Mem:9.96M (Peak 11.30M) | Time:00:00.00 | Mem:0.00M, Peak:0.00M | Scene, ViewLayer | Updating Objects
Fra:21 Mem:9.96M (Peak 11.30M) | Time:00:00.00 | Mem:0.00M, Peak:0.00M | Scene, ViewLayer | Updating Objects | Copying Transformations to device
Fra:21 Mem:9.96M (Peak 11.30M) | Time:00:00.00 | Mem:0.01M, Peak:0.01M | Scene, ViewLayer | Updating Particle Systems
Fra:21 Mem:9.96M (Peak 11.30M) | Time:00:00.00 | Mem:0.01M, Peak:0.01M | Scene, ViewLayer | Updating Particle Systems | Copying Particles to device
Fra:21 Mem:9.96M (Peak 11.30M) | Time:00:00.00 | Mem:0.01M, Peak:0.01M | Scene, ViewLayer | Updating Meshes
Fra:21 Mem:9.96M (Peak 11.30M) | Time:00:00.00 | Mem:0.01M, Peak:0.01M | Scene, ViewLayer | Updating Objects | Applying Static Transformations
Fra:21 Mem:9.96M (Peak 11.30M) | Time:00:00.00 | Mem:0.01M, Peak:0.01M | Scene, ViewLayer | Updating Mesh | Computing attributes
Fra:21 Mem:9.97M (Peak 11.30M) | Time:00:00.00 | Mem:0.01M, Peak:0.01M | Scene, ViewLayer | Updating Mesh | Copying Attributes to device
Fra:21 Mem:9.97M (Peak 11.30M) | Time:00:00.00 | Mem:0.02M, Peak:0.02M | Scene, ViewLayer | Updating Scene BVH | Building
Fra:21 Mem:9.97M (Peak 11.30M) | Time:00:00.00 | Mem:0.02M, Peak:0.02M | Scene, ViewLayer | Updating Scene BVH | Building BVH
Fra:21 Mem:9.97M (Peak 11.30M) | Time:00:00.00 | Mem:0.04M, Peak:0.04M | Scene, ViewLayer | Updating Scene BVH | Copying BVH to device
Fra:21 Mem:9.97M (Peak 11.30M) | Time:00:00.00 | Mem:0.04M, Peak:0.04M | Scene, ViewLayer | Updating Mesh | Computing normals
Fra:21 Mem:9.98M (Peak 11.30M) | Time:00:00.00 | Mem:0.04M, Peak:0.04M | Scene, ViewLayer | Updating Mesh | Copying Mesh to device
Fra:21 Mem:9.98M (Peak 11.30M) | Time:00:00.00 | Mem:0.05M, Peak:0.05M | Scene, ViewLayer | Updating Objects Flags
Fra:21 Mem:9.98M (Peak 11.30M) | Time:00:00.00 | Mem:0.05M, Peak:0.05M | Scene, ViewLayer | Updating Primitive Offsets
Fra:21 Mem:9.98M (Peak 11.30M) | Time:00:00.00 | Mem:0.05M, Peak:0.05M | Scene, ViewLayer | Updating Images
Fra:21 Mem:9.98M (Peak 11.30M) | Time:00:00.00 | Mem:0.05M, Peak:0.05M | Scene, ViewLayer | Updating Camera Volume
Fra:21 Mem:9.98M (Peak 11.30M) | Time:00:00.00 | Mem:0.05M, Peak:0.05M | Scene, ViewLayer | Updating Lookup Tables
Fra:21 Mem:9.98M (Peak 11.30M) | Time:00:00.00 | Mem:0.13M, Peak:0.13M | Scene, ViewLayer | Updating Lights
Fra:21 Mem:9.98M (Peak 11.30M) | Time:00:00.00 | Mem:0.13M, Peak:0.13M | Scene, ViewLayer | Updating Lights | Computing tree
Fra:21 Mem:9.99M (Peak 11.30M) | Time:00:00.00 | Mem:0.14M, Peak:0.14M | Scene, ViewLayer | Updating Integrator
Fra:21 Mem:9.99M (Peak 11.30M) | Time:00:00.00 | Mem:0.14M, Peak:0.14M | Scene, ViewLayer | Updating Film
Fra:21 Mem:10.00M (Peak 11.30M) | Time:00:00.00 | Mem:0.06M, Peak:0.14M | Scene, ViewLayer | Updating Lookup Tables
Fra:21 Mem:10.00M (Peak 11.30M) | Time:00:00.00 | Mem:0.15M, Peak:0.15M | Scene, ViewLayer | Updating Baking
Fra:21 Mem:10.00M (Peak 11.30M) | Time:00:00.00 | Mem:0.15M, Peak:0.15M | Scene, ViewLayer | Updating Device | Writing constant memory
Fra:21 Mem:10.00M (Peak 11.30M) | Time:00:00.00 | Mem:0.15M, Peak:0.15M | Scene, ViewLayer | Sample 0/8
Fra:21 Mem:12.29M (Peak 12.29M) | Time:00:00.00 | Remaining:00:00.04 | Mem:2.40M, Peak:2.40M | Scene, ViewLayer | Sample 1/8
Fra:21 Mem:13.29M (Peak 15.29M) | Time:00:00.05 | Mem:2.40M, Peak:2.40M | Scene, ViewLayer | Sample 8/8
Fra:21 Mem:13.29M (Peak 15.29M) | Time:00:00.05 | Mem:2.40M, Peak:2.40M | Scene, ViewLayer | Finished
Saved: '/home/terence/Documents/Codex/2026-09-06/realtime-voice-chat-3/outputs/butterfly-method-comparison/blender/turntable-frames/turntable_042.png'
Time: 00:00.05 (Saving: 00:00.00)

Fra:22 Mem:11.27M (Peak 11.27M) | Time:00:00.00 | Mem:0.00M, Peak:0.00M | Scene, ViewLayer | Synchronizing object | R forewing_border
Fra:22 Mem:11.28M (Peak 11.28M) | Time:00:00.00 | Mem:0.00M, Peak:0.00M | Scene, ViewLayer | Synchronizing object | R forewing_cyan
Fra:22 Mem:11.28M (Peak 11.28M) | Time:00:00.00 | Mem:0.00M, Peak:0.00M | Scene, ViewLayer | Synchronizing object | R forewing_blue
Fra:22 Mem:11.28M (Peak 11.28M) | Time:00:00.00 | Mem:0.00M, Peak:0.00M | Scene, ViewLayer | Synchronizing object | R forewing_highlight
Fra:22 Mem:11.28M (Peak 11.28M) | Time:00:00.00 | Mem:0.00M, Peak:0.00M | Scene, ViewLayer | Synchronizing object | R forewing_cyan.001
Fra:22 Mem:11.28M (Peak 11.28M) | Time:00:00.00 | Mem:0.00M, Peak:0.00M | Scene, ViewLayer | Synchronizing object | R forewing_blue.001
Fra:22 Mem:11.28M (Peak 11.28M) | Time:00:00.00 | Mem:0.00M, Peak:0.00M | Scene, ViewLayer | Synchronizing object | R forewing_highlight.001
Fra:22 Mem:11.28M (Peak 11.28M) | Time:00:00.00 | Mem:0.00M, Peak:0.00M | Scene, ViewLayer | Synchronizing object | R hindwing_border
Fra:22 Mem:11.28M (Peak 11.28M) | Time:00:00.00 | Mem:0.00M, Peak:0.00M | Scene, ViewLayer | Synchronizing object | R hindwing_cyan
Fra:22 Mem:11.29M (Peak 11.29M) | Time:00:00.00 | Mem:0.00M, Peak:0.00M | Scene, ViewLayer | Synchronizing object | R hindwing_blue
Fra:22 Mem:11.29M (Peak 11.29M) | Time:00:00.00 | Mem:0.00M, Peak:0.00M | Scene, ViewLayer | Synchronizing object | Antenna.001
Fra:22 Mem:11.29M (Peak 11.29M) | Time:00:00.00 | Mem:0.00M, Peak:0.00M | Scene, ViewLayer | Synchronizing object | R hindwing_cyan.001
Fra:22 Mem:11.29M (Peak 11.29M) | Time:00:00.00 | Mem:0.00M, Peak:0.00M | Scene, ViewLayer | Synchronizing object | R hindwing_blue.001
Fra:22 Mem:11.29M (Peak 11.29M) | Time:00:00.00 | Mem:0.00M, Peak:0.00M | Scene, ViewLayer | Synchronizing object | R hindwing_highlight.001
Fra:22 Mem:11.29M (Peak 11.29M) | Time:00:00.00 | Mem:0.00M, Peak:0.00M | Scene, ViewLayer | Synchronizing object | L forewing_border
Fra:22 Mem:11.29M (Peak 11.29M) | Time:00:00.00 | Mem:0.00M, Peak:0.00M | Scene, ViewLayer | Synchronizing object | L forewing_cyan
Fra:22 Mem:11.29M (Peak 11.29M) | Time:00:00.00 | Mem:0.00M, Peak:0.00M | Scene, ViewLayer | Synchronizing object | L forewing_blue
Fra:22 Mem:11.29M (Peak 11.29M) | Time:00:00.00 | Mem:0.00M, Peak:0.00M | Scene, ViewLayer | Synchronizing object | L forewing_highlight
Fra:22 Mem:11.29M (Peak 11.29M) | Time:00:00.00 | Mem:0.00M, Peak:0.00M | Scene, ViewLayer | Synchronizing object | L forewing_cyan.001
Fra:22 Mem:11.29M (Peak 11.29M) | Time:00:00.00 | Mem:0.00M, Peak:0.00M | Scene, ViewLayer | Synchronizing object | L forewing_blue.001
Fra:22 Mem:11.29M (Peak 11.29M) | Time:00:00.00 | Mem:0.00M, Peak:0.00M | Scene, ViewLayer | Synchronizing object | L forewing_highlight.001
Fra:22 Mem:11.29M (Peak 11.29M) | Time:00:00.00 | Mem:0.00M, Peak:0.00M | Scene, ViewLayer | Synchronizing object | L hindwing_cyan
Fra:22 Mem:11.29M (Peak 11.29M) | Time:00:00.00 | Mem:0.00M, Peak:0.00M | Scene, ViewLayer | Synchronizing object | Head
Fra:22 Mem:11.29M (Peak 11.29M) | Time:00:00.00 | Mem:0.00M, Peak:0.00M | Scene, ViewLayer | Synchronizing object | L hindwing_blue
Fra:22 Mem:11.29M (Peak 11.29M) | Time:00:00.00 | Mem:0.00M, Peak:0.00M | Scene, ViewLayer | Synchronizing object | Thorax
Fra:22 Mem:11.29M (Peak 11.29M) | Time:00:00.00 | Mem:0.00M, Peak:0.00M | Scene, ViewLayer | Synchronizing object | L hindwing_highlight
Fra:22 Mem:11.30M (Peak 11.30M) | Time:00:00.00 | Mem:0.00M, Peak:0.00M | Scene, ViewLayer | Synchronizing object | Abdomen
Fra:22 Mem:11.30M (Peak 11.30M) | Time:00:00.00 | Mem:0.00M, Peak:0.00M | Scene, ViewLayer | Synchronizing object | L hindwing_cyan.001
Fra:22 Mem:11.30M (Peak 11.30M) | Time:00:00.00 | Mem:0.00M, Peak:0.00M | Scene, ViewLayer | Synchronizing object | L hindwing_blue.001
Fra:22 Mem:11.30M (Peak 11.30M) | Time:00:00.00 | Mem:0.00M, Peak:0.00M | Scene, ViewLayer | Initializing
Fra:22 Mem:9.87M (Peak 11.30M) | Time:00:00.00 | Mem:0.00M, Peak:0.00M | Scene, ViewLayer | Waiting for render to start
Fra:22 Mem:9.87M (Peak 11.30M) | Time:00:00.00 | Mem:0.00M, Peak:0.00M | Scene, ViewLayer | Updating Scene
Fra:22 Mem:9.87M (Peak 11.30M) | Time:00:00.00 | Mem:0.00M, Peak:0.00M | Scene, ViewLayer | Updating Shaders
Fra:22 Mem:9.87M (Peak 11.30M) | Time:00:00.00 | Mem:0.00M, Peak:0.00M | Scene, ViewLayer | Loading render kernels (may take a few minutes the first time)
Fra:22 Mem:9.96M (Peak 11.30M) | Time:00:00.00 | Mem:0.00M, Peak:0.00M | Scene, ViewLayer | Updating Procedurals
Fra:22 Mem:9.96M (Peak 11.30M) | Time:00:00.00 | Mem:0.00M, Peak:0.00M | Scene, ViewLayer | Updating Background
Fra:22 Mem:9.96M (Peak 11.30M) | Time:00:00.00 | Mem:0.00M, Peak:0.00M | Scene, ViewLayer | Updating Camera
Fra:22 Mem:9.96M (Peak 11.30M) | Time:00:00.00 | Mem:0.00M, Peak:0.00M | Scene, ViewLayer | Updating Meshes Flags
Fra:22 Mem:9.96M (Peak 11.30M) | Time:00:00.00 | Mem:0.00M, Peak:0.00M | Scene, ViewLayer | Updating Objects
Fra:22 Mem:9.96M (Peak 11.30M) | Time:00:00.00 | Mem:0.00M, Peak:0.00M | Scene, ViewLayer | Updating Objects | Copying Transformations to device
Fra:22 Mem:9.96M (Peak 11.30M) | Time:00:00.00 | Mem:0.01M, Peak:0.01M | Scene, ViewLayer | Updating Particle Systems
Fra:22 Mem:9.96M (Peak 11.30M) | Time:00:00.00 | Mem:0.01M, Peak:0.01M | Scene, ViewLayer | Updating Particle Systems | Copying Particles to device
Fra:22 Mem:9.96M (Peak 11.30M) | Time:00:00.00 | Mem:0.01M, Peak:0.01M | Scene, ViewLayer | Updating Meshes
Fra:22 Mem:9.96M (Peak 11.30M) | Time:00:00.00 | Mem:0.01M, Peak:0.01M | Scene, ViewLayer | Updating Objects | Applying Static Transformations
Fra:22 Mem:9.96M (Peak 11.30M) | Time:00:00.00 | Mem:0.01M, Peak:0.01M | Scene, ViewLayer | Updating Mesh | Computing attributes
Fra:22 Mem:9.97M (Peak 11.30M) | Time:00:00.00 | Mem:0.01M, Peak:0.01M | Scene, ViewLayer | Updating Mesh | Copying Attributes to device
Fra:22 Mem:9.97M (Peak 11.30M) | Time:00:00.00 | Mem:0.02M, Peak:0.02M | Scene, ViewLayer | Updating Scene BVH | Building
Fra:22 Mem:9.97M (Peak 11.30M) | Time:00:00.00 | Mem:0.02M, Peak:0.02M | Scene, ViewLayer | Updating Scene BVH | Building BVH
Fra:22 Mem:9.97M (Peak 11.30M) | Time:00:00.00 | Mem:0.04M, Peak:0.04M | Scene, ViewLayer | Updating Scene BVH | Copying BVH to device
Fra:22 Mem:9.97M (Peak 11.30M) | Time:00:00.00 | Mem:0.04M, Peak:0.04M | Scene, ViewLayer | Updating Mesh | Computing normals
Fra:22 Mem:9.98M (Peak 11.30M) | Time:00:00.00 | Mem:0.04M, Peak:0.04M | Scene, ViewLayer | Updating Mesh | Copying Mesh to device
Fra:22 Mem:9.98M (Peak 11.30M) | Time:00:00.00 | Mem:0.05M, Peak:0.05M | Scene, ViewLayer | Updating Objects Flags
Fra:22 Mem:9.98M (Peak 11.30M) | Time:00:00.00 | Mem:0.05M, Peak:0.05M | Scene, ViewLayer | Updating Primitive Offsets
Fra:22 Mem:9.98M (Peak 11.30M) | Time:00:00.00 | Mem:0.05M, Peak:0.05M | Scene, ViewLayer | Updating Images
Fra:22 Mem:9.98M (Peak 11.30M) | Time:00:00.00 | Mem:0.05M, Peak:0.05M | Scene, ViewLayer | Updating Camera Volume
Fra:22 Mem:9.98M (Peak 11.30M) | Time:00:00.00 | Mem:0.05M, Peak:0.05M | Scene, ViewLayer | Updating Lookup Tables
Fra:22 Mem:9.98M (Peak 11.30M) | Time:00:00.00 | Mem:0.13M, Peak:0.13M | Scene, ViewLayer | Updating Lights
Fra:22 Mem:9.98M (Peak 11.30M) | Time:00:00.00 | Mem:0.13M, Peak:0.13M | Scene, ViewLayer | Updating Lights | Computing tree
Fra:22 Mem:9.99M (Peak 11.30M) | Time:00:00.00 | Mem:0.14M, Peak:0.14M | Scene, ViewLayer | Updating Integrator
Fra:22 Mem:9.99M (Peak 11.30M) | Time:00:00.00 | Mem:0.14M, Peak:0.14M | Scene, ViewLayer | Updating Film
Fra:22 Mem:10.00M (Peak 11.30M) | Time:00:00.00 | Mem:0.06M, Peak:0.14M | Scene, ViewLayer | Updating Lookup Tables
Fra:22 Mem:10.00M (Peak 11.30M) | Time:00:00.00 | Mem:0.15M, Peak:0.15M | Scene, ViewLayer | Updating Baking
Fra:22 Mem:10.00M (Peak 11.30M) | Time:00:00.00 | Mem:0.15M, Peak:0.15M | Scene, ViewLayer | Updating Device | Writing constant memory
Fra:22 Mem:10.00M (Peak 11.30M) | Time:00:00.00 | Mem:0.15M, Peak:0.15M | Scene, ViewLayer | Sample 0/8
Fra:22 Mem:12.29M (Peak 12.29M) | Time:00:00.00 | Remaining:00:00.04 | Mem:2.40M, Peak:2.40M | Scene, ViewLayer | Sample 1/8
Fra:22 Mem:13.29M (Peak 15.29M) | Time:00:00.04 | Mem:2.40M, Peak:2.40M | Scene, ViewLayer | Sample 8/8
Fra:22 Mem:13.29M (Peak 15.29M) | Time:00:00.04 | Mem:2.40M, Peak:2.40M | Scene, ViewLayer | Finished
Saved: '/home/terence/Documents/Codex/2026-09-06/realtime-voice-chat-3/outputs/butterfly-method-comparison/blender/turntable-frames/turntable_043.png'
Time: 00:00.05 (Saving: 00:00.00)

Fra:24 Mem:11.27M (Peak 11.27M) | Time:00:00.00 | Mem:0.00M, Peak:0.00M | Scene, ViewLayer | Synchronizing object | R forewing_border
Fra:24 Mem:11.28M (Peak 11.28M) | Time:00:00.00 | Mem:0.00M, Peak:0.00M | Scene, ViewLayer | Synchronizing object | R forewing_cyan
Fra:24 Mem:11.28M (Peak 11.28M) | Time:00:00.00 | Mem:0.00M, Peak:0.00M | Scene, ViewLayer | Synchronizing object | R forewing_blue
Fra:24 Mem:11.28M (Peak 11.28M) | Time:00:00.00 | Mem:0.00M, Peak:0.00M | Scene, ViewLayer | Synchronizing object | R forewing_highlight
Fra:24 Mem:11.28M (Peak 11.28M) | Time:00:00.00 | Mem:0.00M, Peak:0.00M | Scene, ViewLayer | Synchronizing object | R forewing_cyan.001
Fra:24 Mem:11.28M (Peak 11.28M) | Time:00:00.00 | Mem:0.00M, Peak:0.00M | Scene, ViewLayer | Synchronizing object | R forewing_blue.001
Fra:24 Mem:11.28M (Peak 11.28M) | Time:00:00.00 | Mem:0.00M, Peak:0.00M | Scene, ViewLayer | Synchronizing object | R forewing_highlight.001
Fra:24 Mem:11.28M (Peak 11.28M) | Time:00:00.00 | Mem:0.00M, Peak:0.00M | Scene, ViewLayer | Synchronizing object | R hindwing_border
Fra:24 Mem:11.29M (Peak 11.29M) | Time:00:00.00 | Mem:0.00M, Peak:0.00M | Scene, ViewLayer | Synchronizing object | R hindwing_cyan
Fra:24 Mem:11.29M (Peak 11.29M) | Time:00:00.00 | Mem:0.00M, Peak:0.00M | Scene, ViewLayer | Synchronizing object | R hindwing_blue
Fra:24 Mem:11.29M (Peak 11.29M) | Time:00:00.00 | Mem:0.00M, Peak:0.00M | Scene, ViewLayer | Synchronizing object | R hindwing_highlight
Fra:24 Mem:11.29M (Peak 11.29M) | Time:00:00.00 | Mem:0.00M, Peak:0.00M | Scene, ViewLayer | Synchronizing object | R hindwing_blue.001
Fra:24 Mem:11.29M (Peak 11.29M) | Time:00:00.00 | Mem:0.00M, Peak:0.00M | Scene, ViewLayer | Synchronizing object | R hindwing_highlight.001
Fra:24 Mem:11.29M (Peak 11.29M) | Time:00:00.00 | Mem:0.00M, Peak:0.00M | Scene, ViewLayer | Synchronizing object | L forewing_border
Fra:24 Mem:11.29M (Peak 11.29M) | Time:00:00.00 | Mem:0.00M, Peak:0.00M | Scene, ViewLayer | Synchronizing object | Head
Fra:24 Mem:11.29M (Peak 11.29M) | Time:00:00.00 | Mem:0.00M, Peak:0.00M | Scene, ViewLayer | Synchronizing object | L forewing_blue
Fra:24 Mem:11.29M (Peak 11.29M) | Time:00:00.00 | Mem:0.00M, Peak:0.00M | Scene, ViewLayer | Synchronizing object | Thorax
Fra:24 Mem:11.29M (Peak 11.29M) | Time:00:00.00 | Mem:0.00M, Peak:0.00M | Scene, ViewLayer | Synchronizing object | L forewing_highlight
Fra:24 Mem:11.29M (Peak 11.29M) | Time:00:00.00 | Mem:0.00M, Peak:0.00M | Scene, ViewLayer | Synchronizing object | Abdomen
Fra:24 Mem:11.29M (Peak 11.29M) | Time:00:00.00 | Mem:0.00M, Peak:0.00M | Scene, ViewLayer | Synchronizing object | L forewing_cyan.001
Fra:24 Mem:11.30M (Peak 11.30M) | Time:00:00.00 | Mem:0.00M, Peak:0.00M | Scene, ViewLayer | Synchronizing object | L hindwing_highlight.001
Fra:24 Mem:11.30M (Peak 11.30M) | Time:00:00.00 | Mem:0.00M, Peak:0.00M | Scene, ViewLayer | Synchronizing object | L hindwing_cyan
Fra:24 Mem:11.30M (Peak 11.30M) | Time:00:00.00 | Mem:0.00M, Peak:0.00M | Scene, ViewLayer | Synchronizing object | L hindwing_blue.001
Fra:24 Mem:11.30M (Peak 11.30M) | Time:00:00.00 | Mem:0.00M, Peak:0.00M | Scene, ViewLayer | Synchronizing object | L hindwing_blue
Fra:24 Mem:11.30M (Peak 11.30M) | Time:00:00.00 | Mem:0.00M, Peak:0.00M | Scene, ViewLayer | Synchronizing object | L hindwing_highlight
Fra:24 Mem:11.30M (Peak 11.30M) | Time:00:00.00 | Mem:0.00M, Peak:0.00M | Scene, ViewLayer | Synchronizing object | L hindwing_cyan.001
Fra:24 Mem:11.30M (Peak 11.30M) | Time:00:00.00 | Mem:0.00M, Peak:0.00M | Scene, ViewLayer | Initializing
Fra:24 Mem:9.87M (Peak 11.30M) | Time:00:00.00 | Mem:0.00M, Peak:0.00M | Scene, ViewLayer | Waiting for render to start
Fra:24 Mem:9.87M (Peak 11.30M) | Time:00:00.00 | Mem:0.00M, Peak:0.00M | Scene, ViewLayer | Updating Scene
Fra:24 Mem:9.87M (Peak 11.30M) | Time:00:00.00 | Mem:0.00M, Peak:0.00M | Scene, ViewLayer | Updating Shaders
Fra:24 Mem:9.87M (Peak 11.30M) | Time:00:00.00 | Mem:0.00M, Peak:0.00M | Scene, ViewLayer | Loading render kernels (may take a few minutes the first time)
Fra:24 Mem:9.96M (Peak 11.30M) | Time:00:00.00 | Mem:0.00M, Peak:0.00M | Scene, ViewLayer | Updating Procedurals
Fra:24 Mem:9.96M (Peak 11.30M) | Time:00:00.00 | Mem:0.00M, Peak:0.00M | Scene, ViewLayer | Updating Background
Fra:24 Mem:9.96M (Peak 11.30M) | Time:00:00.00 | Mem:0.00M, Peak:0.00M | Scene, ViewLayer | Updating Camera
Fra:24 Mem:9.96M (Peak 11.30M) | Time:00:00.00 | Mem:0.00M, Peak:0.00M | Scene, ViewLayer | Updating Meshes Flags
Fra:24 Mem:9.96M (Peak 11.30M) | Time:00:00.00 | Mem:0.00M, Peak:0.00M | Scene, ViewLayer | Updating Objects
Fra:24 Mem:9.96M (Peak 11.30M) | Time:00:00.00 | Mem:0.00M, Peak:0.00M | Scene, ViewLayer | Updating Objects | Copying Transformations to device
Fra:24 Mem:9.96M (Peak 11.30M) | Time:00:00.00 | Mem:0.01M, Peak:0.01M | Scene, ViewLayer | Updating Particle Systems
Fra:24 Mem:9.96M (Peak 11.30M) | Time:00:00.00 | Mem:0.01M, Peak:0.01M | Scene, ViewLayer | Updating Particle Systems | Copying Particles to device
Fra:24 Mem:9.96M (Peak 11.30M) | Time:00:00.00 | Mem:0.01M, Peak:0.01M | Scene, ViewLayer | Updating Meshes
Fra:24 Mem:9.96M (Peak 11.30M) | Time:00:00.00 | Mem:0.01M, Peak:0.01M | Scene, ViewLayer | Updating Objects | Applying Static Transformations
Fra:24 Mem:9.96M (Peak 11.30M) | Time:00:00.00 | Mem:0.01M, Peak:0.01M | Scene, ViewLayer | Updating Mesh | Computing attributes
Fra:24 Mem:9.97M (Peak 11.30M) | Time:00:00.00 | Mem:0.01M, Peak:0.01M | Scene, ViewLayer | Updating Mesh | Copying Attributes to device
Fra:24 Mem:9.97M (Peak 11.30M) | Time:00:00.00 | Mem:0.02M, Peak:0.02M | Scene, ViewLayer | Updating Scene BVH | Building
Fra:24 Mem:9.97M (Peak 11.30M) | Time:00:00.00 | Mem:0.02M, Peak:0.02M | Scene, ViewLayer | Updating Scene BVH | Building BVH
Fra:24 Mem:9.97M (Peak 11.30M) | Time:00:00.00 | Mem:0.02M, Peak:0.02M | Scene, ViewLayer | Updating Scene BVH | Building BVH 0%
Fra:24 Mem:9.97M (Peak 11.30M) | Time:00:00.00 | Mem:0.04M, Peak:0.04M | Scene, ViewLayer | Updating Scene BVH | Copying BVH to device
Fra:24 Mem:9.97M (Peak 11.30M) | Time:00:00.00 | Mem:0.04M, Peak:0.04M | Scene, ViewLayer | Updating Mesh | Computing normals
Fra:24 Mem:9.98M (Peak 11.30M) | Time:00:00.00 | Mem:0.04M, Peak:0.04M | Scene, ViewLayer | Updating Mesh | Copying Mesh to device
Fra:24 Mem:9.98M (Peak 11.30M) | Time:00:00.00 | Mem:0.05M, Peak:0.05M | Scene, ViewLayer | Updating Objects Flags
Fra:24 Mem:9.98M (Peak 11.30M) | Time:00:00.00 | Mem:0.05M, Peak:0.05M | Scene, ViewLayer | Updating Primitive Offsets
Fra:24 Mem:9.98M (Peak 11.30M) | Time:00:00.00 | Mem:0.05M, Peak:0.05M | Scene, ViewLayer | Updating Images
Fra:24 Mem:9.98M (Peak 11.30M) | Time:00:00.00 | Mem:0.05M, Peak:0.05M | Scene, ViewLayer | Updating Camera Volume
Fra:24 Mem:9.98M (Peak 11.30M) | Time:00:00.00 | Mem:0.05M, Peak:0.05M | Scene, ViewLayer | Updating Lookup Tables
Fra:24 Mem:9.98M (Peak 11.30M) | Time:00:00.00 | Mem:0.13M, Peak:0.13M | Scene, ViewLayer | Updating Lights
Fra:24 Mem:9.98M (Peak 11.30M) | Time:00:00.00 | Mem:0.13M, Peak:0.13M | Scene, ViewLayer | Updating Lights | Computing tree
Fra:24 Mem:9.99M (Peak 11.30M) | Time:00:00.00 | Mem:0.14M, Peak:0.14M | Scene, ViewLayer | Updating Integrator
Fra:24 Mem:9.99M (Peak 11.30M) | Time:00:00.00 | Mem:0.14M, Peak:0.14M | Scene, ViewLayer | Updating Film
Fra:24 Mem:10.00M (Peak 11.30M) | Time:00:00.00 | Mem:0.06M, Peak:0.14M | Scene, ViewLayer | Updating Lookup Tables
Fra:24 Mem:10.00M (Peak 11.30M) | Time:00:00.00 | Mem:0.15M, Peak:0.15M | Scene, ViewLayer | Updating Baking
Fra:24 Mem:10.00M (Peak 11.30M) | Time:00:00.00 | Mem:0.15M, Peak:0.15M | Scene, ViewLayer | Updating Device | Writing constant memory
Fra:24 Mem:10.00M (Peak 11.30M) | Time:00:00.00 | Mem:0.15M, Peak:0.15M | Scene, ViewLayer | Sample 0/8
Fra:24 Mem:12.29M (Peak 12.29M) | Time:00:00.00 | Remaining:00:00.03 | Mem:2.40M, Peak:2.40M | Scene, ViewLayer | Sample 1/8
Fra:24 Mem:13.29M (Peak 15.29M) | Time:00:00.04 | Mem:2.40M, Peak:2.40M | Scene, ViewLayer | Sample 8/8
Fra:24 Mem:13.29M (Peak 15.29M) | Time:00:00.04 | Mem:2.40M, Peak:2.40M | Scene, ViewLayer | Finished
Saved: '/home/terence/Documents/Codex/2026-09-06/realtime-voice-chat-3/outputs/butterfly-method-comparison/blender/turntable-frames/turntable_044.png'
Time: 00:00.04 (Saving: 00:00.00)

Fra:1 Mem:11.27M (Peak 11.27M) | Time:00:00.00 | Mem:0.00M, Peak:0.00M | Scene, ViewLayer | Synchronizing object | R forewing_border
Fra:1 Mem:11.28M (Peak 11.28M) | Time:00:00.00 | Mem:0.00M, Peak:0.00M | Scene, ViewLayer | Synchronizing object | R forewing_cyan
Fra:1 Mem:11.28M (Peak 11.28M) | Time:00:00.00 | Mem:0.00M, Peak:0.00M | Scene, ViewLayer | Synchronizing object | R forewing_blue
Fra:1 Mem:11.28M (Peak 11.28M) | Time:00:00.00 | Mem:0.00M, Peak:0.00M | Scene, ViewLayer | Synchronizing object | R forewing_highlight
Fra:1 Mem:11.28M (Peak 11.28M) | Time:00:00.00 | Mem:0.00M, Peak:0.00M | Scene, ViewLayer | Synchronizing object | R forewing_cyan.001
Fra:1 Mem:11.28M (Peak 11.28M) | Time:00:00.00 | Mem:0.00M, Peak:0.00M | Scene, ViewLayer | Synchronizing object | R forewing_highlight.001
Fra:1 Mem:11.28M (Peak 11.28M) | Time:00:00.00 | Mem:0.00M, Peak:0.00M | Scene, ViewLayer | Synchronizing object | R hindwing_border
Fra:1 Mem:11.28M (Peak 11.28M) | Time:00:00.00 | Mem:0.00M, Peak:0.00M | Scene, ViewLayer | Synchronizing object | R hindwing_blue
Fra:1 Mem:11.28M (Peak 11.28M) | Time:00:00.00 | Mem:0.00M, Peak:0.00M | Scene, ViewLayer | Synchronizing object | R hindwing_highlight
Fra:1 Mem:11.28M (Peak 11.28M) | Time:00:00.00 | Mem:0.00M, Peak:0.00M | Scene, ViewLayer | Synchronizing object | R hindwing_cyan.001
Fra:1 Mem:11.29M (Peak 11.29M) | Time:00:00.00 | Mem:0.00M, Peak:0.00M | Scene, ViewLayer | Synchronizing object | R hindwing_blue.001
Fra:1 Mem:11.29M (Peak 11.29M) | Time:00:00.00 | Mem:0.00M, Peak:0.00M | Scene, ViewLayer | Synchronizing object | R hindwing_highlight.001
Fra:1 Mem:11.29M (Peak 11.29M) | Time:00:00.00 | Mem:0.00M, Peak:0.00M | Scene, ViewLayer | Synchronizing object | L forewing_border
Fra:1 Mem:11.29M (Peak 11.29M) | Time:00:00.00 | Mem:0.00M, Peak:0.00M | Scene, ViewLayer | Synchronizing object | L forewing_cyan
Fra:1 Mem:11.29M (Peak 11.29M) | Time:00:00.00 | Mem:0.00M, Peak:0.00M | Scene, ViewLayer | Synchronizing object | Antenna.001
Fra:1 Mem:11.29M (Peak 11.29M) | Time:00:00.00 | Mem:0.00M, Peak:0.00M | Scene, ViewLayer | Synchronizing object | L forewing_blue
Fra:1 Mem:11.29M (Peak 11.29M) | Time:00:00.00 | Mem:0.00M, Peak:0.00M | Scene, ViewLayer | Synchronizing object | Antenna
Fra:1 Mem:11.29M (Peak 11.29M) | Time:00:00.00 | Mem:0.00M, Peak:0.00M | Scene, ViewLayer | Synchronizing object | L forewing_highlight
Fra:1 Mem:11.29M (Peak 11.29M) | Time:00:00.00 | Mem:0.00M, Peak:0.00M | Scene, ViewLayer | Synchronizing object | Head
Fra:1 Mem:11.29M (Peak 11.29M) | Time:00:00.00 | Mem:0.00M, Peak:0.00M | Scene, ViewLayer | Synchronizing object | L forewing_cyan.001
Fra:1 Mem:11.29M (Peak 11.29M) | Time:00:00.00 | Mem:0.00M, Peak:0.00M | Scene, ViewLayer | Synchronizing object | L forewing_blue.001
Fra:1 Mem:11.29M (Peak 11.29M) | Time:00:00.00 | Mem:0.00M, Peak:0.00M | Scene, ViewLayer | Synchronizing object | Thorax
Fra:1 Mem:11.29M (Peak 11.29M) | Time:00:00.00 | Mem:0.00M, Peak:0.00M | Scene, ViewLayer | Synchronizing object | L forewing_highlight.001
Fra:1 Mem:11.29M (Peak 11.29M) | Time:00:00.00 | Mem:0.00M, Peak:0.00M | Scene, ViewLayer | Synchronizing object | Abdomen
Fra:1 Mem:11.29M (Peak 11.29M) | Time:00:00.00 | Mem:0.00M, Peak:0.00M | Scene, ViewLayer | Synchronizing object | L hindwing_border
Fra:1 Mem:11.30M (Peak 11.30M) | Time:00:00.00 | Mem:0.00M, Peak:0.00M | Scene, ViewLayer | Synchronizing object | L hindwing_highlight.001
Fra:1 Mem:11.30M (Peak 11.30M) | Time:00:00.00 | Mem:0.00M, Peak:0.00M | Scene, ViewLayer | Synchronizing object | L hindwing_cyan
Fra:1 Mem:11.30M (Peak 11.30M) | Time:00:00.00 | Mem:0.00M, Peak:0.00M | Scene, ViewLayer | Synchronizing object | L hindwing_blue.001
Fra:1 Mem:11.30M (Peak 11.30M) | Time:00:00.00 | Mem:0.00M, Peak:0.00M | Scene, ViewLayer | Synchronizing object | L hindwing_blue
Fra:1 Mem:11.30M (Peak 11.30M) | Time:00:00.00 | Mem:0.00M, Peak:0.00M | Scene, ViewLayer | Synchronizing object | L hindwing_highlight
Fra:1 Mem:11.30M (Peak 11.30M) | Time:00:00.00 | Mem:0.00M, Peak:0.00M | Scene, ViewLayer | Synchronizing object | L hindwing_cyan.001
Fra:1 Mem:11.30M (Peak 11.30M) | Time:00:00.00 | Mem:0.00M, Peak:0.00M | Scene, ViewLayer | Initializing
Fra:1 Mem:9.87M (Peak 11.30M) | Time:00:00.00 | Mem:0.00M, Peak:0.00M | Scene, ViewLayer | Waiting for render to start
Fra:1 Mem:9.87M (Peak 11.30M) | Time:00:00.00 | Mem:0.00M, Peak:0.00M | Scene, ViewLayer | Updating Scene
Fra:1 Mem:9.87M (Peak 11.30M) | Time:00:00.00 | Mem:0.00M, Peak:0.00M | Scene, ViewLayer | Updating Shaders
Fra:1 Mem:9.87M (Peak 11.30M) | Time:00:00.00 | Mem:0.00M, Peak:0.00M | Scene, ViewLayer | Loading render kernels (may take a few minutes the first time)
Fra:1 Mem:9.96M (Peak 11.30M) | Time:00:00.00 | Mem:0.00M, Peak:0.00M | Scene, ViewLayer | Updating Procedurals
Fra:1 Mem:9.96M (Peak 11.30M) | Time:00:00.00 | Mem:0.00M, Peak:0.00M | Scene, ViewLayer | Updating Background
Fra:1 Mem:9.96M (Peak 11.30M) | Time:00:00.00 | Mem:0.00M, Peak:0.00M | Scene, ViewLayer | Updating Camera
Fra:1 Mem:9.96M (Peak 11.30M) | Time:00:00.00 | Mem:0.00M, Peak:0.00M | Scene, ViewLayer | Updating Meshes Flags
Fra:1 Mem:9.96M (Peak 11.30M) | Time:00:00.00 | Mem:0.00M, Peak:0.00M | Scene, ViewLayer | Updating Objects
Fra:1 Mem:9.96M (Peak 11.30M) | Time:00:00.00 | Mem:0.00M, Peak:0.00M | Scene, ViewLayer | Updating Objects | Copying Transformations to device
Fra:1 Mem:9.96M (Peak 11.30M) | Time:00:00.00 | Mem:0.01M, Peak:0.01M | Scene, ViewLayer | Updating Particle Systems
Fra:1 Mem:9.96M (Peak 11.30M) | Time:00:00.00 | Mem:0.01M, Peak:0.01M | Scene, ViewLayer | Updating Particle Systems | Copying Particles to device
Fra:1 Mem:9.96M (Peak 11.30M) | Time:00:00.00 | Mem:0.01M, Peak:0.01M | Scene, ViewLayer | Updating Meshes
Fra:1 Mem:9.96M (Peak 11.30M) | Time:00:00.00 | Mem:0.01M, Peak:0.01M | Scene, ViewLayer | Updating Objects | Applying Static Transformations
Fra:1 Mem:9.96M (Peak 11.30M) | Time:00:00.00 | Mem:0.01M, Peak:0.01M | Scene, ViewLayer | Updating Mesh | Computing attributes
Fra:1 Mem:9.97M (Peak 11.30M) | Time:00:00.00 | Mem:0.01M, Peak:0.01M | Scene, ViewLayer | Updating Mesh | Copying Attributes to device
Fra:1 Mem:9.97M (Peak 11.30M) | Time:00:00.00 | Mem:0.02M, Peak:0.02M | Scene, ViewLayer | Updating Scene BVH | Building
Fra:1 Mem:9.97M (Peak 11.30M) | Time:00:00.00 | Mem:0.02M, Peak:0.02M | Scene, ViewLayer | Updating Scene BVH | Building BVH
Fra:1 Mem:9.97M (Peak 11.30M) | Time:00:00.00 | Mem:0.04M, Peak:0.04M | Scene, ViewLayer | Updating Scene BVH | Copying BVH to device
Fra:1 Mem:9.97M (Peak 11.30M) | Time:00:00.00 | Mem:0.04M, Peak:0.04M | Scene, ViewLayer | Updating Mesh | Computing normals
Fra:1 Mem:9.98M (Peak 11.30M) | Time:00:00.00 | Mem:0.04M, Peak:0.04M | Scene, ViewLayer | Updating Mesh | Copying Mesh to device
Fra:1 Mem:9.98M (Peak 11.30M) | Time:00:00.00 | Mem:0.05M, Peak:0.05M | Scene, ViewLayer | Updating Objects Flags
Fra:1 Mem:9.98M (Peak 11.30M) | Time:00:00.00 | Mem:0.05M, Peak:0.05M | Scene, ViewLayer | Updating Primitive Offsets
Fra:1 Mem:9.98M (Peak 11.30M) | Time:00:00.00 | Mem:0.05M, Peak:0.05M | Scene, ViewLayer | Updating Images
Fra:1 Mem:9.98M (Peak 11.30M) | Time:00:00.00 | Mem:0.05M, Peak:0.05M | Scene, ViewLayer | Updating Camera Volume
Fra:1 Mem:9.98M (Peak 11.30M) | Time:00:00.00 | Mem:0.05M, Peak:0.05M | Scene, ViewLayer | Updating Lookup Tables
Fra:1 Mem:9.98M (Peak 11.30M) | Time:00:00.00 | Mem:0.13M, Peak:0.13M | Scene, ViewLayer | Updating Lights
Fra:1 Mem:9.98M (Peak 11.30M) | Time:00:00.00 | Mem:0.13M, Peak:0.13M | Scene, ViewLayer | Updating Lights | Computing tree
Fra:1 Mem:9.99M (Peak 11.30M) | Time:00:00.00 | Mem:0.14M, Peak:0.14M | Scene, ViewLayer | Updating Integrator
Fra:1 Mem:9.99M (Peak 11.30M) | Time:00:00.00 | Mem:0.14M, Peak:0.14M | Scene, ViewLayer | Updating Film
Fra:1 Mem:10.00M (Peak 11.30M) | Time:00:00.00 | Mem:0.06M, Peak:0.14M | Scene, ViewLayer | Updating Lookup Tables
Fra:1 Mem:10.00M (Peak 11.30M) | Time:00:00.00 | Mem:0.14M, Peak:0.14M | Scene, ViewLayer | Updating Baking
Fra:1 Mem:10.00M (Peak 11.30M) | Time:00:00.00 | Mem:0.14M, Peak:0.14M | Scene, ViewLayer | Updating Device | Writing constant memory
Fra:1 Mem:10.00M (Peak 11.30M) | Time:00:00.00 | Mem:0.14M, Peak:0.14M | Scene, ViewLayer | Sample 0/8
Fra:1 Mem:12.29M (Peak 12.29M) | Time:00:00.00 | Remaining:00:00.03 | Mem:2.39M, Peak:2.39M | Scene, ViewLayer | Sample 1/8
Fra:1 Mem:13.29M (Peak 15.29M) | Time:00:00.04 | Mem:2.39M, Peak:2.39M | Scene, ViewLayer | Sample 8/8
Fra:1 Mem:13.29M (Peak 15.29M) | Time:00:00.04 | Mem:2.39M, Peak:2.39M | Scene, ViewLayer | Finished
Saved: '/home/terence/Documents/Codex/2026-09-06/realtime-voice-chat-3/outputs/butterfly-method-comparison/blender/turntable-frames/turntable_045.png'
Time: 00:00.04 (Saving: 00:00.00)

Fra:2 Mem:11.27M (Peak 11.27M) | Time:00:00.00 | Mem:0.00M, Peak:0.00M | Scene, ViewLayer | Synchronizing object | R forewing_border
Fra:2 Mem:11.28M (Peak 11.28M) | Time:00:00.00 | Mem:0.00M, Peak:0.00M | Scene, ViewLayer | Synchronizing object | R forewing_blue
Fra:2 Mem:11.28M (Peak 11.28M) | Time:00:00.00 | Mem:0.00M, Peak:0.00M | Scene, ViewLayer | Synchronizing object | R forewing_highlight
Fra:2 Mem:11.28M (Peak 11.28M) | Time:00:00.00 | Mem:0.00M, Peak:0.00M | Scene, ViewLayer | Synchronizing object | R forewing_cyan.001
Fra:2 Mem:11.28M (Peak 11.28M) | Time:00:00.00 | Mem:0.00M, Peak:0.00M | Scene, ViewLayer | Synchronizing object | R forewing_blue.001
Fra:2 Mem:11.28M (Peak 11.28M) | Time:00:00.00 | Mem:0.00M, Peak:0.00M | Scene, ViewLayer | Synchronizing object | R forewing_highlight.001
Fra:2 Mem:11.28M (Peak 11.28M) | Time:00:00.00 | Mem:0.00M, Peak:0.00M | Scene, ViewLayer | Synchronizing object | R hindwing_border
Fra:2 Mem:11.29M (Peak 11.29M) | Time:00:00.00 | Mem:0.00M, Peak:0.00M | Scene, ViewLayer | Synchronizing object | R hindwing_blue
Fra:2 Mem:11.29M (Peak 11.29M) | Time:00:00.00 | Mem:0.00M, Peak:0.00M | Scene, ViewLayer | Synchronizing object | R hindwing_highlight
Fra:2 Mem:11.29M (Peak 11.29M) | Time:00:00.00 | Mem:0.00M, Peak:0.00M | Scene, ViewLayer | Synchronizing object | R hindwing_cyan.001
Fra:2 Mem:11.29M (Peak 11.29M) | Time:00:00.00 | Mem:0.00M, Peak:0.00M | Scene, ViewLayer | Synchronizing object | Antenna
Fra:2 Mem:11.29M (Peak 11.29M) | Time:00:00.00 | Mem:0.00M, Peak:0.00M | Scene, ViewLayer | Synchronizing object | R hindwing_blue.001
Fra:2 Mem:11.29M (Peak 11.29M) | Time:00:00.00 | Mem:0.00M, Peak:0.00M | Scene, ViewLayer | Synchronizing object | R hindwing_highlight.001
Fra:2 Mem:11.29M (Peak 11.29M) | Time:00:00.00 | Mem:0.00M, Peak:0.00M | Scene, ViewLayer | Synchronizing object | Thorax
Fra:2 Mem:11.29M (Peak 11.29M) | Time:00:00.00 | Mem:0.00M, Peak:0.00M | Scene, ViewLayer | Synchronizing object | L forewing_cyan
Fra:2 Mem:11.29M (Peak 11.29M) | Time:00:00.00 | Mem:0.00M, Peak:0.00M | Scene, ViewLayer | Synchronizing object | Abdomen
Fra:2 Mem:11.29M (Peak 11.29M) | Time:00:00.00 | Mem:0.00M, Peak:0.00M | Scene, ViewLayer | Synchronizing object | L forewing_highlight
Fra:2 Mem:11.29M (Peak 11.29M) | Time:00:00.00 | Mem:0.00M, Peak:0.00M | Scene, ViewLayer | Synchronizing object | L hindwing_highlight.001
Fra:2 Mem:11.30M (Peak 11.30M) | Time:00:00.00 | Mem:0.00M, Peak:0.00M | Scene, ViewLayer | Synchronizing object | L hindwing_blue.001
Fra:2 Mem:11.30M (Peak 11.30M) | Time:00:00.00 | Mem:0.00M, Peak:0.00M | Scene, ViewLayer | Synchronizing object | L forewing_cyan.001
Fra:2 Mem:11.30M (Peak 11.30M) | Time:00:00.00 | Mem:0.00M, Peak:0.00M | Scene, ViewLayer | Synchronizing object | L forewing_blue.001
Fra:2 Mem:11.30M (Peak 11.30M) | Time:00:00.00 | Mem:0.00M, Peak:0.00M | Scene, ViewLayer | Synchronizing object | L forewing_highlight.001
Fra:2 Mem:11.30M (Peak 11.30M) | Time:00:00.00 | Mem:0.00M, Peak:0.00M | Scene, ViewLayer | Synchronizing object | L hindwing_border
Fra:2 Mem:11.30M (Peak 11.30M) | Time:00:00.00 | Mem:0.00M, Peak:0.00M | Scene, ViewLayer | Synchronizing object | L hindwing_blue
Fra:2 Mem:11.30M (Peak 11.30M) | Time:00:00.00 | Mem:0.00M, Peak:0.00M | Scene, ViewLayer | Synchronizing object | L hindwing_cyan
Fra:2 Mem:11.30M (Peak 11.30M) | Time:00:00.00 | Mem:0.00M, Peak:0.00M | Scene, ViewLayer | Initializing
Fra:2 Mem:9.87M (Peak 11.30M) | Time:00:00.00 | Mem:0.00M, Peak:0.00M | Scene, ViewLayer | Waiting for render to start
Fra:2 Mem:9.87M (Peak 11.30M) | Time:00:00.00 | Mem:0.00M, Peak:0.00M | Scene, ViewLayer | Updating Scene
Fra:2 Mem:9.87M (Peak 11.30M) | Time:00:00.00 | Mem:0.00M, Peak:0.00M | Scene, ViewLayer | Updating Shaders
Fra:2 Mem:9.87M (Peak 11.30M) | Time:00:00.00 | Mem:0.00M, Peak:0.00M | Scene, ViewLayer | Loading render kernels (may take a few minutes the first time)
Fra:2 Mem:9.96M (Peak 11.30M) | Time:00:00.00 | Mem:0.00M, Peak:0.00M | Scene, ViewLayer | Updating Procedurals
Fra:2 Mem:9.96M (Peak 11.30M) | Time:00:00.00 | Mem:0.00M, Peak:0.00M | Scene, ViewLayer | Updating Background
Fra:2 Mem:9.96M (Peak 11.30M) | Time:00:00.00 | Mem:0.00M, Peak:0.00M | Scene, ViewLayer | Updating Camera
Fra:2 Mem:9.96M (Peak 11.30M) | Time:00:00.00 | Mem:0.00M, Peak:0.00M | Scene, ViewLayer | Updating Meshes Flags
Fra:2 Mem:9.96M (Peak 11.30M) | Time:00:00.00 | Mem:0.00M, Peak:0.00M | Scene, ViewLayer | Updating Objects
Fra:2 Mem:9.96M (Peak 11.30M) | Time:00:00.00 | Mem:0.00M, Peak:0.00M | Scene, ViewLayer | Updating Objects | Copying Transformations to device
Fra:2 Mem:9.96M (Peak 11.30M) | Time:00:00.00 | Mem:0.01M, Peak:0.01M | Scene, ViewLayer | Updating Particle Systems
Fra:2 Mem:9.96M (Peak 11.30M) | Time:00:00.00 | Mem:0.01M, Peak:0.01M | Scene, ViewLayer | Updating Particle Systems | Copying Particles to device
Fra:2 Mem:9.96M (Peak 11.30M) | Time:00:00.00 | Mem:0.01M, Peak:0.01M | Scene, ViewLayer | Updating Meshes
Fra:2 Mem:9.96M (Peak 11.30M) | Time:00:00.00 | Mem:0.01M, Peak:0.01M | Scene, ViewLayer | Updating Objects | Applying Static Transformations
Fra:2 Mem:9.96M (Peak 11.30M) | Time:00:00.00 | Mem:0.01M, Peak:0.01M | Scene, ViewLayer | Updating Mesh | Computing attributes
Fra:2 Mem:9.97M (Peak 11.30M) | Time:00:00.00 | Mem:0.01M, Peak:0.01M | Scene, ViewLayer | Updating Mesh | Copying Attributes to device
Fra:2 Mem:9.97M (Peak 11.30M) | Time:00:00.00 | Mem:0.02M, Peak:0.02M | Scene, ViewLayer | Updating Scene BVH | Building
Fra:2 Mem:9.97M (Peak 11.30M) | Time:00:00.00 | Mem:0.02M, Peak:0.02M | Scene, ViewLayer | Updating Scene BVH | Building BVH
Fra:2 Mem:9.97M (Peak 11.30M) | Time:00:00.00 | Mem:0.04M, Peak:0.04M | Scene, ViewLayer | Updating Scene BVH | Copying BVH to device
Fra:2 Mem:9.97M (Peak 11.30M) | Time:00:00.00 | Mem:0.04M, Peak:0.04M | Scene, ViewLayer | Updating Mesh | Computing normals
Fra:2 Mem:9.98M (Peak 11.30M) | Time:00:00.00 | Mem:0.04M, Peak:0.04M | Scene, ViewLayer | Updating Mesh | Copying Mesh to device
Fra:2 Mem:9.98M (Peak 11.30M) | Time:00:00.00 | Mem:0.05M, Peak:0.05M | Scene, ViewLayer | Updating Objects Flags
Fra:2 Mem:9.98M (Peak 11.30M) | Time:00:00.00 | Mem:0.05M, Peak:0.05M | Scene, ViewLayer | Updating Primitive Offsets
Fra:2 Mem:9.98M (Peak 11.30M) | Time:00:00.00 | Mem:0.05M, Peak:0.05M | Scene, ViewLayer | Updating Images
Fra:2 Mem:9.98M (Peak 11.30M) | Time:00:00.00 | Mem:0.05M, Peak:0.05M | Scene, ViewLayer | Updating Camera Volume
Fra:2 Mem:9.98M (Peak 11.30M) | Time:00:00.00 | Mem:0.05M, Peak:0.05M | Scene, ViewLayer | Updating Lookup Tables
Fra:2 Mem:9.98M (Peak 11.30M) | Time:00:00.00 | Mem:0.13M, Peak:0.13M | Scene, ViewLayer | Updating Lights
Fra:2 Mem:9.98M (Peak 11.30M) | Time:00:00.00 | Mem:0.13M, Peak:0.13M | Scene, ViewLayer | Updating Lights | Computing tree
Fra:2 Mem:9.99M (Peak 11.30M) | Time:00:00.00 | Mem:0.14M, Peak:0.14M | Scene, ViewLayer | Updating Integrator
Fra:2 Mem:9.99M (Peak 11.30M) | Time:00:00.00 | Mem:0.14M, Peak:0.14M | Scene, ViewLayer | Updating Film
Fra:2 Mem:10.00M (Peak 11.30M) | Time:00:00.00 | Mem:0.06M, Peak:0.14M | Scene, ViewLayer | Updating Lookup Tables
Fra:2 Mem:10.00M (Peak 11.30M) | Time:00:00.00 | Mem:0.15M, Peak:0.15M | Scene, ViewLayer | Updating Baking
Fra:2 Mem:10.00M (Peak 11.30M) | Time:00:00.00 | Mem:0.15M, Peak:0.15M | Scene, ViewLayer | Updating Device | Writing constant memory
Fra:2 Mem:10.00M (Peak 11.30M) | Time:00:00.00 | Mem:0.15M, Peak:0.15M | Scene, ViewLayer | Sample 0/8
Fra:2 Mem:12.29M (Peak 12.29M) | Time:00:00.00 | Remaining:00:00.04 | Mem:2.40M, Peak:2.40M | Scene, ViewLayer | Sample 1/8
Fra:2 Mem:13.29M (Peak 15.29M) | Time:00:00.04 | Mem:2.40M, Peak:2.40M | Scene, ViewLayer | Sample 8/8
Fra:2 Mem:13.29M (Peak 15.29M) | Time:00:00.04 | Mem:2.40M, Peak:2.40M | Scene, ViewLayer | Finished
Saved: '/home/terence/Documents/Codex/2026-09-06/realtime-voice-chat-3/outputs/butterfly-method-comparison/blender/turntable-frames/turntable_046.png'
Time: 00:00.05 (Saving: 00:00.00)

Fra:4 Mem:11.27M (Peak 11.27M) | Time:00:00.00 | Mem:0.00M, Peak:0.00M | Scene, ViewLayer | Synchronizing object | R forewing_border
Fra:4 Mem:11.28M (Peak 11.28M) | Time:00:00.00 | Mem:0.00M, Peak:0.00M | Scene, ViewLayer | Synchronizing object | R forewing_blue
Fra:4 Mem:11.28M (Peak 11.28M) | Time:00:00.00 | Mem:0.00M, Peak:0.00M | Scene, ViewLayer | Synchronizing object | R forewing_highlight
Fra:4 Mem:11.28M (Peak 11.28M) | Time:00:00.00 | Mem:0.00M, Peak:0.00M | Scene, ViewLayer | Synchronizing object | R forewing_cyan.001
Fra:4 Mem:11.28M (Peak 11.28M) | Time:00:00.00 | Mem:0.00M, Peak:0.00M | Scene, ViewLayer | Synchronizing object | R forewing_blue.001
Fra:4 Mem:11.28M (Peak 11.28M) | Time:00:00.00 | Mem:0.00M, Peak:0.00M | Scene, ViewLayer | Synchronizing object | R hindwing_border
Fra:4 Mem:11.28M (Peak 11.28M) | Time:00:00.00 | Mem:0.00M, Peak:0.00M | Scene, ViewLayer | Synchronizing object | R hindwing_cyan
Fra:4 Mem:11.29M (Peak 11.29M) | Time:00:00.00 | Mem:0.00M, Peak:0.00M | Scene, ViewLayer | Synchronizing object | R hindwing_blue
Fra:4 Mem:11.29M (Peak 11.29M) | Time:00:00.00 | Mem:0.00M, Peak:0.00M | Scene, ViewLayer | Synchronizing object | R hindwing_cyan.001
Fra:4 Mem:11.29M (Peak 11.29M) | Time:00:00.00 | Mem:0.00M, Peak:0.00M | Scene, ViewLayer | Synchronizing object | R hindwing_blue.001
Fra:4 Mem:11.29M (Peak 11.29M) | Time:00:00.00 | Mem:0.00M, Peak:0.00M | Scene, ViewLayer | Synchronizing object | Antenna
Fra:4 Mem:11.29M (Peak 11.29M) | Time:00:00.00 | Mem:0.00M, Peak:0.00M | Scene, ViewLayer | Synchronizing object | Head
Fra:4 Mem:11.29M (Peak 11.29M) | Time:00:00.00 | Mem:0.00M, Peak:0.00M | Scene, ViewLayer | Synchronizing object | Thorax
Fra:4 Mem:11.29M (Peak 11.29M) | Time:00:00.00 | Mem:0.00M, Peak:0.00M | Scene, ViewLayer | Synchronizing object | Abdomen
Fra:4 Mem:11.29M (Peak 11.29M) | Time:00:00.00 | Mem:0.00M, Peak:0.00M | Scene, ViewLayer | Synchronizing object | L hindwing_highlight.001
Fra:4 Mem:11.29M (Peak 11.29M) | Time:00:00.00 | Mem:0.00M, Peak:0.00M | Scene, ViewLayer | Synchronizing object | L hindwing_blue.001
Fra:4 Mem:11.29M (Peak 11.29M) | Time:00:00.00 | Mem:0.00M, Peak:0.00M | Scene, ViewLayer | Synchronizing object | L hindwing_cyan.001
Fra:4 Mem:11.29M (Peak 11.29M) | Time:00:00.00 | Mem:0.00M, Peak:0.00M | Scene, ViewLayer | Synchronizing object | L hindwing_highlight
Fra:4 Mem:11.29M (Peak 11.29M) | Time:00:00.00 | Mem:0.00M, Peak:0.00M | Scene, ViewLayer | Synchronizing object | L hindwing_blue
Fra:4 Mem:11.29M (Peak 11.29M) | Time:00:00.00 | Mem:0.00M, Peak:0.00M | Scene, ViewLayer | Synchronizing object | L hindwing_cyan
Fra:4 Mem:11.30M (Peak 11.30M) | Time:00:00.00 | Mem:0.00M, Peak:0.00M | Scene, ViewLayer | Synchronizing object | L hindwing_border
Fra:4 Mem:11.30M (Peak 11.30M) | Time:00:00.00 | Mem:0.00M, Peak:0.00M | Scene, ViewLayer | Synchronizing object | L forewing_highlight.001
Fra:4 Mem:11.30M (Peak 11.30M) | Time:00:00.00 | Mem:0.00M, Peak:0.00M | Scene, ViewLayer | Synchronizing object | L forewing_blue.001
Fra:4 Mem:11.30M (Peak 11.30M) | Time:00:00.00 | Mem:0.00M, Peak:0.00M | Scene, ViewLayer | Synchronizing object | L forewing_cyan.001
Fra:4 Mem:11.30M (Peak 11.30M) | Time:00:00.00 | Mem:0.00M, Peak:0.00M | Scene, ViewLayer | Synchronizing object | L forewing_highlight
Fra:4 Mem:11.30M (Peak 11.30M) | Time:00:00.00 | Mem:0.00M, Peak:0.00M | Scene, ViewLayer | Synchronizing object | L forewing_blue
Fra:4 Mem:11.30M (Peak 11.30M) | Time:00:00.00 | Mem:0.00M, Peak:0.00M | Scene, ViewLayer | Synchronizing object | L forewing_cyan
Fra:4 Mem:11.30M (Peak 11.30M) | Time:00:00.00 | Mem:0.00M, Peak:0.00M | Scene, ViewLayer | Synchronizing object | L forewing_border
Fra:4 Mem:11.30M (Peak 11.30M) | Time:00:00.00 | Mem:0.00M, Peak:0.00M | Scene, ViewLayer | Initializing
Fra:4 Mem:9.87M (Peak 11.30M) | Time:00:00.00 | Mem:0.00M, Peak:0.00M | Scene, ViewLayer | Waiting for render to start
Fra:4 Mem:9.87M (Peak 11.30M) | Time:00:00.00 | Mem:0.00M, Peak:0.00M | Scene, ViewLayer | Updating Scene
Fra:4 Mem:9.87M (Peak 11.30M) | Time:00:00.00 | Mem:0.00M, Peak:0.00M | Scene, ViewLayer | Updating Shaders
Fra:4 Mem:9.87M (Peak 11.30M) | Time:00:00.00 | Mem:0.00M, Peak:0.00M | Scene, ViewLayer | Loading render kernels (may take a few minutes the first time)
Fra:4 Mem:9.96M (Peak 11.30M) | Time:00:00.00 | Mem:0.00M, Peak:0.00M | Scene, ViewLayer | Updating Procedurals
Fra:4 Mem:9.96M (Peak 11.30M) | Time:00:00.00 | Mem:0.00M, Peak:0.00M | Scene, ViewLayer | Updating Background
Fra:4 Mem:9.96M (Peak 11.30M) | Time:00:00.00 | Mem:0.00M, Peak:0.00M | Scene, ViewLayer | Updating Camera
Fra:4 Mem:9.96M (Peak 11.30M) | Time:00:00.00 | Mem:0.00M, Peak:0.00M | Scene, ViewLayer | Updating Meshes Flags
Fra:4 Mem:9.96M (Peak 11.30M) | Time:00:00.00 | Mem:0.00M, Peak:0.00M | Scene, ViewLayer | Updating Objects
Fra:4 Mem:9.96M (Peak 11.30M) | Time:00:00.00 | Mem:0.00M, Peak:0.00M | Scene, ViewLayer | Updating Objects | Copying Transformations to device
Fra:4 Mem:9.96M (Peak 11.30M) | Time:00:00.00 | Mem:0.01M, Peak:0.01M | Scene, ViewLayer | Updating Particle Systems
Fra:4 Mem:9.96M (Peak 11.30M) | Time:00:00.00 | Mem:0.01M, Peak:0.01M | Scene, ViewLayer | Updating Particle Systems | Copying Particles to device
Fra:4 Mem:9.96M (Peak 11.30M) | Time:00:00.00 | Mem:0.01M, Peak:0.01M | Scene, ViewLayer | Updating Meshes
Fra:4 Mem:9.96M (Peak 11.30M) | Time:00:00.00 | Mem:0.01M, Peak:0.01M | Scene, ViewLayer | Updating Objects | Applying Static Transformations
Fra:4 Mem:9.96M (Peak 11.30M) | Time:00:00.00 | Mem:0.01M, Peak:0.01M | Scene, ViewLayer | Updating Mesh | Computing attributes
Fra:4 Mem:9.97M (Peak 11.30M) | Time:00:00.00 | Mem:0.01M, Peak:0.01M | Scene, ViewLayer | Updating Mesh | Copying Attributes to device
Fra:4 Mem:9.97M (Peak 11.30M) | Time:00:00.00 | Mem:0.02M, Peak:0.02M | Scene, ViewLayer | Updating Scene BVH | Building
Fra:4 Mem:9.97M (Peak 11.30M) | Time:00:00.00 | Mem:0.02M, Peak:0.02M | Scene, ViewLayer | Updating Scene BVH | Building BVH
Fra:4 Mem:9.97M (Peak 11.30M) | Time:00:00.00 | Mem:0.04M, Peak:0.04M | Scene, ViewLayer | Updating Scene BVH | Copying BVH to device
Fra:4 Mem:9.97M (Peak 11.30M) | Time:00:00.00 | Mem:0.04M, Peak:0.04M | Scene, ViewLayer | Updating Mesh | Computing normals
Fra:4 Mem:9.98M (Peak 11.30M) | Time:00:00.00 | Mem:0.04M, Peak:0.04M | Scene, ViewLayer | Updating Mesh | Copying Mesh to device
Fra:4 Mem:9.98M (Peak 11.30M) | Time:00:00.00 | Mem:0.05M, Peak:0.05M | Scene, ViewLayer | Updating Objects Flags
Fra:4 Mem:9.98M (Peak 11.30M) | Time:00:00.00 | Mem:0.05M, Peak:0.05M | Scene, ViewLayer | Updating Primitive Offsets
Fra:4 Mem:9.98M (Peak 11.30M) | Time:00:00.00 | Mem:0.05M, Peak:0.05M | Scene, ViewLayer | Updating Images
Fra:4 Mem:9.98M (Peak 11.30M) | Time:00:00.00 | Mem:0.05M, Peak:0.05M | Scene, ViewLayer | Updating Camera Volume
Fra:4 Mem:9.98M (Peak 11.30M) | Time:00:00.00 | Mem:0.05M, Peak:0.05M | Scene, ViewLayer | Updating Lookup Tables
Fra:4 Mem:9.98M (Peak 11.30M) | Time:00:00.00 | Mem:0.13M, Peak:0.13M | Scene, ViewLayer | Updating Lights
Fra:4 Mem:9.98M (Peak 11.30M) | Time:00:00.00 | Mem:0.13M, Peak:0.13M | Scene, ViewLayer | Updating Lights | Computing tree
Fra:4 Mem:9.99M (Peak 11.30M) | Time:00:00.00 | Mem:0.14M, Peak:0.14M | Scene, ViewLayer | Updating Integrator
Fra:4 Mem:9.99M (Peak 11.30M) | Time:00:00.00 | Mem:0.14M, Peak:0.14M | Scene, ViewLayer | Updating Film
Fra:4 Mem:10.00M (Peak 11.30M) | Time:00:00.00 | Mem:0.06M, Peak:0.14M | Scene, ViewLayer | Updating Lookup Tables
Fra:4 Mem:10.00M (Peak 11.30M) | Time:00:00.00 | Mem:0.15M, Peak:0.15M | Scene, ViewLayer | Updating Baking
Fra:4 Mem:10.00M (Peak 11.30M) | Time:00:00.00 | Mem:0.15M, Peak:0.15M | Scene, ViewLayer | Updating Device | Writing constant memory
Fra:4 Mem:10.00M (Peak 11.30M) | Time:00:00.00 | Mem:0.15M, Peak:0.15M | Scene, ViewLayer | Sample 0/8
Fra:4 Mem:12.29M (Peak 12.29M) | Time:00:00.01 | Remaining:00:00.04 | Mem:2.40M, Peak:2.40M | Scene, ViewLayer | Sample 1/8
Fra:4 Mem:13.29M (Peak 15.29M) | Time:00:00.05 | Mem:2.40M, Peak:2.40M | Scene, ViewLayer | Sample 8/8
Fra:4 Mem:13.29M (Peak 15.29M) | Time:00:00.05 | Mem:2.40M, Peak:2.40M | Scene, ViewLayer | Finished
Saved: '/home/terence/Documents/Codex/2026-09-06/realtime-voice-chat-3/outputs/butterfly-method-comparison/blender/turntable-frames/turntable_047.png'
Time: 00:00.05 (Saving: 00:00.00)

Fra:6 Mem:11.27M (Peak 11.27M) | Time:00:00.00 | Mem:0.00M, Peak:0.00M | Scene, ViewLayer | Synchronizing object | R forewing_border
Fra:6 Mem:11.28M (Peak 11.28M) | Time:00:00.00 | Mem:0.00M, Peak:0.00M | Scene, ViewLayer | Synchronizing object | R forewing_cyan
Fra:6 Mem:11.28M (Peak 11.28M) | Time:00:00.00 | Mem:0.00M, Peak:0.00M | Scene, ViewLayer | Synchronizing object | R forewing_blue
Fra:6 Mem:11.28M (Peak 11.28M) | Time:00:00.00 | Mem:0.00M, Peak:0.00M | Scene, ViewLayer | Synchronizing object | R forewing_highlight
Fra:6 Mem:11.28M (Peak 11.28M) | Time:00:00.00 | Mem:0.00M, Peak:0.00M | Scene, ViewLayer | Synchronizing object | R forewing_cyan.001
Fra:6 Mem:11.28M (Peak 11.28M) | Time:00:00.00 | Mem:0.00M, Peak:0.00M | Scene, ViewLayer | Synchronizing object | R forewing_blue.001
Fra:6 Mem:11.28M (Peak 11.28M) | Time:00:00.00 | Mem:0.00M, Peak:0.00M | Scene, ViewLayer | Synchronizing object | R hindwing_border
Fra:6 Mem:11.29M (Peak 11.29M) | Time:00:00.00 | Mem:0.00M, Peak:0.00M | Scene, ViewLayer | Synchronizing object | Antenna.001
Fra:6 Mem:11.29M (Peak 11.29M) | Time:00:00.00 | Mem:0.00M, Peak:0.00M | Scene, ViewLayer | Synchronizing object | R hindwing_blue
Fra:6 Mem:11.29M (Peak 11.29M) | Time:00:00.00 | Mem:0.00M, Peak:0.00M | Scene, ViewLayer | Synchronizing object | R hindwing_cyan.001
Fra:6 Mem:11.29M (Peak 11.29M) | Time:00:00.00 | Mem:0.00M, Peak:0.00M | Scene, ViewLayer | Synchronizing object | Antenna
Fra:6 Mem:11.29M (Peak 11.29M) | Time:00:00.00 | Mem:0.00M, Peak:0.00M | Scene, ViewLayer | Synchronizing object | R hindwing_blue.001
Fra:6 Mem:11.29M (Peak 11.29M) | Time:00:00.00 | Mem:0.00M, Peak:0.00M | Scene, ViewLayer | Synchronizing object | R hindwing_highlight.001
Fra:6 Mem:11.29M (Peak 11.29M) | Time:00:00.00 | Mem:0.00M, Peak:0.00M | Scene, ViewLayer | Synchronizing object | Head
Fra:6 Mem:11.29M (Peak 11.29M) | Time:00:00.00 | Mem:0.00M, Peak:0.00M | Scene, ViewLayer | Synchronizing object | L forewing_border
Fra:6 Mem:11.29M (Peak 11.29M) | Time:00:00.00 | Mem:0.00M, Peak:0.00M | Scene, ViewLayer | Synchronizing object | Thorax
Fra:6 Mem:11.29M (Peak 11.29M) | Time:00:00.00 | Mem:0.00M, Peak:0.00M | Scene, ViewLayer | Synchronizing object | L forewing_blue
Fra:6 Mem:11.29M (Peak 11.29M) | Time:00:00.00 | Mem:0.00M, Peak:0.00M | Scene, ViewLayer | Synchronizing object | L forewing_highlight
Fra:6 Mem:11.29M (Peak 11.29M) | Time:00:00.00 | Mem:0.00M, Peak:0.00M | Scene, ViewLayer | Synchronizing object | L forewing_blue.001
Fra:6 Mem:11.30M (Peak 11.30M) | Time:00:00.00 | Mem:0.00M, Peak:0.00M | Scene, ViewLayer | Synchronizing object | L hindwing_highlight.001
Fra:6 Mem:11.30M (Peak 11.30M) | Time:00:00.00 | Mem:0.00M, Peak:0.00M | Scene, ViewLayer | Synchronizing object | L hindwing_border
Fra:6 Mem:11.30M (Peak 11.30M) | Time:00:00.00 | Mem:0.00M, Peak:0.00M | Scene, ViewLayer | Synchronizing object | L hindwing_cyan
Fra:6 Mem:11.30M (Peak 11.30M) | Time:00:00.00 | Mem:0.00M, Peak:0.00M | Scene, ViewLayer | Synchronizing object | L hindwing_cyan.001
Fra:6 Mem:11.30M (Peak 11.30M) | Time:00:00.00 | Mem:0.00M, Peak:0.00M | Scene, ViewLayer | Initializing
Fra:6 Mem:9.87M (Peak 11.30M) | Time:00:00.00 | Mem:0.00M, Peak:0.00M | Scene, ViewLayer | Waiting for render to start
Fra:6 Mem:9.87M (Peak 11.30M) | Time:00:00.00 | Mem:0.00M, Peak:0.00M | Scene, ViewLayer | Updating Scene
Fra:6 Mem:9.87M (Peak 11.30M) | Time:00:00.00 | Mem:0.00M, Peak:0.00M | Scene, ViewLayer | Updating Shaders
Fra:6 Mem:9.87M (Peak 11.30M) | Time:00:00.00 | Mem:0.00M, Peak:0.00M | Scene, ViewLayer | Loading render kernels (may take a few minutes the first time)
Fra:6 Mem:9.96M (Peak 11.30M) | Time:00:00.00 | Mem:0.00M, Peak:0.00M | Scene, ViewLayer | Updating Procedurals
Fra:6 Mem:9.96M (Peak 11.30M) | Time:00:00.00 | Mem:0.00M, Peak:0.00M | Scene, ViewLayer | Updating Background
Fra:6 Mem:9.96M (Peak 11.30M) | Time:00:00.00 | Mem:0.00M, Peak:0.00M | Scene, ViewLayer | Updating Camera
Fra:6 Mem:9.96M (Peak 11.30M) | Time:00:00.00 | Mem:0.00M, Peak:0.00M | Scene, ViewLayer | Updating Meshes Flags
Fra:6 Mem:9.96M (Peak 11.30M) | Time:00:00.00 | Mem:0.00M, Peak:0.00M | Scene, ViewLayer | Updating Objects
Fra:6 Mem:9.96M (Peak 11.30M) | Time:00:00.00 | Mem:0.00M, Peak:0.00M | Scene, ViewLayer | Updating Objects | Copying Transformations to device
Fra:6 Mem:9.96M (Peak 11.30M) | Time:00:00.00 | Mem:0.01M, Peak:0.01M | Scene, ViewLayer | Updating Particle Systems
Fra:6 Mem:9.96M (Peak 11.30M) | Time:00:00.00 | Mem:0.01M, Peak:0.01M | Scene, ViewLayer | Updating Particle Systems | Copying Particles to device
Fra:6 Mem:9.96M (Peak 11.30M) | Time:00:00.00 | Mem:0.01M, Peak:0.01M | Scene, ViewLayer | Updating Meshes
Fra:6 Mem:9.96M (Peak 11.30M) | Time:00:00.00 | Mem:0.01M, Peak:0.01M | Scene, ViewLayer | Updating Objects | Applying Static Transformations
Fra:6 Mem:9.96M (Peak 11.30M) | Time:00:00.00 | Mem:0.01M, Peak:0.01M | Scene, ViewLayer | Updating Mesh | Computing attributes
Fra:6 Mem:9.97M (Peak 11.30M) | Time:00:00.00 | Mem:0.01M, Peak:0.01M | Scene, ViewLayer | Updating Mesh | Copying Attributes to device
Fra:6 Mem:9.97M (Peak 11.30M) | Time:00:00.00 | Mem:0.02M, Peak:0.02M | Scene, ViewLayer | Updating Scene BVH | Building
Fra:6 Mem:9.97M (Peak 11.30M) | Time:00:00.00 | Mem:0.02M, Peak:0.02M | Scene, ViewLayer | Updating Scene BVH | Building BVH
Fra:6 Mem:9.97M (Peak 11.30M) | Time:00:00.00 | Mem:0.04M, Peak:0.04M | Scene, ViewLayer | Updating Scene BVH | Copying BVH to device
Fra:6 Mem:9.97M (Peak 11.30M) | Time:00:00.00 | Mem:0.04M, Peak:0.04M | Scene, ViewLayer | Updating Mesh | Computing normals
Fra:6 Mem:9.98M (Peak 11.30M) | Time:00:00.00 | Mem:0.04M, Peak:0.04M | Scene, ViewLayer | Updating Mesh | Copying Mesh to device
Fra:6 Mem:9.98M (Peak 11.30M) | Time:00:00.00 | Mem:0.05M, Peak:0.05M | Scene, ViewLayer | Updating Objects Flags
Fra:6 Mem:9.98M (Peak 11.30M) | Time:00:00.00 | Mem:0.05M, Peak:0.05M | Scene, ViewLayer | Updating Primitive Offsets
Fra:6 Mem:9.98M (Peak 11.30M) | Time:00:00.00 | Mem:0.05M, Peak:0.05M | Scene, ViewLayer | Updating Images
Fra:6 Mem:9.98M (Peak 11.30M) | Time:00:00.00 | Mem:0.05M, Peak:0.05M | Scene, ViewLayer | Updating Camera Volume
Fra:6 Mem:9.98M (Peak 11.30M) | Time:00:00.00 | Mem:0.05M, Peak:0.05M | Scene, ViewLayer | Updating Lookup Tables
Fra:6 Mem:9.98M (Peak 11.30M) | Time:00:00.00 | Mem:0.13M, Peak:0.13M | Scene, ViewLayer | Updating Lights
Fra:6 Mem:9.98M (Peak 11.30M) | Time:00:00.00 | Mem:0.13M, Peak:0.13M | Scene, ViewLayer | Updating Lights | Computing tree
Fra:6 Mem:9.99M (Peak 11.30M) | Time:00:00.00 | Mem:0.14M, Peak:0.14M | Scene, ViewLayer | Updating Integrator
Fra:6 Mem:9.99M (Peak 11.30M) | Time:00:00.00 | Mem:0.14M, Peak:0.14M | Scene, ViewLayer | Updating Film
Fra:6 Mem:10.00M (Peak 11.30M) | Time:00:00.00 | Mem:0.06M, Peak:0.14M | Scene, ViewLayer | Updating Lookup Tables
Fra:6 Mem:10.00M (Peak 11.30M) | Time:00:00.00 | Mem:0.15M, Peak:0.15M | Scene, ViewLayer | Updating Baking
Fra:6 Mem:10.00M (Peak 11.30M) | Time:00:00.00 | Mem:0.15M, Peak:0.15M | Scene, ViewLayer | Updating Device | Writing constant memory
Fra:6 Mem:10.00M (Peak 11.30M) | Time:00:00.00 | Mem:0.15M, Peak:0.15M | Scene, ViewLayer | Sample 0/8
Fra:6 Mem:12.29M (Peak 12.29M) | Time:00:00.01 | Remaining:00:00.05 | Mem:2.40M, Peak:2.40M | Scene, ViewLayer | Sample 1/8
Fra:6 Mem:13.29M (Peak 15.29M) | Time:00:00.05 | Mem:2.40M, Peak:2.40M | Scene, ViewLayer | Sample 8/8
Fra:6 Mem:13.29M (Peak 15.29M) | Time:00:00.05 | Mem:2.40M, Peak:2.40M | Scene, ViewLayer | Finished
Saved: '/home/terence/Documents/Codex/2026-09-06/realtime-voice-chat-3/outputs/butterfly-method-comparison/blender/turntable-frames/turntable_048.png'
Time: 00:00.05 (Saving: 00:00.00)

Fra:7 Mem:11.27M (Peak 11.27M) | Time:00:00.00 | Mem:0.00M, Peak:0.00M | Scene, ViewLayer | Synchronizing object | R forewing_border
Fra:7 Mem:11.28M (Peak 11.28M) | Time:00:00.00 | Mem:0.00M, Peak:0.00M | Scene, ViewLayer | Synchronizing object | R forewing_blue
Fra:7 Mem:11.28M (Peak 11.28M) | Time:00:00.00 | Mem:0.00M, Peak:0.00M | Scene, ViewLayer | Synchronizing object | R forewing_highlight
Fra:7 Mem:11.28M (Peak 11.28M) | Time:00:00.00 | Mem:0.00M, Peak:0.00M | Scene, ViewLayer | Synchronizing object | R forewing_cyan.001
Fra:7 Mem:11.28M (Peak 11.28M) | Time:00:00.00 | Mem:0.00M, Peak:0.00M | Scene, ViewLayer | Synchronizing object | R forewing_highlight.001
Fra:7 Mem:11.29M (Peak 11.29M) | Time:00:00.00 | Mem:0.00M, Peak:0.00M | Scene, ViewLayer | Synchronizing object | R hindwing_border
Fra:7 Mem:11.29M (Peak 11.29M) | Time:00:00.00 | Mem:0.00M, Peak:0.00M | Scene, ViewLayer | Synchronizing object | R hindwing_cyan
Fra:7 Mem:11.29M (Peak 11.29M) | Time:00:00.00 | Mem:0.00M, Peak:0.00M | Scene, ViewLayer | Synchronizing object | R hindwing_highlight
Fra:7 Mem:11.29M (Peak 11.29M) | Time:00:00.00 | Mem:0.00M, Peak:0.00M | Scene, ViewLayer | Synchronizing object | R hindwing_cyan.001
Fra:7 Mem:11.29M (Peak 11.29M) | Time:00:00.00 | Mem:0.00M, Peak:0.00M | Scene, ViewLayer | Synchronizing object | R hindwing_blue.001
Fra:7 Mem:11.29M (Peak 11.29M) | Time:00:00.00 | Mem:0.00M, Peak:0.00M | Scene, ViewLayer | Synchronizing object | Antenna
Fra:7 Mem:11.29M (Peak 11.29M) | Time:00:00.00 | Mem:0.00M, Peak:0.00M | Scene, ViewLayer | Synchronizing object | R hindwing_highlight.001
Fra:7 Mem:11.29M (Peak 11.29M) | Time:00:00.00 | Mem:0.00M, Peak:0.00M | Scene, ViewLayer | Synchronizing object | Head
Fra:7 Mem:11.29M (Peak 11.29M) | Time:00:00.00 | Mem:0.00M, Peak:0.00M | Scene, ViewLayer | Synchronizing object | L forewing_border
Fra:7 Mem:11.29M (Peak 11.29M) | Time:00:00.00 | Mem:0.00M, Peak:0.00M | Scene, ViewLayer | Synchronizing object | Thorax
Fra:7 Mem:11.29M (Peak 11.29M) | Time:00:00.00 | Mem:0.00M, Peak:0.00M | Scene, ViewLayer | Synchronizing object | L forewing_cyan.001
Fra:7 Mem:11.29M (Peak 11.29M) | Time:00:00.00 | Mem:0.00M, Peak:0.00M | Scene, ViewLayer | Synchronizing object | L forewing_blue.001
Fra:7 Mem:11.29M (Peak 11.29M) | Time:00:00.00 | Mem:0.00M, Peak:0.00M | Scene, ViewLayer | Synchronizing object | L hindwing_border
Fra:7 Mem:11.30M (Peak 11.30M) | Time:00:00.00 | Mem:0.00M, Peak:0.00M | Scene, ViewLayer | Synchronizing object | L hindwing_highlight.001
Fra:7 Mem:11.30M (Peak 11.30M) | Time:00:00.00 | Mem:0.00M, Peak:0.00M | Scene, ViewLayer | Synchronizing object | L hindwing_blue
Fra:7 Mem:11.30M (Peak 11.30M) | Time:00:00.00 | Mem:0.00M, Peak:0.00M | Scene, ViewLayer | Synchronizing object | L hindwing_highlight
Fra:7 Mem:11.30M (Peak 11.30M) | Time:00:00.00 | Mem:0.00M, Peak:0.00M | Scene, ViewLayer | Synchronizing object | L hindwing_cyan.001
Fra:7 Mem:11.30M (Peak 11.30M) | Time:00:00.00 | Mem:0.00M, Peak:0.00M | Scene, ViewLayer | Initializing
Fra:7 Mem:9.87M (Peak 11.30M) | Time:00:00.00 | Mem:0.00M, Peak:0.00M | Scene, ViewLayer | Waiting for render to start
Fra:7 Mem:9.87M (Peak 11.30M) | Time:00:00.00 | Mem:0.00M, Peak:0.00M | Scene, ViewLayer | Updating Scene
Fra:7 Mem:9.87M (Peak 11.30M) | Time:00:00.00 | Mem:0.00M, Peak:0.00M | Scene, ViewLayer | Updating Shaders
Fra:7 Mem:9.87M (Peak 11.30M) | Time:00:00.00 | Mem:0.00M, Peak:0.00M | Scene, ViewLayer | Loading render kernels (may take a few minutes the first time)
Fra:7 Mem:9.96M (Peak 11.30M) | Time:00:00.00 | Mem:0.00M, Peak:0.00M | Scene, ViewLayer | Updating Procedurals
Fra:7 Mem:9.96M (Peak 11.30M) | Time:00:00.00 | Mem:0.00M, Peak:0.00M | Scene, ViewLayer | Updating Background
Fra:7 Mem:9.96M (Peak 11.30M) | Time:00:00.00 | Mem:0.00M, Peak:0.00M | Scene, ViewLayer | Updating Camera
Fra:7 Mem:9.96M (Peak 11.30M) | Time:00:00.00 | Mem:0.00M, Peak:0.00M | Scene, ViewLayer | Updating Meshes Flags
Fra:7 Mem:9.96M (Peak 11.30M) | Time:00:00.00 | Mem:0.00M, Peak:0.00M | Scene, ViewLayer | Updating Objects
Fra:7 Mem:9.96M (Peak 11.30M) | Time:00:00.00 | Mem:0.00M, Peak:0.00M | Scene, ViewLayer | Updating Objects | Copying Transformations to device
Fra:7 Mem:9.96M (Peak 11.30M) | Time:00:00.00 | Mem:0.01M, Peak:0.01M | Scene, ViewLayer | Updating Particle Systems
Fra:7 Mem:9.96M (Peak 11.30M) | Time:00:00.00 | Mem:0.01M, Peak:0.01M | Scene, ViewLayer | Updating Particle Systems | Copying Particles to device
Fra:7 Mem:9.96M (Peak 11.30M) | Time:00:00.00 | Mem:0.01M, Peak:0.01M | Scene, ViewLayer | Updating Meshes
Fra:7 Mem:9.96M (Peak 11.30M) | Time:00:00.00 | Mem:0.01M, Peak:0.01M | Scene, ViewLayer | Updating Objects | Applying Static Transformations
Fra:7 Mem:9.96M (Peak 11.30M) | Time:00:00.00 | Mem:0.01M, Peak:0.01M | Scene, ViewLayer | Updating Mesh | Computing attributes
Fra:7 Mem:9.97M (Peak 11.30M) | Time:00:00.00 | Mem:0.01M, Peak:0.01M | Scene, ViewLayer | Updating Mesh | Copying Attributes to device
Fra:7 Mem:9.97M (Peak 11.30M) | Time:00:00.00 | Mem:0.02M, Peak:0.02M | Scene, ViewLayer | Updating Scene BVH | Building
Fra:7 Mem:9.97M (Peak 11.30M) | Time:00:00.00 | Mem:0.02M, Peak:0.02M | Scene, ViewLayer | Updating Scene BVH | Building BVH
Fra:7 Mem:9.97M (Peak 11.30M) | Time:00:00.00 | Mem:0.02M, Peak:0.02M | Scene, ViewLayer | Updating Scene BVH | Building BVH 0%
Fra:7 Mem:9.97M (Peak 11.30M) | Time:00:00.00 | Mem:0.04M, Peak:0.04M | Scene, ViewLayer | Updating Scene BVH | Copying BVH to device
Fra:7 Mem:9.97M (Peak 11.30M) | Time:00:00.00 | Mem:0.04M, Peak:0.04M | Scene, ViewLayer | Updating Mesh | Computing normals
Fra:7 Mem:9.98M (Peak 11.30M) | Time:00:00.00 | Mem:0.04M, Peak:0.04M | Scene, ViewLayer | Updating Mesh | Copying Mesh to device
Fra:7 Mem:9.98M (Peak 11.30M) | Time:00:00.00 | Mem:0.05M, Peak:0.05M | Scene, ViewLayer | Updating Objects Flags
Fra:7 Mem:9.98M (Peak 11.30M) | Time:00:00.00 | Mem:0.05M, Peak:0.05M | Scene, ViewLayer | Updating Primitive Offsets
Fra:7 Mem:9.98M (Peak 11.30M) | Time:00:00.00 | Mem:0.05M, Peak:0.05M | Scene, ViewLayer | Updating Images
Fra:7 Mem:9.98M (Peak 11.30M) | Time:00:00.00 | Mem:0.05M, Peak:0.05M | Scene, ViewLayer | Updating Camera Volume
Fra:7 Mem:9.98M (Peak 11.30M) | Time:00:00.00 | Mem:0.05M, Peak:0.05M | Scene, ViewLayer | Updating Lookup Tables
Fra:7 Mem:9.98M (Peak 11.30M) | Time:00:00.00 | Mem:0.13M, Peak:0.13M | Scene, ViewLayer | Updating Lights
Fra:7 Mem:9.98M (Peak 11.30M) | Time:00:00.00 | Mem:0.13M, Peak:0.13M | Scene, ViewLayer | Updating Lights | Computing tree
Fra:7 Mem:9.99M (Peak 11.30M) | Time:00:00.00 | Mem:0.14M, Peak:0.14M | Scene, ViewLayer | Updating Integrator
Fra:7 Mem:9.99M (Peak 11.30M) | Time:00:00.00 | Mem:0.14M, Peak:0.14M | Scene, ViewLayer | Updating Film
Fra:7 Mem:10.00M (Peak 11.30M) | Time:00:00.00 | Mem:0.06M, Peak:0.14M | Scene, ViewLayer | Updating Lookup Tables
Fra:7 Mem:10.00M (Peak 11.30M) | Time:00:00.00 | Mem:0.15M, Peak:0.15M | Scene, ViewLayer | Updating Baking
Fra:7 Mem:10.00M (Peak 11.30M) | Time:00:00.00 | Mem:0.15M, Peak:0.15M | Scene, ViewLayer | Updating Device | Writing constant memory
Fra:7 Mem:10.00M (Peak 11.30M) | Time:00:00.00 | Mem:0.15M, Peak:0.15M | Scene, ViewLayer | Sample 0/8
Fra:7 Mem:12.29M (Peak 12.29M) | Time:00:00.00 | Remaining:00:00.04 | Mem:2.40M, Peak:2.40M | Scene, ViewLayer | Sample 1/8
Fra:7 Mem:13.29M (Peak 15.29M) | Time:00:00.05 | Mem:2.40M, Peak:2.40M | Scene, ViewLayer | Sample 8/8
Fra:7 Mem:13.29M (Peak 15.29M) | Time:00:00.05 | Mem:2.40M, Peak:2.40M | Scene, ViewLayer | Finished
Saved: '/home/terence/Documents/Codex/2026-09-06/realtime-voice-chat-3/outputs/butterfly-method-comparison/blender/turntable-frames/turntable_049.png'
Time: 00:00.05 (Saving: 00:00.00)

Fra:9 Mem:11.27M (Peak 11.27M) | Time:00:00.00 | Mem:0.00M, Peak:0.00M | Scene, ViewLayer | Synchronizing object | R forewing_border
Fra:9 Mem:11.28M (Peak 11.28M) | Time:00:00.00 | Mem:0.00M, Peak:0.00M | Scene, ViewLayer | Synchronizing object | R forewing_blue
Fra:9 Mem:11.28M (Peak 11.28M) | Time:00:00.00 | Mem:0.00M, Peak:0.00M | Scene, ViewLayer | Synchronizing object | R forewing_highlight
Fra:9 Mem:11.28M (Peak 11.28M) | Time:00:00.00 | Mem:0.00M, Peak:0.00M | Scene, ViewLayer | Synchronizing object | R forewing_blue.001
Fra:9 Mem:11.28M (Peak 11.28M) | Time:00:00.00 | Mem:0.00M, Peak:0.00M | Scene, ViewLayer | Synchronizing object | Antenna.001
Fra:9 Mem:11.29M (Peak 11.29M) | Time:00:00.00 | Mem:0.00M, Peak:0.00M | Scene, ViewLayer | Synchronizing object | R hindwing_border
Fra:9 Mem:11.29M (Peak 11.29M) | Time:00:00.00 | Mem:0.00M, Peak:0.00M | Scene, ViewLayer | Synchronizing object | R hindwing_blue
Fra:9 Mem:11.29M (Peak 11.29M) | Time:00:00.00 | Mem:0.00M, Peak:0.00M | Scene, ViewLayer | Synchronizing object | R hindwing_highlight
Fra:9 Mem:11.29M (Peak 11.29M) | Time:00:00.00 | Mem:0.00M, Peak:0.00M | Scene, ViewLayer | Synchronizing object | Antenna
Fra:9 Mem:11.29M (Peak 11.29M) | Time:00:00.00 | Mem:0.00M, Peak:0.00M | Scene, ViewLayer | Synchronizing object | Head
Fra:9 Mem:11.29M (Peak 11.29M) | Time:00:00.00 | Mem:0.00M, Peak:0.00M | Scene, ViewLayer | Synchronizing object | R hindwing_cyan.001
Fra:9 Mem:11.29M (Peak 11.29M) | Time:00:00.00 | Mem:0.00M, Peak:0.00M | Scene, ViewLayer | Synchronizing object | R hindwing_highlight.001
Fra:9 Mem:11.29M (Peak 11.29M) | Time:00:00.00 | Mem:0.00M, Peak:0.00M | Scene, ViewLayer | Synchronizing object | Thorax
Fra:9 Mem:11.29M (Peak 11.29M) | Time:00:00.00 | Mem:0.00M, Peak:0.00M | Scene, ViewLayer | Synchronizing object | L forewing_border
Fra:9 Mem:11.29M (Peak 11.29M) | Time:00:00.00 | Mem:0.00M, Peak:0.00M | Scene, ViewLayer | Synchronizing object | Abdomen
Fra:9 Mem:11.29M (Peak 11.29M) | Time:00:00.00 | Mem:0.00M, Peak:0.00M | Scene, ViewLayer | Synchronizing object | L forewing_blue
Fra:9 Mem:11.29M (Peak 11.29M) | Time:00:00.00 | Mem:0.00M, Peak:0.00M | Scene, ViewLayer | Synchronizing object | L hindwing_highlight.001
Fra:9 Mem:11.29M (Peak 11.29M) | Time:00:00.00 | Mem:0.00M, Peak:0.00M | Scene, ViewLayer | Synchronizing object | L forewing_highlight
Fra:9 Mem:11.30M (Peak 11.30M) | Time:00:00.00 | Mem:0.00M, Peak:0.00M | Scene, ViewLayer | Synchronizing object | L forewing_cyan.001
Fra:9 Mem:11.30M (Peak 11.30M) | Time:00:00.00 | Mem:0.00M, Peak:0.00M | Scene, ViewLayer | Synchronizing object | L hindwing_blue.001
Fra:9 Mem:11.30M (Peak 11.30M) | Time:00:00.00 | Mem:0.00M, Peak:0.00M | Scene, ViewLayer | Synchronizing object | L forewing_blue.001
Fra:9 Mem:11.30M (Peak 11.30M) | Time:00:00.00 | Mem:0.00M, Peak:0.00M | Scene, ViewLayer | Synchronizing object | L hindwing_cyan.001
Fra:9 Mem:11.30M (Peak 11.30M) | Time:00:00.00 | Mem:0.00M, Peak:0.00M | Scene, ViewLayer | Synchronizing object | L hindwing_cyan
Fra:9 Mem:11.30M (Peak 11.30M) | Time:00:00.00 | Mem:0.00M, Peak:0.00M | Scene, ViewLayer | Synchronizing object | L hindwing_blue
Fra:9 Mem:11.30M (Peak 11.30M) | Time:00:00.00 | Mem:0.00M, Peak:0.00M | Scene, ViewLayer | Synchronizing object | L hindwing_highlight
Fra:9 Mem:11.30M (Peak 11.30M) | Time:00:00.00 | Mem:0.00M, Peak:0.00M | Scene, ViewLayer | Initializing
Fra:9 Mem:9.87M (Peak 11.30M) | Time:00:00.00 | Mem:0.00M, Peak:0.00M | Scene, ViewLayer | Waiting for render to start
Fra:9 Mem:9.87M (Peak 11.30M) | Time:00:00.00 | Mem:0.00M, Peak:0.00M | Scene, ViewLayer | Updating Scene
Fra:9 Mem:9.87M (Peak 11.30M) | Time:00:00.00 | Mem:0.00M, Peak:0.00M | Scene, ViewLayer | Updating Shaders
Fra:9 Mem:9.87M (Peak 11.30M) | Time:00:00.00 | Mem:0.00M, Peak:0.00M | Scene, ViewLayer | Loading render kernels (may take a few minutes the first time)
Fra:9 Mem:9.96M (Peak 11.30M) | Time:00:00.00 | Mem:0.00M, Peak:0.00M | Scene, ViewLayer | Updating Procedurals
Fra:9 Mem:9.96M (Peak 11.30M) | Time:00:00.00 | Mem:0.00M, Peak:0.00M | Scene, ViewLayer | Updating Background
Fra:9 Mem:9.96M (Peak 11.30M) | Time:00:00.00 | Mem:0.00M, Peak:0.00M | Scene, ViewLayer | Updating Camera
Fra:9 Mem:9.96M (Peak 11.30M) | Time:00:00.00 | Mem:0.00M, Peak:0.00M | Scene, ViewLayer | Updating Meshes Flags
Fra:9 Mem:9.96M (Peak 11.30M) | Time:00:00.00 | Mem:0.00M, Peak:0.00M | Scene, ViewLayer | Updating Objects
Fra:9 Mem:9.96M (Peak 11.30M) | Time:00:00.00 | Mem:0.00M, Peak:0.00M | Scene, ViewLayer | Updating Objects | Copying Transformations to device
Fra:9 Mem:9.96M (Peak 11.30M) | Time:00:00.00 | Mem:0.01M, Peak:0.01M | Scene, ViewLayer | Updating Particle Systems
Fra:9 Mem:9.96M (Peak 11.30M) | Time:00:00.00 | Mem:0.01M, Peak:0.01M | Scene, ViewLayer | Updating Particle Systems | Copying Particles to device
Fra:9 Mem:9.96M (Peak 11.30M) | Time:00:00.00 | Mem:0.01M, Peak:0.01M | Scene, ViewLayer | Updating Meshes
Fra:9 Mem:9.96M (Peak 11.30M) | Time:00:00.00 | Mem:0.01M, Peak:0.01M | Scene, ViewLayer | Updating Objects | Applying Static Transformations
Fra:9 Mem:9.96M (Peak 11.30M) | Time:00:00.00 | Mem:0.01M, Peak:0.01M | Scene, ViewLayer | Updating Mesh | Computing attributes
Fra:9 Mem:9.97M (Peak 11.30M) | Time:00:00.00 | Mem:0.01M, Peak:0.01M | Scene, ViewLayer | Updating Mesh | Copying Attributes to device
Fra:9 Mem:9.97M (Peak 11.30M) | Time:00:00.00 | Mem:0.02M, Peak:0.02M | Scene, ViewLayer | Updating Scene BVH | Building
Fra:9 Mem:9.97M (Peak 11.30M) | Time:00:00.00 | Mem:0.02M, Peak:0.02M | Scene, ViewLayer | Updating Scene BVH | Building BVH
Fra:9 Mem:9.97M (Peak 11.30M) | Time:00:00.00 | Mem:0.04M, Peak:0.04M | Scene, ViewLayer | Updating Scene BVH | Copying BVH to device
Fra:9 Mem:9.97M (Peak 11.30M) | Time:00:00.00 | Mem:0.04M, Peak:0.04M | Scene, ViewLayer | Updating Mesh | Computing normals
Fra:9 Mem:9.98M (Peak 11.30M) | Time:00:00.00 | Mem:0.04M, Peak:0.04M | Scene, ViewLayer | Updating Mesh | Copying Mesh to device
Fra:9 Mem:9.98M (Peak 11.30M) | Time:00:00.00 | Mem:0.05M, Peak:0.05M | Scene, ViewLayer | Updating Objects Flags
Fra:9 Mem:9.98M (Peak 11.30M) | Time:00:00.00 | Mem:0.05M, Peak:0.05M | Scene, ViewLayer | Updating Primitive Offsets
Fra:9 Mem:9.98M (Peak 11.30M) | Time:00:00.00 | Mem:0.05M, Peak:0.05M | Scene, ViewLayer | Updating Images
Fra:9 Mem:9.98M (Peak 11.30M) | Time:00:00.00 | Mem:0.05M, Peak:0.05M | Scene, ViewLayer | Updating Camera Volume
Fra:9 Mem:9.98M (Peak 11.30M) | Time:00:00.00 | Mem:0.05M, Peak:0.05M | Scene, ViewLayer | Updating Lookup Tables
Fra:9 Mem:9.98M (Peak 11.30M) | Time:00:00.00 | Mem:0.13M, Peak:0.13M | Scene, ViewLayer | Updating Lights
Fra:9 Mem:9.98M (Peak 11.30M) | Time:00:00.00 | Mem:0.13M, Peak:0.13M | Scene, ViewLayer | Updating Lights | Computing tree
Fra:9 Mem:9.99M (Peak 11.30M) | Time:00:00.00 | Mem:0.14M, Peak:0.14M | Scene, ViewLayer | Updating Integrator
Fra:9 Mem:9.99M (Peak 11.30M) | Time:00:00.00 | Mem:0.14M, Peak:0.14M | Scene, ViewLayer | Updating Film
Fra:9 Mem:10.00M (Peak 11.30M) | Time:00:00.00 | Mem:0.06M, Peak:0.14M | Scene, ViewLayer | Updating Lookup Tables
Fra:9 Mem:10.00M (Peak 11.30M) | Time:00:00.00 | Mem:0.15M, Peak:0.15M | Scene, ViewLayer | Updating Baking
Fra:9 Mem:10.00M (Peak 11.30M) | Time:00:00.00 | Mem:0.15M, Peak:0.15M | Scene, ViewLayer | Updating Device | Writing constant memory
Fra:9 Mem:10.00M (Peak 11.30M) | Time:00:00.00 | Mem:0.15M, Peak:0.15M | Scene, ViewLayer | Sample 0/8
Fra:9 Mem:12.29M (Peak 12.29M) | Time:00:00.00 | Remaining:00:00.04 | Mem:2.40M, Peak:2.40M | Scene, ViewLayer | Sample 1/8
Fra:9 Mem:13.29M (Peak 15.29M) | Time:00:00.05 | Mem:2.40M, Peak:2.40M | Scene, ViewLayer | Sample 8/8
Fra:9 Mem:13.29M (Peak 15.29M) | Time:00:00.05 | Mem:2.40M, Peak:2.40M | Scene, ViewLayer | Finished
Saved: '/home/terence/Documents/Codex/2026-09-06/realtime-voice-chat-3/outputs/butterfly-method-comparison/blender/turntable-frames/turntable_050.png'
Time: 00:00.05 (Saving: 00:00.00)

Fra:11 Mem:11.27M (Peak 11.27M) | Time:00:00.00 | Mem:0.00M, Peak:0.00M | Scene, ViewLayer | Synchronizing object | R forewing_border
Fra:11 Mem:11.28M (Peak 11.28M) | Time:00:00.00 | Mem:0.00M, Peak:0.00M | Scene, ViewLayer | Synchronizing object | R forewing_blue
Fra:11 Mem:11.28M (Peak 11.28M) | Time:00:00.00 | Mem:0.00M, Peak:0.00M | Scene, ViewLayer | Synchronizing object | R forewing_cyan.001
Fra:11 Mem:11.28M (Peak 11.28M) | Time:00:00.00 | Mem:0.00M, Peak:0.00M | Scene, ViewLayer | Synchronizing object | R forewing_blue.001
Fra:11 Mem:11.28M (Peak 11.28M) | Time:00:00.00 | Mem:0.00M, Peak:0.00M | Scene, ViewLayer | Synchronizing object | R forewing_highlight.001
Fra:11 Mem:11.28M (Peak 11.28M) | Time:00:00.00 | Mem:0.00M, Peak:0.00M | Scene, ViewLayer | Synchronizing object | R hindwing_border
Fra:11 Mem:11.29M (Peak 11.29M) | Time:00:00.00 | Mem:0.00M, Peak:0.00M | Scene, ViewLayer | Synchronizing object | Antenna
Fra:11 Mem:11.29M (Peak 11.29M) | Time:00:00.00 | Mem:0.00M, Peak:0.00M | Scene, ViewLayer | Synchronizing object | R hindwing_blue
Fra:11 Mem:11.29M (Peak 11.29M) | Time:00:00.00 | Mem:0.00M, Peak:0.00M | Scene, ViewLayer | Synchronizing object | R hindwing_highlight
Fra:11 Mem:11.29M (Peak 11.29M) | Time:00:00.00 | Mem:0.00M, Peak:0.00M | Scene, ViewLayer | Synchronizing object | R hindwing_cyan.001
Fra:11 Mem:11.29M (Peak 11.29M) | Time:00:00.00 | Mem:0.00M, Peak:0.00M | Scene, ViewLayer | Synchronizing object | R hindwing_blue.001
Fra:11 Mem:11.29M (Peak 11.29M) | Time:00:00.00 | Mem:0.00M, Peak:0.00M | Scene, ViewLayer | Synchronizing object | R hindwing_highlight.001
Fra:11 Mem:11.29M (Peak 11.29M) | Time:00:00.00 | Mem:0.00M, Peak:0.00M | Scene, ViewLayer | Synchronizing object | L forewing_border
Fra:11 Mem:11.29M (Peak 11.29M) | Time:00:00.00 | Mem:0.00M, Peak:0.00M | Scene, ViewLayer | Synchronizing object | L forewing_cyan
Fra:11 Mem:11.29M (Peak 11.29M) | Time:00:00.00 | Mem:0.00M, Peak:0.00M | Scene, ViewLayer | Synchronizing object | L forewing_highlight
Fra:11 Mem:11.29M (Peak 11.29M) | Time:00:00.00 | Mem:0.00M, Peak:0.00M | Scene, ViewLayer | Synchronizing object | L forewing_cyan.001
Fra:11 Mem:11.29M (Peak 11.29M) | Time:00:00.00 | Mem:0.00M, Peak:0.00M | Scene, ViewLayer | Synchronizing object | Head
Fra:11 Mem:11.29M (Peak 11.29M) | Time:00:00.00 | Mem:0.00M, Peak:0.00M | Scene, ViewLayer | Synchronizing object | L forewing_highlight.001
Fra:11 Mem:11.29M (Peak 11.29M) | Time:00:00.00 | Mem:0.00M, Peak:0.00M | Scene, ViewLayer | Synchronizing object | Thorax
Fra:11 Mem:11.29M (Peak 11.29M) | Time:00:00.00 | Mem:0.00M, Peak:0.00M | Scene, ViewLayer | Synchronizing object | L hindwing_cyan
Fra:11 Mem:11.29M (Peak 11.29M) | Time:00:00.00 | Mem:0.00M, Peak:0.00M | Scene, ViewLayer | Synchronizing object | Abdomen
Fra:11 Mem:11.30M (Peak 11.30M) | Time:00:00.00 | Mem:0.00M, Peak:0.00M | Scene, ViewLayer | Synchronizing object | L hindwing_highlight.001
Fra:11 Mem:11.30M (Peak 11.30M) | Time:00:00.00 | Mem:0.00M, Peak:0.00M | Scene, ViewLayer | Synchronizing object | L hindwing_highlight
Fra:11 Mem:11.30M (Peak 11.30M) | Time:00:00.00 | Mem:0.00M, Peak:0.00M | Scene, ViewLayer | Synchronizing object | L hindwing_blue.001
Fra:11 Mem:11.30M (Peak 11.30M) | Time:00:00.00 | Mem:0.00M, Peak:0.00M | Scene, ViewLayer | Synchronizing object | L hindwing_cyan.001
Fra:11 Mem:11.30M (Peak 11.30M) | Time:00:00.00 | Mem:0.00M, Peak:0.00M | Scene, ViewLayer | Initializing
Fra:11 Mem:9.87M (Peak 11.30M) | Time:00:00.00 | Mem:0.00M, Peak:0.00M | Scene, ViewLayer | Waiting for render to start
Fra:11 Mem:9.87M (Peak 11.30M) | Time:00:00.00 | Mem:0.00M, Peak:0.00M | Scene, ViewLayer | Updating Scene
Fra:11 Mem:9.87M (Peak 11.30M) | Time:00:00.00 | Mem:0.00M, Peak:0.00M | Scene, ViewLayer | Updating Shaders
Fra:11 Mem:9.87M (Peak 11.30M) | Time:00:00.00 | Mem:0.00M, Peak:0.00M | Scene, ViewLayer | Loading render kernels (may take a few minutes the first time)
Fra:11 Mem:9.96M (Peak 11.30M) | Time:00:00.00 | Mem:0.00M, Peak:0.00M | Scene, ViewLayer | Updating Procedurals
Fra:11 Mem:9.96M (Peak 11.30M) | Time:00:00.00 | Mem:0.00M, Peak:0.00M | Scene, ViewLayer | Updating Background
Fra:11 Mem:9.96M (Peak 11.30M) | Time:00:00.00 | Mem:0.00M, Peak:0.00M | Scene, ViewLayer | Updating Camera
Fra:11 Mem:9.96M (Peak 11.30M) | Time:00:00.00 | Mem:0.00M, Peak:0.00M | Scene, ViewLayer | Updating Meshes Flags
Fra:11 Mem:9.96M (Peak 11.30M) | Time:00:00.00 | Mem:0.00M, Peak:0.00M | Scene, ViewLayer | Updating Objects
Fra:11 Mem:9.96M (Peak 11.30M) | Time:00:00.00 | Mem:0.00M, Peak:0.00M | Scene, ViewLayer | Updating Objects | Copying Transformations to device
Fra:11 Mem:9.96M (Peak 11.30M) | Time:00:00.00 | Mem:0.01M, Peak:0.01M | Scene, ViewLayer | Updating Particle Systems
Fra:11 Mem:9.96M (Peak 11.30M) | Time:00:00.00 | Mem:0.01M, Peak:0.01M | Scene, ViewLayer | Updating Particle Systems | Copying Particles to device
Fra:11 Mem:9.96M (Peak 11.30M) | Time:00:00.00 | Mem:0.01M, Peak:0.01M | Scene, ViewLayer | Updating Meshes
Fra:11 Mem:9.96M (Peak 11.30M) | Time:00:00.00 | Mem:0.01M, Peak:0.01M | Scene, ViewLayer | Updating Objects | Applying Static Transformations
Fra:11 Mem:9.96M (Peak 11.30M) | Time:00:00.00 | Mem:0.01M, Peak:0.01M | Scene, ViewLayer | Updating Mesh | Computing attributes
Fra:11 Mem:9.97M (Peak 11.30M) | Time:00:00.00 | Mem:0.01M, Peak:0.01M | Scene, ViewLayer | Updating Mesh | Copying Attributes to device
Fra:11 Mem:9.97M (Peak 11.30M) | Time:00:00.00 | Mem:0.02M, Peak:0.02M | Scene, ViewLayer | Updating Scene BVH | Building
Fra:11 Mem:9.97M (Peak 11.30M) | Time:00:00.00 | Mem:0.02M, Peak:0.02M | Scene, ViewLayer | Updating Scene BVH | Building BVH
Fra:11 Mem:9.97M (Peak 11.30M) | Time:00:00.00 | Mem:0.04M, Peak:0.04M | Scene, ViewLayer | Updating Scene BVH | Copying BVH to device
Fra:11 Mem:9.97M (Peak 11.30M) | Time:00:00.00 | Mem:0.04M, Peak:0.04M | Scene, ViewLayer | Updating Mesh | Computing normals
Fra:11 Mem:9.98M (Peak 11.30M) | Time:00:00.00 | Mem:0.04M, Peak:0.04M | Scene, ViewLayer | Updating Mesh | Copying Mesh to device
Fra:11 Mem:9.98M (Peak 11.30M) | Time:00:00.00 | Mem:0.05M, Peak:0.05M | Scene, ViewLayer | Updating Objects Flags
Fra:11 Mem:9.98M (Peak 11.30M) | Time:00:00.00 | Mem:0.05M, Peak:0.05M | Scene, ViewLayer | Updating Primitive Offsets
Fra:11 Mem:9.98M (Peak 11.30M) | Time:00:00.00 | Mem:0.05M, Peak:0.05M | Scene, ViewLayer | Updating Images
Fra:11 Mem:9.98M (Peak 11.30M) | Time:00:00.00 | Mem:0.05M, Peak:0.05M | Scene, ViewLayer | Updating Camera Volume
Fra:11 Mem:9.98M (Peak 11.30M) | Time:00:00.00 | Mem:0.05M, Peak:0.05M | Scene, ViewLayer | Updating Lookup Tables
Fra:11 Mem:9.98M (Peak 11.30M) | Time:00:00.00 | Mem:0.13M, Peak:0.13M | Scene, ViewLayer | Updating Lights
Fra:11 Mem:9.98M (Peak 11.30M) | Time:00:00.00 | Mem:0.13M, Peak:0.13M | Scene, ViewLayer | Updating Lights | Computing tree
Fra:11 Mem:9.99M (Peak 11.30M) | Time:00:00.00 | Mem:0.14M, Peak:0.14M | Scene, ViewLayer | Updating Integrator
Fra:11 Mem:9.99M (Peak 11.30M) | Time:00:00.00 | Mem:0.14M, Peak:0.14M | Scene, ViewLayer | Updating Film
Fra:11 Mem:10.00M (Peak 11.30M) | Time:00:00.00 | Mem:0.06M, Peak:0.14M | Scene, ViewLayer | Updating Lookup Tables
Fra:11 Mem:10.00M (Peak 11.30M) | Time:00:00.00 | Mem:0.15M, Peak:0.15M | Scene, ViewLayer | Updating Baking
Fra:11 Mem:10.00M (Peak 11.30M) | Time:00:00.00 | Mem:0.15M, Peak:0.15M | Scene, ViewLayer | Updating Device | Writing constant memory
Fra:11 Mem:10.00M (Peak 11.30M) | Time:00:00.00 | Mem:0.15M, Peak:0.15M | Scene, ViewLayer | Sample 0/8
Fra:11 Mem:12.29M (Peak 12.29M) | Time:00:00.00 | Remaining:00:00.03 | Mem:2.40M, Peak:2.40M | Scene, ViewLayer | Sample 1/8
Fra:11 Mem:13.29M (Peak 15.29M) | Time:00:00.04 | Mem:2.40M, Peak:2.40M | Scene, ViewLayer | Sample 8/8
Fra:11 Mem:13.29M (Peak 15.29M) | Time:00:00.04 | Mem:2.40M, Peak:2.40M | Scene, ViewLayer | Finished
Saved: '/home/terence/Documents/Codex/2026-09-06/realtime-voice-chat-3/outputs/butterfly-method-comparison/blender/turntable-frames/turntable_051.png'
Time: 00:00.04 (Saving: 00:00.00)

Fra:12 Mem:11.27M (Peak 11.27M) | Time:00:00.00 | Mem:0.00M, Peak:0.00M | Scene, ViewLayer | Synchronizing object | R forewing_border
Fra:12 Mem:11.28M (Peak 11.28M) | Time:00:00.00 | Mem:0.00M, Peak:0.00M | Scene, ViewLayer | Synchronizing object | R forewing_blue
Fra:12 Mem:11.28M (Peak 11.28M) | Time:00:00.00 | Mem:0.00M, Peak:0.00M | Scene, ViewLayer | Synchronizing object | R forewing_highlight
Fra:12 Mem:11.28M (Peak 11.28M) | Time:00:00.00 | Mem:0.00M, Peak:0.00M | Scene, ViewLayer | Synchronizing object | R forewing_cyan.001
Fra:12 Mem:11.28M (Peak 11.28M) | Time:00:00.00 | Mem:0.00M, Peak:0.00M | Scene, ViewLayer | Synchronizing object | R forewing_blue.001
Fra:12 Mem:11.28M (Peak 11.28M) | Time:00:00.00 | Mem:0.00M, Peak:0.00M | Scene, ViewLayer | Synchronizing object | R hindwing_border
Fra:12 Mem:11.28M (Peak 11.28M) | Time:00:00.00 | Mem:0.00M, Peak:0.00M | Scene, ViewLayer | Synchronizing object | R hindwing_cyan
Fra:12 Mem:11.29M (Peak 11.29M) | Time:00:00.00 | Mem:0.00M, Peak:0.00M | Scene, ViewLayer | Synchronizing object | Antenna
Fra:12 Mem:11.29M (Peak 11.29M) | Time:00:00.00 | Mem:0.00M, Peak:0.00M | Scene, ViewLayer | Synchronizing object | R hindwing_highlight
Fra:12 Mem:11.29M (Peak 11.29M) | Time:00:00.00 | Mem:0.00M, Peak:0.00M | Scene, ViewLayer | Synchronizing object | Head
Fra:12 Mem:11.29M (Peak 11.29M) | Time:00:00.00 | Mem:0.00M, Peak:0.00M | Scene, ViewLayer | Synchronizing object | R hindwing_cyan.001
Fra:12 Mem:11.29M (Peak 11.29M) | Time:00:00.00 | Mem:0.00M, Peak:0.00M | Scene, ViewLayer | Synchronizing object | Thorax
Fra:12 Mem:11.29M (Peak 11.29M) | Time:00:00.00 | Mem:0.00M, Peak:0.00M | Scene, ViewLayer | Synchronizing object | Abdomen
Fra:12 Mem:11.29M (Peak 11.29M) | Time:00:00.00 | Mem:0.00M, Peak:0.00M | Scene, ViewLayer | Synchronizing object | R hindwing_highlight.001
Fra:12 Mem:11.29M (Peak 11.29M) | Time:00:00.00 | Mem:0.00M, Peak:0.00M | Scene, ViewLayer | Synchronizing object | L hindwing_highlight.001
Fra:12 Mem:11.29M (Peak 11.29M) | Time:00:00.00 | Mem:0.00M, Peak:0.00M | Scene, ViewLayer | Synchronizing object | L forewing_blue
Fra:12 Mem:11.29M (Peak 11.29M) | Time:00:00.00 | Mem:0.00M, Peak:0.00M | Scene, ViewLayer | Synchronizing object | L hindwing_blue.001
Fra:12 Mem:11.30M (Peak 11.30M) | Time:00:00.00 | Mem:0.00M, Peak:0.00M | Scene, ViewLayer | Synchronizing object | L forewing_highlight
Fra:12 Mem:11.30M (Peak 11.30M) | Time:00:00.00 | Mem:0.00M, Peak:0.00M | Scene, ViewLayer | Synchronizing object | L forewing_cyan.001
Fra:12 Mem:11.30M (Peak 11.30M) | Time:00:00.00 | Mem:0.00M, Peak:0.00M | Scene, ViewLayer | Synchronizing object | L hindwing_cyan.001
Fra:12 Mem:11.30M (Peak 11.30M) | Time:00:00.00 | Mem:0.00M, Peak:0.00M | Scene, ViewLayer | Synchronizing object | L forewing_highlight.001
Fra:12 Mem:11.30M (Peak 11.30M) | Time:00:00.00 | Mem:0.00M, Peak:0.00M | Scene, ViewLayer | Synchronizing object | L hindwing_highlight
Fra:12 Mem:11.30M (Peak 11.30M) | Time:00:00.00 | Mem:0.00M, Peak:0.00M | Scene, ViewLayer | Synchronizing object | L hindwing_cyan
Fra:12 Mem:11.30M (Peak 11.30M) | Time:00:00.00 | Mem:0.00M, Peak:0.00M | Scene, ViewLayer | Synchronizing object | L hindwing_blue
Fra:12 Mem:11.30M (Peak 11.30M) | Time:00:00.00 | Mem:0.00M, Peak:0.00M | Scene, ViewLayer | Initializing
Fra:12 Mem:9.87M (Peak 11.30M) | Time:00:00.00 | Mem:0.00M, Peak:0.00M | Scene, ViewLayer | Waiting for render to start
Fra:12 Mem:9.87M (Peak 11.30M) | Time:00:00.00 | Mem:0.00M, Peak:0.00M | Scene, ViewLayer | Updating Scene
Fra:12 Mem:9.87M (Peak 11.30M) | Time:00:00.00 | Mem:0.00M, Peak:0.00M | Scene, ViewLayer | Updating Shaders
Fra:12 Mem:9.87M (Peak 11.30M) | Time:00:00.00 | Mem:0.00M, Peak:0.00M | Scene, ViewLayer | Loading render kernels (may take a few minutes the first time)
Fra:12 Mem:9.96M (Peak 11.30M) | Time:00:00.00 | Mem:0.00M, Peak:0.00M | Scene, ViewLayer | Updating Procedurals
Fra:12 Mem:9.96M (Peak 11.30M) | Time:00:00.00 | Mem:0.00M, Peak:0.00M | Scene, ViewLayer | Updating Background
Fra:12 Mem:9.96M (Peak 11.30M) | Time:00:00.00 | Mem:0.00M, Peak:0.00M | Scene, ViewLayer | Updating Camera
Fra:12 Mem:9.96M (Peak 11.30M) | Time:00:00.00 | Mem:0.00M, Peak:0.00M | Scene, ViewLayer | Updating Meshes Flags
Fra:12 Mem:9.96M (Peak 11.30M) | Time:00:00.00 | Mem:0.00M, Peak:0.00M | Scene, ViewLayer | Updating Objects
Fra:12 Mem:9.96M (Peak 11.30M) | Time:00:00.00 | Mem:0.00M, Peak:0.00M | Scene, ViewLayer | Updating Objects | Copying Transformations to device
Fra:12 Mem:9.96M (Peak 11.30M) | Time:00:00.00 | Mem:0.01M, Peak:0.01M | Scene, ViewLayer | Updating Particle Systems
Fra:12 Mem:9.96M (Peak 11.30M) | Time:00:00.00 | Mem:0.01M, Peak:0.01M | Scene, ViewLayer | Updating Particle Systems | Copying Particles to device
Fra:12 Mem:9.96M (Peak 11.30M) | Time:00:00.00 | Mem:0.01M, Peak:0.01M | Scene, ViewLayer | Updating Meshes
Fra:12 Mem:9.96M (Peak 11.30M) | Time:00:00.00 | Mem:0.01M, Peak:0.01M | Scene, ViewLayer | Updating Objects | Applying Static Transformations
Fra:12 Mem:9.96M (Peak 11.30M) | Time:00:00.00 | Mem:0.01M, Peak:0.01M | Scene, ViewLayer | Updating Mesh | Computing attributes
Fra:12 Mem:9.97M (Peak 11.30M) | Time:00:00.00 | Mem:0.01M, Peak:0.01M | Scene, ViewLayer | Updating Mesh | Copying Attributes to device
Fra:12 Mem:9.97M (Peak 11.30M) | Time:00:00.00 | Mem:0.02M, Peak:0.02M | Scene, ViewLayer | Updating Scene BVH | Building
Fra:12 Mem:9.97M (Peak 11.30M) | Time:00:00.00 | Mem:0.02M, Peak:0.02M | Scene, ViewLayer | Updating Scene BVH | Building BVH
Fra:12 Mem:9.97M (Peak 11.30M) | Time:00:00.00 | Mem:0.04M, Peak:0.04M | Scene, ViewLayer | Updating Scene BVH | Copying BVH to device
Fra:12 Mem:9.97M (Peak 11.30M) | Time:00:00.00 | Mem:0.04M, Peak:0.04M | Scene, ViewLayer | Updating Mesh | Computing normals
Fra:12 Mem:9.98M (Peak 11.30M) | Time:00:00.00 | Mem:0.04M, Peak:0.04M | Scene, ViewLayer | Updating Mesh | Copying Mesh to device
Fra:12 Mem:9.98M (Peak 11.30M) | Time:00:00.00 | Mem:0.05M, Peak:0.05M | Scene, ViewLayer | Updating Objects Flags
Fra:12 Mem:9.98M (Peak 11.30M) | Time:00:00.00 | Mem:0.05M, Peak:0.05M | Scene, ViewLayer | Updating Primitive Offsets
Fra:12 Mem:9.98M (Peak 11.30M) | Time:00:00.00 | Mem:0.05M, Peak:0.05M | Scene, ViewLayer | Updating Images
Fra:12 Mem:9.98M (Peak 11.30M) | Time:00:00.00 | Mem:0.05M, Peak:0.05M | Scene, ViewLayer | Updating Camera Volume
Fra:12 Mem:9.98M (Peak 11.30M) | Time:00:00.00 | Mem:0.05M, Peak:0.05M | Scene, ViewLayer | Updating Lookup Tables
Fra:12 Mem:9.98M (Peak 11.30M) | Time:00:00.00 | Mem:0.13M, Peak:0.13M | Scene, ViewLayer | Updating Lights
Fra:12 Mem:9.98M (Peak 11.30M) | Time:00:00.00 | Mem:0.13M, Peak:0.13M | Scene, ViewLayer | Updating Lights | Computing tree
Fra:12 Mem:9.99M (Peak 11.30M) | Time:00:00.00 | Mem:0.14M, Peak:0.14M | Scene, ViewLayer | Updating Integrator
Fra:12 Mem:9.99M (Peak 11.30M) | Time:00:00.00 | Mem:0.14M, Peak:0.14M | Scene, ViewLayer | Updating Film
Fra:12 Mem:10.00M (Peak 11.30M) | Time:00:00.00 | Mem:0.06M, Peak:0.14M | Scene, ViewLayer | Updating Lookup Tables
Fra:12 Mem:10.00M (Peak 11.30M) | Time:00:00.00 | Mem:0.15M, Peak:0.15M | Scene, ViewLayer | Updating Baking
Fra:12 Mem:10.00M (Peak 11.30M) | Time:00:00.00 | Mem:0.15M, Peak:0.15M | Scene, ViewLayer | Updating Device | Writing constant memory
Fra:12 Mem:10.00M (Peak 11.30M) | Time:00:00.00 | Mem:0.15M, Peak:0.15M | Scene, ViewLayer | Sample 0/8
Fra:12 Mem:12.29M (Peak 12.29M) | Time:00:00.00 | Remaining:00:00.03 | Mem:2.40M, Peak:2.40M | Scene, ViewLayer | Sample 1/8
Fra:12 Mem:13.29M (Peak 15.29M) | Time:00:00.04 | Mem:2.40M, Peak:2.40M | Scene, ViewLayer | Sample 8/8
Fra:12 Mem:13.29M (Peak 15.29M) | Time:00:00.04 | Mem:2.40M, Peak:2.40M | Scene, ViewLayer | Finished
Saved: '/home/terence/Documents/Codex/2026-09-06/realtime-voice-chat-3/outputs/butterfly-method-comparison/blender/turntable-frames/turntable_052.png'
Time: 00:00.04 (Saving: 00:00.00)

Fra:14 Mem:11.27M (Peak 11.27M) | Time:00:00.00 | Mem:0.00M, Peak:0.00M | Scene, ViewLayer | Synchronizing object | R forewing_border
Fra:14 Mem:11.28M (Peak 11.28M) | Time:00:00.00 | Mem:0.00M, Peak:0.00M | Scene, ViewLayer | Synchronizing object | R forewing_cyan
Fra:14 Mem:11.28M (Peak 11.28M) | Time:00:00.00 | Mem:0.00M, Peak:0.00M | Scene, ViewLayer | Synchronizing object | R forewing_blue
Fra:14 Mem:11.28M (Peak 11.28M) | Time:00:00.00 | Mem:0.00M, Peak:0.00M | Scene, ViewLayer | Synchronizing object | R forewing_highlight
Fra:14 Mem:11.28M (Peak 11.28M) | Time:00:00.00 | Mem:0.00M, Peak:0.00M | Scene, ViewLayer | Synchronizing object | R forewing_cyan.001
Fra:14 Mem:11.28M (Peak 11.28M) | Time:00:00.00 | Mem:0.00M, Peak:0.00M | Scene, ViewLayer | Synchronizing object | Antenna.001
Fra:14 Mem:11.28M (Peak 11.28M) | Time:00:00.00 | Mem:0.00M, Peak:0.00M | Scene, ViewLayer | Synchronizing object | R hindwing_border
Fra:14 Mem:11.29M (Peak 11.29M) | Time:00:00.00 | Mem:0.00M, Peak:0.00M | Scene, ViewLayer | Synchronizing object | Antenna
Fra:14 Mem:11.29M (Peak 11.29M) | Time:00:00.00 | Mem:0.00M, Peak:0.00M | Scene, ViewLayer | Synchronizing object | R hindwing_cyan
Fra:14 Mem:11.29M (Peak 11.29M) | Time:00:00.00 | Mem:0.00M, Peak:0.00M | Scene, ViewLayer | Synchronizing object | Head
Fra:14 Mem:11.29M (Peak 11.29M) | Time:00:00.00 | Mem:0.00M, Peak:0.00M | Scene, ViewLayer | Synchronizing object | Thorax
Fra:14 Mem:11.29M (Peak 11.29M) | Time:00:00.00 | Mem:0.00M, Peak:0.00M | Scene, ViewLayer | Synchronizing object | R hindwing_highlight
Fra:14 Mem:11.29M (Peak 11.29M) | Time:00:00.00 | Mem:0.00M, Peak:0.00M | Scene, ViewLayer | Synchronizing object | R hindwing_cyan.001
Fra:14 Mem:11.29M (Peak 11.29M) | Time:00:00.00 | Mem:0.00M, Peak:0.00M | Scene, ViewLayer | Synchronizing object | R hindwing_highlight.001
Fra:14 Mem:11.29M (Peak 11.29M) | Time:00:00.00 | Mem:0.00M, Peak:0.00M | Scene, ViewLayer | Synchronizing object | L forewing_border
Fra:14 Mem:11.29M (Peak 11.29M) | Time:00:00.00 | Mem:0.00M, Peak:0.00M | Scene, ViewLayer | Synchronizing object | L forewing_cyan
Fra:14 Mem:11.29M (Peak 11.29M) | Time:00:00.00 | Mem:0.00M, Peak:0.00M | Scene, ViewLayer | Synchronizing object | L forewing_blue
Fra:14 Mem:11.30M (Peak 11.30M) | Time:00:00.00 | Mem:0.00M, Peak:0.00M | Scene, ViewLayer | Synchronizing object | L forewing_highlight
Fra:14 Mem:11.30M (Peak 11.30M) | Time:00:00.00 | Mem:0.00M, Peak:0.00M | Scene, ViewLayer | Synchronizing object | L hindwing_blue.001
Fra:14 Mem:11.30M (Peak 11.30M) | Time:00:00.00 | Mem:0.00M, Peak:0.00M | Scene, ViewLayer | Synchronizing object | L forewing_blue.001
Fra:14 Mem:11.30M (Peak 11.30M) | Time:00:00.00 | Mem:0.00M, Peak:0.00M | Scene, ViewLayer | Synchronizing object | L forewing_highlight.001
Fra:14 Mem:11.30M (Peak 11.30M) | Time:00:00.00 | Mem:0.00M, Peak:0.00M | Scene, ViewLayer | Synchronizing object | L hindwing_cyan.001
Fra:14 Mem:11.30M (Peak 11.30M) | Time:00:00.00 | Mem:0.00M, Peak:0.00M | Scene, ViewLayer | Synchronizing object | L hindwing_cyan
Fra:14 Mem:11.30M (Peak 11.30M) | Time:00:00.00 | Mem:0.00M, Peak:0.00M | Scene, ViewLayer | Synchronizing object | L hindwing_highlight
Fra:14 Mem:11.30M (Peak 11.30M) | Time:00:00.00 | Mem:0.00M, Peak:0.00M | Scene, ViewLayer | Synchronizing object | L hindwing_blue
Fra:14 Mem:11.30M (Peak 11.30M) | Time:00:00.00 | Mem:0.00M, Peak:0.00M | Scene, ViewLayer | Initializing
Fra:14 Mem:9.87M (Peak 11.30M) | Time:00:00.00 | Mem:0.00M, Peak:0.00M | Scene, ViewLayer | Waiting for render to start
Fra:14 Mem:9.87M (Peak 11.30M) | Time:00:00.00 | Mem:0.00M, Peak:0.00M | Scene, ViewLayer | Updating Scene
Fra:14 Mem:9.87M (Peak 11.30M) | Time:00:00.00 | Mem:0.00M, Peak:0.00M | Scene, ViewLayer | Updating Shaders
Fra:14 Mem:9.87M (Peak 11.30M) | Time:00:00.00 | Mem:0.00M, Peak:0.00M | Scene, ViewLayer | Loading render kernels (may take a few minutes the first time)
Fra:14 Mem:9.96M (Peak 11.30M) | Time:00:00.00 | Mem:0.00M, Peak:0.00M | Scene, ViewLayer | Updating Procedurals
Fra:14 Mem:9.96M (Peak 11.30M) | Time:00:00.00 | Mem:0.00M, Peak:0.00M | Scene, ViewLayer | Updating Background
Fra:14 Mem:9.96M (Peak 11.30M) | Time:00:00.00 | Mem:0.00M, Peak:0.00M | Scene, ViewLayer | Updating Camera
Fra:14 Mem:9.96M (Peak 11.30M) | Time:00:00.00 | Mem:0.00M, Peak:0.00M | Scene, ViewLayer | Updating Meshes Flags
Fra:14 Mem:9.96M (Peak 11.30M) | Time:00:00.00 | Mem:0.00M, Peak:0.00M | Scene, ViewLayer | Updating Objects
Fra:14 Mem:9.96M (Peak 11.30M) | Time:00:00.00 | Mem:0.00M, Peak:0.00M | Scene, ViewLayer | Updating Objects | Copying Transformations to device
Fra:14 Mem:9.96M (Peak 11.30M) | Time:00:00.00 | Mem:0.01M, Peak:0.01M | Scene, ViewLayer | Updating Particle Systems
Fra:14 Mem:9.96M (Peak 11.30M) | Time:00:00.00 | Mem:0.01M, Peak:0.01M | Scene, ViewLayer | Updating Particle Systems | Copying Particles to device
Fra:14 Mem:9.96M (Peak 11.30M) | Time:00:00.00 | Mem:0.01M, Peak:0.01M | Scene, ViewLayer | Updating Meshes
Fra:14 Mem:9.96M (Peak 11.30M) | Time:00:00.00 | Mem:0.01M, Peak:0.01M | Scene, ViewLayer | Updating Objects | Applying Static Transformations
Fra:14 Mem:9.96M (Peak 11.30M) | Time:00:00.00 | Mem:0.01M, Peak:0.01M | Scene, ViewLayer | Updating Mesh | Computing attributes
Fra:14 Mem:9.97M (Peak 11.30M) | Time:00:00.00 | Mem:0.01M, Peak:0.01M | Scene, ViewLayer | Updating Mesh | Copying Attributes to device
Fra:14 Mem:9.97M (Peak 11.30M) | Time:00:00.00 | Mem:0.02M, Peak:0.02M | Scene, ViewLayer | Updating Scene BVH | Building
Fra:14 Mem:9.97M (Peak 11.30M) | Time:00:00.00 | Mem:0.02M, Peak:0.02M | Scene, ViewLayer | Updating Scene BVH | Building BVH
Fra:14 Mem:9.97M (Peak 11.30M) | Time:00:00.00 | Mem:0.04M, Peak:0.04M | Scene, ViewLayer | Updating Scene BVH | Copying BVH to device
Fra:14 Mem:9.97M (Peak 11.30M) | Time:00:00.00 | Mem:0.04M, Peak:0.04M | Scene, ViewLayer | Updating Mesh | Computing normals
Fra:14 Mem:9.98M (Peak 11.30M) | Time:00:00.00 | Mem:0.04M, Peak:0.04M | Scene, ViewLayer | Updating Mesh | Copying Mesh to device
Fra:14 Mem:9.98M (Peak 11.30M) | Time:00:00.00 | Mem:0.05M, Peak:0.05M | Scene, ViewLayer | Updating Objects Flags
Fra:14 Mem:9.98M (Peak 11.30M) | Time:00:00.00 | Mem:0.05M, Peak:0.05M | Scene, ViewLayer | Updating Primitive Offsets
Fra:14 Mem:9.98M (Peak 11.30M) | Time:00:00.00 | Mem:0.05M, Peak:0.05M | Scene, ViewLayer | Updating Images
Fra:14 Mem:9.98M (Peak 11.30M) | Time:00:00.00 | Mem:0.05M, Peak:0.05M | Scene, ViewLayer | Updating Camera Volume
Fra:14 Mem:9.98M (Peak 11.30M) | Time:00:00.00 | Mem:0.05M, Peak:0.05M | Scene, ViewLayer | Updating Lookup Tables
Fra:14 Mem:9.98M (Peak 11.30M) | Time:00:00.00 | Mem:0.13M, Peak:0.13M | Scene, ViewLayer | Updating Lights
Fra:14 Mem:9.98M (Peak 11.30M) | Time:00:00.00 | Mem:0.13M, Peak:0.13M | Scene, ViewLayer | Updating Lights | Computing tree
Fra:14 Mem:9.99M (Peak 11.30M) | Time:00:00.00 | Mem:0.14M, Peak:0.14M | Scene, ViewLayer | Updating Integrator
Fra:14 Mem:9.99M (Peak 11.30M) | Time:00:00.00 | Mem:0.14M, Peak:0.14M | Scene, ViewLayer | Updating Film
Fra:14 Mem:10.00M (Peak 11.30M) | Time:00:00.00 | Mem:0.06M, Peak:0.14M | Scene, ViewLayer | Updating Lookup Tables
Fra:14 Mem:10.00M (Peak 11.30M) | Time:00:00.00 | Mem:0.15M, Peak:0.15M | Scene, ViewLayer | Updating Baking
Fra:14 Mem:10.00M (Peak 11.30M) | Time:00:00.00 | Mem:0.15M, Peak:0.15M | Scene, ViewLayer | Updating Device | Writing constant memory
Fra:14 Mem:10.00M (Peak 11.30M) | Time:00:00.00 | Mem:0.15M, Peak:0.15M | Scene, ViewLayer | Sample 0/8
Fra:14 Mem:12.29M (Peak 12.29M) | Time:00:00.00 | Remaining:00:00.03 | Mem:2.40M, Peak:2.40M | Scene, ViewLayer | Sample 1/8
Fra:14 Mem:13.29M (Peak 15.29M) | Time:00:00.04 | Mem:2.40M, Peak:2.40M | Scene, ViewLayer | Sample 8/8
Fra:14 Mem:13.29M (Peak 15.29M) | Time:00:00.04 | Mem:2.40M, Peak:2.40M | Scene, ViewLayer | Finished
Saved: '/home/terence/Documents/Codex/2026-09-06/realtime-voice-chat-3/outputs/butterfly-method-comparison/blender/turntable-frames/turntable_053.png'
Time: 00:00.04 (Saving: 00:00.00)

Fra:16 Mem:11.27M (Peak 11.27M) | Time:00:00.00 | Mem:0.00M, Peak:0.00M | Scene, ViewLayer | Synchronizing object | R forewing_border
Fra:16 Mem:11.28M (Peak 11.28M) | Time:00:00.00 | Mem:0.00M, Peak:0.00M | Scene, ViewLayer | Synchronizing object | R forewing_blue
Fra:16 Mem:11.28M (Peak 11.28M) | Time:00:00.00 | Mem:0.00M, Peak:0.00M | Scene, ViewLayer | Synchronizing object | R forewing_highlight
Fra:16 Mem:11.28M (Peak 11.28M) | Time:00:00.00 | Mem:0.00M, Peak:0.00M | Scene, ViewLayer | Synchronizing object | R forewing_cyan.001
Fra:16 Mem:11.28M (Peak 11.28M) | Time:00:00.00 | Mem:0.00M, Peak:0.00M | Scene, ViewLayer | Synchronizing object | R forewing_blue.001
Fra:16 Mem:11.28M (Peak 11.28M) | Time:00:00.00 | Mem:0.00M, Peak:0.00M | Scene, ViewLayer | Synchronizing object | R forewing_highlight.001
Fra:16 Mem:11.29M (Peak 11.29M) | Time:00:00.00 | Mem:0.00M, Peak:0.00M | Scene, ViewLayer | Synchronizing object | Antenna.001
Fra:16 Mem:11.29M (Peak 11.29M) | Time:00:00.00 | Mem:0.00M, Peak:0.00M | Scene, ViewLayer | Synchronizing object | R hindwing_blue
Fra:16 Mem:11.29M (Peak 11.29M) | Time:00:00.00 | Mem:0.00M, Peak:0.00M | Scene, ViewLayer | Synchronizing object | Antenna
Fra:16 Mem:11.29M (Peak 11.29M) | Time:00:00.00 | Mem:0.00M, Peak:0.00M | Scene, ViewLayer | Synchronizing object | R hindwing_highlight
Fra:16 Mem:11.29M (Peak 11.29M) | Time:00:00.00 | Mem:0.00M, Peak:0.00M | Scene, ViewLayer | Synchronizing object | Head
Fra:16 Mem:11.29M (Peak 11.29M) | Time:00:00.00 | Mem:0.00M, Peak:0.00M | Scene, ViewLayer | Synchronizing object | R hindwing_cyan.001
Fra:16 Mem:11.29M (Peak 11.29M) | Time:00:00.00 | Mem:0.00M, Peak:0.00M | Scene, ViewLayer | Synchronizing object | R hindwing_blue.001
Fra:16 Mem:11.29M (Peak 11.29M) | Time:00:00.00 | Mem:0.00M, Peak:0.00M | Scene, ViewLayer | Synchronizing object | R hindwing_highlight.001
Fra:16 Mem:11.29M (Peak 11.29M) | Time:00:00.00 | Mem:0.00M, Peak:0.00M | Scene, ViewLayer | Synchronizing object | Thorax
Fra:16 Mem:11.29M (Peak 11.29M) | Time:00:00.00 | Mem:0.00M, Peak:0.00M | Scene, ViewLayer | Synchronizing object | L forewing_cyan
Fra:16 Mem:11.29M (Peak 11.29M) | Time:00:00.00 | Mem:0.00M, Peak:0.00M | Scene, ViewLayer | Synchronizing object | Abdomen
Fra:16 Mem:11.29M (Peak 11.29M) | Time:00:00.00 | Mem:0.00M, Peak:0.00M | Scene, ViewLayer | Synchronizing object | L forewing_highlight
Fra:16 Mem:11.29M (Peak 11.29M) | Time:00:00.00 | Mem:0.00M, Peak:0.00M | Scene, ViewLayer | Synchronizing object | L hindwing_highlight.001
Fra:16 Mem:11.30M (Peak 11.30M) | Time:00:00.00 | Mem:0.00M, Peak:0.00M | Scene, ViewLayer | Synchronizing object | L forewing_cyan.001
Fra:16 Mem:11.30M (Peak 11.30M) | Time:00:00.00 | Mem:0.00M, Peak:0.00M | Scene, ViewLayer | Synchronizing object | L hindwing_blue.001
Fra:16 Mem:11.30M (Peak 11.30M) | Time:00:00.00 | Mem:0.00M, Peak:0.00M | Scene, ViewLayer | Synchronizing object | L forewing_highlight.001
Fra:16 Mem:11.30M (Peak 11.30M) | Time:00:00.00 | Mem:0.00M, Peak:0.00M | Scene, ViewLayer | Synchronizing object | L hindwing_cyan.001
Fra:16 Mem:11.30M (Peak 11.30M) | Time:00:00.00 | Mem:0.00M, Peak:0.00M | Scene, ViewLayer | Synchronizing object | L hindwing_border
Fra:16 Mem:11.30M (Peak 11.30M) | Time:00:00.00 | Mem:0.00M, Peak:0.00M | Scene, ViewLayer | Synchronizing object | L hindwing_highlight
Fra:16 Mem:11.30M (Peak 11.30M) | Time:00:00.00 | Mem:0.00M, Peak:0.00M | Scene, ViewLayer | Synchronizing object | L hindwing_cyan
Fra:16 Mem:11.30M (Peak 11.30M) | Time:00:00.00 | Mem:0.00M, Peak:0.00M | Scene, ViewLayer | Synchronizing object | L hindwing_blue
Fra:16 Mem:11.30M (Peak 11.30M) | Time:00:00.00 | Mem:0.00M, Peak:0.00M | Scene, ViewLayer | Initializing
Fra:16 Mem:9.87M (Peak 11.30M) | Time:00:00.00 | Mem:0.00M, Peak:0.00M | Scene, ViewLayer | Waiting for render to start
Fra:16 Mem:9.87M (Peak 11.30M) | Time:00:00.00 | Mem:0.00M, Peak:0.00M | Scene, ViewLayer | Updating Scene
Fra:16 Mem:9.87M (Peak 11.30M) | Time:00:00.00 | Mem:0.00M, Peak:0.00M | Scene, ViewLayer | Updating Shaders
Fra:16 Mem:9.87M (Peak 11.30M) | Time:00:00.00 | Mem:0.00M, Peak:0.00M | Scene, ViewLayer | Loading render kernels (may take a few minutes the first time)
Fra:16 Mem:9.96M (Peak 11.30M) | Time:00:00.00 | Mem:0.00M, Peak:0.00M | Scene, ViewLayer | Updating Procedurals
Fra:16 Mem:9.96M (Peak 11.30M) | Time:00:00.00 | Mem:0.00M, Peak:0.00M | Scene, ViewLayer | Updating Background
Fra:16 Mem:9.96M (Peak 11.30M) | Time:00:00.00 | Mem:0.00M, Peak:0.00M | Scene, ViewLayer | Updating Camera
Fra:16 Mem:9.96M (Peak 11.30M) | Time:00:00.00 | Mem:0.00M, Peak:0.00M | Scene, ViewLayer | Updating Meshes Flags
Fra:16 Mem:9.96M (Peak 11.30M) | Time:00:00.00 | Mem:0.00M, Peak:0.00M | Scene, ViewLayer | Updating Objects
Fra:16 Mem:9.96M (Peak 11.30M) | Time:00:00.00 | Mem:0.00M, Peak:0.00M | Scene, ViewLayer | Updating Objects | Copying Transformations to device
Fra:16 Mem:9.96M (Peak 11.30M) | Time:00:00.00 | Mem:0.01M, Peak:0.01M | Scene, ViewLayer | Updating Particle Systems
Fra:16 Mem:9.96M (Peak 11.30M) | Time:00:00.00 | Mem:0.01M, Peak:0.01M | Scene, ViewLayer | Updating Particle Systems | Copying Particles to device
Fra:16 Mem:9.96M (Peak 11.30M) | Time:00:00.00 | Mem:0.01M, Peak:0.01M | Scene, ViewLayer | Updating Meshes
Fra:16 Mem:9.96M (Peak 11.30M) | Time:00:00.00 | Mem:0.01M, Peak:0.01M | Scene, ViewLayer | Updating Objects | Applying Static Transformations
Fra:16 Mem:9.96M (Peak 11.30M) | Time:00:00.00 | Mem:0.01M, Peak:0.01M | Scene, ViewLayer | Updating Mesh | Computing attributes
Fra:16 Mem:9.97M (Peak 11.30M) | Time:00:00.00 | Mem:0.01M, Peak:0.01M | Scene, ViewLayer | Updating Mesh | Copying Attributes to device
Fra:16 Mem:9.97M (Peak 11.30M) | Time:00:00.00 | Mem:0.02M, Peak:0.02M | Scene, ViewLayer | Updating Scene BVH | Building
Fra:16 Mem:9.97M (Peak 11.30M) | Time:00:00.00 | Mem:0.02M, Peak:0.02M | Scene, ViewLayer | Updating Scene BVH | Building BVH
Fra:16 Mem:9.97M (Peak 11.30M) | Time:00:00.00 | Mem:0.02M, Peak:0.02M | Scene, ViewLayer | Updating Scene BVH | Building BVH 0%
Fra:16 Mem:9.97M (Peak 11.30M) | Time:00:00.00 | Mem:0.04M, Peak:0.04M | Scene, ViewLayer | Updating Scene BVH | Copying BVH to device
Fra:16 Mem:9.97M (Peak 11.30M) | Time:00:00.00 | Mem:0.04M, Peak:0.04M | Scene, ViewLayer | Updating Mesh | Computing normals
Fra:16 Mem:9.98M (Peak 11.30M) | Time:00:00.00 | Mem:0.04M, Peak:0.04M | Scene, ViewLayer | Updating Mesh | Copying Mesh to device
Fra:16 Mem:9.98M (Peak 11.30M) | Time:00:00.00 | Mem:0.05M, Peak:0.05M | Scene, ViewLayer | Updating Objects Flags
Fra:16 Mem:9.98M (Peak 11.30M) | Time:00:00.00 | Mem:0.05M, Peak:0.05M | Scene, ViewLayer | Updating Primitive Offsets
Fra:16 Mem:9.98M (Peak 11.30M) | Time:00:00.00 | Mem:0.05M, Peak:0.05M | Scene, ViewLayer | Updating Images
Fra:16 Mem:9.98M (Peak 11.30M) | Time:00:00.00 | Mem:0.05M, Peak:0.05M | Scene, ViewLayer | Updating Camera Volume
Fra:16 Mem:9.98M (Peak 11.30M) | Time:00:00.00 | Mem:0.05M, Peak:0.05M | Scene, ViewLayer | Updating Lookup Tables
Fra:16 Mem:9.98M (Peak 11.30M) | Time:00:00.00 | Mem:0.13M, Peak:0.13M | Scene, ViewLayer | Updating Lights
Fra:16 Mem:9.98M (Peak 11.30M) | Time:00:00.00 | Mem:0.13M, Peak:0.13M | Scene, ViewLayer | Updating Lights | Computing tree
Fra:16 Mem:9.99M (Peak 11.30M) | Time:00:00.00 | Mem:0.14M, Peak:0.14M | Scene, ViewLayer | Updating Integrator
Fra:16 Mem:9.99M (Peak 11.30M) | Time:00:00.00 | Mem:0.14M, Peak:0.14M | Scene, ViewLayer | Updating Film
Fra:16 Mem:10.00M (Peak 11.30M) | Time:00:00.00 | Mem:0.06M, Peak:0.14M | Scene, ViewLayer | Updating Lookup Tables
Fra:16 Mem:10.00M (Peak 11.30M) | Time:00:00.00 | Mem:0.15M, Peak:0.15M | Scene, ViewLayer | Updating Baking
Fra:16 Mem:10.00M (Peak 11.30M) | Time:00:00.00 | Mem:0.15M, Peak:0.15M | Scene, ViewLayer | Updating Device | Writing constant memory
Fra:16 Mem:10.00M (Peak 11.30M) | Time:00:00.00 | Mem:0.15M, Peak:0.15M | Scene, ViewLayer | Sample 0/8
Fra:16 Mem:12.29M (Peak 12.29M) | Time:00:00.00 | Remaining:00:00.02 | Mem:2.40M, Peak:2.40M | Scene, ViewLayer | Sample 1/8
Fra:16 Mem:13.29M (Peak 15.29M) | Time:00:00.03 | Mem:2.40M, Peak:2.40M | Scene, ViewLayer | Sample 8/8
Fra:16 Mem:13.29M (Peak 15.29M) | Time:00:00.03 | Mem:2.40M, Peak:2.40M | Scene, ViewLayer | Finished
Saved: '/home/terence/Documents/Codex/2026-09-06/realtime-voice-chat-3/outputs/butterfly-method-comparison/blender/turntable-frames/turntable_054.png'
Time: 00:00.04 (Saving: 00:00.00)

Fra:17 Mem:11.27M (Peak 11.27M) | Time:00:00.00 | Mem:0.00M, Peak:0.00M | Scene, ViewLayer | Synchronizing object | R forewing_border
Fra:17 Mem:11.28M (Peak 11.28M) | Time:00:00.00 | Mem:0.00M, Peak:0.00M | Scene, ViewLayer | Synchronizing object | R forewing_blue
Fra:17 Mem:11.28M (Peak 11.28M) | Time:00:00.00 | Mem:0.00M, Peak:0.00M | Scene, ViewLayer | Synchronizing object | R forewing_cyan.001
Fra:17 Mem:11.28M (Peak 11.28M) | Time:00:00.00 | Mem:0.00M, Peak:0.00M | Scene, ViewLayer | Synchronizing object | Antenna.001
Fra:17 Mem:11.28M (Peak 11.28M) | Time:00:00.00 | Mem:0.00M, Peak:0.00M | Scene, ViewLayer | Synchronizing object | R hindwing_border
Fra:17 Mem:11.28M (Peak 11.28M) | Time:00:00.00 | Mem:0.00M, Peak:0.00M | Scene, ViewLayer | Synchronizing object | R hindwing_cyan
Fra:17 Mem:11.29M (Peak 11.29M) | Time:00:00.00 | Mem:0.00M, Peak:0.00M | Scene, ViewLayer | Synchronizing object | Antenna
Fra:17 Mem:11.29M (Peak 11.29M) | Time:00:00.00 | Mem:0.00M, Peak:0.00M | Scene, ViewLayer | Synchronizing object | R hindwing_blue
Fra:17 Mem:11.29M (Peak 11.29M) | Time:00:00.00 | Mem:0.00M, Peak:0.00M | Scene, ViewLayer | Synchronizing object | R hindwing_highlight
Fra:17 Mem:11.29M (Peak 11.29M) | Time:00:00.00 | Mem:0.00M, Peak:0.00M | Scene, ViewLayer | Synchronizing object | R hindwing_cyan.001
Fra:17 Mem:11.29M (Peak 11.29M) | Time:00:00.00 | Mem:0.00M, Peak:0.00M | Scene, ViewLayer | Synchronizing object | Thorax
Fra:17 Mem:11.29M (Peak 11.29M) | Time:00:00.00 | Mem:0.00M, Peak:0.00M | Scene, ViewLayer | Synchronizing object | L forewing_border
Fra:17 Mem:11.29M (Peak 11.29M) | Time:00:00.00 | Mem:0.00M, Peak:0.00M | Scene, ViewLayer | Synchronizing object | L forewing_blue
Fra:17 Mem:11.29M (Peak 11.29M) | Time:00:00.00 | Mem:0.00M, Peak:0.00M | Scene, ViewLayer | Synchronizing object | L hindwing_highlight.001
Fra:17 Mem:11.30M (Peak 11.30M) | Time:00:00.00 | Mem:0.00M, Peak:0.00M | Scene, ViewLayer | Synchronizing object | L forewing_blue.001
Fra:17 Mem:11.30M (Peak 11.30M) | Time:00:00.00 | Mem:0.00M, Peak:0.00M | Scene, ViewLayer | Synchronizing object | L hindwing_blue.001
Fra:17 Mem:11.30M (Peak 11.30M) | Time:00:00.00 | Mem:0.00M, Peak:0.00M | Scene, ViewLayer | Synchronizing object | L forewing_highlight.001
Fra:17 Mem:11.30M (Peak 11.30M) | Time:00:00.00 | Mem:0.00M, Peak:0.00M | Scene, ViewLayer | Synchronizing object | L hindwing_cyan.001
Fra:17 Mem:11.30M (Peak 11.30M) | Time:00:00.00 | Mem:0.00M, Peak:0.00M | Scene, ViewLayer | Synchronizing object | L hindwing_border
Fra:17 Mem:11.30M (Peak 11.30M) | Time:00:00.00 | Mem:0.00M, Peak:0.00M | Scene, ViewLayer | Synchronizing object | L hindwing_blue
Fra:17 Mem:11.30M (Peak 11.30M) | Time:00:00.00 | Mem:0.00M, Peak:0.00M | Scene, ViewLayer | Initializing
Fra:17 Mem:9.87M (Peak 11.30M) | Time:00:00.00 | Mem:0.00M, Peak:0.00M | Scene, ViewLayer | Waiting for render to start
Fra:17 Mem:9.87M (Peak 11.30M) | Time:00:00.00 | Mem:0.00M, Peak:0.00M | Scene, ViewLayer | Updating Scene
Fra:17 Mem:9.87M (Peak 11.30M) | Time:00:00.00 | Mem:0.00M, Peak:0.00M | Scene, ViewLayer | Updating Shaders
Fra:17 Mem:9.87M (Peak 11.30M) | Time:00:00.00 | Mem:0.00M, Peak:0.00M | Scene, ViewLayer | Loading render kernels (may take a few minutes the first time)
Fra:17 Mem:9.96M (Peak 11.30M) | Time:00:00.00 | Mem:0.00M, Peak:0.00M | Scene, ViewLayer | Updating Procedurals
Fra:17 Mem:9.96M (Peak 11.30M) | Time:00:00.00 | Mem:0.00M, Peak:0.00M | Scene, ViewLayer | Updating Background
Fra:17 Mem:9.96M (Peak 11.30M) | Time:00:00.00 | Mem:0.00M, Peak:0.00M | Scene, ViewLayer | Updating Camera
Fra:17 Mem:9.96M (Peak 11.30M) | Time:00:00.00 | Mem:0.00M, Peak:0.00M | Scene, ViewLayer | Updating Meshes Flags
Fra:17 Mem:9.96M (Peak 11.30M) | Time:00:00.00 | Mem:0.00M, Peak:0.00M | Scene, ViewLayer | Updating Objects
Fra:17 Mem:9.96M (Peak 11.30M) | Time:00:00.00 | Mem:0.00M, Peak:0.00M | Scene, ViewLayer | Updating Objects | Copying Transformations to device
Fra:17 Mem:9.96M (Peak 11.30M) | Time:00:00.00 | Mem:0.01M, Peak:0.01M | Scene, ViewLayer | Updating Particle Systems
Fra:17 Mem:9.96M (Peak 11.30M) | Time:00:00.00 | Mem:0.01M, Peak:0.01M | Scene, ViewLayer | Updating Particle Systems | Copying Particles to device
Fra:17 Mem:9.96M (Peak 11.30M) | Time:00:00.00 | Mem:0.01M, Peak:0.01M | Scene, ViewLayer | Updating Meshes
Fra:17 Mem:9.96M (Peak 11.30M) | Time:00:00.00 | Mem:0.01M, Peak:0.01M | Scene, ViewLayer | Updating Objects | Applying Static Transformations
Fra:17 Mem:9.96M (Peak 11.30M) | Time:00:00.00 | Mem:0.01M, Peak:0.01M | Scene, ViewLayer | Updating Mesh | Computing attributes
Fra:17 Mem:9.97M (Peak 11.30M) | Time:00:00.00 | Mem:0.01M, Peak:0.01M | Scene, ViewLayer | Updating Mesh | Copying Attributes to device
Fra:17 Mem:9.97M (Peak 11.30M) | Time:00:00.00 | Mem:0.02M, Peak:0.02M | Scene, ViewLayer | Updating Scene BVH | Building
Fra:17 Mem:9.97M (Peak 11.30M) | Time:00:00.00 | Mem:0.02M, Peak:0.02M | Scene, ViewLayer | Updating Scene BVH | Building BVH
Fra:17 Mem:9.97M (Peak 11.30M) | Time:00:00.00 | Mem:0.04M, Peak:0.04M | Scene, ViewLayer | Updating Scene BVH | Copying BVH to device
Fra:17 Mem:9.97M (Peak 11.30M) | Time:00:00.00 | Mem:0.04M, Peak:0.04M | Scene, ViewLayer | Updating Mesh | Computing normals
Fra:17 Mem:9.98M (Peak 11.30M) | Time:00:00.00 | Mem:0.04M, Peak:0.04M | Scene, ViewLayer | Updating Mesh | Copying Mesh to device
Fra:17 Mem:9.98M (Peak 11.30M) | Time:00:00.00 | Mem:0.05M, Peak:0.05M | Scene, ViewLayer | Updating Objects Flags
Fra:17 Mem:9.98M (Peak 11.30M) | Time:00:00.00 | Mem:0.05M, Peak:0.05M | Scene, ViewLayer | Updating Primitive Offsets
Fra:17 Mem:9.98M (Peak 11.30M) | Time:00:00.00 | Mem:0.05M, Peak:0.05M | Scene, ViewLayer | Updating Images
Fra:17 Mem:9.98M (Peak 11.30M) | Time:00:00.00 | Mem:0.05M, Peak:0.05M | Scene, ViewLayer | Updating Camera Volume
Fra:17 Mem:9.98M (Peak 11.30M) | Time:00:00.00 | Mem:0.05M, Peak:0.05M | Scene, ViewLayer | Updating Lookup Tables
Fra:17 Mem:9.98M (Peak 11.30M) | Time:00:00.00 | Mem:0.13M, Peak:0.13M | Scene, ViewLayer | Updating Lights
Fra:17 Mem:9.98M (Peak 11.30M) | Time:00:00.00 | Mem:0.13M, Peak:0.13M | Scene, ViewLayer | Updating Lights | Computing tree
Fra:17 Mem:9.99M (Peak 11.30M) | Time:00:00.00 | Mem:0.14M, Peak:0.14M | Scene, ViewLayer | Updating Integrator
Fra:17 Mem:9.99M (Peak 11.30M) | Time:00:00.00 | Mem:0.14M, Peak:0.14M | Scene, ViewLayer | Updating Film
Fra:17 Mem:10.00M (Peak 11.30M) | Time:00:00.00 | Mem:0.06M, Peak:0.14M | Scene, ViewLayer | Updating Lookup Tables
Fra:17 Mem:10.00M (Peak 11.30M) | Time:00:00.00 | Mem:0.15M, Peak:0.15M | Scene, ViewLayer | Updating Baking
Fra:17 Mem:10.00M (Peak 11.30M) | Time:00:00.00 | Mem:0.15M, Peak:0.15M | Scene, ViewLayer | Updating Device | Writing constant memory
Fra:17 Mem:10.00M (Peak 11.30M) | Time:00:00.00 | Mem:0.15M, Peak:0.15M | Scene, ViewLayer | Sample 0/8
Fra:17 Mem:12.29M (Peak 12.29M) | Time:00:00.00 | Remaining:00:00.03 | Mem:2.40M, Peak:2.40M | Scene, ViewLayer | Sample 1/8
Fra:17 Mem:13.29M (Peak 15.29M) | Time:00:00.04 | Mem:2.40M, Peak:2.40M | Scene, ViewLayer | Sample 8/8
Fra:17 Mem:13.29M (Peak 15.29M) | Time:00:00.04 | Mem:2.40M, Peak:2.40M | Scene, ViewLayer | Finished
Saved: '/home/terence/Documents/Codex/2026-09-06/realtime-voice-chat-3/outputs/butterfly-method-comparison/blender/turntable-frames/turntable_055.png'
Time: 00:00.04 (Saving: 00:00.00)

Fra:19 Mem:11.27M (Peak 11.27M) | Time:00:00.00 | Mem:0.00M, Peak:0.00M | Scene, ViewLayer | Synchronizing object | R forewing_border
Fra:19 Mem:11.28M (Peak 11.28M) | Time:00:00.00 | Mem:0.00M, Peak:0.00M | Scene, ViewLayer | Synchronizing object | R forewing_blue
Fra:19 Mem:11.28M (Peak 11.28M) | Time:00:00.00 | Mem:0.00M, Peak:0.00M | Scene, ViewLayer | Synchronizing object | R forewing_highlight
Fra:19 Mem:11.28M (Peak 11.28M) | Time:00:00.00 | Mem:0.00M, Peak:0.00M | Scene, ViewLayer | Synchronizing object | R forewing_cyan.001
Fra:19 Mem:11.28M (Peak 11.28M) | Time:00:00.00 | Mem:0.00M, Peak:0.00M | Scene, ViewLayer | Synchronizing object | Antenna.001
Fra:19 Mem:11.28M (Peak 11.28M) | Time:00:00.00 | Mem:0.00M, Peak:0.00M | Scene, ViewLayer | Synchronizing object | R forewing_highlight.001
Fra:19 Mem:11.28M (Peak 11.28M) | Time:00:00.00 | Mem:0.00M, Peak:0.00M | Scene, ViewLayer | Synchronizing object | Antenna
Fra:19 Mem:11.29M (Peak 11.29M) | Time:00:00.00 | Mem:0.00M, Peak:0.00M | Scene, ViewLayer | Synchronizing object | R hindwing_cyan
Fra:19 Mem:11.29M (Peak 11.29M) | Time:00:00.00 | Mem:0.00M, Peak:0.00M | Scene, ViewLayer | Synchronizing object | R hindwing_blue
Fra:19 Mem:11.29M (Peak 11.29M) | Time:00:00.00 | Mem:0.00M, Peak:0.00M | Scene, ViewLayer | Synchronizing object | Head
Fra:19 Mem:11.29M (Peak 11.29M) | Time:00:00.00 | Mem:0.00M, Peak:0.00M | Scene, ViewLayer | Synchronizing object | R hindwing_cyan.001
Fra:19 Mem:11.29M (Peak 11.29M) | Time:00:00.00 | Mem:0.00M, Peak:0.00M | Scene, ViewLayer | Synchronizing object | Thorax
Fra:19 Mem:11.29M (Peak 11.29M) | Time:00:00.00 | Mem:0.00M, Peak:0.00M | Scene, ViewLayer | Synchronizing object | L forewing_border
Fra:19 Mem:11.29M (Peak 11.29M) | Time:00:00.00 | Mem:0.00M, Peak:0.00M | Scene, ViewLayer | Synchronizing object | L forewing_cyan
Fra:19 Mem:11.29M (Peak 11.29M) | Time:00:00.00 | Mem:0.00M, Peak:0.00M | Scene, ViewLayer | Synchronizing object | Abdomen
Fra:19 Mem:11.29M (Peak 11.29M) | Time:00:00.00 | Mem:0.00M, Peak:0.00M | Scene, ViewLayer | Synchronizing object | L forewing_blue
Fra:19 Mem:11.29M (Peak 11.29M) | Time:00:00.00 | Mem:0.00M, Peak:0.00M | Scene, ViewLayer | Synchronizing object | L hindwing_highlight.001
Fra:19 Mem:11.30M (Peak 11.30M) | Time:00:00.00 | Mem:0.00M, Peak:0.00M | Scene, ViewLayer | Synchronizing object | L forewing_cyan.001
Fra:19 Mem:11.30M (Peak 11.30M) | Time:00:00.00 | Mem:0.00M, Peak:0.00M | Scene, ViewLayer | Synchronizing object | L hindwing_cyan.001
Fra:19 Mem:11.30M (Peak 11.30M) | Time:00:00.00 | Mem:0.00M, Peak:0.00M | Scene, ViewLayer | Synchronizing object | L forewing_blue.001
Fra:19 Mem:11.30M (Peak 11.30M) | Time:00:00.00 | Mem:0.00M, Peak:0.00M | Scene, ViewLayer | Synchronizing object | L forewing_highlight.001
Fra:19 Mem:11.30M (Peak 11.30M) | Time:00:00.00 | Mem:0.00M, Peak:0.00M | Scene, ViewLayer | Synchronizing object | L hindwing_border
Fra:19 Mem:11.30M (Peak 11.30M) | Time:00:00.00 | Mem:0.00M, Peak:0.00M | Scene, ViewLayer | Synchronizing object | L hindwing_blue
Fra:19 Mem:11.30M (Peak 11.30M) | Time:00:00.00 | Mem:0.00M, Peak:0.00M | Scene, ViewLayer | Synchronizing object | L hindwing_cyan
Fra:19 Mem:11.30M (Peak 11.30M) | Time:00:00.00 | Mem:0.00M, Peak:0.00M | Scene, ViewLayer | Initializing
Fra:19 Mem:9.87M (Peak 11.30M) | Time:00:00.00 | Mem:0.00M, Peak:0.00M | Scene, ViewLayer | Waiting for render to start
Fra:19 Mem:9.87M (Peak 11.30M) | Time:00:00.00 | Mem:0.00M, Peak:0.00M | Scene, ViewLayer | Updating Scene
Fra:19 Mem:9.87M (Peak 11.30M) | Time:00:00.00 | Mem:0.00M, Peak:0.00M | Scene, ViewLayer | Updating Shaders
Fra:19 Mem:9.87M (Peak 11.30M) | Time:00:00.00 | Mem:0.00M, Peak:0.00M | Scene, ViewLayer | Loading render kernels (may take a few minutes the first time)
Fra:19 Mem:9.96M (Peak 11.30M) | Time:00:00.00 | Mem:0.00M, Peak:0.00M | Scene, ViewLayer | Updating Procedurals
Fra:19 Mem:9.96M (Peak 11.30M) | Time:00:00.00 | Mem:0.00M, Peak:0.00M | Scene, ViewLayer | Updating Background
Fra:19 Mem:9.96M (Peak 11.30M) | Time:00:00.00 | Mem:0.00M, Peak:0.00M | Scene, ViewLayer | Updating Camera
Fra:19 Mem:9.96M (Peak 11.30M) | Time:00:00.00 | Mem:0.00M, Peak:0.00M | Scene, ViewLayer | Updating Meshes Flags
Fra:19 Mem:9.96M (Peak 11.30M) | Time:00:00.00 | Mem:0.00M, Peak:0.00M | Scene, ViewLayer | Updating Objects
Fra:19 Mem:9.96M (Peak 11.30M) | Time:00:00.00 | Mem:0.00M, Peak:0.00M | Scene, ViewLayer | Updating Objects | Copying Transformations to device
Fra:19 Mem:9.96M (Peak 11.30M) | Time:00:00.00 | Mem:0.01M, Peak:0.01M | Scene, ViewLayer | Updating Particle Systems
Fra:19 Mem:9.96M (Peak 11.30M) | Time:00:00.00 | Mem:0.01M, Peak:0.01M | Scene, ViewLayer | Updating Particle Systems | Copying Particles to device
Fra:19 Mem:9.96M (Peak 11.30M) | Time:00:00.00 | Mem:0.01M, Peak:0.01M | Scene, ViewLayer | Updating Meshes
Fra:19 Mem:9.96M (Peak 11.30M) | Time:00:00.00 | Mem:0.01M, Peak:0.01M | Scene, ViewLayer | Updating Objects | Applying Static Transformations
Fra:19 Mem:9.96M (Peak 11.30M) | Time:00:00.00 | Mem:0.01M, Peak:0.01M | Scene, ViewLayer | Updating Mesh | Computing attributes
Fra:19 Mem:9.97M (Peak 11.30M) | Time:00:00.00 | Mem:0.01M, Peak:0.01M | Scene, ViewLayer | Updating Mesh | Copying Attributes to device
Fra:19 Mem:9.97M (Peak 11.30M) | Time:00:00.00 | Mem:0.02M, Peak:0.02M | Scene, ViewLayer | Updating Scene BVH | Building
Fra:19 Mem:9.97M (Peak 11.30M) | Time:00:00.00 | Mem:0.02M, Peak:0.02M | Scene, ViewLayer | Updating Scene BVH | Building BVH
Fra:19 Mem:9.97M (Peak 11.30M) | Time:00:00.00 | Mem:0.04M, Peak:0.04M | Scene, ViewLayer | Updating Scene BVH | Copying BVH to device
Fra:19 Mem:9.97M (Peak 11.30M) | Time:00:00.00 | Mem:0.04M, Peak:0.04M | Scene, ViewLayer | Updating Mesh | Computing normals
Fra:19 Mem:9.98M (Peak 11.30M) | Time:00:00.00 | Mem:0.04M, Peak:0.04M | Scene, ViewLayer | Updating Mesh | Copying Mesh to device
Fra:19 Mem:9.98M (Peak 11.30M) | Time:00:00.00 | Mem:0.05M, Peak:0.05M | Scene, ViewLayer | Updating Objects Flags
Fra:19 Mem:9.98M (Peak 11.30M) | Time:00:00.00 | Mem:0.05M, Peak:0.05M | Scene, ViewLayer | Updating Primitive Offsets
Fra:19 Mem:9.98M (Peak 11.30M) | Time:00:00.00 | Mem:0.05M, Peak:0.05M | Scene, ViewLayer | Updating Images
Fra:19 Mem:9.98M (Peak 11.30M) | Time:00:00.00 | Mem:0.05M, Peak:0.05M | Scene, ViewLayer | Updating Camera Volume
Fra:19 Mem:9.98M (Peak 11.30M) | Time:00:00.00 | Mem:0.05M, Peak:0.05M | Scene, ViewLayer | Updating Lookup Tables
Fra:19 Mem:9.98M (Peak 11.30M) | Time:00:00.00 | Mem:0.13M, Peak:0.13M | Scene, ViewLayer | Updating Lights
Fra:19 Mem:9.98M (Peak 11.30M) | Time:00:00.00 | Mem:0.13M, Peak:0.13M | Scene, ViewLayer | Updating Lights | Computing tree
Fra:19 Mem:9.99M (Peak 11.30M) | Time:00:00.00 | Mem:0.14M, Peak:0.14M | Scene, ViewLayer | Updating Integrator
Fra:19 Mem:9.99M (Peak 11.30M) | Time:00:00.00 | Mem:0.14M, Peak:0.14M | Scene, ViewLayer | Updating Film
Fra:19 Mem:10.00M (Peak 11.30M) | Time:00:00.00 | Mem:0.06M, Peak:0.14M | Scene, ViewLayer | Updating Lookup Tables
Fra:19 Mem:10.00M (Peak 11.30M) | Time:00:00.00 | Mem:0.15M, Peak:0.15M | Scene, ViewLayer | Updating Baking
Fra:19 Mem:10.00M (Peak 11.30M) | Time:00:00.00 | Mem:0.15M, Peak:0.15M | Scene, ViewLayer | Updating Device | Writing constant memory
Fra:19 Mem:10.00M (Peak 11.30M) | Time:00:00.00 | Mem:0.15M, Peak:0.15M | Scene, ViewLayer | Sample 0/8
Fra:19 Mem:12.29M (Peak 12.29M) | Time:00:00.00 | Remaining:00:00.03 | Mem:2.40M, Peak:2.40M | Scene, ViewLayer | Sample 1/8
Fra:19 Mem:13.29M (Peak 15.29M) | Time:00:00.03 | Mem:2.40M, Peak:2.40M | Scene, ViewLayer | Sample 8/8
Fra:19 Mem:13.29M (Peak 15.29M) | Time:00:00.03 | Mem:2.40M, Peak:2.40M | Scene, ViewLayer | Finished
Saved: '/home/terence/Documents/Codex/2026-09-06/realtime-voice-chat-3/outputs/butterfly-method-comparison/blender/turntable-frames/turntable_056.png'
Time: 00:00.04 (Saving: 00:00.00)

Fra:21 Mem:11.27M (Peak 11.27M) | Time:00:00.00 | Mem:0.00M, Peak:0.00M | Scene, ViewLayer | Synchronizing object | R forewing_border
Fra:21 Mem:11.28M (Peak 11.28M) | Time:00:00.00 | Mem:0.00M, Peak:0.00M | Scene, ViewLayer | Synchronizing object | R forewing_blue
Fra:21 Mem:11.28M (Peak 11.28M) | Time:00:00.00 | Mem:0.00M, Peak:0.00M | Scene, ViewLayer | Synchronizing object | R forewing_highlight
Fra:21 Mem:11.28M (Peak 11.28M) | Time:00:00.00 | Mem:0.00M, Peak:0.00M | Scene, ViewLayer | Synchronizing object | R forewing_cyan.001
Fra:21 Mem:11.28M (Peak 11.28M) | Time:00:00.00 | Mem:0.00M, Peak:0.00M | Scene, ViewLayer | Synchronizing object | R forewing_blue.001
Fra:21 Mem:11.28M (Peak 11.28M) | Time:00:00.00 | Mem:0.00M, Peak:0.00M | Scene, ViewLayer | Synchronizing object | R hindwing_border
Fra:21 Mem:11.29M (Peak 11.29M) | Time:00:00.00 | Mem:0.00M, Peak:0.00M | Scene, ViewLayer | Synchronizing object | R hindwing_cyan
Fra:21 Mem:11.29M (Peak 11.29M) | Time:00:00.00 | Mem:0.00M, Peak:0.00M | Scene, ViewLayer | Synchronizing object | R hindwing_blue
Fra:21 Mem:11.29M (Peak 11.29M) | Time:00:00.00 | Mem:0.00M, Peak:0.00M | Scene, ViewLayer | Synchronizing object | Antenna
Fra:21 Mem:11.29M (Peak 11.29M) | Time:00:00.00 | Mem:0.00M, Peak:0.00M | Scene, ViewLayer | Synchronizing object | R hindwing_cyan.001
Fra:21 Mem:11.29M (Peak 11.29M) | Time:00:00.00 | Mem:0.00M, Peak:0.00M | Scene, ViewLayer | Synchronizing object | R hindwing_blue.001
Fra:21 Mem:11.29M (Peak 11.29M) | Time:00:00.00 | Mem:0.00M, Peak:0.00M | Scene, ViewLayer | Synchronizing object | R hindwing_highlight.001
Fra:21 Mem:11.29M (Peak 11.29M) | Time:00:00.00 | Mem:0.00M, Peak:0.00M | Scene, ViewLayer | Synchronizing object | Head
Fra:21 Mem:11.29M (Peak 11.29M) | Time:00:00.00 | Mem:0.00M, Peak:0.00M | Scene, ViewLayer | Synchronizing object | L forewing_cyan
Fra:21 Mem:11.29M (Peak 11.29M) | Time:00:00.00 | Mem:0.00M, Peak:0.00M | Scene, ViewLayer | Synchronizing object | L forewing_blue
Fra:21 Mem:11.29M (Peak 11.29M) | Time:00:00.00 | Mem:0.00M, Peak:0.00M | Scene, ViewLayer | Synchronizing object | L forewing_highlight
Fra:21 Mem:11.29M (Peak 11.29M) | Time:00:00.00 | Mem:0.00M, Peak:0.00M | Scene, ViewLayer | Synchronizing object | Abdomen
Fra:21 Mem:11.30M (Peak 11.30M) | Time:00:00.00 | Mem:0.00M, Peak:0.00M | Scene, ViewLayer | Synchronizing object | L hindwing_highlight.001
Fra:21 Mem:11.30M (Peak 11.30M) | Time:00:00.00 | Mem:0.00M, Peak:0.00M | Scene, ViewLayer | Synchronizing object | L forewing_blue.001
Fra:21 Mem:11.30M (Peak 11.30M) | Time:00:00.00 | Mem:0.00M, Peak:0.00M | Scene, ViewLayer | Synchronizing object | L forewing_highlight.001
Fra:21 Mem:11.30M (Peak 11.30M) | Time:00:00.00 | Mem:0.00M, Peak:0.00M | Scene, ViewLayer | Synchronizing object | L hindwing_cyan.001
Fra:21 Mem:11.30M (Peak 11.30M) | Time:00:00.00 | Mem:0.00M, Peak:0.00M | Scene, ViewLayer | Synchronizing object | L hindwing_border
Fra:21 Mem:11.30M (Peak 11.30M) | Time:00:00.00 | Mem:0.00M, Peak:0.00M | Scene, ViewLayer | Synchronizing object | L hindwing_blue
Fra:21 Mem:11.30M (Peak 11.30M) | Time:00:00.00 | Mem:0.00M, Peak:0.00M | Scene, ViewLayer | Initializing
Fra:21 Mem:9.87M (Peak 11.30M) | Time:00:00.00 | Mem:0.00M, Peak:0.00M | Scene, ViewLayer | Waiting for render to start
Fra:21 Mem:9.87M (Peak 11.30M) | Time:00:00.00 | Mem:0.00M, Peak:0.00M | Scene, ViewLayer | Updating Scene
Fra:21 Mem:9.87M (Peak 11.30M) | Time:00:00.00 | Mem:0.00M, Peak:0.00M | Scene, ViewLayer | Updating Shaders
Fra:21 Mem:9.87M (Peak 11.30M) | Time:00:00.00 | Mem:0.00M, Peak:0.00M | Scene, ViewLayer | Loading render kernels (may take a few minutes the first time)
Fra:21 Mem:9.96M (Peak 11.30M) | Time:00:00.00 | Mem:0.00M, Peak:0.00M | Scene, ViewLayer | Updating Procedurals
Fra:21 Mem:9.96M (Peak 11.30M) | Time:00:00.00 | Mem:0.00M, Peak:0.00M | Scene, ViewLayer | Updating Background
Fra:21 Mem:9.96M (Peak 11.30M) | Time:00:00.00 | Mem:0.00M, Peak:0.00M | Scene, ViewLayer | Updating Camera
Fra:21 Mem:9.96M (Peak 11.30M) | Time:00:00.00 | Mem:0.00M, Peak:0.00M | Scene, ViewLayer | Updating Meshes Flags
Fra:21 Mem:9.96M (Peak 11.30M) | Time:00:00.00 | Mem:0.00M, Peak:0.00M | Scene, ViewLayer | Updating Objects
Fra:21 Mem:9.96M (Peak 11.30M) | Time:00:00.00 | Mem:0.00M, Peak:0.00M | Scene, ViewLayer | Updating Objects | Copying Transformations to device
Fra:21 Mem:9.96M (Peak 11.30M) | Time:00:00.00 | Mem:0.01M, Peak:0.01M | Scene, ViewLayer | Updating Particle Systems
Fra:21 Mem:9.96M (Peak 11.30M) | Time:00:00.00 | Mem:0.01M, Peak:0.01M | Scene, ViewLayer | Updating Particle Systems | Copying Particles to device
Fra:21 Mem:9.96M (Peak 11.30M) | Time:00:00.00 | Mem:0.01M, Peak:0.01M | Scene, ViewLayer | Updating Meshes
Fra:21 Mem:9.96M (Peak 11.30M) | Time:00:00.00 | Mem:0.01M, Peak:0.01M | Scene, ViewLayer | Updating Objects | Applying Static Transformations
Fra:21 Mem:9.96M (Peak 11.30M) | Time:00:00.00 | Mem:0.01M, Peak:0.01M | Scene, ViewLayer | Updating Mesh | Computing attributes
Fra:21 Mem:9.97M (Peak 11.30M) | Time:00:00.00 | Mem:0.01M, Peak:0.01M | Scene, ViewLayer | Updating Mesh | Copying Attributes to device
Fra:21 Mem:9.97M (Peak 11.30M) | Time:00:00.00 | Mem:0.02M, Peak:0.02M | Scene, ViewLayer | Updating Scene BVH | Building
Fra:21 Mem:9.97M (Peak 11.30M) | Time:00:00.00 | Mem:0.02M, Peak:0.02M | Scene, ViewLayer | Updating Scene BVH | Building BVH
Fra:21 Mem:9.97M (Peak 11.30M) | Time:00:00.00 | Mem:0.04M, Peak:0.04M | Scene, ViewLayer | Updating Scene BVH | Copying BVH to device
Fra:21 Mem:9.97M (Peak 11.30M) | Time:00:00.00 | Mem:0.04M, Peak:0.04M | Scene, ViewLayer | Updating Mesh | Computing normals
Fra:21 Mem:9.98M (Peak 11.30M) | Time:00:00.00 | Mem:0.04M, Peak:0.04M | Scene, ViewLayer | Updating Mesh | Copying Mesh to device
Fra:21 Mem:9.98M (Peak 11.30M) | Time:00:00.00 | Mem:0.05M, Peak:0.05M | Scene, ViewLayer | Updating Objects Flags
Fra:21 Mem:9.98M (Peak 11.30M) | Time:00:00.00 | Mem:0.05M, Peak:0.05M | Scene, ViewLayer | Updating Primitive Offsets
Fra:21 Mem:9.98M (Peak 11.30M) | Time:00:00.00 | Mem:0.05M, Peak:0.05M | Scene, ViewLayer | Updating Images
Fra:21 Mem:9.98M (Peak 11.30M) | Time:00:00.00 | Mem:0.05M, Peak:0.05M | Scene, ViewLayer | Updating Camera Volume
Fra:21 Mem:9.98M (Peak 11.30M) | Time:00:00.00 | Mem:0.05M, Peak:0.05M | Scene, ViewLayer | Updating Lookup Tables
Fra:21 Mem:9.98M (Peak 11.30M) | Time:00:00.00 | Mem:0.13M, Peak:0.13M | Scene, ViewLayer | Updating Lights
Fra:21 Mem:9.98M (Peak 11.30M) | Time:00:00.00 | Mem:0.13M, Peak:0.13M | Scene, ViewLayer | Updating Lights | Computing tree
Fra:21 Mem:9.99M (Peak 11.30M) | Time:00:00.00 | Mem:0.14M, Peak:0.14M | Scene, ViewLayer | Updating Integrator
Fra:21 Mem:9.99M (Peak 11.30M) | Time:00:00.00 | Mem:0.14M, Peak:0.14M | Scene, ViewLayer | Updating Film
Fra:21 Mem:10.00M (Peak 11.30M) | Time:00:00.00 | Mem:0.06M, Peak:0.14M | Scene, ViewLayer | Updating Lookup Tables
Fra:21 Mem:10.00M (Peak 11.30M) | Time:00:00.00 | Mem:0.15M, Peak:0.15M | Scene, ViewLayer | Updating Baking
Fra:21 Mem:10.00M (Peak 11.30M) | Time:00:00.00 | Mem:0.15M, Peak:0.15M | Scene, ViewLayer | Updating Device | Writing constant memory
Fra:21 Mem:10.00M (Peak 11.30M) | Time:00:00.00 | Mem:0.15M, Peak:0.15M | Scene, ViewLayer | Sample 0/8
Fra:21 Mem:12.29M (Peak 12.29M) | Time:00:00.00 | Remaining:00:00.03 | Mem:2.40M, Peak:2.40M | Scene, ViewLayer | Sample 1/8
Fra:21 Mem:13.29M (Peak 15.29M) | Time:00:00.03 | Mem:2.40M, Peak:2.40M | Scene, ViewLayer | Sample 8/8
Fra:21 Mem:13.29M (Peak 15.29M) | Time:00:00.03 | Mem:2.40M, Peak:2.40M | Scene, ViewLayer | Finished
Saved: '/home/terence/Documents/Codex/2026-09-06/realtime-voice-chat-3/outputs/butterfly-method-comparison/blender/turntable-frames/turntable_057.png'
Time: 00:00.04 (Saving: 00:00.00)

Fra:22 Mem:11.27M (Peak 11.27M) | Time:00:00.00 | Mem:0.00M, Peak:0.00M | Scene, ViewLayer | Synchronizing object | R forewing_border
Fra:22 Mem:11.28M (Peak 11.28M) | Time:00:00.00 | Mem:0.00M, Peak:0.00M | Scene, ViewLayer | Synchronizing object | R forewing_blue
Fra:22 Mem:11.28M (Peak 11.28M) | Time:00:00.00 | Mem:0.00M, Peak:0.00M | Scene, ViewLayer | Synchronizing object | R forewing_highlight
Fra:22 Mem:11.28M (Peak 11.28M) | Time:00:00.00 | Mem:0.00M, Peak:0.00M | Scene, ViewLayer | Synchronizing object | R forewing_blue.001
Fra:22 Mem:11.28M (Peak 11.28M) | Time:00:00.00 | Mem:0.00M, Peak:0.00M | Scene, ViewLayer | Synchronizing object | R forewing_highlight.001
Fra:22 Mem:11.28M (Peak 11.28M) | Time:00:00.00 | Mem:0.00M, Peak:0.00M | Scene, ViewLayer | Synchronizing object | R hindwing_cyan
Fra:22 Mem:11.29M (Peak 11.29M) | Time:00:00.00 | Mem:0.00M, Peak:0.00M | Scene, ViewLayer | Synchronizing object | R hindwing_blue
Fra:22 Mem:11.29M (Peak 11.29M) | Time:00:00.00 | Mem:0.00M, Peak:0.00M | Scene, ViewLayer | Synchronizing object | R hindwing_highlight
Fra:22 Mem:11.29M (Peak 11.29M) | Time:00:00.00 | Mem:0.00M, Peak:0.00M | Scene, ViewLayer | Synchronizing object | R hindwing_cyan.001
Fra:22 Mem:11.29M (Peak 11.29M) | Time:00:00.00 | Mem:0.00M, Peak:0.00M | Scene, ViewLayer | Synchronizing object | R hindwing_highlight.001
Fra:22 Mem:11.29M (Peak 11.29M) | Time:00:00.00 | Mem:0.00M, Peak:0.00M | Scene, ViewLayer | Synchronizing object | L forewing_border
Fra:22 Mem:11.29M (Peak 11.29M) | Time:00:00.00 | Mem:0.00M, Peak:0.00M | Scene, ViewLayer | Synchronizing object | Head
Fra:22 Mem:11.29M (Peak 11.29M) | Time:00:00.00 | Mem:0.00M, Peak:0.00M | Scene, ViewLayer | Synchronizing object | L forewing_cyan
Fra:22 Mem:11.29M (Peak 11.29M) | Time:00:00.00 | Mem:0.00M, Peak:0.00M | Scene, ViewLayer | Synchronizing object | Thorax
Fra:22 Mem:11.29M (Peak 11.29M) | Time:00:00.00 | Mem:0.00M, Peak:0.00M | Scene, ViewLayer | Synchronizing object | L forewing_blue
Fra:22 Mem:11.29M (Peak 11.29M) | Time:00:00.00 | Mem:0.00M, Peak:0.00M | Scene, ViewLayer | Synchronizing object | Abdomen
Fra:22 Mem:11.29M (Peak 11.29M) | Time:00:00.00 | Mem:0.00M, Peak:0.00M | Scene, ViewLayer | Synchronizing object | L forewing_highlight
Fra:22 Mem:11.29M (Peak 11.29M) | Time:00:00.00 | Mem:0.00M, Peak:0.00M | Scene, ViewLayer | Synchronizing object | L hindwing_highlight.001
Fra:22 Mem:11.30M (Peak 11.30M) | Time:00:00.00 | Mem:0.00M, Peak:0.00M | Scene, ViewLayer | Synchronizing object | L forewing_cyan.001
Fra:22 Mem:11.30M (Peak 11.30M) | Time:00:00.00 | Mem:0.00M, Peak:0.00M | Scene, ViewLayer | Synchronizing object | L forewing_highlight.001
Fra:22 Mem:11.30M (Peak 11.30M) | Time:00:00.00 | Mem:0.00M, Peak:0.00M | Scene, ViewLayer | Synchronizing object | L hindwing_border
Fra:22 Mem:11.30M (Peak 11.30M) | Time:00:00.00 | Mem:0.00M, Peak:0.00M | Scene, ViewLayer | Synchronizing object | L hindwing_cyan.001
Fra:22 Mem:11.30M (Peak 11.30M) | Time:00:00.00 | Mem:0.00M, Peak:0.00M | Scene, ViewLayer | Synchronizing object | L hindwing_highlight
Fra:22 Mem:11.30M (Peak 11.30M) | Time:00:00.00 | Mem:0.00M, Peak:0.00M | Scene, ViewLayer | Initializing
Fra:22 Mem:9.87M (Peak 11.30M) | Time:00:00.00 | Mem:0.00M, Peak:0.00M | Scene, ViewLayer | Waiting for render to start
Fra:22 Mem:9.87M (Peak 11.30M) | Time:00:00.00 | Mem:0.00M, Peak:0.00M | Scene, ViewLayer | Updating Scene
Fra:22 Mem:9.87M (Peak 11.30M) | Time:00:00.00 | Mem:0.00M, Peak:0.00M | Scene, ViewLayer | Updating Shaders
Fra:22 Mem:9.87M (Peak 11.30M) | Time:00:00.00 | Mem:0.00M, Peak:0.00M | Scene, ViewLayer | Loading render kernels (may take a few minutes the first time)
Fra:22 Mem:9.96M (Peak 11.30M) | Time:00:00.00 | Mem:0.00M, Peak:0.00M | Scene, ViewLayer | Updating Procedurals
Fra:22 Mem:9.96M (Peak 11.30M) | Time:00:00.00 | Mem:0.00M, Peak:0.00M | Scene, ViewLayer | Updating Background
Fra:22 Mem:9.96M (Peak 11.30M) | Time:00:00.00 | Mem:0.00M, Peak:0.00M | Scene, ViewLayer | Updating Camera
Fra:22 Mem:9.96M (Peak 11.30M) | Time:00:00.00 | Mem:0.00M, Peak:0.00M | Scene, ViewLayer | Updating Meshes Flags
Fra:22 Mem:9.96M (Peak 11.30M) | Time:00:00.00 | Mem:0.00M, Peak:0.00M | Scene, ViewLayer | Updating Objects
Fra:22 Mem:9.96M (Peak 11.30M) | Time:00:00.00 | Mem:0.00M, Peak:0.00M | Scene, ViewLayer | Updating Objects | Copying Transformations to device
Fra:22 Mem:9.96M (Peak 11.30M) | Time:00:00.00 | Mem:0.01M, Peak:0.01M | Scene, ViewLayer | Updating Particle Systems
Fra:22 Mem:9.96M (Peak 11.30M) | Time:00:00.00 | Mem:0.01M, Peak:0.01M | Scene, ViewLayer | Updating Particle Systems | Copying Particles to device
Fra:22 Mem:9.96M (Peak 11.30M) | Time:00:00.00 | Mem:0.01M, Peak:0.01M | Scene, ViewLayer | Updating Meshes
Fra:22 Mem:9.96M (Peak 11.30M) | Time:00:00.00 | Mem:0.01M, Peak:0.01M | Scene, ViewLayer | Updating Objects | Applying Static Transformations
Fra:22 Mem:9.96M (Peak 11.30M) | Time:00:00.00 | Mem:0.01M, Peak:0.01M | Scene, ViewLayer | Updating Mesh | Computing attributes
Fra:22 Mem:9.97M (Peak 11.30M) | Time:00:00.00 | Mem:0.01M, Peak:0.01M | Scene, ViewLayer | Updating Mesh | Copying Attributes to device
Fra:22 Mem:9.97M (Peak 11.30M) | Time:00:00.00 | Mem:0.02M, Peak:0.02M | Scene, ViewLayer | Updating Scene BVH | Building
Fra:22 Mem:9.97M (Peak 11.30M) | Time:00:00.00 | Mem:0.02M, Peak:0.02M | Scene, ViewLayer | Updating Scene BVH | Building BVH
Fra:22 Mem:9.97M (Peak 11.30M) | Time:00:00.00 | Mem:0.04M, Peak:0.04M | Scene, ViewLayer | Updating Scene BVH | Copying BVH to device
Fra:22 Mem:9.97M (Peak 11.30M) | Time:00:00.00 | Mem:0.04M, Peak:0.04M | Scene, ViewLayer | Updating Mesh | Computing normals
Fra:22 Mem:9.98M (Peak 11.30M) | Time:00:00.00 | Mem:0.04M, Peak:0.04M | Scene, ViewLayer | Updating Mesh | Copying Mesh to device
Fra:22 Mem:9.98M (Peak 11.30M) | Time:00:00.00 | Mem:0.05M, Peak:0.05M | Scene, ViewLayer | Updating Objects Flags
Fra:22 Mem:9.98M (Peak 11.30M) | Time:00:00.00 | Mem:0.05M, Peak:0.05M | Scene, ViewLayer | Updating Primitive Offsets
Fra:22 Mem:9.98M (Peak 11.30M) | Time:00:00.00 | Mem:0.05M, Peak:0.05M | Scene, ViewLayer | Updating Images
Fra:22 Mem:9.98M (Peak 11.30M) | Time:00:00.00 | Mem:0.05M, Peak:0.05M | Scene, ViewLayer | Updating Camera Volume
Fra:22 Mem:9.98M (Peak 11.30M) | Time:00:00.00 | Mem:0.05M, Peak:0.05M | Scene, ViewLayer | Updating Lookup Tables
Fra:22 Mem:9.98M (Peak 11.30M) | Time:00:00.00 | Mem:0.13M, Peak:0.13M | Scene, ViewLayer | Updating Lights
Fra:22 Mem:9.98M (Peak 11.30M) | Time:00:00.00 | Mem:0.13M, Peak:0.13M | Scene, ViewLayer | Updating Lights | Computing tree
Fra:22 Mem:9.99M (Peak 11.30M) | Time:00:00.00 | Mem:0.14M, Peak:0.14M | Scene, ViewLayer | Updating Integrator
Fra:22 Mem:9.99M (Peak 11.30M) | Time:00:00.00 | Mem:0.14M, Peak:0.14M | Scene, ViewLayer | Updating Film
Fra:22 Mem:10.00M (Peak 11.30M) | Time:00:00.00 | Mem:0.06M, Peak:0.14M | Scene, ViewLayer | Updating Lookup Tables
Fra:22 Mem:10.00M (Peak 11.30M) | Time:00:00.00 | Mem:0.15M, Peak:0.15M | Scene, ViewLayer | Updating Baking
Fra:22 Mem:10.00M (Peak 11.30M) | Time:00:00.00 | Mem:0.15M, Peak:0.15M | Scene, ViewLayer | Updating Device | Writing constant memory
Fra:22 Mem:10.00M (Peak 11.30M) | Time:00:00.00 | Mem:0.15M, Peak:0.15M | Scene, ViewLayer | Sample 0/8
Fra:22 Mem:12.29M (Peak 12.29M) | Time:00:00.00 | Remaining:00:00.02 | Mem:2.40M, Peak:2.40M | Scene, ViewLayer | Sample 1/8
Fra:22 Mem:13.29M (Peak 15.29M) | Time:00:00.03 | Mem:2.40M, Peak:2.40M | Scene, ViewLayer | Sample 8/8
Fra:22 Mem:13.29M (Peak 15.29M) | Time:00:00.03 | Mem:2.40M, Peak:2.40M | Scene, ViewLayer | Finished
Saved: '/home/terence/Documents/Codex/2026-09-06/realtime-voice-chat-3/outputs/butterfly-method-comparison/blender/turntable-frames/turntable_058.png'
Time: 00:00.03 (Saving: 00:00.00)

Fra:24 Mem:11.27M (Peak 11.27M) | Time:00:00.00 | Mem:0.00M, Peak:0.00M | Scene, ViewLayer | Synchronizing object | R forewing_border
Fra:24 Mem:11.28M (Peak 11.28M) | Time:00:00.00 | Mem:0.00M, Peak:0.00M | Scene, ViewLayer | Synchronizing object | R forewing_cyan
Fra:24 Mem:11.28M (Peak 11.28M) | Time:00:00.00 | Mem:0.00M, Peak:0.00M | Scene, ViewLayer | Synchronizing object | R forewing_highlight
Fra:24 Mem:11.28M (Peak 11.28M) | Time:00:00.00 | Mem:0.00M, Peak:0.00M | Scene, ViewLayer | Synchronizing object | R forewing_blue.001
Fra:24 Mem:11.28M (Peak 11.28M) | Time:00:00.00 | Mem:0.00M, Peak:0.00M | Scene, ViewLayer | Synchronizing object | R forewing_highlight.001
Fra:24 Mem:11.28M (Peak 11.28M) | Time:00:00.00 | Mem:0.00M, Peak:0.00M | Scene, ViewLayer | Synchronizing object | R hindwing_border
Fra:24 Mem:11.28M (Peak 11.28M) | Time:00:00.00 | Mem:0.00M, Peak:0.00M | Scene, ViewLayer | Synchronizing object | R hindwing_cyan
Fra:24 Mem:11.28M (Peak 11.28M) | Time:00:00.00 | Mem:0.00M, Peak:0.00M | Scene, ViewLayer | Synchronizing object | R hindwing_blue
Fra:24 Mem:11.28M (Peak 11.28M) | Time:00:00.00 | Mem:0.00M, Peak:0.00M | Scene, ViewLayer | Synchronizing object | R hindwing_highlight
Fra:24 Mem:11.28M (Peak 11.28M) | Time:00:00.00 | Mem:0.00M, Peak:0.00M | Scene, ViewLayer | Synchronizing object | R hindwing_cyan.001
Fra:24 Mem:11.28M (Peak 11.28M) | Time:00:00.00 | Mem:0.00M, Peak:0.00M | Scene, ViewLayer | Synchronizing object | R hindwing_blue.001
Fra:24 Mem:11.29M (Peak 11.29M) | Time:00:00.00 | Mem:0.00M, Peak:0.00M | Scene, ViewLayer | Synchronizing object | R hindwing_highlight.001
Fra:24 Mem:11.29M (Peak 11.29M) | Time:00:00.00 | Mem:0.00M, Peak:0.00M | Scene, ViewLayer | Synchronizing object | L forewing_border
Fra:24 Mem:11.29M (Peak 11.29M) | Time:00:00.00 | Mem:0.00M, Peak:0.00M | Scene, ViewLayer | Synchronizing object | Antenna.001
Fra:24 Mem:11.29M (Peak 11.29M) | Time:00:00.00 | Mem:0.00M, Peak:0.00M | Scene, ViewLayer | Synchronizing object | L forewing_cyan
Fra:24 Mem:11.29M (Peak 11.29M) | Time:00:00.00 | Mem:0.00M, Peak:0.00M | Scene, ViewLayer | Synchronizing object | Antenna
Fra:24 Mem:11.29M (Peak 11.29M) | Time:00:00.00 | Mem:0.00M, Peak:0.00M | Scene, ViewLayer | Synchronizing object | L forewing_blue
Fra:24 Mem:11.29M (Peak 11.29M) | Time:00:00.00 | Mem:0.00M, Peak:0.00M | Scene, ViewLayer | Synchronizing object | Head
Fra:24 Mem:11.29M (Peak 11.29M) | Time:00:00.00 | Mem:0.00M, Peak:0.00M | Scene, ViewLayer | Synchronizing object | L forewing_cyan.001
Fra:24 Mem:11.29M (Peak 11.29M) | Time:00:00.00 | Mem:0.00M, Peak:0.00M | Scene, ViewLayer | Synchronizing object | L forewing_highlight.001
Fra:24 Mem:11.29M (Peak 11.29M) | Time:00:00.00 | Mem:0.00M, Peak:0.00M | Scene, ViewLayer | Synchronizing object | L hindwing_border
Fra:24 Mem:11.29M (Peak 11.29M) | Time:00:00.00 | Mem:0.00M, Peak:0.00M | Scene, ViewLayer | Synchronizing object | L hindwing_cyan
Fra:24 Mem:11.29M (Peak 11.29M) | Time:00:00.00 | Mem:0.00M, Peak:0.00M | Scene, ViewLayer | Synchronizing object | L hindwing_blue
Fra:24 Mem:11.29M (Peak 11.29M) | Time:00:00.00 | Mem:0.00M, Peak:0.00M | Scene, ViewLayer | Synchronizing object | Thorax
Fra:24 Mem:11.29M (Peak 11.29M) | Time:00:00.00 | Mem:0.00M, Peak:0.00M | Scene, ViewLayer | Synchronizing object | L hindwing_blue.001
Fra:24 Mem:11.30M (Peak 11.30M) | Time:00:00.00 | Mem:0.00M, Peak:0.00M | Scene, ViewLayer | Synchronizing object | Abdomen
Fra:24 Mem:11.30M (Peak 11.30M) | Time:00:00.00 | Mem:0.00M, Peak:0.00M | Scene, ViewLayer | Synchronizing object | L hindwing_highlight.001
Fra:24 Mem:11.30M (Peak 11.30M) | Time:00:00.00 | Mem:0.00M, Peak:0.00M | Scene, ViewLayer | Initializing
Fra:24 Mem:9.87M (Peak 11.30M) | Time:00:00.00 | Mem:0.00M, Peak:0.00M | Scene, ViewLayer | Waiting for render to start
Fra:24 Mem:9.87M (Peak 11.30M) | Time:00:00.00 | Mem:0.00M, Peak:0.00M | Scene, ViewLayer | Updating Scene
Fra:24 Mem:9.87M (Peak 11.30M) | Time:00:00.00 | Mem:0.00M, Peak:0.00M | Scene, ViewLayer | Updating Shaders
Fra:24 Mem:9.87M (Peak 11.30M) | Time:00:00.00 | Mem:0.00M, Peak:0.00M | Scene, ViewLayer | Loading render kernels (may take a few minutes the first time)
Fra:24 Mem:9.96M (Peak 11.30M) | Time:00:00.00 | Mem:0.00M, Peak:0.00M | Scene, ViewLayer | Updating Procedurals
Fra:24 Mem:9.96M (Peak 11.30M) | Time:00:00.00 | Mem:0.00M, Peak:0.00M | Scene, ViewLayer | Updating Background
Fra:24 Mem:9.96M (Peak 11.30M) | Time:00:00.00 | Mem:0.00M, Peak:0.00M | Scene, ViewLayer | Updating Camera
Fra:24 Mem:9.96M (Peak 11.30M) | Time:00:00.00 | Mem:0.00M, Peak:0.00M | Scene, ViewLayer | Updating Meshes Flags
Fra:24 Mem:9.96M (Peak 11.30M) | Time:00:00.00 | Mem:0.00M, Peak:0.00M | Scene, ViewLayer | Updating Objects
Fra:24 Mem:9.96M (Peak 11.30M) | Time:00:00.00 | Mem:0.00M, Peak:0.00M | Scene, ViewLayer | Updating Objects | Copying Transformations to device
Fra:24 Mem:9.96M (Peak 11.30M) | Time:00:00.00 | Mem:0.01M, Peak:0.01M | Scene, ViewLayer | Updating Particle Systems
Fra:24 Mem:9.96M (Peak 11.30M) | Time:00:00.00 | Mem:0.01M, Peak:0.01M | Scene, ViewLayer | Updating Particle Systems | Copying Particles to device
Fra:24 Mem:9.96M (Peak 11.30M) | Time:00:00.00 | Mem:0.01M, Peak:0.01M | Scene, ViewLayer | Updating Meshes
Fra:24 Mem:9.96M (Peak 11.30M) | Time:00:00.00 | Mem:0.01M, Peak:0.01M | Scene, ViewLayer | Updating Objects | Applying Static Transformations
Fra:24 Mem:9.96M (Peak 11.30M) | Time:00:00.00 | Mem:0.01M, Peak:0.01M | Scene, ViewLayer | Updating Mesh | Computing attributes
Fra:24 Mem:9.97M (Peak 11.30M) | Time:00:00.00 | Mem:0.01M, Peak:0.01M | Scene, ViewLayer | Updating Mesh | Copying Attributes to device
Fra:24 Mem:9.97M (Peak 11.30M) | Time:00:00.00 | Mem:0.02M, Peak:0.02M | Scene, ViewLayer | Updating Scene BVH | Building
Fra:24 Mem:9.97M (Peak 11.30M) | Time:00:00.00 | Mem:0.02M, Peak:0.02M | Scene, ViewLayer | Updating Scene BVH | Building BVH
Fra:24 Mem:9.97M (Peak 11.30M) | Time:00:00.00 | Mem:0.04M, Peak:0.04M | Scene, ViewLayer | Updating Scene BVH | Copying BVH to device
Fra:24 Mem:9.97M (Peak 11.30M) | Time:00:00.00 | Mem:0.04M, Peak:0.04M | Scene, ViewLayer | Updating Mesh | Computing normals
Fra:24 Mem:9.98M (Peak 11.30M) | Time:00:00.00 | Mem:0.04M, Peak:0.04M | Scene, ViewLayer | Updating Mesh | Copying Mesh to device
Fra:24 Mem:9.98M (Peak 11.30M) | Time:00:00.00 | Mem:0.05M, Peak:0.05M | Scene, ViewLayer | Updating Objects Flags
Fra:24 Mem:9.98M (Peak 11.30M) | Time:00:00.00 | Mem:0.05M, Peak:0.05M | Scene, ViewLayer | Updating Primitive Offsets
Fra:24 Mem:9.98M (Peak 11.30M) | Time:00:00.00 | Mem:0.05M, Peak:0.05M | Scene, ViewLayer | Updating Images
Fra:24 Mem:9.98M (Peak 11.30M) | Time:00:00.00 | Mem:0.05M, Peak:0.05M | Scene, ViewLayer | Updating Camera Volume
Fra:24 Mem:9.98M (Peak 11.30M) | Time:00:00.00 | Mem:0.05M, Peak:0.05M | Scene, ViewLayer | Updating Lookup Tables
Fra:24 Mem:9.98M (Peak 11.30M) | Time:00:00.00 | Mem:0.13M, Peak:0.13M | Scene, ViewLayer | Updating Lights
Fra:24 Mem:9.98M (Peak 11.30M) | Time:00:00.00 | Mem:0.13M, Peak:0.13M | Scene, ViewLayer | Updating Lights | Computing tree
Fra:24 Mem:9.99M (Peak 11.30M) | Time:00:00.00 | Mem:0.14M, Peak:0.14M | Scene, ViewLayer | Updating Integrator
Fra:24 Mem:9.99M (Peak 11.30M) | Time:00:00.00 | Mem:0.14M, Peak:0.14M | Scene, ViewLayer | Updating Film
Fra:24 Mem:10.00M (Peak 11.30M) | Time:00:00.00 | Mem:0.06M, Peak:0.14M | Scene, ViewLayer | Updating Lookup Tables
Fra:24 Mem:10.00M (Peak 11.30M) | Time:00:00.00 | Mem:0.15M, Peak:0.15M | Scene, ViewLayer | Updating Baking
Fra:24 Mem:10.00M (Peak 11.30M) | Time:00:00.00 | Mem:0.15M, Peak:0.15M | Scene, ViewLayer | Updating Device | Writing constant memory
Fra:24 Mem:10.00M (Peak 11.30M) | Time:00:00.00 | Mem:0.15M, Peak:0.15M | Scene, ViewLayer | Sample 0/8
Fra:24 Mem:12.29M (Peak 12.29M) | Time:00:00.00 | Remaining:00:00.02 | Mem:2.40M, Peak:2.40M | Scene, ViewLayer | Sample 1/8
Fra:24 Mem:13.29M (Peak 15.29M) | Time:00:00.03 | Mem:2.40M, Peak:2.40M | Scene, ViewLayer | Sample 8/8
Fra:24 Mem:13.29M (Peak 15.29M) | Time:00:00.03 | Mem:2.40M, Peak:2.40M | Scene, ViewLayer | Finished
Saved: '/home/terence/Documents/Codex/2026-09-06/realtime-voice-chat-3/outputs/butterfly-method-comparison/blender/turntable-frames/turntable_059.png'
Time: 00:00.04 (Saving: 00:00.00)


Blender quit
