Blender 4.5.13 LTS (hash daeeeca98fb0 built 2026-08-25 01:31:19)
Read blend: "/home/terence/Documents/Codex/2026-09-06/realtime-voice-chat-3/outputs/butterfly-method-comparison/blender/butterfly-prototype.blend"
Fra:1 Mem:11.26M (Peak 11.26M) | Time:00:00.00 | Mem:0.00M, Peak:0.00M | Scene, ViewLayer | Synchronizing object | R forewing_border
Fra:1 Mem:11.26M (Peak 11.26M) | Time:00:00.00 | Mem:0.00M, Peak:0.00M | Scene, ViewLayer | Synchronizing object | R forewing_blue
Fra:1 Mem:11.27M (Peak 11.27M) | Time:00:00.00 | Mem:0.00M, Peak:0.00M | Scene, ViewLayer | Synchronizing object | R forewing_highlight
Fra:1 Mem:11.27M (Peak 11.27M) | Time:00:00.00 | Mem:0.00M, Peak:0.00M | Scene, ViewLayer | Synchronizing object | R forewing_cyan.001
Fra:1 Mem:11.27M (Peak 11.27M) | Time:00:00.00 | Mem:0.00M, Peak:0.00M | Scene, ViewLayer | Synchronizing object | R forewing_highlight.001
Fra:1 Mem:11.27M (Peak 11.27M) | Time:00:00.00 | Mem:0.00M, Peak:0.00M | Scene, ViewLayer | Synchronizing object | R hindwing_border
Fra:1 Mem:11.27M (Peak 11.27M) | Time:00:00.00 | Mem:0.00M, Peak:0.00M | Scene, ViewLayer | Synchronizing object | R hindwing_cyan
Fra:1 Mem:11.27M (Peak 11.27M) | Time:00:00.00 | Mem:0.00M, Peak:0.00M | Scene, ViewLayer | Synchronizing object | R hindwing_blue
Fra:1 Mem:11.27M (Peak 11.27M) | Time:00:00.00 | Mem:0.00M, Peak:0.00M | Scene, ViewLayer | Synchronizing object | R hindwing_highlight
Fra:1 Mem:11.27M (Peak 11.27M) | Time:00:00.00 | Mem:0.00M, Peak:0.00M | Scene, ViewLayer | Synchronizing object | R hindwing_blue.001
Fra:1 Mem:11.27M (Peak 11.27M) | Time:00:00.00 | Mem:0.00M, Peak:0.00M | Scene, ViewLayer | Synchronizing object | R hindwing_highlight.001
Fra:1 Mem:11.28M (Peak 11.28M) | Time:00:00.00 | Mem:0.00M, Peak:0.00M | Scene, ViewLayer | Synchronizing object | L forewing_border
Fra:1 Mem:11.28M (Peak 11.28M) | Time:00:00.00 | Mem:0.00M, Peak:0.00M | Scene, ViewLayer | Synchronizing object | L forewing_blue
Fra:1 Mem:11.28M (Peak 11.28M) | Time:00:00.00 | Mem:0.00M, Peak:0.00M | Scene, ViewLayer | Synchronizing object | L forewing_highlight
Fra:1 Mem:11.28M (Peak 11.28M) | Time:00:00.00 | Mem:0.00M, Peak:0.00M | Scene, ViewLayer | Synchronizing object | L forewing_cyan.001
Fra:1 Mem:11.28M (Peak 11.28M) | Time:00:00.00 | Mem:0.00M, Peak:0.00M | Scene, ViewLayer | Synchronizing object | L forewing_blue.001
Fra:1 Mem:11.28M (Peak 11.28M) | Time:00:00.00 | Mem:0.00M, Peak:0.00M | Scene, ViewLayer | Synchronizing object | Antenna.001
Fra:1 Mem:11.28M (Peak 11.28M) | Time:00:00.00 | Mem:0.00M, Peak:0.00M | Scene, ViewLayer | Synchronizing object | L hindwing_cyan
Fra:1 Mem:11.28M (Peak 11.28M) | Time:00:00.00 | Mem:0.00M, Peak:0.00M | Scene, ViewLayer | Synchronizing object | L hindwing_blue
Fra:1 Mem:11.28M (Peak 11.28M) | Time:00:00.00 | Mem:0.00M, Peak:0.00M | Scene, ViewLayer | Synchronizing object | L hindwing_highlight
Fra:1 Mem:11.28M (Peak 11.28M) | Time:00:00.00 | Mem:0.00M, Peak:0.00M | Scene, ViewLayer | Synchronizing object | L hindwing_blue.001
Fra:1 Mem:11.28M (Peak 11.28M) | Time:00:00.00 | Mem:0.00M, Peak:0.00M | Scene, ViewLayer | Synchronizing object | L hindwing_highlight.001
Fra:1 Mem:11.28M (Peak 11.28M) | Time:00:00.00 | Mem:0.00M, Peak:0.00M | Scene, ViewLayer | Synchronizing object | Abdomen
Fra:1 Mem:11.29M (Peak 11.29M) | Time:00:00.00 | Mem:0.00M, Peak:0.00M | Scene, ViewLayer | Synchronizing object | Head
Fra:1 Mem:11.29M (Peak 11.29M) | Time:00:00.00 | Mem:0.00M, Peak:0.00M | Scene, ViewLayer | Synchronizing object | Antenna
Fra:1 Mem:11.30M (Peak 11.30M) | Time:00:00.00 | Mem:0.00M, Peak:0.00M | Scene, ViewLayer | Initializing
Fra:1 Mem:9.87M (Peak 11.30M) | Time:00:00.00 | Mem:0.00M, Peak:0.00M | Scene, ViewLayer | Waiting for render to start
Fra:1 Mem:9.87M (Peak 11.30M) | Time:00:00.00 | Mem:0.00M, Peak:0.00M | Scene, ViewLayer | Updating Scene
Fra:1 Mem:9.87M (Peak 11.30M) | Time:00:00.00 | Mem:0.00M, Peak:0.00M | Scene, ViewLayer | Updating Shaders
Fra:1 Mem:9.87M (Peak 11.30M) | Time:00:00.00 | Mem:0.00M, Peak:0.00M | Scene, ViewLayer | Loading render kernels (may take a few minutes the first time)
Fra:1 Mem:9.95M (Peak 11.30M) | Time:00:00.00 | Mem:0.00M, Peak:0.00M | Scene, ViewLayer | Updating Procedurals
Fra:1 Mem:9.95M (Peak 11.30M) | Time:00:00.00 | Mem:0.00M, Peak:0.00M | Scene, ViewLayer | Updating Background
Fra:1 Mem:9.95M (Peak 11.30M) | Time:00:00.00 | Mem:0.00M, Peak:0.00M | Scene, ViewLayer | Updating Camera
Fra:1 Mem:9.95M (Peak 11.30M) | Time:00:00.00 | Mem:0.00M, Peak:0.00M | Scene, ViewLayer | Updating Meshes Flags
Fra:1 Mem:9.95M (Peak 11.30M) | Time:00:00.00 | Mem:0.00M, Peak:0.00M | Scene, ViewLayer | Updating Objects
Fra:1 Mem:9.95M (Peak 11.30M) | Time:00:00.00 | Mem:0.00M, Peak:0.00M | Scene, ViewLayer | Updating Objects | Copying Transformations to device
Fra:1 Mem:9.96M (Peak 11.30M) | Time:00:00.00 | Mem:0.01M, Peak:0.01M | Scene, ViewLayer | Updating Particle Systems
Fra:1 Mem:9.96M (Peak 11.30M) | Time:00:00.00 | Mem:0.01M, Peak:0.01M | Scene, ViewLayer | Updating Particle Systems | Copying Particles to device
Fra:1 Mem:9.96M (Peak 11.30M) | Time:00:00.00 | Mem:0.01M, Peak:0.01M | Scene, ViewLayer | Updating Meshes
Fra:1 Mem:9.96M (Peak 11.30M) | Time:00:00.00 | Mem:0.01M, Peak:0.01M | Scene, ViewLayer | Updating Objects | Applying Static Transformations
Fra:1 Mem:9.96M (Peak 11.30M) | Time:00:00.00 | Mem:0.01M, Peak:0.01M | Scene, ViewLayer | Updating Mesh | Computing attributes
Fra:1 Mem:9.97M (Peak 11.30M) | Time:00:00.00 | Mem:0.01M, Peak:0.01M | Scene, ViewLayer | Updating Mesh | Copying Attributes to device
Fra:1 Mem:9.97M (Peak 11.30M) | Time:00:00.00 | Mem:0.02M, Peak:0.02M | Scene, ViewLayer | Updating Scene BVH | Building
Fra:1 Mem:9.97M (Peak 11.30M) | Time:00:00.00 | Mem:0.02M, Peak:0.02M | Scene, ViewLayer | Updating Scene BVH | Building BVH
Fra:1 Mem:9.97M (Peak 11.30M) | Time:00:00.00 | Mem:0.02M, Peak:0.02M | Scene, ViewLayer | Updating Scene BVH | Building BVH 0%
Fra:1 Mem:9.97M (Peak 11.30M) | Time:00:00.00 | Mem:0.04M, Peak:0.04M | Scene, ViewLayer | Updating Scene BVH | Copying BVH to device
Fra:1 Mem:9.97M (Peak 11.30M) | Time:00:00.00 | Mem:0.04M, Peak:0.04M | Scene, ViewLayer | Updating Mesh | Computing normals
Fra:1 Mem:9.98M (Peak 11.30M) | Time:00:00.00 | Mem:0.04M, Peak:0.04M | Scene, ViewLayer | Updating Mesh | Copying Mesh to device
Fra:1 Mem:9.98M (Peak 11.30M) | Time:00:00.00 | Mem:0.05M, Peak:0.05M | Scene, ViewLayer | Updating Objects Flags
Fra:1 Mem:9.98M (Peak 11.30M) | Time:00:00.00 | Mem:0.05M, Peak:0.05M | Scene, ViewLayer | Updating Primitive Offsets
Fra:1 Mem:9.98M (Peak 11.30M) | Time:00:00.00 | Mem:0.05M, Peak:0.05M | Scene, ViewLayer | Updating Images
Fra:1 Mem:9.98M (Peak 11.30M) | Time:00:00.00 | Mem:0.05M, Peak:0.05M | Scene, ViewLayer | Updating Camera Volume
Fra:1 Mem:9.98M (Peak 11.30M) | Time:00:00.00 | Mem:0.05M, Peak:0.05M | Scene, ViewLayer | Updating Lookup Tables
Fra:1 Mem:9.98M (Peak 11.30M) | Time:00:00.00 | Mem:0.13M, Peak:0.13M | Scene, ViewLayer | Updating Lights
Fra:1 Mem:9.98M (Peak 11.30M) | Time:00:00.00 | Mem:0.13M, Peak:0.13M | Scene, ViewLayer | Updating Lights | Computing tree
Fra:1 Mem:9.99M (Peak 11.30M) | Time:00:00.00 | Mem:0.14M, Peak:0.14M | Scene, ViewLayer | Updating Integrator
Fra:1 Mem:9.99M (Peak 11.30M) | Time:00:00.00 | Mem:0.14M, Peak:0.14M | Scene, ViewLayer | Updating Film
Fra:1 Mem:9.99M (Peak 11.30M) | Time:00:00.00 | Mem:0.06M, Peak:0.14M | Scene, ViewLayer | Updating Lookup Tables
Fra:1 Mem:9.99M (Peak 11.30M) | Time:00:00.00 | Mem:0.14M, Peak:0.14M | Scene, ViewLayer | Updating Baking
Fra:1 Mem:9.99M (Peak 11.30M) | Time:00:00.00 | Mem:0.14M, Peak:0.14M | Scene, ViewLayer | Updating Device | Writing constant memory
Fra:1 Mem:10.00M (Peak 11.30M) | Time:00:00.00 | Mem:0.14M, Peak:0.14M | Scene, ViewLayer | Sample 0/8
Fra:1 Mem:10.60M (Peak 11.30M) | Time:00:00.00 | Remaining:00:00.01 | Mem:0.71M, Peak:0.71M | Scene, ViewLayer | Sample 1/8
Fra:1 Mem:10.85M (Peak 11.30M) | Time:00:00.01 | Mem:0.71M, Peak:0.71M | Scene, ViewLayer | Sample 8/8
Fra:1 Mem:10.85M (Peak 11.30M) | Time:00:00.01 | Mem:0.71M, Peak:0.71M | Scene, ViewLayer | Finished
Saved: '/home/terence/Documents/Codex/2026-09-06/realtime-voice-chat-3/outputs/butterfly-method-comparison/blender/raw/view000_frame00.png'
Time: 00:00.02 (Saving: 00:00.01)

Fra:6 Mem:11.27M (Peak 11.27M) | Time:00:00.00 | Mem:0.00M, Peak:0.00M | Scene, ViewLayer | Synchronizing object | R forewing_border
Fra:6 Mem:11.28M (Peak 11.28M) | Time:00:00.00 | Mem:0.00M, Peak:0.00M | Scene, ViewLayer | Synchronizing object | R forewing_cyan
Fra:6 Mem:11.28M (Peak 11.28M) | Time:00:00.00 | Mem:0.00M, Peak:0.00M | Scene, ViewLayer | Synchronizing object | R forewing_blue
Fra:6 Mem:11.28M (Peak 11.28M) | Time:00:00.00 | Mem:0.00M, Peak:0.00M | Scene, ViewLayer | Synchronizing object | R forewing_highlight
Fra:6 Mem:11.28M (Peak 11.28M) | Time:00:00.00 | Mem:0.00M, Peak:0.00M | Scene, ViewLayer | Synchronizing object | Antenna.001
Fra:6 Mem:11.28M (Peak 11.28M) | Time:00:00.00 | Mem:0.00M, Peak:0.00M | Scene, ViewLayer | Synchronizing object | R forewing_blue.001
Fra:6 Mem:11.28M (Peak 11.28M) | Time:00:00.00 | Mem:0.00M, Peak:0.00M | Scene, ViewLayer | Synchronizing object | Antenna
Fra:6 Mem:11.28M (Peak 11.28M) | Time:00:00.00 | Mem:0.00M, Peak:0.00M | Scene, ViewLayer | Synchronizing object | R hindwing_border
Fra:6 Mem:11.28M (Peak 11.28M) | Time:00:00.00 | Mem:0.00M, Peak:0.00M | Scene, ViewLayer | Synchronizing object | R hindwing_cyan
Fra:6 Mem:11.28M (Peak 11.28M) | Time:00:00.00 | Mem:0.00M, Peak:0.00M | Scene, ViewLayer | Synchronizing object | Head
Fra:6 Mem:11.29M (Peak 11.29M) | Time:00:00.00 | Mem:0.00M, Peak:0.00M | Scene, ViewLayer | Synchronizing object | R hindwing_highlight
Fra:6 Mem:11.29M (Peak 11.29M) | Time:00:00.00 | Mem:0.00M, Peak:0.00M | Scene, ViewLayer | Synchronizing object | Thorax
Fra:6 Mem:11.29M (Peak 11.29M) | Time:00:00.00 | Mem:0.00M, Peak:0.00M | Scene, ViewLayer | Synchronizing object | R hindwing_cyan.001
Fra:6 Mem:11.29M (Peak 11.29M) | Time:00:00.00 | Mem:0.00M, Peak:0.00M | Scene, ViewLayer | Synchronizing object | Abdomen
Fra:6 Mem:11.29M (Peak 11.29M) | Time:00:00.00 | Mem:0.00M, Peak:0.00M | Scene, ViewLayer | Synchronizing object | L hindwing_highlight.001
Fra:6 Mem:11.29M (Peak 11.29M) | Time:00:00.00 | Mem:0.00M, Peak:0.00M | Scene, ViewLayer | Synchronizing object | R hindwing_blue.001
Fra:6 Mem:11.29M (Peak 11.29M) | Time:00:00.00 | Mem:0.00M, Peak:0.00M | Scene, ViewLayer | Synchronizing object | R hindwing_highlight.001
Fra:6 Mem:11.29M (Peak 11.29M) | Time:00:00.00 | Mem:0.00M, Peak:0.00M | Scene, ViewLayer | Synchronizing object | L forewing_border
Fra:6 Mem:11.29M (Peak 11.29M) | Time:00:00.00 | Mem:0.00M, Peak:0.00M | Scene, ViewLayer | Synchronizing object | L hindwing_cyan.001
Fra:6 Mem:11.29M (Peak 11.29M) | Time:00:00.00 | Mem:0.00M, Peak:0.00M | Scene, ViewLayer | Synchronizing object | L forewing_cyan
Fra:6 Mem:11.29M (Peak 11.29M) | Time:00:00.00 | Mem:0.00M, Peak:0.00M | Scene, ViewLayer | Synchronizing object | L forewing_blue
Fra:6 Mem:11.29M (Peak 11.29M) | Time:00:00.00 | Mem:0.00M, Peak:0.00M | Scene, ViewLayer | Synchronizing object | L hindwing_blue
Fra:6 Mem:11.29M (Peak 11.29M) | Time:00:00.00 | Mem:0.00M, Peak:0.00M | Scene, ViewLayer | Synchronizing object | L forewing_highlight
Fra:6 Mem:11.29M (Peak 11.29M) | Time:00:00.00 | Mem:0.00M, Peak:0.00M | Scene, ViewLayer | Synchronizing object | L forewing_cyan.001
Fra:6 Mem:11.30M (Peak 11.30M) | Time:00:00.00 | Mem:0.00M, Peak:0.00M | Scene, ViewLayer | Synchronizing object | L forewing_blue.001
Fra:6 Mem:11.30M (Peak 11.30M) | Time:00:00.00 | Mem:0.00M, Peak:0.00M | Scene, ViewLayer | Synchronizing object | L forewing_highlight.001
Fra:6 Mem:11.30M (Peak 11.30M) | Time:00:00.00 | Mem:0.00M, Peak:0.00M | Scene, ViewLayer | Initializing
Fra:6 Mem:9.87M (Peak 11.30M) | Time:00:00.00 | Mem:0.00M, Peak:0.00M | Scene, ViewLayer | Waiting for render to start
Fra:6 Mem:9.87M (Peak 11.30M) | Time:00:00.00 | Mem:0.00M, Peak:0.00M | Scene, ViewLayer | Updating Scene
Fra:6 Mem:9.87M (Peak 11.30M) | Time:00:00.00 | Mem:0.00M, Peak:0.00M | Scene, ViewLayer | Updating Shaders
Fra:6 Mem:9.87M (Peak 11.30M) | Time:00:00.00 | Mem:0.00M, Peak:0.00M | Scene, ViewLayer | Loading render kernels (may take a few minutes the first time)
Fra:6 Mem:9.95M (Peak 11.30M) | Time:00:00.00 | Mem:0.00M, Peak:0.00M | Scene, ViewLayer | Updating Procedurals
Fra:6 Mem:9.95M (Peak 11.30M) | Time:00:00.00 | Mem:0.00M, Peak:0.00M | Scene, ViewLayer | Updating Background
Fra:6 Mem:9.95M (Peak 11.30M) | Time:00:00.00 | Mem:0.00M, Peak:0.00M | Scene, ViewLayer | Updating Camera
Fra:6 Mem:9.95M (Peak 11.30M) | Time:00:00.00 | Mem:0.00M, Peak:0.00M | Scene, ViewLayer | Updating Meshes Flags
Fra:6 Mem:9.95M (Peak 11.30M) | Time:00:00.00 | Mem:0.00M, Peak:0.00M | Scene, ViewLayer | Updating Objects
Fra:6 Mem:9.95M (Peak 11.30M) | Time:00:00.00 | Mem:0.00M, Peak:0.00M | Scene, ViewLayer | Updating Objects | Copying Transformations to device
Fra:6 Mem:9.96M (Peak 11.30M) | Time:00:00.00 | Mem:0.01M, Peak:0.01M | Scene, ViewLayer | Updating Particle Systems
Fra:6 Mem:9.96M (Peak 11.30M) | Time:00:00.00 | Mem:0.01M, Peak:0.01M | Scene, ViewLayer | Updating Particle Systems | Copying Particles to device
Fra:6 Mem:9.96M (Peak 11.30M) | Time:00:00.00 | Mem:0.01M, Peak:0.01M | Scene, ViewLayer | Updating Meshes
Fra:6 Mem:9.96M (Peak 11.30M) | Time:00:00.00 | Mem:0.01M, Peak:0.01M | Scene, ViewLayer | Updating Objects | Applying Static Transformations
Fra:6 Mem:9.96M (Peak 11.30M) | Time:00:00.00 | Mem:0.01M, Peak:0.01M | Scene, ViewLayer | Updating Mesh | Computing attributes
Fra:6 Mem:9.97M (Peak 11.30M) | Time:00:00.00 | Mem:0.01M, Peak:0.01M | Scene, ViewLayer | Updating Mesh | Copying Attributes to device
Fra:6 Mem:9.97M (Peak 11.30M) | Time:00:00.00 | Mem:0.02M, Peak:0.02M | Scene, ViewLayer | Updating Scene BVH | Building
Fra:6 Mem:9.97M (Peak 11.30M) | Time:00:00.00 | Mem:0.02M, Peak:0.02M | Scene, ViewLayer | Updating Scene BVH | Building BVH
Fra:6 Mem:9.97M (Peak 11.30M) | Time:00:00.00 | Mem:0.04M, Peak:0.04M | Scene, ViewLayer | Updating Scene BVH | Copying BVH to device
Fra:6 Mem:9.97M (Peak 11.30M) | Time:00:00.00 | Mem:0.04M, Peak:0.04M | Scene, ViewLayer | Updating Mesh | Computing normals
Fra:6 Mem:9.98M (Peak 11.30M) | Time:00:00.00 | Mem:0.04M, Peak:0.04M | Scene, ViewLayer | Updating Mesh | Copying Mesh to device
Fra:6 Mem:9.98M (Peak 11.30M) | Time:00:00.00 | Mem:0.05M, Peak:0.05M | Scene, ViewLayer | Updating Objects Flags
Fra:6 Mem:9.98M (Peak 11.30M) | Time:00:00.00 | Mem:0.05M, Peak:0.05M | Scene, ViewLayer | Updating Primitive Offsets
Fra:6 Mem:9.98M (Peak 11.30M) | Time:00:00.00 | Mem:0.05M, Peak:0.05M | Scene, ViewLayer | Updating Images
Fra:6 Mem:9.98M (Peak 11.30M) | Time:00:00.00 | Mem:0.05M, Peak:0.05M | Scene, ViewLayer | Updating Camera Volume
Fra:6 Mem:9.98M (Peak 11.30M) | Time:00:00.00 | Mem:0.05M, Peak:0.05M | Scene, ViewLayer | Updating Lookup Tables
Fra:6 Mem:9.98M (Peak 11.30M) | Time:00:00.00 | Mem:0.13M, Peak:0.13M | Scene, ViewLayer | Updating Lights
Fra:6 Mem:9.98M (Peak 11.30M) | Time:00:00.00 | Mem:0.13M, Peak:0.13M | Scene, ViewLayer | Updating Lights | Computing tree
Fra:6 Mem:9.99M (Peak 11.30M) | Time:00:00.00 | Mem:0.14M, Peak:0.14M | Scene, ViewLayer | Updating Integrator
Fra:6 Mem:9.99M (Peak 11.30M) | Time:00:00.00 | Mem:0.14M, Peak:0.14M | Scene, ViewLayer | Updating Film
Fra:6 Mem:10.00M (Peak 11.30M) | Time:00:00.00 | Mem:0.06M, Peak:0.14M | Scene, ViewLayer | Updating Lookup Tables
Fra:6 Mem:10.00M (Peak 11.30M) | Time:00:00.00 | Mem:0.15M, Peak:0.15M | Scene, ViewLayer | Updating Baking
Fra:6 Mem:10.00M (Peak 11.30M) | Time:00:00.00 | Mem:0.15M, Peak:0.15M | Scene, ViewLayer | Updating Device | Writing constant memory
Fra:6 Mem:10.00M (Peak 11.30M) | Time:00:00.00 | Mem:0.15M, Peak:0.15M | Scene, ViewLayer | Sample 0/8
Fra:6 Mem:10.60M (Peak 11.30M) | Time:00:00.00 | Remaining:00:00.00 | Mem:0.71M, Peak:0.71M | Scene, ViewLayer | Sample 1/8
Fra:6 Mem:10.85M (Peak 11.30M) | Time:00:00.01 | Mem:0.71M, Peak:0.71M | Scene, ViewLayer | Sample 8/8
Fra:6 Mem:10.85M (Peak 11.30M) | Time:00:00.01 | Mem:0.71M, Peak:0.71M | Scene, ViewLayer | Finished
Saved: '/home/terence/Documents/Codex/2026-09-06/realtime-voice-chat-3/outputs/butterfly-method-comparison/blender/raw/view000_frame01.png'
Time: 00:00.01 (Saving: 00:00.00)

Fra:11 Mem:11.27M (Peak 11.27M) | Time:00:00.00 | Mem:0.00M, Peak:0.00M | Scene, ViewLayer | Synchronizing object | R forewing_border
Fra:11 Mem:11.27M (Peak 11.27M) | Time:00:00.00 | Mem:0.00M, Peak:0.00M | Scene, ViewLayer | Synchronizing object | R forewing_blue
Fra:11 Mem:11.27M (Peak 11.27M) | Time:00:00.00 | Mem:0.00M, Peak:0.00M | Scene, ViewLayer | Synchronizing object | R forewing_highlight
Fra:11 Mem:11.28M (Peak 11.28M) | Time:00:00.00 | Mem:0.00M, Peak:0.00M | Scene, ViewLayer | Synchronizing object | R forewing_cyan.001
Fra:11 Mem:11.28M (Peak 11.28M) | Time:00:00.00 | Mem:0.00M, Peak:0.00M | Scene, ViewLayer | Synchronizing object | R forewing_blue.001
Fra:11 Mem:11.28M (Peak 11.28M) | Time:00:00.00 | Mem:0.00M, Peak:0.00M | Scene, ViewLayer | Synchronizing object | R forewing_highlight.001
Fra:11 Mem:11.28M (Peak 11.28M) | Time:00:00.00 | Mem:0.00M, Peak:0.00M | Scene, ViewLayer | Synchronizing object | R hindwing_border
Fra:11 Mem:11.28M (Peak 11.28M) | Time:00:00.00 | Mem:0.00M, Peak:0.00M | Scene, ViewLayer | Synchronizing object | R hindwing_cyan
Fra:11 Mem:11.28M (Peak 11.28M) | Time:00:00.00 | Mem:0.00M, Peak:0.00M | Scene, ViewLayer | Synchronizing object | R hindwing_blue
Fra:11 Mem:11.28M (Peak 11.28M) | Time:00:00.00 | Mem:0.00M, Peak:0.00M | Scene, ViewLayer | Synchronizing object | R hindwing_cyan.001
Fra:11 Mem:11.28M (Peak 11.28M) | Time:00:00.00 | Mem:0.00M, Peak:0.00M | Scene, ViewLayer | Synchronizing object | R hindwing_blue.001
Fra:11 Mem:11.28M (Peak 11.28M) | Time:00:00.00 | Mem:0.00M, Peak:0.00M | Scene, ViewLayer | Synchronizing object | R hindwing_highlight.001
Fra:11 Mem:11.28M (Peak 11.28M) | Time:00:00.00 | Mem:0.00M, Peak:0.00M | Scene, ViewLayer | Synchronizing object | L forewing_cyan
Fra:11 Mem:11.28M (Peak 11.28M) | Time:00:00.00 | Mem:0.00M, Peak:0.00M | Scene, ViewLayer | Synchronizing object | L forewing_blue
Fra:11 Mem:11.29M (Peak 11.29M) | Time:00:00.00 | Mem:0.00M, Peak:0.00M | Scene, ViewLayer | Synchronizing object | L forewing_highlight
Fra:11 Mem:11.29M (Peak 11.29M) | Time:00:00.00 | Mem:0.00M, Peak:0.00M | Scene, ViewLayer | Synchronizing object | L forewing_cyan.001
Fra:11 Mem:11.29M (Peak 11.29M) | Time:00:00.00 | Mem:0.00M, Peak:0.00M | Scene, ViewLayer | Synchronizing object | L forewing_blue.001
Fra:11 Mem:11.29M (Peak 11.29M) | Time:00:00.00 | Mem:0.00M, Peak:0.00M | Scene, ViewLayer | Synchronizing object | L hindwing_border
Fra:11 Mem:11.29M (Peak 11.29M) | Time:00:00.00 | Mem:0.00M, Peak:0.00M | Scene, ViewLayer | Synchronizing object | Antenna.001
Fra:11 Mem:11.29M (Peak 11.29M) | Time:00:00.00 | Mem:0.00M, Peak:0.00M | Scene, ViewLayer | Synchronizing object | L hindwing_highlight
Fra:11 Mem:11.29M (Peak 11.29M) | Time:00:00.00 | Mem:0.00M, Peak:0.00M | Scene, ViewLayer | Synchronizing object | Antenna
Fra:11 Mem:11.29M (Peak 11.29M) | Time:00:00.00 | Mem:0.00M, Peak:0.00M | Scene, ViewLayer | Synchronizing object | L hindwing_cyan.001
Fra:11 Mem:11.29M (Peak 11.29M) | Time:00:00.00 | Mem:0.00M, Peak:0.00M | Scene, ViewLayer | Synchronizing object | L hindwing_blue.001
Fra:11 Mem:11.29M (Peak 11.29M) | Time:00:00.00 | Mem:0.00M, Peak:0.00M | Scene, ViewLayer | Synchronizing object | Abdomen
Fra:11 Mem:11.29M (Peak 11.29M) | Time:00:00.00 | Mem:0.00M, Peak:0.00M | Scene, ViewLayer | Synchronizing object | Head
Fra:11 Mem:11.29M (Peak 11.29M) | Time:00:00.00 | Mem:0.00M, Peak:0.00M | Scene, ViewLayer | Synchronizing object | Thorax
Fra:11 Mem:11.30M (Peak 11.30M) | Time:00:00.00 | Mem:0.00M, Peak:0.00M | Scene, ViewLayer | Initializing
Fra:11 Mem:9.87M (Peak 11.30M) | Time:00:00.00 | Mem:0.00M, Peak:0.00M | Scene, ViewLayer | Waiting for render to start
Fra:11 Mem:9.87M (Peak 11.30M) | Time:00:00.00 | Mem:0.00M, Peak:0.00M | Scene, ViewLayer | Updating Scene
Fra:11 Mem:9.87M (Peak 11.30M) | Time:00:00.00 | Mem:0.00M, Peak:0.00M | Scene, ViewLayer | Updating Shaders
Fra:11 Mem:9.87M (Peak 11.30M) | Time:00:00.00 | Mem:0.00M, Peak:0.00M | Scene, ViewLayer | Loading render kernels (may take a few minutes the first time)
Fra:11 Mem:9.95M (Peak 11.30M) | Time:00:00.00 | Mem:0.00M, Peak:0.00M | Scene, ViewLayer | Updating Procedurals
Fra:11 Mem:9.95M (Peak 11.30M) | Time:00:00.00 | Mem:0.00M, Peak:0.00M | Scene, ViewLayer | Updating Background
Fra:11 Mem:9.95M (Peak 11.30M) | Time:00:00.00 | Mem:0.00M, Peak:0.00M | Scene, ViewLayer | Updating Camera
Fra:11 Mem:9.95M (Peak 11.30M) | Time:00:00.00 | Mem:0.00M, Peak:0.00M | Scene, ViewLayer | Updating Meshes Flags
Fra:11 Mem:9.95M (Peak 11.30M) | Time:00:00.00 | Mem:0.00M, Peak:0.00M | Scene, ViewLayer | Updating Objects
Fra:11 Mem:9.95M (Peak 11.30M) | Time:00:00.00 | Mem:0.00M, Peak:0.00M | Scene, ViewLayer | Updating Objects | Copying Transformations to device
Fra:11 Mem:9.96M (Peak 11.30M) | Time:00:00.00 | Mem:0.01M, Peak:0.01M | Scene, ViewLayer | Updating Particle Systems
Fra:11 Mem:9.96M (Peak 11.30M) | Time:00:00.00 | Mem:0.01M, Peak:0.01M | Scene, ViewLayer | Updating Particle Systems | Copying Particles to device
Fra:11 Mem:9.96M (Peak 11.30M) | Time:00:00.00 | Mem:0.01M, Peak:0.01M | Scene, ViewLayer | Updating Meshes
Fra:11 Mem:9.96M (Peak 11.30M) | Time:00:00.00 | Mem:0.01M, Peak:0.01M | Scene, ViewLayer | Updating Objects | Applying Static Transformations
Fra:11 Mem:9.96M (Peak 11.30M) | Time:00:00.00 | Mem:0.01M, Peak:0.01M | Scene, ViewLayer | Updating Mesh | Computing attributes
Fra:11 Mem:9.97M (Peak 11.30M) | Time:00:00.00 | Mem:0.01M, Peak:0.01M | Scene, ViewLayer | Updating Mesh | Copying Attributes to device
Fra:11 Mem:9.97M (Peak 11.30M) | Time:00:00.00 | Mem:0.02M, Peak:0.02M | Scene, ViewLayer | Updating Scene BVH | Building
Fra:11 Mem:9.97M (Peak 11.30M) | Time:00:00.00 | Mem:0.02M, Peak:0.02M | Scene, ViewLayer | Updating Scene BVH | Building BVH
Fra:11 Mem:9.97M (Peak 11.30M) | Time:00:00.00 | Mem:0.04M, Peak:0.04M | Scene, ViewLayer | Updating Scene BVH | Copying BVH to device
Fra:11 Mem:9.97M (Peak 11.30M) | Time:00:00.00 | Mem:0.04M, Peak:0.04M | Scene, ViewLayer | Updating Mesh | Computing normals
Fra:11 Mem:9.98M (Peak 11.30M) | Time:00:00.00 | Mem:0.04M, Peak:0.04M | Scene, ViewLayer | Updating Mesh | Copying Mesh to device
Fra:11 Mem:9.98M (Peak 11.30M) | Time:00:00.00 | Mem:0.05M, Peak:0.05M | Scene, ViewLayer | Updating Objects Flags
Fra:11 Mem:9.98M (Peak 11.30M) | Time:00:00.00 | Mem:0.05M, Peak:0.05M | Scene, ViewLayer | Updating Primitive Offsets
Fra:11 Mem:9.98M (Peak 11.30M) | Time:00:00.00 | Mem:0.05M, Peak:0.05M | Scene, ViewLayer | Updating Images
Fra:11 Mem:9.98M (Peak 11.30M) | Time:00:00.00 | Mem:0.05M, Peak:0.05M | Scene, ViewLayer | Updating Camera Volume
Fra:11 Mem:9.98M (Peak 11.30M) | Time:00:00.00 | Mem:0.05M, Peak:0.05M | Scene, ViewLayer | Updating Lookup Tables
Fra:11 Mem:9.98M (Peak 11.30M) | Time:00:00.00 | Mem:0.13M, Peak:0.13M | Scene, ViewLayer | Updating Lights
Fra:11 Mem:9.98M (Peak 11.30M) | Time:00:00.00 | Mem:0.13M, Peak:0.13M | Scene, ViewLayer | Updating Lights | Computing tree
Fra:11 Mem:9.99M (Peak 11.30M) | Time:00:00.00 | Mem:0.14M, Peak:0.14M | Scene, ViewLayer | Updating Integrator
Fra:11 Mem:9.99M (Peak 11.30M) | Time:00:00.00 | Mem:0.14M, Peak:0.14M | Scene, ViewLayer | Updating Film
Fra:11 Mem:10.00M (Peak 11.30M) | Time:00:00.00 | Mem:0.06M, Peak:0.14M | Scene, ViewLayer | Updating Lookup Tables
Fra:11 Mem:10.00M (Peak 11.30M) | Time:00:00.00 | Mem:0.15M, Peak:0.15M | Scene, ViewLayer | Updating Baking
Fra:11 Mem:10.00M (Peak 11.30M) | Time:00:00.00 | Mem:0.15M, Peak:0.15M | Scene, ViewLayer | Updating Device | Writing constant memory
Fra:11 Mem:10.00M (Peak 11.30M) | Time:00:00.00 | Mem:0.15M, Peak:0.15M | Scene, ViewLayer | Sample 0/8
Fra:11 Mem:10.60M (Peak 11.30M) | Time:00:00.00 | Remaining:00:00.00 | Mem:0.71M, Peak:0.71M | Scene, ViewLayer | Sample 1/8
Fra:11 Mem:10.85M (Peak 11.30M) | Time:00:00.01 | Mem:0.71M, Peak:0.71M | Scene, ViewLayer | Sample 8/8
Fra:11 Mem:10.85M (Peak 11.30M) | Time:00:00.01 | Mem:0.71M, Peak:0.71M | Scene, ViewLayer | Finished
Saved: '/home/terence/Documents/Codex/2026-09-06/realtime-voice-chat-3/outputs/butterfly-method-comparison/blender/raw/view000_frame02.png'
Time: 00:00.01 (Saving: 00:00.00)

Fra:16 Mem:11.27M (Peak 11.27M) | Time:00:00.00 | Mem:0.00M, Peak:0.00M | Scene, ViewLayer | Synchronizing object | R forewing_border
Fra:16 Mem:11.27M (Peak 11.27M) | Time:00:00.00 | Mem:0.00M, Peak:0.00M | Scene, ViewLayer | Synchronizing object | R forewing_cyan
Fra:16 Mem:11.28M (Peak 11.28M) | Time:00:00.00 | Mem:0.00M, Peak:0.00M | Scene, ViewLayer | Synchronizing object | R forewing_blue
Fra:16 Mem:11.28M (Peak 11.28M) | Time:00:00.00 | Mem:0.00M, Peak:0.00M | Scene, ViewLayer | Synchronizing object | R forewing_highlight
Fra:16 Mem:11.28M (Peak 11.28M) | Time:00:00.00 | Mem:0.00M, Peak:0.00M | Scene, ViewLayer | Synchronizing object | R forewing_cyan.001
Fra:16 Mem:11.28M (Peak 11.28M) | Time:00:00.00 | Mem:0.00M, Peak:0.00M | Scene, ViewLayer | Synchronizing object | R forewing_blue.001
Fra:16 Mem:11.28M (Peak 11.28M) | Time:00:00.00 | Mem:0.00M, Peak:0.00M | Scene, ViewLayer | Synchronizing object | Antenna.001
Fra:16 Mem:11.28M (Peak 11.28M) | Time:00:00.00 | Mem:0.00M, Peak:0.00M | Scene, ViewLayer | Synchronizing object | R hindwing_cyan
Fra:16 Mem:11.28M (Peak 11.28M) | Time:00:00.00 | Mem:0.00M, Peak:0.00M | Scene, ViewLayer | Synchronizing object | R hindwing_blue
Fra:16 Mem:11.28M (Peak 11.28M) | Time:00:00.00 | Mem:0.00M, Peak:0.00M | Scene, ViewLayer | Synchronizing object | Antenna
Fra:16 Mem:11.28M (Peak 11.28M) | Time:00:00.00 | Mem:0.00M, Peak:0.00M | Scene, ViewLayer | Synchronizing object | R hindwing_blue.001
Fra:16 Mem:11.28M (Peak 11.28M) | Time:00:00.00 | Mem:0.00M, Peak:0.00M | Scene, ViewLayer | Synchronizing object | Head
Fra:16 Mem:11.29M (Peak 11.29M) | Time:00:00.00 | Mem:0.00M, Peak:0.00M | Scene, ViewLayer | Synchronizing object | Thorax
Fra:16 Mem:11.29M (Peak 11.29M) | Time:00:00.00 | Mem:0.00M, Peak:0.00M | Scene, ViewLayer | Synchronizing object | Abdomen
Fra:16 Mem:11.29M (Peak 11.29M) | Time:00:00.00 | Mem:0.00M, Peak:0.00M | Scene, ViewLayer | Synchronizing object | L forewing_blue
Fra:16 Mem:11.29M (Peak 11.29M) | Time:00:00.00 | Mem:0.00M, Peak:0.00M | Scene, ViewLayer | Synchronizing object | L hindwing_highlight.001
Fra:16 Mem:11.29M (Peak 11.29M) | Time:00:00.00 | Mem:0.00M, Peak:0.00M | Scene, ViewLayer | Synchronizing object | L forewing_highlight
Fra:16 Mem:11.29M (Peak 11.29M) | Time:00:00.00 | Mem:0.00M, Peak:0.00M | Scene, ViewLayer | Synchronizing object | L forewing_cyan.001
Fra:16 Mem:11.29M (Peak 11.29M) | Time:00:00.00 | Mem:0.00M, Peak:0.00M | Scene, ViewLayer | Synchronizing object | L hindwing_blue.001
Fra:16 Mem:11.29M (Peak 11.29M) | Time:00:00.00 | Mem:0.00M, Peak:0.00M | Scene, ViewLayer | Synchronizing object | L forewing_highlight.001
Fra:16 Mem:11.30M (Peak 11.30M) | Time:00:00.00 | Mem:0.00M, Peak:0.00M | Scene, ViewLayer | Synchronizing object | L hindwing_cyan
Fra:16 Mem:11.30M (Peak 11.30M) | Time:00:00.00 | Mem:0.00M, Peak:0.00M | Scene, ViewLayer | Synchronizing object | L hindwing_highlight
Fra:16 Mem:11.30M (Peak 11.30M) | Time:00:00.00 | Mem:0.00M, Peak:0.00M | Scene, ViewLayer | Initializing
Fra:16 Mem:9.87M (Peak 11.30M) | Time:00:00.00 | Mem:0.00M, Peak:0.00M | Scene, ViewLayer | Waiting for render to start
Fra:16 Mem:9.87M (Peak 11.30M) | Time:00:00.00 | Mem:0.00M, Peak:0.00M | Scene, ViewLayer | Updating Scene
Fra:16 Mem:9.87M (Peak 11.30M) | Time:00:00.00 | Mem:0.00M, Peak:0.00M | Scene, ViewLayer | Updating Shaders
Fra:16 Mem:9.87M (Peak 11.30M) | Time:00:00.00 | Mem:0.00M, Peak:0.00M | Scene, ViewLayer | Loading render kernels (may take a few minutes the first time)
Fra:16 Mem:9.95M (Peak 11.30M) | Time:00:00.00 | Mem:0.00M, Peak:0.00M | Scene, ViewLayer | Updating Procedurals
Fra:16 Mem:9.95M (Peak 11.30M) | Time:00:00.00 | Mem:0.00M, Peak:0.00M | Scene, ViewLayer | Updating Background
Fra:16 Mem:9.95M (Peak 11.30M) | Time:00:00.00 | Mem:0.00M, Peak:0.00M | Scene, ViewLayer | Updating Camera
Fra:16 Mem:9.95M (Peak 11.30M) | Time:00:00.00 | Mem:0.00M, Peak:0.00M | Scene, ViewLayer | Updating Meshes Flags
Fra:16 Mem:9.95M (Peak 11.30M) | Time:00:00.00 | Mem:0.00M, Peak:0.00M | Scene, ViewLayer | Updating Objects
Fra:16 Mem:9.95M (Peak 11.30M) | Time:00:00.00 | Mem:0.00M, Peak:0.00M | Scene, ViewLayer | Updating Objects | Copying Transformations to device
Fra:16 Mem:9.96M (Peak 11.30M) | Time:00:00.00 | Mem:0.01M, Peak:0.01M | Scene, ViewLayer | Updating Particle Systems
Fra:16 Mem:9.96M (Peak 11.30M) | Time:00:00.00 | Mem:0.01M, Peak:0.01M | Scene, ViewLayer | Updating Particle Systems | Copying Particles to device
Fra:16 Mem:9.96M (Peak 11.30M) | Time:00:00.00 | Mem:0.01M, Peak:0.01M | Scene, ViewLayer | Updating Meshes
Fra:16 Mem:9.96M (Peak 11.30M) | Time:00:00.00 | Mem:0.01M, Peak:0.01M | Scene, ViewLayer | Updating Objects | Applying Static Transformations
Fra:16 Mem:9.96M (Peak 11.30M) | Time:00:00.00 | Mem:0.01M, Peak:0.01M | Scene, ViewLayer | Updating Mesh | Computing attributes
Fra:16 Mem:9.97M (Peak 11.30M) | Time:00:00.00 | Mem:0.01M, Peak:0.01M | Scene, ViewLayer | Updating Mesh | Copying Attributes to device
Fra:16 Mem:9.97M (Peak 11.30M) | Time:00:00.00 | Mem:0.02M, Peak:0.02M | Scene, ViewLayer | Updating Scene BVH | Building
Fra:16 Mem:9.97M (Peak 11.30M) | Time:00:00.00 | Mem:0.02M, Peak:0.02M | Scene, ViewLayer | Updating Scene BVH | Building BVH
Fra:16 Mem:9.97M (Peak 11.30M) | Time:00:00.00 | Mem:0.04M, Peak:0.04M | Scene, ViewLayer | Updating Scene BVH | Copying BVH to device
Fra:16 Mem:9.97M (Peak 11.30M) | Time:00:00.00 | Mem:0.04M, Peak:0.04M | Scene, ViewLayer | Updating Mesh | Computing normals
Fra:16 Mem:9.98M (Peak 11.30M) | Time:00:00.00 | Mem:0.04M, Peak:0.04M | Scene, ViewLayer | Updating Mesh | Copying Mesh to device
Fra:16 Mem:9.98M (Peak 11.30M) | Time:00:00.00 | Mem:0.05M, Peak:0.05M | Scene, ViewLayer | Updating Objects Flags
Fra:16 Mem:9.98M (Peak 11.30M) | Time:00:00.00 | Mem:0.05M, Peak:0.05M | Scene, ViewLayer | Updating Primitive Offsets
Fra:16 Mem:9.98M (Peak 11.30M) | Time:00:00.00 | Mem:0.05M, Peak:0.05M | Scene, ViewLayer | Updating Images
Fra:16 Mem:9.98M (Peak 11.30M) | Time:00:00.00 | Mem:0.05M, Peak:0.05M | Scene, ViewLayer | Updating Camera Volume
Fra:16 Mem:9.98M (Peak 11.30M) | Time:00:00.00 | Mem:0.05M, Peak:0.05M | Scene, ViewLayer | Updating Lookup Tables
Fra:16 Mem:9.98M (Peak 11.30M) | Time:00:00.00 | Mem:0.13M, Peak:0.13M | Scene, ViewLayer | Updating Lights
Fra:16 Mem:9.98M (Peak 11.30M) | Time:00:00.00 | Mem:0.13M, Peak:0.13M | Scene, ViewLayer | Updating Lights | Computing tree
Fra:16 Mem:9.99M (Peak 11.30M) | Time:00:00.00 | Mem:0.14M, Peak:0.14M | Scene, ViewLayer | Updating Integrator
Fra:16 Mem:9.99M (Peak 11.30M) | Time:00:00.00 | Mem:0.14M, Peak:0.14M | Scene, ViewLayer | Updating Film
Fra:16 Mem:10.00M (Peak 11.30M) | Time:00:00.00 | Mem:0.06M, Peak:0.14M | Scene, ViewLayer | Updating Lookup Tables
Fra:16 Mem:10.00M (Peak 11.30M) | Time:00:00.00 | Mem:0.15M, Peak:0.15M | Scene, ViewLayer | Updating Baking
Fra:16 Mem:10.00M (Peak 11.30M) | Time:00:00.00 | Mem:0.15M, Peak:0.15M | Scene, ViewLayer | Updating Device | Writing constant memory
Fra:16 Mem:10.00M (Peak 11.30M) | Time:00:00.00 | Mem:0.15M, Peak:0.15M | Scene, ViewLayer | Sample 0/8
Fra:16 Mem:10.60M (Peak 11.30M) | Time:00:00.00 | Remaining:00:00.00 | Mem:0.71M, Peak:0.71M | Scene, ViewLayer | Sample 1/8
Fra:16 Mem:10.85M (Peak 11.30M) | Time:00:00.01 | Mem:0.71M, Peak:0.71M | Scene, ViewLayer | Sample 8/8
Fra:16 Mem:10.85M (Peak 11.30M) | Time:00:00.01 | Mem:0.71M, Peak:0.71M | Scene, ViewLayer | Finished
Saved: '/home/terence/Documents/Codex/2026-09-06/realtime-voice-chat-3/outputs/butterfly-method-comparison/blender/raw/view000_frame03.png'
Time: 00:00.01 (Saving: 00:00.00)

Fra:21 Mem:11.27M (Peak 11.27M) | Time:00:00.00 | Mem:0.00M, Peak:0.00M | Scene, ViewLayer | Synchronizing object | R forewing_border
Fra:21 Mem:11.28M (Peak 11.28M) | Time:00:00.00 | Mem:0.00M, Peak:0.00M | Scene, ViewLayer | Synchronizing object | R forewing_blue
Fra:21 Mem:11.28M (Peak 11.28M) | Time:00:00.00 | Mem:0.00M, Peak:0.00M | Scene, ViewLayer | Synchronizing object | R forewing_highlight
Fra:21 Mem:11.28M (Peak 11.28M) | Time:00:00.00 | Mem:0.00M, Peak:0.00M | Scene, ViewLayer | Synchronizing object | R forewing_blue.001
Fra:21 Mem:11.28M (Peak 11.28M) | Time:00:00.00 | Mem:0.00M, Peak:0.00M | Scene, ViewLayer | Synchronizing object | R forewing_highlight.001
Fra:21 Mem:11.28M (Peak 11.28M) | Time:00:00.00 | Mem:0.00M, Peak:0.00M | Scene, ViewLayer | Synchronizing object | R hindwing_border
Fra:21 Mem:11.28M (Peak 11.28M) | Time:00:00.00 | Mem:0.00M, Peak:0.00M | Scene, ViewLayer | Synchronizing object | R hindwing_cyan
Fra:21 Mem:11.28M (Peak 11.28M) | Time:00:00.00 | Mem:0.00M, Peak:0.00M | Scene, ViewLayer | Synchronizing object | R hindwing_blue
Fra:21 Mem:11.28M (Peak 11.28M) | Time:00:00.00 | Mem:0.00M, Peak:0.00M | Scene, ViewLayer | Synchronizing object | R hindwing_highlight
Fra:21 Mem:11.28M (Peak 11.28M) | Time:00:00.00 | Mem:0.00M, Peak:0.00M | Scene, ViewLayer | Synchronizing object | Antenna
Fra:21 Mem:11.28M (Peak 11.28M) | Time:00:00.00 | Mem:0.00M, Peak:0.00M | Scene, ViewLayer | Synchronizing object | R hindwing_cyan.001
Fra:21 Mem:11.28M (Peak 11.28M) | Time:00:00.00 | Mem:0.00M, Peak:0.00M | Scene, ViewLayer | Synchronizing object | Head
Fra:21 Mem:11.29M (Peak 11.29M) | Time:00:00.00 | Mem:0.00M, Peak:0.00M | Scene, ViewLayer | Synchronizing object | R hindwing_highlight.001
Fra:21 Mem:11.29M (Peak 11.29M) | Time:00:00.00 | Mem:0.00M, Peak:0.00M | Scene, ViewLayer | Synchronizing object | L forewing_cyan
Fra:21 Mem:11.29M (Peak 11.29M) | Time:00:00.00 | Mem:0.00M, Peak:0.00M | Scene, ViewLayer | Synchronizing object | L forewing_blue
Fra:21 Mem:11.29M (Peak 11.29M) | Time:00:00.00 | Mem:0.00M, Peak:0.00M | Scene, ViewLayer | Synchronizing object | Abdomen
Fra:21 Mem:11.29M (Peak 11.29M) | Time:00:00.00 | Mem:0.00M, Peak:0.00M | Scene, ViewLayer | Synchronizing object | L forewing_blue.001
Fra:21 Mem:11.29M (Peak 11.29M) | Time:00:00.00 | Mem:0.00M, Peak:0.00M | Scene, ViewLayer | Synchronizing object | L hindwing_highlight.001
Fra:21 Mem:11.29M (Peak 11.29M) | Time:00:00.00 | Mem:0.00M, Peak:0.00M | Scene, ViewLayer | Synchronizing object | L hindwing_blue.001
Fra:21 Mem:11.29M (Peak 11.29M) | Time:00:00.00 | Mem:0.00M, Peak:0.00M | Scene, ViewLayer | Synchronizing object | L forewing_highlight.001
Fra:21 Mem:11.29M (Peak 11.29M) | Time:00:00.00 | Mem:0.00M, Peak:0.00M | Scene, ViewLayer | Synchronizing object | L hindwing_border
Fra:21 Mem:11.29M (Peak 11.29M) | Time:00:00.00 | Mem:0.00M, Peak:0.00M | Scene, ViewLayer | Synchronizing object | L hindwing_cyan.001
Fra:21 Mem:11.30M (Peak 11.30M) | Time:00:00.00 | Mem:0.00M, Peak:0.00M | Scene, ViewLayer | Synchronizing object | L hindwing_blue
Fra:21 Mem:11.30M (Peak 11.30M) | Time:00:00.00 | Mem:0.00M, Peak:0.00M | Scene, ViewLayer | Synchronizing object | L hindwing_highlight
Fra:21 Mem:11.30M (Peak 11.30M) | Time:00:00.00 | Mem:0.00M, Peak:0.00M | Scene, ViewLayer | Initializing
Fra:21 Mem:9.87M (Peak 11.30M) | Time:00:00.00 | Mem:0.00M, Peak:0.00M | Scene, ViewLayer | Waiting for render to start
Fra:21 Mem:9.87M (Peak 11.30M) | Time:00:00.00 | Mem:0.00M, Peak:0.00M | Scene, ViewLayer | Updating Scene
Fra:21 Mem:9.87M (Peak 11.30M) | Time:00:00.00 | Mem:0.00M, Peak:0.00M | Scene, ViewLayer | Updating Shaders
Fra:21 Mem:9.87M (Peak 11.30M) | Time:00:00.00 | Mem:0.00M, Peak:0.00M | Scene, ViewLayer | Loading render kernels (may take a few minutes the first time)
Fra:21 Mem:9.95M (Peak 11.30M) | Time:00:00.00 | Mem:0.00M, Peak:0.00M | Scene, ViewLayer | Updating Procedurals
Fra:21 Mem:9.95M (Peak 11.30M) | Time:00:00.00 | Mem:0.00M, Peak:0.00M | Scene, ViewLayer | Updating Background
Fra:21 Mem:9.95M (Peak 11.30M) | Time:00:00.00 | Mem:0.00M, Peak:0.00M | Scene, ViewLayer | Updating Camera
Fra:21 Mem:9.95M (Peak 11.30M) | Time:00:00.00 | Mem:0.00M, Peak:0.00M | Scene, ViewLayer | Updating Meshes Flags
Fra:21 Mem:9.95M (Peak 11.30M) | Time:00:00.00 | Mem:0.00M, Peak:0.00M | Scene, ViewLayer | Updating Objects
Fra:21 Mem:9.95M (Peak 11.30M) | Time:00:00.00 | Mem:0.00M, Peak:0.00M | Scene, ViewLayer | Updating Objects | Copying Transformations to device
Fra:21 Mem:9.96M (Peak 11.30M) | Time:00:00.00 | Mem:0.01M, Peak:0.01M | Scene, ViewLayer | Updating Particle Systems
Fra:21 Mem:9.96M (Peak 11.30M) | Time:00:00.00 | Mem:0.01M, Peak:0.01M | Scene, ViewLayer | Updating Particle Systems | Copying Particles to device
Fra:21 Mem:9.96M (Peak 11.30M) | Time:00:00.00 | Mem:0.01M, Peak:0.01M | Scene, ViewLayer | Updating Meshes
Fra:21 Mem:9.96M (Peak 11.30M) | Time:00:00.00 | Mem:0.01M, Peak:0.01M | Scene, ViewLayer | Updating Objects | Applying Static Transformations
Fra:21 Mem:9.96M (Peak 11.30M) | Time:00:00.00 | Mem:0.01M, Peak:0.01M | Scene, ViewLayer | Updating Mesh | Computing attributes
Fra:21 Mem:9.97M (Peak 11.30M) | Time:00:00.00 | Mem:0.01M, Peak:0.01M | Scene, ViewLayer | Updating Mesh | Copying Attributes to device
Fra:21 Mem:9.97M (Peak 11.30M) | Time:00:00.00 | Mem:0.02M, Peak:0.02M | Scene, ViewLayer | Updating Scene BVH | Building
Fra:21 Mem:9.97M (Peak 11.30M) | Time:00:00.00 | Mem:0.02M, Peak:0.02M | Scene, ViewLayer | Updating Scene BVH | Building BVH
Fra:21 Mem:9.97M (Peak 11.30M) | Time:00:00.00 | Mem:0.04M, Peak:0.04M | Scene, ViewLayer | Updating Scene BVH | Copying BVH to device
Fra:21 Mem:9.97M (Peak 11.30M) | Time:00:00.00 | Mem:0.04M, Peak:0.04M | Scene, ViewLayer | Updating Mesh | Computing normals
Fra:21 Mem:9.98M (Peak 11.30M) | Time:00:00.00 | Mem:0.04M, Peak:0.04M | Scene, ViewLayer | Updating Mesh | Copying Mesh to device
Fra:21 Mem:9.98M (Peak 11.30M) | Time:00:00.00 | Mem:0.05M, Peak:0.05M | Scene, ViewLayer | Updating Objects Flags
Fra:21 Mem:9.98M (Peak 11.30M) | Time:00:00.00 | Mem:0.05M, Peak:0.05M | Scene, ViewLayer | Updating Primitive Offsets
Fra:21 Mem:9.98M (Peak 11.30M) | Time:00:00.00 | Mem:0.05M, Peak:0.05M | Scene, ViewLayer | Updating Images
Fra:21 Mem:9.98M (Peak 11.30M) | Time:00:00.00 | Mem:0.05M, Peak:0.05M | Scene, ViewLayer | Updating Camera Volume
Fra:21 Mem:9.98M (Peak 11.30M) | Time:00:00.00 | Mem:0.05M, Peak:0.05M | Scene, ViewLayer | Updating Lookup Tables
Fra:21 Mem:9.98M (Peak 11.30M) | Time:00:00.00 | Mem:0.13M, Peak:0.13M | Scene, ViewLayer | Updating Lights
Fra:21 Mem:9.98M (Peak 11.30M) | Time:00:00.00 | Mem:0.13M, Peak:0.13M | Scene, ViewLayer | Updating Lights | Computing tree
Fra:21 Mem:9.99M (Peak 11.30M) | Time:00:00.00 | Mem:0.14M, Peak:0.14M | Scene, ViewLayer | Updating Integrator
Fra:21 Mem:9.99M (Peak 11.30M) | Time:00:00.00 | Mem:0.14M, Peak:0.14M | Scene, ViewLayer | Updating Film
Fra:21 Mem:10.00M (Peak 11.30M) | Time:00:00.00 | Mem:0.06M, Peak:0.14M | Scene, ViewLayer | Updating Lookup Tables
Fra:21 Mem:10.00M (Peak 11.30M) | Time:00:00.00 | Mem:0.15M, Peak:0.15M | Scene, ViewLayer | Updating Baking
Fra:21 Mem:10.00M (Peak 11.30M) | Time:00:00.00 | Mem:0.15M, Peak:0.15M | Scene, ViewLayer | Updating Device | Writing constant memory
Fra:21 Mem:10.00M (Peak 11.30M) | Time:00:00.00 | Mem:0.15M, Peak:0.15M | Scene, ViewLayer | Sample 0/8
Fra:21 Mem:10.60M (Peak 11.30M) | Time:00:00.00 | Remaining:00:00.00 | Mem:0.71M, Peak:0.71M | Scene, ViewLayer | Sample 1/8
Fra:21 Mem:10.85M (Peak 11.30M) | Time:00:00.01 | Mem:0.71M, Peak:0.71M | Scene, ViewLayer | Sample 8/8
Fra:21 Mem:10.85M (Peak 11.30M) | Time:00:00.01 | Mem:0.71M, Peak:0.71M | Scene, ViewLayer | Finished
Saved: '/home/terence/Documents/Codex/2026-09-06/realtime-voice-chat-3/outputs/butterfly-method-comparison/blender/raw/view000_frame04.png'
Time: 00:00.01 (Saving: 00:00.00)

Fra:1 Mem:11.27M (Peak 11.27M) | Time:00:00.00 | Mem:0.00M, Peak:0.00M | Scene, ViewLayer | Synchronizing object | R forewing_border
Fra:1 Mem:11.27M (Peak 11.27M) | Time:00:00.00 | Mem:0.00M, Peak:0.00M | Scene, ViewLayer | Synchronizing object | R forewing_blue
Fra:1 Mem:11.28M (Peak 11.28M) | Time:00:00.00 | Mem:0.00M, Peak:0.00M | Scene, ViewLayer | Synchronizing object | R forewing_highlight
Fra:1 Mem:11.28M (Peak 11.28M) | Time:00:00.00 | Mem:0.00M, Peak:0.00M | Scene, ViewLayer | Synchronizing object | R forewing_cyan.001
Fra:1 Mem:11.28M (Peak 11.28M) | Time:00:00.00 | Mem:0.00M, Peak:0.00M | Scene, ViewLayer | Synchronizing object | R forewing_blue.001
Fra:1 Mem:11.28M (Peak 11.28M) | Time:00:00.00 | Mem:0.00M, Peak:0.00M | Scene, ViewLayer | Synchronizing object | R forewing_highlight.001
Fra:1 Mem:11.28M (Peak 11.28M) | Time:00:00.00 | Mem:0.00M, Peak:0.00M | Scene, ViewLayer | Synchronizing object | R hindwing_cyan
Fra:1 Mem:11.28M (Peak 11.28M) | Time:00:00.00 | Mem:0.00M, Peak:0.00M | Scene, ViewLayer | Synchronizing object | R hindwing_blue
Fra:1 Mem:11.28M (Peak 11.28M) | Time:00:00.00 | Mem:0.00M, Peak:0.00M | Scene, ViewLayer | Synchronizing object | R hindwing_cyan.001
Fra:1 Mem:11.28M (Peak 11.28M) | Time:00:00.00 | Mem:0.00M, Peak:0.00M | Scene, ViewLayer | Synchronizing object | R hindwing_blue.001
Fra:1 Mem:11.28M (Peak 11.28M) | Time:00:00.00 | Mem:0.00M, Peak:0.00M | Scene, ViewLayer | Synchronizing object | R hindwing_highlight.001
Fra:1 Mem:11.28M (Peak 11.28M) | Time:00:00.00 | Mem:0.00M, Peak:0.00M | Scene, ViewLayer | Synchronizing object | L forewing_border
Fra:1 Mem:11.28M (Peak 11.28M) | Time:00:00.00 | Mem:0.00M, Peak:0.00M | Scene, ViewLayer | Synchronizing object | L forewing_cyan
Fra:1 Mem:11.28M (Peak 11.28M) | Time:00:00.00 | Mem:0.00M, Peak:0.00M | Scene, ViewLayer | Synchronizing object | L forewing_highlight
Fra:1 Mem:11.29M (Peak 11.29M) | Time:00:00.00 | Mem:0.00M, Peak:0.00M | Scene, ViewLayer | Synchronizing object | L forewing_cyan.001
Fra:1 Mem:11.29M (Peak 11.29M) | Time:00:00.00 | Mem:0.00M, Peak:0.00M | Scene, ViewLayer | Synchronizing object | L forewing_blue.001
Fra:1 Mem:11.29M (Peak 11.29M) | Time:00:00.00 | Mem:0.00M, Peak:0.00M | Scene, ViewLayer | Synchronizing object | L forewing_highlight.001
Fra:1 Mem:11.29M (Peak 11.29M) | Time:00:00.00 | Mem:0.00M, Peak:0.00M | Scene, ViewLayer | Synchronizing object | L hindwing_cyan
Fra:1 Mem:11.29M (Peak 11.29M) | Time:00:00.00 | Mem:0.00M, Peak:0.00M | Scene, ViewLayer | Synchronizing object | L hindwing_blue
Fra:1 Mem:11.29M (Peak 11.29M) | Time:00:00.00 | Mem:0.00M, Peak:0.00M | Scene, ViewLayer | Synchronizing object | L hindwing_highlight
Fra:1 Mem:11.29M (Peak 11.29M) | Time:00:00.00 | Mem:0.00M, Peak:0.00M | Scene, ViewLayer | Synchronizing object | Antenna
Fra:1 Mem:11.29M (Peak 11.29M) | Time:00:00.00 | Mem:0.00M, Peak:0.00M | Scene, ViewLayer | Synchronizing object | L hindwing_highlight.001
Fra:1 Mem:11.29M (Peak 11.29M) | Time:00:00.00 | Mem:0.00M, Peak:0.00M | Scene, ViewLayer | Synchronizing object | Head
Fra:1 Mem:11.29M (Peak 11.29M) | Time:00:00.00 | Mem:0.00M, Peak:0.00M | Scene, ViewLayer | Synchronizing object | Abdomen
Fra:1 Mem:11.29M (Peak 11.29M) | Time:00:00.00 | Mem:0.00M, Peak:0.00M | Scene, ViewLayer | Synchronizing object | Thorax
Fra:1 Mem:11.30M (Peak 11.30M) | Time:00:00.00 | Mem:0.00M, Peak:0.00M | Scene, ViewLayer | Initializing
Fra:1 Mem:9.87M (Peak 11.30M) | Time:00:00.00 | Mem:0.00M, Peak:0.00M | Scene, ViewLayer | Waiting for render to start
Fra:1 Mem:9.87M (Peak 11.30M) | Time:00:00.00 | Mem:0.00M, Peak:0.00M | Scene, ViewLayer | Updating Scene
Fra:1 Mem:9.87M (Peak 11.30M) | Time:00:00.00 | Mem:0.00M, Peak:0.00M | Scene, ViewLayer | Updating Shaders
Fra:1 Mem:9.87M (Peak 11.30M) | Time:00:00.00 | Mem:0.00M, Peak:0.00M | Scene, ViewLayer | Loading render kernels (may take a few minutes the first time)
Fra:1 Mem:9.95M (Peak 11.30M) | Time:00:00.00 | Mem:0.00M, Peak:0.00M | Scene, ViewLayer | Updating Procedurals
Fra:1 Mem:9.95M (Peak 11.30M) | Time:00:00.00 | Mem:0.00M, Peak:0.00M | Scene, ViewLayer | Updating Background
Fra:1 Mem:9.95M (Peak 11.30M) | Time:00:00.00 | Mem:0.00M, Peak:0.00M | Scene, ViewLayer | Updating Camera
Fra:1 Mem:9.95M (Peak 11.30M) | Time:00:00.00 | Mem:0.00M, Peak:0.00M | Scene, ViewLayer | Updating Meshes Flags
Fra:1 Mem:9.95M (Peak 11.30M) | Time:00:00.00 | Mem:0.00M, Peak:0.00M | Scene, ViewLayer | Updating Objects
Fra:1 Mem:9.95M (Peak 11.30M) | Time:00:00.00 | Mem:0.00M, Peak:0.00M | Scene, ViewLayer | Updating Objects | Copying Transformations to device
Fra:1 Mem:9.96M (Peak 11.30M) | Time:00:00.00 | Mem:0.01M, Peak:0.01M | Scene, ViewLayer | Updating Particle Systems
Fra:1 Mem:9.96M (Peak 11.30M) | Time:00:00.00 | Mem:0.01M, Peak:0.01M | Scene, ViewLayer | Updating Particle Systems | Copying Particles to device
Fra:1 Mem:9.96M (Peak 11.30M) | Time:00:00.00 | Mem:0.01M, Peak:0.01M | Scene, ViewLayer | Updating Meshes
Fra:1 Mem:9.96M (Peak 11.30M) | Time:00:00.00 | Mem:0.01M, Peak:0.01M | Scene, ViewLayer | Updating Objects | Applying Static Transformations
Fra:1 Mem:9.96M (Peak 11.30M) | Time:00:00.00 | Mem:0.01M, Peak:0.01M | Scene, ViewLayer | Updating Mesh | Computing attributes
Fra:1 Mem:9.97M (Peak 11.30M) | Time:00:00.00 | Mem:0.01M, Peak:0.01M | Scene, ViewLayer | Updating Mesh | Copying Attributes to device
Fra:1 Mem:9.97M (Peak 11.30M) | Time:00:00.00 | Mem:0.02M, Peak:0.02M | Scene, ViewLayer | Updating Scene BVH | Building
Fra:1 Mem:9.97M (Peak 11.30M) | Time:00:00.00 | Mem:0.02M, Peak:0.02M | Scene, ViewLayer | Updating Scene BVH | Building BVH
Fra:1 Mem:9.97M (Peak 11.30M) | Time:00:00.00 | Mem:0.04M, Peak:0.04M | Scene, ViewLayer | Updating Scene BVH | Copying BVH to device
Fra:1 Mem:9.97M (Peak 11.30M) | Time:00:00.00 | Mem:0.04M, Peak:0.04M | Scene, ViewLayer | Updating Mesh | Computing normals
Fra:1 Mem:9.98M (Peak 11.30M) | Time:00:00.00 | Mem:0.04M, Peak:0.04M | Scene, ViewLayer | Updating Mesh | Copying Mesh to device
Fra:1 Mem:9.98M (Peak 11.30M) | Time:00:00.00 | Mem:0.05M, Peak:0.05M | Scene, ViewLayer | Updating Objects Flags
Fra:1 Mem:9.98M (Peak 11.30M) | Time:00:00.00 | Mem:0.05M, Peak:0.05M | Scene, ViewLayer | Updating Primitive Offsets
Fra:1 Mem:9.98M (Peak 11.30M) | Time:00:00.00 | Mem:0.05M, Peak:0.05M | Scene, ViewLayer | Updating Images
Fra:1 Mem:9.98M (Peak 11.30M) | Time:00:00.00 | Mem:0.05M, Peak:0.05M | Scene, ViewLayer | Updating Camera Volume
Fra:1 Mem:9.98M (Peak 11.30M) | Time:00:00.00 | Mem:0.05M, Peak:0.05M | Scene, ViewLayer | Updating Lookup Tables
Fra:1 Mem:9.98M (Peak 11.30M) | Time:00:00.00 | Mem:0.13M, Peak:0.13M | Scene, ViewLayer | Updating Lights
Fra:1 Mem:9.98M (Peak 11.30M) | Time:00:00.00 | Mem:0.13M, Peak:0.13M | Scene, ViewLayer | Updating Lights | Computing tree
Fra:1 Mem:9.99M (Peak 11.30M) | Time:00:00.00 | Mem:0.14M, Peak:0.14M | Scene, ViewLayer | Updating Integrator
Fra:1 Mem:9.99M (Peak 11.30M) | Time:00:00.00 | Mem:0.14M, Peak:0.14M | Scene, ViewLayer | Updating Film
Fra:1 Mem:9.99M (Peak 11.30M) | Time:00:00.00 | Mem:0.06M, Peak:0.14M | Scene, ViewLayer | Updating Lookup Tables
Fra:1 Mem:9.99M (Peak 11.30M) | Time:00:00.00 | Mem:0.14M, Peak:0.14M | Scene, ViewLayer | Updating Baking
Fra:1 Mem:9.99M (Peak 11.30M) | Time:00:00.00 | Mem:0.14M, Peak:0.14M | Scene, ViewLayer | Updating Device | Writing constant memory
Fra:1 Mem:10.00M (Peak 11.30M) | Time:00:00.00 | Mem:0.14M, Peak:0.14M | Scene, ViewLayer | Sample 0/8
Fra:1 Mem:10.60M (Peak 11.30M) | Time:00:00.00 | Remaining:00:00.00 | Mem:0.71M, Peak:0.71M | Scene, ViewLayer | Sample 1/8
Fra:1 Mem:10.85M (Peak 11.30M) | Time:00:00.01 | Mem:0.71M, Peak:0.71M | Scene, ViewLayer | Sample 8/8
Fra:1 Mem:10.85M (Peak 11.30M) | Time:00:00.01 | Mem:0.71M, Peak:0.71M | Scene, ViewLayer | Finished
Saved: '/home/terence/Documents/Codex/2026-09-06/realtime-voice-chat-3/outputs/butterfly-method-comparison/blender/raw/view045_frame00.png'
Time: 00:00.01 (Saving: 00:00.00)

Fra:6 Mem:11.27M (Peak 11.27M) | Time:00:00.00 | Mem:0.00M, Peak:0.00M | Scene, ViewLayer | Synchronizing object | R forewing_border
Fra:6 Mem:11.27M (Peak 11.27M) | Time:00:00.00 | Mem:0.00M, Peak:0.00M | Scene, ViewLayer | Synchronizing object | R forewing_blue
Fra:6 Mem:11.27M (Peak 11.27M) | Time:00:00.00 | Mem:0.00M, Peak:0.00M | Scene, ViewLayer | Synchronizing object | R forewing_highlight
Fra:6 Mem:11.28M (Peak 11.28M) | Time:00:00.00 | Mem:0.00M, Peak:0.00M | Scene, ViewLayer | Synchronizing object | R forewing_cyan.001
Fra:6 Mem:11.28M (Peak 11.28M) | Time:00:00.00 | Mem:0.00M, Peak:0.00M | Scene, ViewLayer | Synchronizing object | R forewing_highlight.001
Fra:6 Mem:11.28M (Peak 11.28M) | Time:00:00.00 | Mem:0.00M, Peak:0.00M | Scene, ViewLayer | Synchronizing object | R hindwing_border
Fra:6 Mem:11.28M (Peak 11.28M) | Time:00:00.00 | Mem:0.00M, Peak:0.00M | Scene, ViewLayer | Synchronizing object | R hindwing_cyan
Fra:6 Mem:11.28M (Peak 11.28M) | Time:00:00.00 | Mem:0.00M, Peak:0.00M | Scene, ViewLayer | Synchronizing object | R hindwing_blue
Fra:6 Mem:11.28M (Peak 11.28M) | Time:00:00.00 | Mem:0.00M, Peak:0.00M | Scene, ViewLayer | Synchronizing object | R hindwing_highlight
Fra:6 Mem:11.28M (Peak 11.28M) | Time:00:00.00 | Mem:0.00M, Peak:0.00M | Scene, ViewLayer | Synchronizing object | R hindwing_cyan.001
Fra:6 Mem:11.28M (Peak 11.28M) | Time:00:00.00 | Mem:0.00M, Peak:0.00M | Scene, ViewLayer | Synchronizing object | R hindwing_blue.001
Fra:6 Mem:11.28M (Peak 11.28M) | Time:00:00.00 | Mem:0.00M, Peak:0.00M | Scene, ViewLayer | Synchronizing object | L forewing_border
Fra:6 Mem:11.28M (Peak 11.28M) | Time:00:00.00 | Mem:0.00M, Peak:0.00M | Scene, ViewLayer | Synchronizing object | L forewing_cyan
Fra:6 Mem:11.28M (Peak 11.28M) | Time:00:00.00 | Mem:0.00M, Peak:0.00M | Scene, ViewLayer | Synchronizing object | L forewing_blue
Fra:6 Mem:11.28M (Peak 11.28M) | Time:00:00.00 | Mem:0.00M, Peak:0.00M | Scene, ViewLayer | Synchronizing object | L forewing_highlight
Fra:6 Mem:11.28M (Peak 11.28M) | Time:00:00.00 | Mem:0.00M, Peak:0.00M | Scene, ViewLayer | Synchronizing object | L forewing_cyan.001
Fra:6 Mem:11.29M (Peak 11.29M) | Time:00:00.00 | Mem:0.00M, Peak:0.00M | Scene, ViewLayer | Synchronizing object | L forewing_blue.001
Fra:6 Mem:11.29M (Peak 11.29M) | Time:00:00.00 | Mem:0.00M, Peak:0.00M | Scene, ViewLayer | Synchronizing object | L forewing_highlight.001
Fra:6 Mem:11.29M (Peak 11.29M) | Time:00:00.00 | Mem:0.00M, Peak:0.00M | Scene, ViewLayer | Synchronizing object | L hindwing_border
Fra:6 Mem:11.29M (Peak 11.29M) | Time:00:00.00 | Mem:0.00M, Peak:0.00M | Scene, ViewLayer | Synchronizing object | L hindwing_cyan
Fra:6 Mem:11.29M (Peak 11.29M) | Time:00:00.00 | Mem:0.00M, Peak:0.00M | Scene, ViewLayer | Synchronizing object | L hindwing_blue
Fra:6 Mem:11.29M (Peak 11.29M) | Time:00:00.00 | Mem:0.00M, Peak:0.00M | Scene, ViewLayer | Synchronizing object | L hindwing_cyan.001
Fra:6 Mem:11.29M (Peak 11.29M) | Time:00:00.00 | Mem:0.00M, Peak:0.00M | Scene, ViewLayer | Synchronizing object | L hindwing_blue.001
Fra:6 Mem:11.29M (Peak 11.29M) | Time:00:00.00 | Mem:0.00M, Peak:0.00M | Scene, ViewLayer | Synchronizing object | L hindwing_highlight.001
Fra:6 Mem:11.29M (Peak 11.29M) | Time:00:00.00 | Mem:0.00M, Peak:0.00M | Scene, ViewLayer | Synchronizing object | Abdomen
Fra:6 Mem:11.29M (Peak 11.29M) | Time:00:00.00 | Mem:0.00M, Peak:0.00M | Scene, ViewLayer | Synchronizing object | Thorax
Fra:6 Mem:11.29M (Peak 11.29M) | Time:00:00.00 | Mem:0.00M, Peak:0.00M | Scene, ViewLayer | Synchronizing object | Antenna.001
Fra:6 Mem:11.29M (Peak 11.29M) | Time:00:00.00 | Mem:0.00M, Peak:0.00M | Scene, ViewLayer | Synchronizing object | Antenna
Fra:6 Mem:11.30M (Peak 11.30M) | Time:00:00.00 | Mem:0.00M, Peak:0.00M | Scene, ViewLayer | Initializing
Fra:6 Mem:9.87M (Peak 11.30M) | Time:00:00.00 | Mem:0.00M, Peak:0.00M | Scene, ViewLayer | Waiting for render to start
Fra:6 Mem:9.87M (Peak 11.30M) | Time:00:00.00 | Mem:0.00M, Peak:0.00M | Scene, ViewLayer | Updating Scene
Fra:6 Mem:9.87M (Peak 11.30M) | Time:00:00.00 | Mem:0.00M, Peak:0.00M | Scene, ViewLayer | Updating Shaders
Fra:6 Mem:9.87M (Peak 11.30M) | Time:00:00.00 | Mem:0.00M, Peak:0.00M | Scene, ViewLayer | Loading render kernels (may take a few minutes the first time)
Fra:6 Mem:9.95M (Peak 11.30M) | Time:00:00.00 | Mem:0.00M, Peak:0.00M | Scene, ViewLayer | Updating Procedurals
Fra:6 Mem:9.95M (Peak 11.30M) | Time:00:00.00 | Mem:0.00M, Peak:0.00M | Scene, ViewLayer | Updating Background
Fra:6 Mem:9.95M (Peak 11.30M) | Time:00:00.00 | Mem:0.00M, Peak:0.00M | Scene, ViewLayer | Updating Camera
Fra:6 Mem:9.95M (Peak 11.30M) | Time:00:00.00 | Mem:0.00M, Peak:0.00M | Scene, ViewLayer | Updating Meshes Flags
Fra:6 Mem:9.95M (Peak 11.30M) | Time:00:00.00 | Mem:0.00M, Peak:0.00M | Scene, ViewLayer | Updating Objects
Fra:6 Mem:9.95M (Peak 11.30M) | Time:00:00.00 | Mem:0.00M, Peak:0.00M | Scene, ViewLayer | Updating Objects | Copying Transformations to device
Fra:6 Mem:9.96M (Peak 11.30M) | Time:00:00.00 | Mem:0.01M, Peak:0.01M | Scene, ViewLayer | Updating Particle Systems
Fra:6 Mem:9.96M (Peak 11.30M) | Time:00:00.00 | Mem:0.01M, Peak:0.01M | Scene, ViewLayer | Updating Particle Systems | Copying Particles to device
Fra:6 Mem:9.96M (Peak 11.30M) | Time:00:00.00 | Mem:0.01M, Peak:0.01M | Scene, ViewLayer | Updating Meshes
Fra:6 Mem:9.96M (Peak 11.30M) | Time:00:00.00 | Mem:0.01M, Peak:0.01M | Scene, ViewLayer | Updating Objects | Applying Static Transformations
Fra:6 Mem:9.96M (Peak 11.30M) | Time:00:00.00 | Mem:0.01M, Peak:0.01M | Scene, ViewLayer | Updating Mesh | Computing attributes
Fra:6 Mem:9.97M (Peak 11.30M) | Time:00:00.00 | Mem:0.01M, Peak:0.01M | Scene, ViewLayer | Updating Mesh | Copying Attributes to device
Fra:6 Mem:9.97M (Peak 11.30M) | Time:00:00.00 | Mem:0.02M, Peak:0.02M | Scene, ViewLayer | Updating Scene BVH | Building
Fra:6 Mem:9.97M (Peak 11.30M) | Time:00:00.00 | Mem:0.02M, Peak:0.02M | Scene, ViewLayer | Updating Scene BVH | Building BVH
Fra:6 Mem:9.97M (Peak 11.30M) | Time:00:00.00 | Mem:0.04M, Peak:0.04M | Scene, ViewLayer | Updating Scene BVH | Copying BVH to device
Fra:6 Mem:9.97M (Peak 11.30M) | Time:00:00.00 | Mem:0.04M, Peak:0.04M | Scene, ViewLayer | Updating Mesh | Computing normals
Fra:6 Mem:9.98M (Peak 11.30M) | Time:00:00.00 | Mem:0.04M, Peak:0.04M | Scene, ViewLayer | Updating Mesh | Copying Mesh to device
Fra:6 Mem:9.98M (Peak 11.30M) | Time:00:00.00 | Mem:0.05M, Peak:0.05M | Scene, ViewLayer | Updating Objects Flags
Fra:6 Mem:9.98M (Peak 11.30M) | Time:00:00.00 | Mem:0.05M, Peak:0.05M | Scene, ViewLayer | Updating Primitive Offsets
Fra:6 Mem:9.98M (Peak 11.30M) | Time:00:00.00 | Mem:0.05M, Peak:0.05M | Scene, ViewLayer | Updating Images
Fra:6 Mem:9.98M (Peak 11.30M) | Time:00:00.00 | Mem:0.05M, Peak:0.05M | Scene, ViewLayer | Updating Camera Volume
Fra:6 Mem:9.98M (Peak 11.30M) | Time:00:00.00 | Mem:0.05M, Peak:0.05M | Scene, ViewLayer | Updating Lookup Tables
Fra:6 Mem:9.98M (Peak 11.30M) | Time:00:00.00 | Mem:0.13M, Peak:0.13M | Scene, ViewLayer | Updating Lights
Fra:6 Mem:9.98M (Peak 11.30M) | Time:00:00.00 | Mem:0.13M, Peak:0.13M | Scene, ViewLayer | Updating Lights | Computing tree
Fra:6 Mem:9.99M (Peak 11.30M) | Time:00:00.00 | Mem:0.14M, Peak:0.14M | Scene, ViewLayer | Updating Integrator
Fra:6 Mem:9.99M (Peak 11.30M) | Time:00:00.00 | Mem:0.14M, Peak:0.14M | Scene, ViewLayer | Updating Film
Fra:6 Mem:10.00M (Peak 11.30M) | Time:00:00.00 | Mem:0.06M, Peak:0.14M | Scene, ViewLayer | Updating Lookup Tables
Fra:6 Mem:10.00M (Peak 11.30M) | Time:00:00.00 | Mem:0.15M, Peak:0.15M | Scene, ViewLayer | Updating Baking
Fra:6 Mem:10.00M (Peak 11.30M) | Time:00:00.00 | Mem:0.15M, Peak:0.15M | Scene, ViewLayer | Updating Device | Writing constant memory
Fra:6 Mem:10.00M (Peak 11.30M) | Time:00:00.00 | Mem:0.15M, Peak:0.15M | Scene, ViewLayer | Sample 0/8
Fra:6 Mem:10.60M (Peak 11.30M) | Time:00:00.00 | Remaining:00:00.01 | Mem:0.71M, Peak:0.71M | Scene, ViewLayer | Sample 1/8
Fra:6 Mem:10.85M (Peak 11.30M) | Time:00:00.01 | Mem:0.71M, Peak:0.71M | Scene, ViewLayer | Sample 8/8
Fra:6 Mem:10.85M (Peak 11.30M) | Time:00:00.01 | Mem:0.71M, Peak:0.71M | Scene, ViewLayer | Finished
Saved: '/home/terence/Documents/Codex/2026-09-06/realtime-voice-chat-3/outputs/butterfly-method-comparison/blender/raw/view045_frame01.png'
Time: 00:00.01 (Saving: 00:00.00)

Fra:11 Mem:11.27M (Peak 11.27M) | Time:00:00.00 | Mem:0.00M, Peak:0.00M | Scene, ViewLayer | Synchronizing object | R forewing_border
Fra:11 Mem:11.27M (Peak 11.27M) | Time:00:00.00 | Mem:0.00M, Peak:0.00M | Scene, ViewLayer | Synchronizing object | R forewing_blue
Fra:11 Mem:11.28M (Peak 11.28M) | Time:00:00.00 | Mem:0.00M, Peak:0.00M | Scene, ViewLayer | Synchronizing object | R forewing_highlight
Fra:11 Mem:11.28M (Peak 11.28M) | Time:00:00.00 | Mem:0.00M, Peak:0.00M | Scene, ViewLayer | Synchronizing object | R forewing_blue.001
Fra:11 Mem:11.28M (Peak 11.28M) | Time:00:00.00 | Mem:0.00M, Peak:0.00M | Scene, ViewLayer | Synchronizing object | R forewing_highlight.001
Fra:11 Mem:11.28M (Peak 11.28M) | Time:00:00.00 | Mem:0.00M, Peak:0.00M | Scene, ViewLayer | Synchronizing object | R hindwing_border
Fra:11 Mem:11.28M (Peak 11.28M) | Time:00:00.00 | Mem:0.00M, Peak:0.00M | Scene, ViewLayer | Synchronizing object | R hindwing_cyan
Fra:11 Mem:11.28M (Peak 11.28M) | Time:00:00.00 | Mem:0.00M, Peak:0.00M | Scene, ViewLayer | Synchronizing object | R hindwing_blue
Fra:11 Mem:11.28M (Peak 11.28M) | Time:00:00.00 | Mem:0.00M, Peak:0.00M | Scene, ViewLayer | Synchronizing object | R hindwing_highlight
Fra:11 Mem:11.28M (Peak 11.28M) | Time:00:00.00 | Mem:0.00M, Peak:0.00M | Scene, ViewLayer | Synchronizing object | R hindwing_cyan.001
Fra:11 Mem:11.28M (Peak 11.28M) | Time:00:00.00 | Mem:0.00M, Peak:0.00M | Scene, ViewLayer | Synchronizing object | R hindwing_blue.001
Fra:11 Mem:11.28M (Peak 11.28M) | Time:00:00.00 | Mem:0.00M, Peak:0.00M | Scene, ViewLayer | Synchronizing object | R hindwing_highlight.001
Fra:11 Mem:11.29M (Peak 11.29M) | Time:00:00.00 | Mem:0.00M, Peak:0.00M | Scene, ViewLayer | Synchronizing object | L forewing_border
Fra:11 Mem:11.29M (Peak 11.29M) | Time:00:00.00 | Mem:0.00M, Peak:0.00M | Scene, ViewLayer | Synchronizing object | L forewing_cyan
Fra:11 Mem:11.29M (Peak 11.29M) | Time:00:00.00 | Mem:0.00M, Peak:0.00M | Scene, ViewLayer | Synchronizing object | L forewing_blue
Fra:11 Mem:11.29M (Peak 11.29M) | Time:00:00.00 | Mem:0.00M, Peak:0.00M | Scene, ViewLayer | Synchronizing object | L forewing_highlight
Fra:11 Mem:11.29M (Peak 11.29M) | Time:00:00.00 | Mem:0.00M, Peak:0.00M | Scene, ViewLayer | Synchronizing object | L forewing_cyan.001
Fra:11 Mem:11.29M (Peak 11.29M) | Time:00:00.00 | Mem:0.00M, Peak:0.00M | Scene, ViewLayer | Synchronizing object | L forewing_blue.001
Fra:11 Mem:11.29M (Peak 11.29M) | Time:00:00.00 | Mem:0.00M, Peak:0.00M | Scene, ViewLayer | Synchronizing object | L forewing_highlight.001
Fra:11 Mem:11.29M (Peak 11.29M) | Time:00:00.00 | Mem:0.00M, Peak:0.00M | Scene, ViewLayer | Synchronizing object | L hindwing_border
Fra:11 Mem:11.29M (Peak 11.29M) | Time:00:00.00 | Mem:0.00M, Peak:0.00M | Scene, ViewLayer | Synchronizing object | L hindwing_cyan
Fra:11 Mem:11.29M (Peak 11.29M) | Time:00:00.00 | Mem:0.00M, Peak:0.00M | Scene, ViewLayer | Synchronizing object | Head
Fra:11 Mem:11.29M (Peak 11.29M) | Time:00:00.00 | Mem:0.00M, Peak:0.00M | Scene, ViewLayer | Synchronizing object | L hindwing_highlight
Fra:11 Mem:11.29M (Peak 11.29M) | Time:00:00.00 | Mem:0.00M, Peak:0.00M | Scene, ViewLayer | Synchronizing object | L hindwing_cyan.001
Fra:11 Mem:11.29M (Peak 11.29M) | Time:00:00.00 | Mem:0.00M, Peak:0.00M | Scene, ViewLayer | Synchronizing object | Thorax
Fra:11 Mem:11.29M (Peak 11.29M) | Time:00:00.00 | Mem:0.00M, Peak:0.00M | Scene, ViewLayer | Synchronizing object | Abdomen
Fra:11 Mem:11.30M (Peak 11.30M) | Time:00:00.00 | Mem:0.00M, Peak:0.00M | Scene, ViewLayer | Initializing
Fra:11 Mem:9.87M (Peak 11.30M) | Time:00:00.00 | Mem:0.00M, Peak:0.00M | Scene, ViewLayer | Waiting for render to start
Fra:11 Mem:9.87M (Peak 11.30M) | Time:00:00.00 | Mem:0.00M, Peak:0.00M | Scene, ViewLayer | Updating Scene
Fra:11 Mem:9.87M (Peak 11.30M) | Time:00:00.00 | Mem:0.00M, Peak:0.00M | Scene, ViewLayer | Updating Shaders
Fra:11 Mem:9.87M (Peak 11.30M) | Time:00:00.00 | Mem:0.00M, Peak:0.00M | Scene, ViewLayer | Loading render kernels (may take a few minutes the first time)
Fra:11 Mem:9.95M (Peak 11.30M) | Time:00:00.00 | Mem:0.00M, Peak:0.00M | Scene, ViewLayer | Updating Procedurals
Fra:11 Mem:9.95M (Peak 11.30M) | Time:00:00.00 | Mem:0.00M, Peak:0.00M | Scene, ViewLayer | Updating Background
Fra:11 Mem:9.95M (Peak 11.30M) | Time:00:00.00 | Mem:0.00M, Peak:0.00M | Scene, ViewLayer | Updating Camera
Fra:11 Mem:9.95M (Peak 11.30M) | Time:00:00.00 | Mem:0.00M, Peak:0.00M | Scene, ViewLayer | Updating Meshes Flags
Fra:11 Mem:9.95M (Peak 11.30M) | Time:00:00.00 | Mem:0.00M, Peak:0.00M | Scene, ViewLayer | Updating Objects
Fra:11 Mem:9.95M (Peak 11.30M) | Time:00:00.00 | Mem:0.00M, Peak:0.00M | Scene, ViewLayer | Updating Objects | Copying Transformations to device
Fra:11 Mem:9.96M (Peak 11.30M) | Time:00:00.00 | Mem:0.01M, Peak:0.01M | Scene, ViewLayer | Updating Particle Systems
Fra:11 Mem:9.96M (Peak 11.30M) | Time:00:00.00 | Mem:0.01M, Peak:0.01M | Scene, ViewLayer | Updating Particle Systems | Copying Particles to device
Fra:11 Mem:9.96M (Peak 11.30M) | Time:00:00.00 | Mem:0.01M, Peak:0.01M | Scene, ViewLayer | Updating Meshes
Fra:11 Mem:9.96M (Peak 11.30M) | Time:00:00.00 | Mem:0.01M, Peak:0.01M | Scene, ViewLayer | Updating Objects | Applying Static Transformations
Fra:11 Mem:9.96M (Peak 11.30M) | Time:00:00.00 | Mem:0.01M, Peak:0.01M | Scene, ViewLayer | Updating Mesh | Computing attributes
Fra:11 Mem:9.97M (Peak 11.30M) | Time:00:00.00 | Mem:0.01M, Peak:0.01M | Scene, ViewLayer | Updating Mesh | Copying Attributes to device
Fra:11 Mem:9.97M (Peak 11.30M) | Time:00:00.00 | Mem:0.02M, Peak:0.02M | Scene, ViewLayer | Updating Scene BVH | Building
Fra:11 Mem:9.97M (Peak 11.30M) | Time:00:00.00 | Mem:0.02M, Peak:0.02M | Scene, ViewLayer | Updating Scene BVH | Building BVH
Fra:11 Mem:9.97M (Peak 11.30M) | Time:00:00.00 | Mem:0.04M, Peak:0.04M | Scene, ViewLayer | Updating Scene BVH | Copying BVH to device
Fra:11 Mem:9.97M (Peak 11.30M) | Time:00:00.00 | Mem:0.04M, Peak:0.04M | Scene, ViewLayer | Updating Mesh | Computing normals
Fra:11 Mem:9.98M (Peak 11.30M) | Time:00:00.00 | Mem:0.04M, Peak:0.04M | Scene, ViewLayer | Updating Mesh | Copying Mesh to device
Fra:11 Mem:9.98M (Peak 11.30M) | Time:00:00.00 | Mem:0.05M, Peak:0.05M | Scene, ViewLayer | Updating Objects Flags
Fra:11 Mem:9.98M (Peak 11.30M) | Time:00:00.00 | Mem:0.05M, Peak:0.05M | Scene, ViewLayer | Updating Primitive Offsets
Fra:11 Mem:9.98M (Peak 11.30M) | Time:00:00.00 | Mem:0.05M, Peak:0.05M | Scene, ViewLayer | Updating Images
Fra:11 Mem:9.98M (Peak 11.30M) | Time:00:00.00 | Mem:0.05M, Peak:0.05M | Scene, ViewLayer | Updating Camera Volume
Fra:11 Mem:9.98M (Peak 11.30M) | Time:00:00.00 | Mem:0.05M, Peak:0.05M | Scene, ViewLayer | Updating Lookup Tables
Fra:11 Mem:9.98M (Peak 11.30M) | Time:00:00.00 | Mem:0.13M, Peak:0.13M | Scene, ViewLayer | Updating Lights
Fra:11 Mem:9.98M (Peak 11.30M) | Time:00:00.00 | Mem:0.13M, Peak:0.13M | Scene, ViewLayer | Updating Lights | Computing tree
Fra:11 Mem:9.99M (Peak 11.30M) | Time:00:00.00 | Mem:0.14M, Peak:0.14M | Scene, ViewLayer | Updating Integrator
Fra:11 Mem:9.99M (Peak 11.30M) | Time:00:00.00 | Mem:0.14M, Peak:0.14M | Scene, ViewLayer | Updating Film
Fra:11 Mem:10.00M (Peak 11.30M) | Time:00:00.00 | Mem:0.06M, Peak:0.14M | Scene, ViewLayer | Updating Lookup Tables
Fra:11 Mem:10.00M (Peak 11.30M) | Time:00:00.00 | Mem:0.15M, Peak:0.15M | Scene, ViewLayer | Updating Baking
Fra:11 Mem:10.00M (Peak 11.30M) | Time:00:00.00 | Mem:0.15M, Peak:0.15M | Scene, ViewLayer | Updating Device | Writing constant memory
Fra:11 Mem:10.00M (Peak 11.30M) | Time:00:00.00 | Mem:0.15M, Peak:0.15M | Scene, ViewLayer | Sample 0/8
Fra:11 Mem:10.60M (Peak 11.30M) | Time:00:00.00 | Remaining:00:00.00 | Mem:0.71M, Peak:0.71M | Scene, ViewLayer | Sample 1/8
Fra:11 Mem:10.85M (Peak 11.30M) | Time:00:00.01 | Mem:0.71M, Peak:0.71M | Scene, ViewLayer | Sample 8/8
Fra:11 Mem:10.85M (Peak 11.30M) | Time:00:00.01 | Mem:0.71M, Peak:0.71M | Scene, ViewLayer | Finished
Saved: '/home/terence/Documents/Codex/2026-09-06/realtime-voice-chat-3/outputs/butterfly-method-comparison/blender/raw/view045_frame02.png'
Time: 00:00.01 (Saving: 00:00.00)

Fra:16 Mem:11.27M (Peak 11.27M) | Time:00:00.00 | Mem:0.00M, Peak:0.00M | Scene, ViewLayer | Synchronizing object | R forewing_border
Fra:16 Mem:11.27M (Peak 11.27M) | Time:00:00.00 | Mem:0.00M, Peak:0.00M | Scene, ViewLayer | Synchronizing object | R forewing_blue
Fra:16 Mem:11.27M (Peak 11.27M) | Time:00:00.00 | Mem:0.00M, Peak:0.00M | Scene, ViewLayer | Synchronizing object | R forewing_highlight
Fra:16 Mem:11.28M (Peak 11.28M) | Time:00:00.00 | Mem:0.00M, Peak:0.00M | Scene, ViewLayer | Synchronizing object | R forewing_cyan.001
Fra:16 Mem:11.28M (Peak 11.28M) | Time:00:00.00 | Mem:0.00M, Peak:0.00M | Scene, ViewLayer | Synchronizing object | R forewing_highlight.001
Fra:16 Mem:11.28M (Peak 11.28M) | Time:00:00.00 | Mem:0.00M, Peak:0.00M | Scene, ViewLayer | Synchronizing object | R hindwing_border
Fra:16 Mem:11.28M (Peak 11.28M) | Time:00:00.00 | Mem:0.00M, Peak:0.00M | Scene, ViewLayer | Synchronizing object | R hindwing_cyan
Fra:16 Mem:11.28M (Peak 11.28M) | Time:00:00.00 | Mem:0.00M, Peak:0.00M | Scene, ViewLayer | Synchronizing object | R hindwing_blue
Fra:16 Mem:11.28M (Peak 11.28M) | Time:00:00.00 | Mem:0.00M, Peak:0.00M | Scene, ViewLayer | Synchronizing object | R hindwing_cyan.001
Fra:16 Mem:11.28M (Peak 11.28M) | Time:00:00.00 | Mem:0.00M, Peak:0.00M | Scene, ViewLayer | Synchronizing object | R hindwing_blue.001
Fra:16 Mem:11.28M (Peak 11.28M) | Time:00:00.00 | Mem:0.00M, Peak:0.00M | Scene, ViewLayer | Synchronizing object | R hindwing_highlight.001
Fra:16 Mem:11.29M (Peak 11.29M) | Time:00:00.00 | Mem:0.00M, Peak:0.00M | Scene, ViewLayer | Synchronizing object | L forewing_cyan
Fra:16 Mem:11.29M (Peak 11.29M) | Time:00:00.00 | Mem:0.00M, Peak:0.00M | Scene, ViewLayer | Synchronizing object | L forewing_blue
Fra:16 Mem:11.29M (Peak 11.29M) | Time:00:00.00 | Mem:0.00M, Peak:0.00M | Scene, ViewLayer | Synchronizing object | Antenna.001
Fra:16 Mem:11.29M (Peak 11.29M) | Time:00:00.00 | Mem:0.00M, Peak:0.00M | Scene, ViewLayer | Synchronizing object | L forewing_cyan.001
Fra:16 Mem:11.29M (Peak 11.29M) | Time:00:00.00 | Mem:0.00M, Peak:0.00M | Scene, ViewLayer | Synchronizing object | L forewing_blue.001
Fra:16 Mem:11.29M (Peak 11.29M) | Time:00:00.00 | Mem:0.00M, Peak:0.00M | Scene, ViewLayer | Synchronizing object | L forewing_highlight.001
Fra:16 Mem:11.29M (Peak 11.29M) | Time:00:00.00 | Mem:0.00M, Peak:0.00M | Scene, ViewLayer | Synchronizing object | L hindwing_border
Fra:16 Mem:11.29M (Peak 11.29M) | Time:00:00.00 | Mem:0.00M, Peak:0.00M | Scene, ViewLayer | Synchronizing object | L hindwing_blue
Fra:16 Mem:11.29M (Peak 11.29M) | Time:00:00.00 | Mem:0.00M, Peak:0.00M | Scene, ViewLayer | Synchronizing object | Antenna
Fra:16 Mem:11.29M (Peak 11.29M) | Time:00:00.00 | Mem:0.00M, Peak:0.00M | Scene, ViewLayer | Synchronizing object | L hindwing_blue.001
Fra:16 Mem:11.29M (Peak 11.29M) | Time:00:00.00 | Mem:0.00M, Peak:0.00M | Scene, ViewLayer | Synchronizing object | Head
Fra:16 Mem:11.29M (Peak 11.29M) | Time:00:00.00 | Mem:0.00M, Peak:0.00M | Scene, ViewLayer | Synchronizing object | Thorax
Fra:16 Mem:11.30M (Peak 11.30M) | Time:00:00.00 | Mem:0.00M, Peak:0.00M | Scene, ViewLayer | Initializing
Fra:16 Mem:9.87M (Peak 11.30M) | Time:00:00.00 | Mem:0.00M, Peak:0.00M | Scene, ViewLayer | Waiting for render to start
Fra:16 Mem:9.87M (Peak 11.30M) | Time:00:00.00 | Mem:0.00M, Peak:0.00M | Scene, ViewLayer | Updating Scene
Fra:16 Mem:9.87M (Peak 11.30M) | Time:00:00.00 | Mem:0.00M, Peak:0.00M | Scene, ViewLayer | Updating Shaders
Fra:16 Mem:9.87M (Peak 11.30M) | Time:00:00.00 | Mem:0.00M, Peak:0.00M | Scene, ViewLayer | Loading render kernels (may take a few minutes the first time)
Fra:16 Mem:9.95M (Peak 11.30M) | Time:00:00.00 | Mem:0.00M, Peak:0.00M | Scene, ViewLayer | Updating Procedurals
Fra:16 Mem:9.95M (Peak 11.30M) | Time:00:00.00 | Mem:0.00M, Peak:0.00M | Scene, ViewLayer | Updating Background
Fra:16 Mem:9.95M (Peak 11.30M) | Time:00:00.00 | Mem:0.00M, Peak:0.00M | Scene, ViewLayer | Updating Camera
Fra:16 Mem:9.95M (Peak 11.30M) | Time:00:00.00 | Mem:0.00M, Peak:0.00M | Scene, ViewLayer | Updating Meshes Flags
Fra:16 Mem:9.95M (Peak 11.30M) | Time:00:00.00 | Mem:0.00M, Peak:0.00M | Scene, ViewLayer | Updating Objects
Fra:16 Mem:9.95M (Peak 11.30M) | Time:00:00.00 | Mem:0.00M, Peak:0.00M | Scene, ViewLayer | Updating Objects | Copying Transformations to device
Fra:16 Mem:9.96M (Peak 11.30M) | Time:00:00.00 | Mem:0.01M, Peak:0.01M | Scene, ViewLayer | Updating Particle Systems
Fra:16 Mem:9.96M (Peak 11.30M) | Time:00:00.00 | Mem:0.01M, Peak:0.01M | Scene, ViewLayer | Updating Particle Systems | Copying Particles to device
Fra:16 Mem:9.96M (Peak 11.30M) | Time:00:00.00 | Mem:0.01M, Peak:0.01M | Scene, ViewLayer | Updating Meshes
Fra:16 Mem:9.96M (Peak 11.30M) | Time:00:00.00 | Mem:0.01M, Peak:0.01M | Scene, ViewLayer | Updating Objects | Applying Static Transformations
Fra:16 Mem:9.96M (Peak 11.30M) | Time:00:00.00 | Mem:0.01M, Peak:0.01M | Scene, ViewLayer | Updating Mesh | Computing attributes
Fra:16 Mem:9.97M (Peak 11.30M) | Time:00:00.00 | Mem:0.01M, Peak:0.01M | Scene, ViewLayer | Updating Mesh | Copying Attributes to device
Fra:16 Mem:9.97M (Peak 11.30M) | Time:00:00.00 | Mem:0.02M, Peak:0.02M | Scene, ViewLayer | Updating Scene BVH | Building
Fra:16 Mem:9.97M (Peak 11.30M) | Time:00:00.00 | Mem:0.02M, Peak:0.02M | Scene, ViewLayer | Updating Scene BVH | Building BVH
Fra:16 Mem:9.97M (Peak 11.30M) | Time:00:00.00 | Mem:0.04M, Peak:0.04M | Scene, ViewLayer | Updating Scene BVH | Copying BVH to device
Fra:16 Mem:9.97M (Peak 11.30M) | Time:00:00.00 | Mem:0.04M, Peak:0.04M | Scene, ViewLayer | Updating Mesh | Computing normals
Fra:16 Mem:9.98M (Peak 11.30M) | Time:00:00.00 | Mem:0.04M, Peak:0.04M | Scene, ViewLayer | Updating Mesh | Copying Mesh to device
Fra:16 Mem:9.98M (Peak 11.30M) | Time:00:00.00 | Mem:0.05M, Peak:0.05M | Scene, ViewLayer | Updating Objects Flags
Fra:16 Mem:9.98M (Peak 11.30M) | Time:00:00.00 | Mem:0.05M, Peak:0.05M | Scene, ViewLayer | Updating Primitive Offsets
Fra:16 Mem:9.98M (Peak 11.30M) | Time:00:00.00 | Mem:0.05M, Peak:0.05M | Scene, ViewLayer | Updating Images
Fra:16 Mem:9.98M (Peak 11.30M) | Time:00:00.00 | Mem:0.05M, Peak:0.05M | Scene, ViewLayer | Updating Camera Volume
Fra:16 Mem:9.98M (Peak 11.30M) | Time:00:00.00 | Mem:0.05M, Peak:0.05M | Scene, ViewLayer | Updating Lookup Tables
Fra:16 Mem:9.98M (Peak 11.30M) | Time:00:00.00 | Mem:0.13M, Peak:0.13M | Scene, ViewLayer | Updating Lights
Fra:16 Mem:9.98M (Peak 11.30M) | Time:00:00.00 | Mem:0.13M, Peak:0.13M | Scene, ViewLayer | Updating Lights | Computing tree
Fra:16 Mem:9.99M (Peak 11.30M) | Time:00:00.00 | Mem:0.14M, Peak:0.14M | Scene, ViewLayer | Updating Integrator
Fra:16 Mem:9.99M (Peak 11.30M) | Time:00:00.00 | Mem:0.14M, Peak:0.14M | Scene, ViewLayer | Updating Film
Fra:16 Mem:10.00M (Peak 11.30M) | Time:00:00.00 | Mem:0.06M, Peak:0.14M | Scene, ViewLayer | Updating Lookup Tables
Fra:16 Mem:10.00M (Peak 11.30M) | Time:00:00.00 | Mem:0.15M, Peak:0.15M | Scene, ViewLayer | Updating Baking
Fra:16 Mem:10.00M (Peak 11.30M) | Time:00:00.00 | Mem:0.15M, Peak:0.15M | Scene, ViewLayer | Updating Device | Writing constant memory
Fra:16 Mem:10.00M (Peak 11.30M) | Time:00:00.00 | Mem:0.15M, Peak:0.15M | Scene, ViewLayer | Sample 0/8
Fra:16 Mem:10.60M (Peak 11.30M) | Time:00:00.00 | Remaining:00:00.01 | Mem:0.71M, Peak:0.71M | Scene, ViewLayer | Sample 1/8
Fra:16 Mem:10.85M (Peak 11.30M) | Time:00:00.01 | Mem:0.71M, Peak:0.71M | Scene, ViewLayer | Sample 8/8
Fra:16 Mem:10.85M (Peak 11.30M) | Time:00:00.01 | Mem:0.71M, Peak:0.71M | Scene, ViewLayer | Finished
Saved: '/home/terence/Documents/Codex/2026-09-06/realtime-voice-chat-3/outputs/butterfly-method-comparison/blender/raw/view045_frame03.png'
Time: 00:00.01 (Saving: 00:00.00)

Fra:21 Mem:11.27M (Peak 11.27M) | Time:00:00.00 | Mem:0.00M, Peak:0.00M | Scene, ViewLayer | Synchronizing object | R forewing_border
Fra:21 Mem:11.27M (Peak 11.27M) | Time:00:00.00 | Mem:0.00M, Peak:0.00M | Scene, ViewLayer | Synchronizing object | R forewing_cyan
Fra:21 Mem:11.28M (Peak 11.28M) | Time:00:00.00 | Mem:0.00M, Peak:0.00M | Scene, ViewLayer | Synchronizing object | R forewing_blue
Fra:21 Mem:11.28M (Peak 11.28M) | Time:00:00.00 | Mem:0.00M, Peak:0.00M | Scene, ViewLayer | Synchronizing object | R forewing_highlight
Fra:21 Mem:11.28M (Peak 11.28M) | Time:00:00.00 | Mem:0.00M, Peak:0.00M | Scene, ViewLayer | Synchronizing object | R forewing_cyan.001
Fra:21 Mem:11.28M (Peak 11.28M) | Time:00:00.00 | Mem:0.00M, Peak:0.00M | Scene, ViewLayer | Synchronizing object | R forewing_highlight.001
Fra:21 Mem:11.28M (Peak 11.28M) | Time:00:00.00 | Mem:0.00M, Peak:0.00M | Scene, ViewLayer | Synchronizing object | R hindwing_border
Fra:21 Mem:11.28M (Peak 11.28M) | Time:00:00.00 | Mem:0.00M, Peak:0.00M | Scene, ViewLayer | Synchronizing object | R hindwing_cyan
Fra:21 Mem:11.28M (Peak 11.28M) | Time:00:00.00 | Mem:0.00M, Peak:0.00M | Scene, ViewLayer | Synchronizing object | R hindwing_blue
Fra:21 Mem:11.28M (Peak 11.28M) | Time:00:00.00 | Mem:0.00M, Peak:0.00M | Scene, ViewLayer | Synchronizing object | R hindwing_highlight
Fra:21 Mem:11.28M (Peak 11.28M) | Time:00:00.00 | Mem:0.00M, Peak:0.00M | Scene, ViewLayer | Synchronizing object | R hindwing_cyan.001
Fra:21 Mem:11.28M (Peak 11.28M) | Time:00:00.00 | Mem:0.00M, Peak:0.00M | Scene, ViewLayer | Synchronizing object | R hindwing_blue.001
Fra:21 Mem:11.28M (Peak 11.28M) | Time:00:00.00 | Mem:0.00M, Peak:0.00M | Scene, ViewLayer | Synchronizing object | R hindwing_highlight.001
Fra:21 Mem:11.29M (Peak 11.29M) | Time:00:00.00 | Mem:0.00M, Peak:0.00M | Scene, ViewLayer | Synchronizing object | L forewing_border
Fra:21 Mem:11.29M (Peak 11.29M) | Time:00:00.00 | Mem:0.00M, Peak:0.00M | Scene, ViewLayer | Synchronizing object | L forewing_blue
Fra:21 Mem:11.29M (Peak 11.29M) | Time:00:00.00 | Mem:0.00M, Peak:0.00M | Scene, ViewLayer | Synchronizing object | L forewing_highlight
Fra:21 Mem:11.29M (Peak 11.29M) | Time:00:00.00 | Mem:0.00M, Peak:0.00M | Scene, ViewLayer | Synchronizing object | L forewing_cyan.001
Fra:21 Mem:11.29M (Peak 11.29M) | Time:00:00.00 | Mem:0.00M, Peak:0.00M | Scene, ViewLayer | Synchronizing object | L forewing_highlight.001
Fra:21 Mem:11.29M (Peak 11.29M) | Time:00:00.00 | Mem:0.00M, Peak:0.00M | Scene, ViewLayer | Synchronizing object | L hindwing_border
Fra:21 Mem:11.29M (Peak 11.29M) | Time:00:00.00 | Mem:0.00M, Peak:0.00M | Scene, ViewLayer | Synchronizing object | Head
Fra:21 Mem:11.29M (Peak 11.29M) | Time:00:00.00 | Mem:0.00M, Peak:0.00M | Scene, ViewLayer | Synchronizing object | Thorax
Fra:21 Mem:11.29M (Peak 11.29M) | Time:00:00.00 | Mem:0.00M, Peak:0.00M | Scene, ViewLayer | Synchronizing object | Abdomen
Fra:21 Mem:11.29M (Peak 11.29M) | Time:00:00.00 | Mem:0.00M, Peak:0.00M | Scene, ViewLayer | Synchronizing object | L hindwing_highlight.001
Fra:21 Mem:11.29M (Peak 11.29M) | Time:00:00.00 | Mem:0.00M, Peak:0.00M | Scene, ViewLayer | Synchronizing object | L hindwing_blue.001
Fra:21 Mem:11.29M (Peak 11.29M) | Time:00:00.00 | Mem:0.00M, Peak:0.00M | Scene, ViewLayer | Synchronizing object | L hindwing_cyan.001
Fra:21 Mem:11.30M (Peak 11.30M) | Time:00:00.00 | Mem:0.00M, Peak:0.00M | Scene, ViewLayer | Synchronizing object | L hindwing_highlight
Fra:21 Mem:11.30M (Peak 11.30M) | Time:00:00.00 | Mem:0.00M, Peak:0.00M | Scene, ViewLayer | Synchronizing object | L hindwing_blue
Fra:21 Mem:11.30M (Peak 11.30M) | Time:00:00.00 | Mem:0.00M, Peak:0.00M | Scene, ViewLayer | Initializing
Fra:21 Mem:9.87M (Peak 11.30M) | Time:00:00.00 | Mem:0.00M, Peak:0.00M | Scene, ViewLayer | Waiting for render to start
Fra:21 Mem:9.87M (Peak 11.30M) | Time:00:00.00 | Mem:0.00M, Peak:0.00M | Scene, ViewLayer | Updating Scene
Fra:21 Mem:9.87M (Peak 11.30M) | Time:00:00.00 | Mem:0.00M, Peak:0.00M | Scene, ViewLayer | Updating Shaders
Fra:21 Mem:9.87M (Peak 11.30M) | Time:00:00.00 | Mem:0.00M, Peak:0.00M | Scene, ViewLayer | Loading render kernels (may take a few minutes the first time)
Fra:21 Mem:9.95M (Peak 11.30M) | Time:00:00.00 | Mem:0.00M, Peak:0.00M | Scene, ViewLayer | Updating Procedurals
Fra:21 Mem:9.95M (Peak 11.30M) | Time:00:00.00 | Mem:0.00M, Peak:0.00M | Scene, ViewLayer | Updating Background
Fra:21 Mem:9.95M (Peak 11.30M) | Time:00:00.00 | Mem:0.00M, Peak:0.00M | Scene, ViewLayer | Updating Camera
Fra:21 Mem:9.95M (Peak 11.30M) | Time:00:00.00 | Mem:0.00M, Peak:0.00M | Scene, ViewLayer | Updating Meshes Flags
Fra:21 Mem:9.95M (Peak 11.30M) | Time:00:00.00 | Mem:0.00M, Peak:0.00M | Scene, ViewLayer | Updating Objects
Fra:21 Mem:9.95M (Peak 11.30M) | Time:00:00.00 | Mem:0.00M, Peak:0.00M | Scene, ViewLayer | Updating Objects | Copying Transformations to device
Fra:21 Mem:9.96M (Peak 11.30M) | Time:00:00.00 | Mem:0.01M, Peak:0.01M | Scene, ViewLayer | Updating Particle Systems
Fra:21 Mem:9.96M (Peak 11.30M) | Time:00:00.00 | Mem:0.01M, Peak:0.01M | Scene, ViewLayer | Updating Particle Systems | Copying Particles to device
Fra:21 Mem:9.96M (Peak 11.30M) | Time:00:00.00 | Mem:0.01M, Peak:0.01M | Scene, ViewLayer | Updating Meshes
Fra:21 Mem:9.96M (Peak 11.30M) | Time:00:00.00 | Mem:0.01M, Peak:0.01M | Scene, ViewLayer | Updating Objects | Applying Static Transformations
Fra:21 Mem:9.96M (Peak 11.30M) | Time:00:00.00 | Mem:0.01M, Peak:0.01M | Scene, ViewLayer | Updating Mesh | Computing attributes
Fra:21 Mem:9.97M (Peak 11.30M) | Time:00:00.00 | Mem:0.01M, Peak:0.01M | Scene, ViewLayer | Updating Mesh | Copying Attributes to device
Fra:21 Mem:9.97M (Peak 11.30M) | Time:00:00.00 | Mem:0.02M, Peak:0.02M | Scene, ViewLayer | Updating Scene BVH | Building
Fra:21 Mem:9.97M (Peak 11.30M) | Time:00:00.00 | Mem:0.02M, Peak:0.02M | Scene, ViewLayer | Updating Scene BVH | Building BVH
Fra:21 Mem:9.97M (Peak 11.30M) | Time:00:00.00 | Mem:0.04M, Peak:0.04M | Scene, ViewLayer | Updating Scene BVH | Copying BVH to device
Fra:21 Mem:9.97M (Peak 11.30M) | Time:00:00.00 | Mem:0.04M, Peak:0.04M | Scene, ViewLayer | Updating Mesh | Computing normals
Fra:21 Mem:9.98M (Peak 11.30M) | Time:00:00.00 | Mem:0.04M, Peak:0.04M | Scene, ViewLayer | Updating Mesh | Copying Mesh to device
Fra:21 Mem:9.98M (Peak 11.30M) | Time:00:00.00 | Mem:0.05M, Peak:0.05M | Scene, ViewLayer | Updating Objects Flags
Fra:21 Mem:9.98M (Peak 11.30M) | Time:00:00.00 | Mem:0.05M, Peak:0.05M | Scene, ViewLayer | Updating Primitive Offsets
Fra:21 Mem:9.98M (Peak 11.30M) | Time:00:00.00 | Mem:0.05M, Peak:0.05M | Scene, ViewLayer | Updating Images
Fra:21 Mem:9.98M (Peak 11.30M) | Time:00:00.00 | Mem:0.05M, Peak:0.05M | Scene, ViewLayer | Updating Camera Volume
Fra:21 Mem:9.98M (Peak 11.30M) | Time:00:00.00 | Mem:0.05M, Peak:0.05M | Scene, ViewLayer | Updating Lookup Tables
Fra:21 Mem:9.98M (Peak 11.30M) | Time:00:00.00 | Mem:0.13M, Peak:0.13M | Scene, ViewLayer | Updating Lights
Fra:21 Mem:9.98M (Peak 11.30M) | Time:00:00.00 | Mem:0.13M, Peak:0.13M | Scene, ViewLayer | Updating Lights | Computing tree
Fra:21 Mem:9.99M (Peak 11.30M) | Time:00:00.00 | Mem:0.14M, Peak:0.14M | Scene, ViewLayer | Updating Integrator
Fra:21 Mem:9.99M (Peak 11.30M) | Time:00:00.00 | Mem:0.14M, Peak:0.14M | Scene, ViewLayer | Updating Film
Fra:21 Mem:10.00M (Peak 11.30M) | Time:00:00.00 | Mem:0.06M, Peak:0.14M | Scene, ViewLayer | Updating Lookup Tables
Fra:21 Mem:10.00M (Peak 11.30M) | Time:00:00.00 | Mem:0.15M, Peak:0.15M | Scene, ViewLayer | Updating Baking
Fra:21 Mem:10.00M (Peak 11.30M) | Time:00:00.00 | Mem:0.15M, Peak:0.15M | Scene, ViewLayer | Updating Device | Writing constant memory
Fra:21 Mem:10.00M (Peak 11.30M) | Time:00:00.00 | Mem:0.15M, Peak:0.15M | Scene, ViewLayer | Sample 0/8
Fra:21 Mem:10.60M (Peak 11.30M) | Time:00:00.00 | Remaining:00:00.00 | Mem:0.71M, Peak:0.71M | Scene, ViewLayer | Sample 1/8
Fra:21 Mem:10.85M (Peak 11.30M) | Time:00:00.01 | Mem:0.71M, Peak:0.71M | Scene, ViewLayer | Sample 8/8
Fra:21 Mem:10.85M (Peak 11.30M) | Time:00:00.01 | Mem:0.71M, Peak:0.71M | Scene, ViewLayer | Finished
Saved: '/home/terence/Documents/Codex/2026-09-06/realtime-voice-chat-3/outputs/butterfly-method-comparison/blender/raw/view045_frame04.png'
Time: 00:00.01 (Saving: 00:00.00)

Fra:1 Mem:11.27M (Peak 11.27M) | Time:00:00.00 | Mem:0.00M, Peak:0.00M | Scene, ViewLayer | Synchronizing object | R forewing_border
Fra:1 Mem:11.28M (Peak 11.28M) | Time:00:00.00 | Mem:0.00M, Peak:0.00M | Scene, ViewLayer | Synchronizing object | R forewing_blue
Fra:1 Mem:11.28M (Peak 11.28M) | Time:00:00.00 | Mem:0.00M, Peak:0.00M | Scene, ViewLayer | Synchronizing object | R forewing_highlight
Fra:1 Mem:11.28M (Peak 11.28M) | Time:00:00.00 | Mem:0.00M, Peak:0.00M | Scene, ViewLayer | Synchronizing object | R forewing_blue.001
Fra:1 Mem:11.28M (Peak 11.28M) | Time:00:00.00 | Mem:0.00M, Peak:0.00M | Scene, ViewLayer | Synchronizing object | Antenna.001
Fra:1 Mem:11.28M (Peak 11.28M) | Time:00:00.00 | Mem:0.00M, Peak:0.00M | Scene, ViewLayer | Synchronizing object | R hindwing_border
Fra:1 Mem:11.28M (Peak 11.28M) | Time:00:00.00 | Mem:0.00M, Peak:0.00M | Scene, ViewLayer | Synchronizing object | Antenna
Fra:1 Mem:11.28M (Peak 11.28M) | Time:00:00.00 | Mem:0.00M, Peak:0.00M | Scene, ViewLayer | Synchronizing object | R hindwing_cyan
Fra:1 Mem:11.28M (Peak 11.28M) | Time:00:00.00 | Mem:0.00M, Peak:0.00M | Scene, ViewLayer | Synchronizing object | R hindwing_blue
Fra:1 Mem:11.28M (Peak 11.28M) | Time:00:00.00 | Mem:0.00M, Peak:0.00M | Scene, ViewLayer | Synchronizing object | R hindwing_highlight
Fra:1 Mem:11.28M (Peak 11.28M) | Time:00:00.00 | Mem:0.00M, Peak:0.00M | Scene, ViewLayer | Synchronizing object | R hindwing_cyan.001
Fra:1 Mem:11.29M (Peak 11.29M) | Time:00:00.00 | Mem:0.00M, Peak:0.00M | Scene, ViewLayer | Synchronizing object | R hindwing_blue.001
Fra:1 Mem:11.29M (Peak 11.29M) | Time:00:00.00 | Mem:0.00M, Peak:0.00M | Scene, ViewLayer | Synchronizing object | R hindwing_highlight.001
Fra:1 Mem:11.29M (Peak 11.29M) | Time:00:00.00 | Mem:0.00M, Peak:0.00M | Scene, ViewLayer | Synchronizing object | L forewing_border
Fra:1 Mem:11.29M (Peak 11.29M) | Time:00:00.00 | Mem:0.00M, Peak:0.00M | Scene, ViewLayer | Synchronizing object | Abdomen
Fra:1 Mem:11.29M (Peak 11.29M) | Time:00:00.00 | Mem:0.00M, Peak:0.00M | Scene, ViewLayer | Synchronizing object | L forewing_cyan
Fra:1 Mem:11.29M (Peak 11.29M) | Time:00:00.00 | Mem:0.00M, Peak:0.00M | Scene, ViewLayer | Synchronizing object | L hindwing_highlight.001
Fra:1 Mem:11.29M (Peak 11.29M) | Time:00:00.00 | Mem:0.00M, Peak:0.00M | Scene, ViewLayer | Synchronizing object | L forewing_blue
Fra:1 Mem:11.29M (Peak 11.29M) | Time:00:00.00 | Mem:0.00M, Peak:0.00M | Scene, ViewLayer | Synchronizing object | L hindwing_blue.001
Fra:1 Mem:11.29M (Peak 11.29M) | Time:00:00.00 | Mem:0.00M, Peak:0.00M | Scene, ViewLayer | Synchronizing object | L hindwing_cyan.001
Fra:1 Mem:11.29M (Peak 11.29M) | Time:00:00.00 | Mem:0.00M, Peak:0.00M | Scene, ViewLayer | Synchronizing object | L forewing_blue.001
Fra:1 Mem:11.29M (Peak 11.29M) | Time:00:00.00 | Mem:0.00M, Peak:0.00M | Scene, ViewLayer | Synchronizing object | L hindwing_highlight
Fra:1 Mem:11.30M (Peak 11.30M) | Time:00:00.00 | Mem:0.00M, Peak:0.00M | Scene, ViewLayer | Synchronizing object | L forewing_highlight.001
Fra:1 Mem:11.30M (Peak 11.30M) | Time:00:00.00 | Mem:0.00M, Peak:0.00M | Scene, ViewLayer | Synchronizing object | L hindwing_border
Fra:1 Mem:11.30M (Peak 11.30M) | Time:00:00.00 | Mem:0.00M, Peak:0.00M | Scene, ViewLayer | Synchronizing object | L hindwing_cyan
Fra:1 Mem:11.30M (Peak 11.30M) | Time:00:00.00 | Mem:0.00M, Peak:0.00M | Scene, ViewLayer | Initializing
Fra:1 Mem:9.87M (Peak 11.30M) | Time:00:00.00 | Mem:0.00M, Peak:0.00M | Scene, ViewLayer | Waiting for render to start
Fra:1 Mem:9.87M (Peak 11.30M) | Time:00:00.00 | Mem:0.00M, Peak:0.00M | Scene, ViewLayer | Updating Scene
Fra:1 Mem:9.87M (Peak 11.30M) | Time:00:00.00 | Mem:0.00M, Peak:0.00M | Scene, ViewLayer | Updating Shaders
Fra:1 Mem:9.87M (Peak 11.30M) | Time:00:00.00 | Mem:0.00M, Peak:0.00M | Scene, ViewLayer | Loading render kernels (may take a few minutes the first time)
Fra:1 Mem:9.95M (Peak 11.30M) | Time:00:00.00 | Mem:0.00M, Peak:0.00M | Scene, ViewLayer | Updating Procedurals
Fra:1 Mem:9.95M (Peak 11.30M) | Time:00:00.00 | Mem:0.00M, Peak:0.00M | Scene, ViewLayer | Updating Background
Fra:1 Mem:9.95M (Peak 11.30M) | Time:00:00.00 | Mem:0.00M, Peak:0.00M | Scene, ViewLayer | Updating Camera
Fra:1 Mem:9.95M (Peak 11.30M) | Time:00:00.00 | Mem:0.00M, Peak:0.00M | Scene, ViewLayer | Updating Meshes Flags
Fra:1 Mem:9.95M (Peak 11.30M) | Time:00:00.00 | Mem:0.00M, Peak:0.00M | Scene, ViewLayer | Updating Objects
Fra:1 Mem:9.95M (Peak 11.30M) | Time:00:00.00 | Mem:0.00M, Peak:0.00M | Scene, ViewLayer | Updating Objects | Copying Transformations to device
Fra:1 Mem:9.96M (Peak 11.30M) | Time:00:00.00 | Mem:0.01M, Peak:0.01M | Scene, ViewLayer | Updating Particle Systems
Fra:1 Mem:9.96M (Peak 11.30M) | Time:00:00.00 | Mem:0.01M, Peak:0.01M | Scene, ViewLayer | Updating Particle Systems | Copying Particles to device
Fra:1 Mem:9.96M (Peak 11.30M) | Time:00:00.00 | Mem:0.01M, Peak:0.01M | Scene, ViewLayer | Updating Meshes
Fra:1 Mem:9.96M (Peak 11.30M) | Time:00:00.00 | Mem:0.01M, Peak:0.01M | Scene, ViewLayer | Updating Objects | Applying Static Transformations
Fra:1 Mem:9.96M (Peak 11.30M) | Time:00:00.00 | Mem:0.01M, Peak:0.01M | Scene, ViewLayer | Updating Mesh | Computing attributes
Fra:1 Mem:9.97M (Peak 11.30M) | Time:00:00.00 | Mem:0.01M, Peak:0.01M | Scene, ViewLayer | Updating Mesh | Copying Attributes to device
Fra:1 Mem:9.97M (Peak 11.30M) | Time:00:00.00 | Mem:0.02M, Peak:0.02M | Scene, ViewLayer | Updating Scene BVH | Building
Fra:1 Mem:9.97M (Peak 11.30M) | Time:00:00.00 | Mem:0.02M, Peak:0.02M | Scene, ViewLayer | Updating Scene BVH | Building BVH
Fra:1 Mem:9.97M (Peak 11.30M) | Time:00:00.00 | Mem:0.04M, Peak:0.04M | Scene, ViewLayer | Updating Scene BVH | Copying BVH to device
Fra:1 Mem:9.97M (Peak 11.30M) | Time:00:00.00 | Mem:0.04M, Peak:0.04M | Scene, ViewLayer | Updating Mesh | Computing normals
Fra:1 Mem:9.98M (Peak 11.30M) | Time:00:00.00 | Mem:0.04M, Peak:0.04M | Scene, ViewLayer | Updating Mesh | Copying Mesh to device
Fra:1 Mem:9.98M (Peak 11.30M) | Time:00:00.00 | Mem:0.05M, Peak:0.05M | Scene, ViewLayer | Updating Objects Flags
Fra:1 Mem:9.98M (Peak 11.30M) | Time:00:00.00 | Mem:0.05M, Peak:0.05M | Scene, ViewLayer | Updating Primitive Offsets
Fra:1 Mem:9.98M (Peak 11.30M) | Time:00:00.00 | Mem:0.05M, Peak:0.05M | Scene, ViewLayer | Updating Images
Fra:1 Mem:9.98M (Peak 11.30M) | Time:00:00.00 | Mem:0.05M, Peak:0.05M | Scene, ViewLayer | Updating Camera Volume
Fra:1 Mem:9.98M (Peak 11.30M) | Time:00:00.00 | Mem:0.05M, Peak:0.05M | Scene, ViewLayer | Updating Lookup Tables
Fra:1 Mem:9.98M (Peak 11.30M) | Time:00:00.00 | Mem:0.13M, Peak:0.13M | Scene, ViewLayer | Updating Lights
Fra:1 Mem:9.98M (Peak 11.30M) | Time:00:00.00 | Mem:0.13M, Peak:0.13M | Scene, ViewLayer | Updating Lights | Computing tree
Fra:1 Mem:9.99M (Peak 11.30M) | Time:00:00.00 | Mem:0.14M, Peak:0.14M | Scene, ViewLayer | Updating Integrator
Fra:1 Mem:9.99M (Peak 11.30M) | Time:00:00.00 | Mem:0.14M, Peak:0.14M | Scene, ViewLayer | Updating Film
Fra:1 Mem:9.99M (Peak 11.30M) | Time:00:00.00 | Mem:0.06M, Peak:0.14M | Scene, ViewLayer | Updating Lookup Tables
Fra:1 Mem:9.99M (Peak 11.30M) | Time:00:00.00 | Mem:0.14M, Peak:0.14M | Scene, ViewLayer | Updating Baking
Fra:1 Mem:9.99M (Peak 11.30M) | Time:00:00.00 | Mem:0.14M, Peak:0.14M | Scene, ViewLayer | Updating Device | Writing constant memory
Fra:1 Mem:10.00M (Peak 11.30M) | Time:00:00.00 | Mem:0.14M, Peak:0.14M | Scene, ViewLayer | Sample 0/8
Fra:1 Mem:10.60M (Peak 11.30M) | Time:00:00.00 | Remaining:00:00.00 | Mem:0.71M, Peak:0.71M | Scene, ViewLayer | Sample 1/8
Fra:1 Mem:10.85M (Peak 11.30M) | Time:00:00.01 | Mem:0.71M, Peak:0.71M | Scene, ViewLayer | Sample 8/8
Fra:1 Mem:10.85M (Peak 11.30M) | Time:00:00.01 | Mem:0.71M, Peak:0.71M | Scene, ViewLayer | Finished
Saved: '/home/terence/Documents/Codex/2026-09-06/realtime-voice-chat-3/outputs/butterfly-method-comparison/blender/raw/view090_frame00.png'
Time: 00:00.01 (Saving: 00:00.00)

Fra:6 Mem:11.27M (Peak 11.27M) | Time:00:00.00 | Mem:0.00M, Peak:0.00M | Scene, ViewLayer | Synchronizing object | R forewing_border
Fra:6 Mem:11.28M (Peak 11.28M) | Time:00:00.00 | Mem:0.00M, Peak:0.00M | Scene, ViewLayer | Synchronizing object | R forewing_blue
Fra:6 Mem:11.28M (Peak 11.28M) | Time:00:00.00 | Mem:0.00M, Peak:0.00M | Scene, ViewLayer | Synchronizing object | R forewing_highlight
Fra:6 Mem:11.28M (Peak 11.28M) | Time:00:00.00 | Mem:0.00M, Peak:0.00M | Scene, ViewLayer | Synchronizing object | R forewing_cyan.001
Fra:6 Mem:11.28M (Peak 11.28M) | Time:00:00.00 | Mem:0.00M, Peak:0.00M | Scene, ViewLayer | Synchronizing object | R forewing_highlight.001
Fra:6 Mem:11.28M (Peak 11.28M) | Time:00:00.00 | Mem:0.00M, Peak:0.00M | Scene, ViewLayer | Synchronizing object | Antenna.001
Fra:6 Mem:11.28M (Peak 11.28M) | Time:00:00.00 | Mem:0.00M, Peak:0.00M | Scene, ViewLayer | Synchronizing object | R hindwing_cyan
Fra:6 Mem:11.28M (Peak 11.28M) | Time:00:00.00 | Mem:0.00M, Peak:0.00M | Scene, ViewLayer | Synchronizing object | R hindwing_blue
Fra:6 Mem:11.28M (Peak 11.28M) | Time:00:00.00 | Mem:0.00M, Peak:0.00M | Scene, ViewLayer | Synchronizing object | R hindwing_highlight
Fra:6 Mem:11.28M (Peak 11.28M) | Time:00:00.00 | Mem:0.00M, Peak:0.00M | Scene, ViewLayer | Synchronizing object | Antenna
Fra:6 Mem:11.28M (Peak 11.28M) | Time:00:00.00 | Mem:0.00M, Peak:0.00M | Scene, ViewLayer | Synchronizing object | R hindwing_cyan.001
Fra:6 Mem:11.29M (Peak 11.29M) | Time:00:00.00 | Mem:0.00M, Peak:0.00M | Scene, ViewLayer | Synchronizing object | R hindwing_blue.001
Fra:6 Mem:11.29M (Peak 11.29M) | Time:00:00.00 | Mem:0.00M, Peak:0.00M | Scene, ViewLayer | Synchronizing object | R hindwing_highlight.001
Fra:6 Mem:11.29M (Peak 11.29M) | Time:00:00.00 | Mem:0.00M, Peak:0.00M | Scene, ViewLayer | Synchronizing object | L forewing_border
Fra:6 Mem:11.29M (Peak 11.29M) | Time:00:00.00 | Mem:0.00M, Peak:0.00M | Scene, ViewLayer | Synchronizing object | Thorax
Fra:6 Mem:11.29M (Peak 11.29M) | Time:00:00.00 | Mem:0.00M, Peak:0.00M | Scene, ViewLayer | Synchronizing object | L forewing_cyan
Fra:6 Mem:11.29M (Peak 11.29M) | Time:00:00.00 | Mem:0.00M, Peak:0.00M | Scene, ViewLayer | Synchronizing object | Abdomen
Fra:6 Mem:11.29M (Peak 11.29M) | Time:00:00.00 | Mem:0.00M, Peak:0.00M | Scene, ViewLayer | Synchronizing object | L forewing_blue
Fra:6 Mem:11.29M (Peak 11.29M) | Time:00:00.00 | Mem:0.00M, Peak:0.00M | Scene, ViewLayer | Synchronizing object | L forewing_highlight
Fra:6 Mem:11.29M (Peak 11.29M) | Time:00:00.00 | Mem:0.00M, Peak:0.00M | Scene, ViewLayer | Synchronizing object | L forewing_cyan.001
Fra:6 Mem:11.29M (Peak 11.29M) | Time:00:00.00 | Mem:0.00M, Peak:0.00M | Scene, ViewLayer | Synchronizing object | L hindwing_blue.001
Fra:6 Mem:11.29M (Peak 11.29M) | Time:00:00.00 | Mem:0.00M, Peak:0.00M | Scene, ViewLayer | Synchronizing object | L forewing_blue.001
Fra:6 Mem:11.29M (Peak 11.29M) | Time:00:00.00 | Mem:0.00M, Peak:0.00M | Scene, ViewLayer | Synchronizing object | L forewing_highlight.001
Fra:6 Mem:11.29M (Peak 11.29M) | Time:00:00.00 | Mem:0.00M, Peak:0.00M | Scene, ViewLayer | Synchronizing object | L hindwing_border
Fra:6 Mem:11.30M (Peak 11.30M) | Time:00:00.00 | Mem:0.00M, Peak:0.00M | Scene, ViewLayer | Synchronizing object | L hindwing_highlight
Fra:6 Mem:11.30M (Peak 11.30M) | Time:00:00.00 | Mem:0.00M, Peak:0.00M | Scene, ViewLayer | Synchronizing object | L hindwing_cyan
Fra:6 Mem:11.30M (Peak 11.30M) | Time:00:00.00 | Mem:0.00M, Peak:0.00M | Scene, ViewLayer | Synchronizing object | L hindwing_blue
Fra:6 Mem:11.30M (Peak 11.30M) | Time:00:00.00 | Mem:0.00M, Peak:0.00M | Scene, ViewLayer | Initializing
Fra:6 Mem:9.87M (Peak 11.30M) | Time:00:00.00 | Mem:0.00M, Peak:0.00M | Scene, ViewLayer | Waiting for render to start
Fra:6 Mem:9.87M (Peak 11.30M) | Time:00:00.00 | Mem:0.00M, Peak:0.00M | Scene, ViewLayer | Updating Scene
Fra:6 Mem:9.87M (Peak 11.30M) | Time:00:00.00 | Mem:0.00M, Peak:0.00M | Scene, ViewLayer | Updating Shaders
Fra:6 Mem:9.87M (Peak 11.30M) | Time:00:00.00 | Mem:0.00M, Peak:0.00M | Scene, ViewLayer | Loading render kernels (may take a few minutes the first time)
Fra:6 Mem:9.95M (Peak 11.30M) | Time:00:00.00 | Mem:0.00M, Peak:0.00M | Scene, ViewLayer | Updating Procedurals
Fra:6 Mem:9.95M (Peak 11.30M) | Time:00:00.00 | Mem:0.00M, Peak:0.00M | Scene, ViewLayer | Updating Background
Fra:6 Mem:9.95M (Peak 11.30M) | Time:00:00.00 | Mem:0.00M, Peak:0.00M | Scene, ViewLayer | Updating Camera
Fra:6 Mem:9.95M (Peak 11.30M) | Time:00:00.00 | Mem:0.00M, Peak:0.00M | Scene, ViewLayer | Updating Meshes Flags
Fra:6 Mem:9.95M (Peak 11.30M) | Time:00:00.00 | Mem:0.00M, Peak:0.00M | Scene, ViewLayer | Updating Objects
Fra:6 Mem:9.95M (Peak 11.30M) | Time:00:00.00 | Mem:0.00M, Peak:0.00M | Scene, ViewLayer | Updating Objects | Copying Transformations to device
Fra:6 Mem:9.96M (Peak 11.30M) | Time:00:00.00 | Mem:0.01M, Peak:0.01M | Scene, ViewLayer | Updating Particle Systems
Fra:6 Mem:9.96M (Peak 11.30M) | Time:00:00.00 | Mem:0.01M, Peak:0.01M | Scene, ViewLayer | Updating Particle Systems | Copying Particles to device
Fra:6 Mem:9.96M (Peak 11.30M) | Time:00:00.00 | Mem:0.01M, Peak:0.01M | Scene, ViewLayer | Updating Meshes
Fra:6 Mem:9.96M (Peak 11.30M) | Time:00:00.00 | Mem:0.01M, Peak:0.01M | Scene, ViewLayer | Updating Objects | Applying Static Transformations
Fra:6 Mem:9.96M (Peak 11.30M) | Time:00:00.00 | Mem:0.01M, Peak:0.01M | Scene, ViewLayer | Updating Mesh | Computing attributes
Fra:6 Mem:9.97M (Peak 11.30M) | Time:00:00.00 | Mem:0.01M, Peak:0.01M | Scene, ViewLayer | Updating Mesh | Copying Attributes to device
Fra:6 Mem:9.97M (Peak 11.30M) | Time:00:00.00 | Mem:0.02M, Peak:0.02M | Scene, ViewLayer | Updating Scene BVH | Building
Fra:6 Mem:9.97M (Peak 11.30M) | Time:00:00.00 | Mem:0.02M, Peak:0.02M | Scene, ViewLayer | Updating Scene BVH | Building BVH
Fra:6 Mem:9.97M (Peak 11.30M) | Time:00:00.00 | Mem:0.04M, Peak:0.04M | Scene, ViewLayer | Updating Scene BVH | Copying BVH to device
Fra:6 Mem:9.97M (Peak 11.30M) | Time:00:00.00 | Mem:0.04M, Peak:0.04M | Scene, ViewLayer | Updating Mesh | Computing normals
Fra:6 Mem:9.98M (Peak 11.30M) | Time:00:00.00 | Mem:0.04M, Peak:0.04M | Scene, ViewLayer | Updating Mesh | Copying Mesh to device
Fra:6 Mem:9.98M (Peak 11.30M) | Time:00:00.00 | Mem:0.05M, Peak:0.05M | Scene, ViewLayer | Updating Objects Flags
Fra:6 Mem:9.98M (Peak 11.30M) | Time:00:00.00 | Mem:0.05M, Peak:0.05M | Scene, ViewLayer | Updating Primitive Offsets
Fra:6 Mem:9.98M (Peak 11.30M) | Time:00:00.00 | Mem:0.05M, Peak:0.05M | Scene, ViewLayer | Updating Images
Fra:6 Mem:9.98M (Peak 11.30M) | Time:00:00.00 | Mem:0.05M, Peak:0.05M | Scene, ViewLayer | Updating Camera Volume
Fra:6 Mem:9.98M (Peak 11.30M) | Time:00:00.00 | Mem:0.05M, Peak:0.05M | Scene, ViewLayer | Updating Lookup Tables
Fra:6 Mem:9.98M (Peak 11.30M) | Time:00:00.00 | Mem:0.13M, Peak:0.13M | Scene, ViewLayer | Updating Lights
Fra:6 Mem:9.98M (Peak 11.30M) | Time:00:00.00 | Mem:0.13M, Peak:0.13M | Scene, ViewLayer | Updating Lights | Computing tree
Fra:6 Mem:9.99M (Peak 11.30M) | Time:00:00.00 | Mem:0.14M, Peak:0.14M | Scene, ViewLayer | Updating Integrator
Fra:6 Mem:9.99M (Peak 11.30M) | Time:00:00.00 | Mem:0.14M, Peak:0.14M | Scene, ViewLayer | Updating Film
Fra:6 Mem:10.00M (Peak 11.30M) | Time:00:00.00 | Mem:0.06M, Peak:0.14M | Scene, ViewLayer | Updating Lookup Tables
Fra:6 Mem:10.00M (Peak 11.30M) | Time:00:00.00 | Mem:0.15M, Peak:0.15M | Scene, ViewLayer | Updating Baking
Fra:6 Mem:10.00M (Peak 11.30M) | Time:00:00.00 | Mem:0.15M, Peak:0.15M | Scene, ViewLayer | Updating Device | Writing constant memory
Fra:6 Mem:10.00M (Peak 11.30M) | Time:00:00.00 | Mem:0.15M, Peak:0.15M | Scene, ViewLayer | Sample 0/8
Fra:6 Mem:10.60M (Peak 11.30M) | Time:00:00.00 | Remaining:00:00.01 | Mem:0.71M, Peak:0.71M | Scene, ViewLayer | Sample 1/8
Fra:6 Mem:10.85M (Peak 11.30M) | Time:00:00.01 | Mem:0.71M, Peak:0.71M | Scene, ViewLayer | Sample 8/8
Fra:6 Mem:10.85M (Peak 11.30M) | Time:00:00.01 | Mem:0.71M, Peak:0.71M | Scene, ViewLayer | Finished
Saved: '/home/terence/Documents/Codex/2026-09-06/realtime-voice-chat-3/outputs/butterfly-method-comparison/blender/raw/view090_frame01.png'
Time: 00:00.01 (Saving: 00:00.00)

Fra:11 Mem:11.27M (Peak 11.27M) | Time:00:00.00 | Mem:0.00M, Peak:0.00M | Scene, ViewLayer | Synchronizing object | R forewing_border
Fra:11 Mem:11.28M (Peak 11.28M) | Time:00:00.00 | Mem:0.00M, Peak:0.00M | Scene, ViewLayer | Synchronizing object | R forewing_blue
Fra:11 Mem:11.28M (Peak 11.28M) | Time:00:00.00 | Mem:0.00M, Peak:0.00M | Scene, ViewLayer | Synchronizing object | R forewing_highlight
Fra:11 Mem:11.28M (Peak 11.28M) | Time:00:00.00 | Mem:0.00M, Peak:0.00M | Scene, ViewLayer | Synchronizing object | R forewing_blue.001
Fra:11 Mem:11.28M (Peak 11.28M) | Time:00:00.00 | Mem:0.00M, Peak:0.00M | Scene, ViewLayer | Synchronizing object | R hindwing_border
Fra:11 Mem:11.28M (Peak 11.28M) | Time:00:00.00 | Mem:0.00M, Peak:0.00M | Scene, ViewLayer | Synchronizing object | R hindwing_cyan
Fra:11 Mem:11.28M (Peak 11.28M) | Time:00:00.00 | Mem:0.00M, Peak:0.00M | Scene, ViewLayer | Synchronizing object | R hindwing_blue
Fra:11 Mem:11.28M (Peak 11.28M) | Time:00:00.00 | Mem:0.00M, Peak:0.00M | Scene, ViewLayer | Synchronizing object | R hindwing_highlight
Fra:11 Mem:11.29M (Peak 11.29M) | Time:00:00.00 | Mem:0.00M, Peak:0.00M | Scene, ViewLayer | Synchronizing object | R hindwing_cyan.001
Fra:11 Mem:11.29M (Peak 11.29M) | Time:00:00.00 | Mem:0.00M, Peak:0.00M | Scene, ViewLayer | Synchronizing object | R hindwing_highlight.001
Fra:11 Mem:11.29M (Peak 11.29M) | Time:00:00.00 | Mem:0.00M, Peak:0.00M | Scene, ViewLayer | Synchronizing object | L forewing_cyan
Fra:11 Mem:11.29M (Peak 11.29M) | Time:00:00.00 | Mem:0.00M, Peak:0.00M | Scene, ViewLayer | Synchronizing object | L forewing_blue
Fra:11 Mem:11.29M (Peak 11.29M) | Time:00:00.00 | Mem:0.00M, Peak:0.00M | Scene, ViewLayer | Synchronizing object | Head
Fra:11 Mem:11.29M (Peak 11.29M) | Time:00:00.00 | Mem:0.00M, Peak:0.00M | Scene, ViewLayer | Synchronizing object | L forewing_blue.001
Fra:11 Mem:11.29M (Peak 11.29M) | Time:00:00.00 | Mem:0.00M, Peak:0.00M | Scene, ViewLayer | Synchronizing object | Thorax
Fra:11 Mem:11.29M (Peak 11.29M) | Time:00:00.00 | Mem:0.00M, Peak:0.00M | Scene, ViewLayer | Synchronizing object | L forewing_highlight.001
Fra:11 Mem:11.29M (Peak 11.29M) | Time:00:00.00 | Mem:0.00M, Peak:0.00M | Scene, ViewLayer | Synchronizing object | L hindwing_border
Fra:11 Mem:11.29M (Peak 11.29M) | Time:00:00.00 | Mem:0.00M, Peak:0.00M | Scene, ViewLayer | Synchronizing object | L hindwing_cyan
Fra:11 Mem:11.29M (Peak 11.29M) | Time:00:00.00 | Mem:0.00M, Peak:0.00M | Scene, ViewLayer | Synchronizing object | L hindwing_highlight
Fra:11 Mem:11.29M (Peak 11.29M) | Time:00:00.00 | Mem:0.00M, Peak:0.00M | Scene, ViewLayer | Synchronizing object | L hindwing_cyan.001
Fra:11 Mem:11.30M (Peak 11.30M) | Time:00:00.00 | Mem:0.00M, Peak:0.00M | Scene, ViewLayer | Synchronizing object | L hindwing_highlight.001
Fra:11 Mem:11.30M (Peak 11.30M) | Time:00:00.00 | Mem:0.00M, Peak:0.00M | Scene, ViewLayer | Synchronizing object | L hindwing_blue.001
Fra:11 Mem:11.30M (Peak 11.30M) | Time:00:00.00 | Mem:0.00M, Peak:0.00M | Scene, ViewLayer | Initializing
Fra:11 Mem:9.87M (Peak 11.30M) | Time:00:00.00 | Mem:0.00M, Peak:0.00M | Scene, ViewLayer | Waiting for render to start
Fra:11 Mem:9.87M (Peak 11.30M) | Time:00:00.00 | Mem:0.00M, Peak:0.00M | Scene, ViewLayer | Updating Scene
Fra:11 Mem:9.87M (Peak 11.30M) | Time:00:00.00 | Mem:0.00M, Peak:0.00M | Scene, ViewLayer | Updating Shaders
Fra:11 Mem:9.87M (Peak 11.30M) | Time:00:00.00 | Mem:0.00M, Peak:0.00M | Scene, ViewLayer | Loading render kernels (may take a few minutes the first time)
Fra:11 Mem:9.95M (Peak 11.30M) | Time:00:00.00 | Mem:0.00M, Peak:0.00M | Scene, ViewLayer | Updating Procedurals
Fra:11 Mem:9.95M (Peak 11.30M) | Time:00:00.00 | Mem:0.00M, Peak:0.00M | Scene, ViewLayer | Updating Background
Fra:11 Mem:9.95M (Peak 11.30M) | Time:00:00.00 | Mem:0.00M, Peak:0.00M | Scene, ViewLayer | Updating Camera
Fra:11 Mem:9.95M (Peak 11.30M) | Time:00:00.00 | Mem:0.00M, Peak:0.00M | Scene, ViewLayer | Updating Meshes Flags
Fra:11 Mem:9.95M (Peak 11.30M) | Time:00:00.00 | Mem:0.00M, Peak:0.00M | Scene, ViewLayer | Updating Objects
Fra:11 Mem:9.95M (Peak 11.30M) | Time:00:00.00 | Mem:0.00M, Peak:0.00M | Scene, ViewLayer | Updating Objects | Copying Transformations to device
Fra:11 Mem:9.96M (Peak 11.30M) | Time:00:00.00 | Mem:0.01M, Peak:0.01M | Scene, ViewLayer | Updating Particle Systems
Fra:11 Mem:9.96M (Peak 11.30M) | Time:00:00.00 | Mem:0.01M, Peak:0.01M | Scene, ViewLayer | Updating Particle Systems | Copying Particles to device
Fra:11 Mem:9.96M (Peak 11.30M) | Time:00:00.00 | Mem:0.01M, Peak:0.01M | Scene, ViewLayer | Updating Meshes
Fra:11 Mem:9.96M (Peak 11.30M) | Time:00:00.00 | Mem:0.01M, Peak:0.01M | Scene, ViewLayer | Updating Objects | Applying Static Transformations
Fra:11 Mem:9.96M (Peak 11.30M) | Time:00:00.00 | Mem:0.01M, Peak:0.01M | Scene, ViewLayer | Updating Mesh | Computing attributes
Fra:11 Mem:9.97M (Peak 11.30M) | Time:00:00.00 | Mem:0.01M, Peak:0.01M | Scene, ViewLayer | Updating Mesh | Copying Attributes to device
Fra:11 Mem:9.97M (Peak 11.30M) | Time:00:00.00 | Mem:0.02M, Peak:0.02M | Scene, ViewLayer | Updating Scene BVH | Building
Fra:11 Mem:9.97M (Peak 11.30M) | Time:00:00.00 | Mem:0.02M, Peak:0.02M | Scene, ViewLayer | Updating Scene BVH | Building BVH
Fra:11 Mem:9.97M (Peak 11.30M) | Time:00:00.00 | Mem:0.04M, Peak:0.04M | Scene, ViewLayer | Updating Scene BVH | Copying BVH to device
Fra:11 Mem:9.97M (Peak 11.30M) | Time:00:00.00 | Mem:0.04M, Peak:0.04M | Scene, ViewLayer | Updating Mesh | Computing normals
Fra:11 Mem:9.98M (Peak 11.30M) | Time:00:00.00 | Mem:0.04M, Peak:0.04M | Scene, ViewLayer | Updating Mesh | Copying Mesh to device
Fra:11 Mem:9.98M (Peak 11.30M) | Time:00:00.00 | Mem:0.05M, Peak:0.05M | Scene, ViewLayer | Updating Objects Flags
Fra:11 Mem:9.98M (Peak 11.30M) | Time:00:00.00 | Mem:0.05M, Peak:0.05M | Scene, ViewLayer | Updating Primitive Offsets
Fra:11 Mem:9.98M (Peak 11.30M) | Time:00:00.00 | Mem:0.05M, Peak:0.05M | Scene, ViewLayer | Updating Images
Fra:11 Mem:9.98M (Peak 11.30M) | Time:00:00.00 | Mem:0.05M, Peak:0.05M | Scene, ViewLayer | Updating Camera Volume
Fra:11 Mem:9.98M (Peak 11.30M) | Time:00:00.00 | Mem:0.05M, Peak:0.05M | Scene, ViewLayer | Updating Lookup Tables
Fra:11 Mem:9.98M (Peak 11.30M) | Time:00:00.00 | Mem:0.13M, Peak:0.13M | Scene, ViewLayer | Updating Lights
Fra:11 Mem:9.98M (Peak 11.30M) | Time:00:00.00 | Mem:0.13M, Peak:0.13M | Scene, ViewLayer | Updating Lights | Computing tree
Fra:11 Mem:9.99M (Peak 11.30M) | Time:00:00.00 | Mem:0.14M, Peak:0.14M | Scene, ViewLayer | Updating Integrator
Fra:11 Mem:9.99M (Peak 11.30M) | Time:00:00.00 | Mem:0.14M, Peak:0.14M | Scene, ViewLayer | Updating Film
Fra:11 Mem:10.00M (Peak 11.30M) | Time:00:00.00 | Mem:0.06M, Peak:0.14M | Scene, ViewLayer | Updating Lookup Tables
Fra:11 Mem:10.00M (Peak 11.30M) | Time:00:00.00 | Mem:0.15M, Peak:0.15M | Scene, ViewLayer | Updating Baking
Fra:11 Mem:10.00M (Peak 11.30M) | Time:00:00.00 | Mem:0.15M, Peak:0.15M | Scene, ViewLayer | Updating Device | Writing constant memory
Fra:11 Mem:10.00M (Peak 11.30M) | Time:00:00.00 | Mem:0.15M, Peak:0.15M | Scene, ViewLayer | Sample 0/8
Fra:11 Mem:10.60M (Peak 11.30M) | Time:00:00.00 | Remaining:00:00.01 | Mem:0.71M, Peak:0.71M | Scene, ViewLayer | Sample 1/8
Fra:11 Mem:10.85M (Peak 11.30M) | Time:00:00.01 | Mem:0.71M, Peak:0.71M | Scene, ViewLayer | Sample 8/8
Fra:11 Mem:10.85M (Peak 11.30M) | Time:00:00.01 | Mem:0.71M, Peak:0.71M | Scene, ViewLayer | Finished
Saved: '/home/terence/Documents/Codex/2026-09-06/realtime-voice-chat-3/outputs/butterfly-method-comparison/blender/raw/view090_frame02.png'
Time: 00:00.01 (Saving: 00:00.00)

Fra:16 Mem:11.27M (Peak 11.27M) | Time:00:00.00 | Mem:0.00M, Peak:0.00M | Scene, ViewLayer | Synchronizing object | R forewing_border
Fra:16 Mem:11.28M (Peak 11.28M) | Time:00:00.00 | Mem:0.00M, Peak:0.00M | Scene, ViewLayer | Synchronizing object | R forewing_blue
Fra:16 Mem:11.28M (Peak 11.28M) | Time:00:00.00 | Mem:0.00M, Peak:0.00M | Scene, ViewLayer | Synchronizing object | R forewing_highlight
Fra:16 Mem:11.28M (Peak 11.28M) | Time:00:00.00 | Mem:0.00M, Peak:0.00M | Scene, ViewLayer | Synchronizing object | R forewing_cyan.001
Fra:16 Mem:11.28M (Peak 11.28M) | Time:00:00.00 | Mem:0.00M, Peak:0.00M | Scene, ViewLayer | Synchronizing object | R forewing_blue.001
Fra:16 Mem:11.28M (Peak 11.28M) | Time:00:00.00 | Mem:0.00M, Peak:0.00M | Scene, ViewLayer | Synchronizing object | Antenna.001
Fra:16 Mem:11.28M (Peak 11.28M) | Time:00:00.00 | Mem:0.00M, Peak:0.00M | Scene, ViewLayer | Synchronizing object | R hindwing_cyan
Fra:16 Mem:11.28M (Peak 11.28M) | Time:00:00.00 | Mem:0.00M, Peak:0.00M | Scene, ViewLayer | Synchronizing object | R hindwing_blue
Fra:16 Mem:11.28M (Peak 11.28M) | Time:00:00.00 | Mem:0.00M, Peak:0.00M | Scene, ViewLayer | Synchronizing object | R hindwing_highlight
Fra:16 Mem:11.28M (Peak 11.28M) | Time:00:00.00 | Mem:0.00M, Peak:0.00M | Scene, ViewLayer | Synchronizing object | Antenna
Fra:16 Mem:11.29M (Peak 11.29M) | Time:00:00.00 | Mem:0.00M, Peak:0.00M | Scene, ViewLayer | Synchronizing object | R hindwing_highlight.001
Fra:16 Mem:11.29M (Peak 11.29M) | Time:00:00.00 | Mem:0.00M, Peak:0.00M | Scene, ViewLayer | Synchronizing object | Head
Fra:16 Mem:11.29M (Peak 11.29M) | Time:00:00.00 | Mem:0.00M, Peak:0.00M | Scene, ViewLayer | Synchronizing object | L forewing_border
Fra:16 Mem:11.29M (Peak 11.29M) | Time:00:00.00 | Mem:0.00M, Peak:0.00M | Scene, ViewLayer | Synchronizing object | L forewing_cyan
Fra:16 Mem:11.29M (Peak 11.29M) | Time:00:00.00 | Mem:0.00M, Peak:0.00M | Scene, ViewLayer | Synchronizing object | L forewing_blue
Fra:16 Mem:11.29M (Peak 11.29M) | Time:00:00.00 | Mem:0.00M, Peak:0.00M | Scene, ViewLayer | Synchronizing object | L forewing_highlight
Fra:16 Mem:11.29M (Peak 11.29M) | Time:00:00.00 | Mem:0.00M, Peak:0.00M | Scene, ViewLayer | Synchronizing object | L forewing_cyan.001
Fra:16 Mem:11.29M (Peak 11.29M) | Time:00:00.00 | Mem:0.00M, Peak:0.00M | Scene, ViewLayer | Synchronizing object | Thorax
Fra:16 Mem:11.29M (Peak 11.29M) | Time:00:00.00 | Mem:0.00M, Peak:0.00M | Scene, ViewLayer | Synchronizing object | L forewing_blue.001
Fra:16 Mem:11.29M (Peak 11.29M) | Time:00:00.00 | Mem:0.00M, Peak:0.00M | Scene, ViewLayer | Synchronizing object | L forewing_highlight.001
Fra:16 Mem:11.29M (Peak 11.29M) | Time:00:00.00 | Mem:0.00M, Peak:0.00M | Scene, ViewLayer | Synchronizing object | L hindwing_border
Fra:16 Mem:11.29M (Peak 11.29M) | Time:00:00.00 | Mem:0.00M, Peak:0.00M | Scene, ViewLayer | Synchronizing object | L hindwing_blue
Fra:16 Mem:11.30M (Peak 11.30M) | Time:00:00.00 | Mem:0.00M, Peak:0.00M | Scene, ViewLayer | Synchronizing object | L hindwing_highlight
Fra:16 Mem:11.30M (Peak 11.30M) | Time:00:00.00 | Mem:0.00M, Peak:0.00M | Scene, ViewLayer | Synchronizing object | L hindwing_blue.001
Fra:16 Mem:11.30M (Peak 11.30M) | Time:00:00.00 | Mem:0.00M, Peak:0.00M | Scene, ViewLayer | Synchronizing object | L hindwing_cyan.001
Fra:16 Mem:11.30M (Peak 11.30M) | Time:00:00.00 | Mem:0.00M, Peak:0.00M | Scene, ViewLayer | Initializing
Fra:16 Mem:9.87M (Peak 11.30M) | Time:00:00.00 | Mem:0.00M, Peak:0.00M | Scene, ViewLayer | Waiting for render to start
Fra:16 Mem:9.87M (Peak 11.30M) | Time:00:00.00 | Mem:0.00M, Peak:0.00M | Scene, ViewLayer | Updating Scene
Fra:16 Mem:9.87M (Peak 11.30M) | Time:00:00.00 | Mem:0.00M, Peak:0.00M | Scene, ViewLayer | Updating Shaders
Fra:16 Mem:9.87M (Peak 11.30M) | Time:00:00.00 | Mem:0.00M, Peak:0.00M | Scene, ViewLayer | Loading render kernels (may take a few minutes the first time)
Fra:16 Mem:9.95M (Peak 11.30M) | Time:00:00.00 | Mem:0.00M, Peak:0.00M | Scene, ViewLayer | Updating Procedurals
Fra:16 Mem:9.95M (Peak 11.30M) | Time:00:00.00 | Mem:0.00M, Peak:0.00M | Scene, ViewLayer | Updating Background
Fra:16 Mem:9.95M (Peak 11.30M) | Time:00:00.00 | Mem:0.00M, Peak:0.00M | Scene, ViewLayer | Updating Camera
Fra:16 Mem:9.95M (Peak 11.30M) | Time:00:00.00 | Mem:0.00M, Peak:0.00M | Scene, ViewLayer | Updating Meshes Flags
Fra:16 Mem:9.95M (Peak 11.30M) | Time:00:00.00 | Mem:0.00M, Peak:0.00M | Scene, ViewLayer | Updating Objects
Fra:16 Mem:9.95M (Peak 11.30M) | Time:00:00.00 | Mem:0.00M, Peak:0.00M | Scene, ViewLayer | Updating Objects | Copying Transformations to device
Fra:16 Mem:9.96M (Peak 11.30M) | Time:00:00.00 | Mem:0.01M, Peak:0.01M | Scene, ViewLayer | Updating Particle Systems
Fra:16 Mem:9.96M (Peak 11.30M) | Time:00:00.00 | Mem:0.01M, Peak:0.01M | Scene, ViewLayer | Updating Particle Systems | Copying Particles to device
Fra:16 Mem:9.96M (Peak 11.30M) | Time:00:00.00 | Mem:0.01M, Peak:0.01M | Scene, ViewLayer | Updating Meshes
Fra:16 Mem:9.96M (Peak 11.30M) | Time:00:00.00 | Mem:0.01M, Peak:0.01M | Scene, ViewLayer | Updating Objects | Applying Static Transformations
Fra:16 Mem:9.96M (Peak 11.30M) | Time:00:00.00 | Mem:0.01M, Peak:0.01M | Scene, ViewLayer | Updating Mesh | Computing attributes
Fra:16 Mem:9.97M (Peak 11.30M) | Time:00:00.00 | Mem:0.01M, Peak:0.01M | Scene, ViewLayer | Updating Mesh | Copying Attributes to device
Fra:16 Mem:9.97M (Peak 11.30M) | Time:00:00.00 | Mem:0.02M, Peak:0.02M | Scene, ViewLayer | Updating Scene BVH | Building
Fra:16 Mem:9.97M (Peak 11.30M) | Time:00:00.00 | Mem:0.02M, Peak:0.02M | Scene, ViewLayer | Updating Scene BVH | Building BVH
Fra:16 Mem:9.97M (Peak 11.30M) | Time:00:00.00 | Mem:0.04M, Peak:0.04M | Scene, ViewLayer | Updating Scene BVH | Copying BVH to device
Fra:16 Mem:9.97M (Peak 11.30M) | Time:00:00.00 | Mem:0.04M, Peak:0.04M | Scene, ViewLayer | Updating Mesh | Computing normals
Fra:16 Mem:9.98M (Peak 11.30M) | Time:00:00.00 | Mem:0.04M, Peak:0.04M | Scene, ViewLayer | Updating Mesh | Copying Mesh to device
Fra:16 Mem:9.98M (Peak 11.30M) | Time:00:00.00 | Mem:0.05M, Peak:0.05M | Scene, ViewLayer | Updating Objects Flags
Fra:16 Mem:9.98M (Peak 11.30M) | Time:00:00.00 | Mem:0.05M, Peak:0.05M | Scene, ViewLayer | Updating Primitive Offsets
Fra:16 Mem:9.98M (Peak 11.30M) | Time:00:00.00 | Mem:0.05M, Peak:0.05M | Scene, ViewLayer | Updating Images
Fra:16 Mem:9.98M (Peak 11.30M) | Time:00:00.00 | Mem:0.05M, Peak:0.05M | Scene, ViewLayer | Updating Camera Volume
Fra:16 Mem:9.98M (Peak 11.30M) | Time:00:00.00 | Mem:0.05M, Peak:0.05M | Scene, ViewLayer | Updating Lookup Tables
Fra:16 Mem:9.98M (Peak 11.30M) | Time:00:00.00 | Mem:0.13M, Peak:0.13M | Scene, ViewLayer | Updating Lights
Fra:16 Mem:9.98M (Peak 11.30M) | Time:00:00.00 | Mem:0.13M, Peak:0.13M | Scene, ViewLayer | Updating Lights | Computing tree
Fra:16 Mem:9.99M (Peak 11.30M) | Time:00:00.00 | Mem:0.14M, Peak:0.14M | Scene, ViewLayer | Updating Integrator
Fra:16 Mem:9.99M (Peak 11.30M) | Time:00:00.00 | Mem:0.14M, Peak:0.14M | Scene, ViewLayer | Updating Film
Fra:16 Mem:10.00M (Peak 11.30M) | Time:00:00.00 | Mem:0.06M, Peak:0.14M | Scene, ViewLayer | Updating Lookup Tables
Fra:16 Mem:10.00M (Peak 11.30M) | Time:00:00.00 | Mem:0.15M, Peak:0.15M | Scene, ViewLayer | Updating Baking
Fra:16 Mem:10.00M (Peak 11.30M) | Time:00:00.00 | Mem:0.15M, Peak:0.15M | Scene, ViewLayer | Updating Device | Writing constant memory
Fra:16 Mem:10.00M (Peak 11.30M) | Time:00:00.00 | Mem:0.15M, Peak:0.15M | Scene, ViewLayer | Sample 0/8
Fra:16 Mem:10.60M (Peak 11.30M) | Time:00:00.00 | Remaining:00:00.01 | Mem:0.71M, Peak:0.71M | Scene, ViewLayer | Sample 1/8
Fra:16 Mem:10.85M (Peak 11.30M) | Time:00:00.01 | Mem:0.71M, Peak:0.71M | Scene, ViewLayer | Sample 8/8
Fra:16 Mem:10.85M (Peak 11.30M) | Time:00:00.01 | Mem:0.71M, Peak:0.71M | Scene, ViewLayer | Finished
Saved: '/home/terence/Documents/Codex/2026-09-06/realtime-voice-chat-3/outputs/butterfly-method-comparison/blender/raw/view090_frame03.png'
Time: 00:00.01 (Saving: 00:00.00)

Fra:21 Mem:11.27M (Peak 11.27M) | Time:00:00.00 | Mem:0.00M, Peak:0.00M | Scene, ViewLayer | Synchronizing object | R forewing_border
Fra:21 Mem:11.28M (Peak 11.28M) | Time:00:00.00 | Mem:0.00M, Peak:0.00M | Scene, ViewLayer | Synchronizing object | R forewing_blue
Fra:21 Mem:11.28M (Peak 11.28M) | Time:00:00.00 | Mem:0.00M, Peak:0.00M | Scene, ViewLayer | Synchronizing object | R forewing_cyan.001
Fra:21 Mem:11.28M (Peak 11.28M) | Time:00:00.00 | Mem:0.00M, Peak:0.00M | Scene, ViewLayer | Synchronizing object | R forewing_blue.001
Fra:21 Mem:11.28M (Peak 11.28M) | Time:00:00.00 | Mem:0.00M, Peak:0.00M | Scene, ViewLayer | Synchronizing object | R forewing_highlight.001
Fra:21 Mem:11.28M (Peak 11.28M) | Time:00:00.00 | Mem:0.00M, Peak:0.00M | Scene, ViewLayer | Synchronizing object | R hindwing_border
Fra:21 Mem:11.28M (Peak 11.28M) | Time:00:00.00 | Mem:0.00M, Peak:0.00M | Scene, ViewLayer | Synchronizing object | R hindwing_cyan
Fra:21 Mem:11.28M (Peak 11.28M) | Time:00:00.00 | Mem:0.00M, Peak:0.00M | Scene, ViewLayer | Synchronizing object | R hindwing_blue
Fra:21 Mem:11.28M (Peak 11.28M) | Time:00:00.00 | Mem:0.00M, Peak:0.00M | Scene, ViewLayer | Synchronizing object | R hindwing_highlight
Fra:21 Mem:11.28M (Peak 11.28M) | Time:00:00.00 | Mem:0.00M, Peak:0.00M | Scene, ViewLayer | Synchronizing object | Antenna
Fra:21 Mem:11.29M (Peak 11.29M) | Time:00:00.00 | Mem:0.00M, Peak:0.00M | Scene, ViewLayer | Synchronizing object | R hindwing_highlight.001
Fra:21 Mem:11.29M (Peak 11.29M) | Time:00:00.00 | Mem:0.00M, Peak:0.00M | Scene, ViewLayer | Synchronizing object | L forewing_cyan
Fra:21 Mem:11.29M (Peak 11.29M) | Time:00:00.00 | Mem:0.00M, Peak:0.00M | Scene, ViewLayer | Synchronizing object | L forewing_blue
Fra:21 Mem:11.29M (Peak 11.29M) | Time:00:00.00 | Mem:0.00M, Peak:0.00M | Scene, ViewLayer | Synchronizing object | L forewing_highlight
Fra:21 Mem:11.29M (Peak 11.29M) | Time:00:00.00 | Mem:0.00M, Peak:0.00M | Scene, ViewLayer | Synchronizing object | Head
Fra:21 Mem:11.29M (Peak 11.29M) | Time:00:00.00 | Mem:0.00M, Peak:0.00M | Scene, ViewLayer | Synchronizing object | L forewing_blue.001
Fra:21 Mem:11.29M (Peak 11.29M) | Time:00:00.00 | Mem:0.00M, Peak:0.00M | Scene, ViewLayer | Synchronizing object | L forewing_highlight.001
Fra:21 Mem:11.29M (Peak 11.29M) | Time:00:00.00 | Mem:0.00M, Peak:0.00M | Scene, ViewLayer | Synchronizing object | L hindwing_border
Fra:21 Mem:11.29M (Peak 11.29M) | Time:00:00.00 | Mem:0.00M, Peak:0.00M | Scene, ViewLayer | Synchronizing object | Thorax
Fra:21 Mem:11.29M (Peak 11.29M) | Time:00:00.00 | Mem:0.00M, Peak:0.00M | Scene, ViewLayer | Synchronizing object | L hindwing_blue
Fra:21 Mem:11.29M (Peak 11.29M) | Time:00:00.00 | Mem:0.00M, Peak:0.00M | Scene, ViewLayer | Synchronizing object | Abdomen
Fra:21 Mem:11.29M (Peak 11.29M) | Time:00:00.00 | Mem:0.00M, Peak:0.00M | Scene, ViewLayer | Synchronizing object | L hindwing_highlight
Fra:21 Mem:11.29M (Peak 11.29M) | Time:00:00.00 | Mem:0.00M, Peak:0.00M | Scene, ViewLayer | Synchronizing object | L hindwing_blue.001
Fra:21 Mem:11.30M (Peak 11.30M) | Time:00:00.00 | Mem:0.00M, Peak:0.00M | Scene, ViewLayer | Synchronizing object | L hindwing_highlight.001
Fra:21 Mem:11.30M (Peak 11.30M) | Time:00:00.00 | Mem:0.00M, Peak:0.00M | Scene, ViewLayer | Initializing
Fra:21 Mem:9.87M (Peak 11.30M) | Time:00:00.00 | Mem:0.00M, Peak:0.00M | Scene, ViewLayer | Waiting for render to start
Fra:21 Mem:9.87M (Peak 11.30M) | Time:00:00.00 | Mem:0.00M, Peak:0.00M | Scene, ViewLayer | Updating Scene
Fra:21 Mem:9.87M (Peak 11.30M) | Time:00:00.00 | Mem:0.00M, Peak:0.00M | Scene, ViewLayer | Updating Shaders
Fra:21 Mem:9.87M (Peak 11.30M) | Time:00:00.00 | Mem:0.00M, Peak:0.00M | Scene, ViewLayer | Loading render kernels (may take a few minutes the first time)
Fra:21 Mem:9.95M (Peak 11.30M) | Time:00:00.00 | Mem:0.00M, Peak:0.00M | Scene, ViewLayer | Updating Procedurals
Fra:21 Mem:9.95M (Peak 11.30M) | Time:00:00.00 | Mem:0.00M, Peak:0.00M | Scene, ViewLayer | Updating Background
Fra:21 Mem:9.95M (Peak 11.30M) | Time:00:00.00 | Mem:0.00M, Peak:0.00M | Scene, ViewLayer | Updating Camera
Fra:21 Mem:9.95M (Peak 11.30M) | Time:00:00.00 | Mem:0.00M, Peak:0.00M | Scene, ViewLayer | Updating Meshes Flags
Fra:21 Mem:9.95M (Peak 11.30M) | Time:00:00.00 | Mem:0.00M, Peak:0.00M | Scene, ViewLayer | Updating Objects
Fra:21 Mem:9.95M (Peak 11.30M) | Time:00:00.00 | Mem:0.00M, Peak:0.00M | Scene, ViewLayer | Updating Objects | Copying Transformations to device
Fra:21 Mem:9.96M (Peak 11.30M) | Time:00:00.00 | Mem:0.01M, Peak:0.01M | Scene, ViewLayer | Updating Particle Systems
Fra:21 Mem:9.96M (Peak 11.30M) | Time:00:00.00 | Mem:0.01M, Peak:0.01M | Scene, ViewLayer | Updating Particle Systems | Copying Particles to device
Fra:21 Mem:9.96M (Peak 11.30M) | Time:00:00.00 | Mem:0.01M, Peak:0.01M | Scene, ViewLayer | Updating Meshes
Fra:21 Mem:9.96M (Peak 11.30M) | Time:00:00.00 | Mem:0.01M, Peak:0.01M | Scene, ViewLayer | Updating Objects | Applying Static Transformations
Fra:21 Mem:9.96M (Peak 11.30M) | Time:00:00.00 | Mem:0.01M, Peak:0.01M | Scene, ViewLayer | Updating Mesh | Computing attributes
Fra:21 Mem:9.97M (Peak 11.30M) | Time:00:00.00 | Mem:0.01M, Peak:0.01M | Scene, ViewLayer | Updating Mesh | Copying Attributes to device
Fra:21 Mem:9.97M (Peak 11.30M) | Time:00:00.00 | Mem:0.02M, Peak:0.02M | Scene, ViewLayer | Updating Scene BVH | Building
Fra:21 Mem:9.97M (Peak 11.30M) | Time:00:00.00 | Mem:0.02M, Peak:0.02M | Scene, ViewLayer | Updating Scene BVH | Building BVH
Fra:21 Mem:9.97M (Peak 11.30M) | Time:00:00.00 | Mem:0.04M, Peak:0.04M | Scene, ViewLayer | Updating Scene BVH | Copying BVH to device
Fra:21 Mem:9.97M (Peak 11.30M) | Time:00:00.00 | Mem:0.04M, Peak:0.04M | Scene, ViewLayer | Updating Mesh | Computing normals
Fra:21 Mem:9.98M (Peak 11.30M) | Time:00:00.00 | Mem:0.04M, Peak:0.04M | Scene, ViewLayer | Updating Mesh | Copying Mesh to device
Fra:21 Mem:9.98M (Peak 11.30M) | Time:00:00.00 | Mem:0.05M, Peak:0.05M | Scene, ViewLayer | Updating Objects Flags
Fra:21 Mem:9.98M (Peak 11.30M) | Time:00:00.00 | Mem:0.05M, Peak:0.05M | Scene, ViewLayer | Updating Primitive Offsets
Fra:21 Mem:9.98M (Peak 11.30M) | Time:00:00.00 | Mem:0.05M, Peak:0.05M | Scene, ViewLayer | Updating Images
Fra:21 Mem:9.98M (Peak 11.30M) | Time:00:00.00 | Mem:0.05M, Peak:0.05M | Scene, ViewLayer | Updating Camera Volume
Fra:21 Mem:9.98M (Peak 11.30M) | Time:00:00.00 | Mem:0.05M, Peak:0.05M | Scene, ViewLayer | Updating Lookup Tables
Fra:21 Mem:9.98M (Peak 11.30M) | Time:00:00.00 | Mem:0.13M, Peak:0.13M | Scene, ViewLayer | Updating Lights
Fra:21 Mem:9.98M (Peak 11.30M) | Time:00:00.00 | Mem:0.13M, Peak:0.13M | Scene, ViewLayer | Updating Lights | Computing tree
Fra:21 Mem:9.99M (Peak 11.30M) | Time:00:00.00 | Mem:0.14M, Peak:0.14M | Scene, ViewLayer | Updating Integrator
Fra:21 Mem:9.99M (Peak 11.30M) | Time:00:00.00 | Mem:0.14M, Peak:0.14M | Scene, ViewLayer | Updating Film
Fra:21 Mem:10.00M (Peak 11.30M) | Time:00:00.00 | Mem:0.06M, Peak:0.14M | Scene, ViewLayer | Updating Lookup Tables
Fra:21 Mem:10.00M (Peak 11.30M) | Time:00:00.00 | Mem:0.15M, Peak:0.15M | Scene, ViewLayer | Updating Baking
Fra:21 Mem:10.00M (Peak 11.30M) | Time:00:00.00 | Mem:0.15M, Peak:0.15M | Scene, ViewLayer | Updating Device | Writing constant memory
Fra:21 Mem:10.00M (Peak 11.30M) | Time:00:00.00 | Mem:0.15M, Peak:0.15M | Scene, ViewLayer | Sample 0/8
Fra:21 Mem:10.60M (Peak 11.30M) | Time:00:00.00 | Remaining:00:00.01 | Mem:0.71M, Peak:0.71M | Scene, ViewLayer | Sample 1/8
Fra:21 Mem:10.85M (Peak 11.30M) | Time:00:00.01 | Mem:0.71M, Peak:0.71M | Scene, ViewLayer | Sample 8/8
Fra:21 Mem:10.85M (Peak 11.30M) | Time:00:00.01 | Mem:0.71M, Peak:0.71M | Scene, ViewLayer | Finished
Saved: '/home/terence/Documents/Codex/2026-09-06/realtime-voice-chat-3/outputs/butterfly-method-comparison/blender/raw/view090_frame04.png'
Time: 00:00.01 (Saving: 00:00.00)

Fra:1 Mem:11.27M (Peak 11.27M) | Time:00:00.00 | Mem:0.00M, Peak:0.00M | Scene, ViewLayer | Synchronizing object | R forewing_border
Fra:1 Mem:11.28M (Peak 11.28M) | Time:00:00.00 | Mem:0.00M, Peak:0.00M | Scene, ViewLayer | Synchronizing object | R forewing_blue
Fra:1 Mem:11.28M (Peak 11.28M) | Time:00:00.00 | Mem:0.00M, Peak:0.00M | Scene, ViewLayer | Synchronizing object | R forewing_highlight
Fra:1 Mem:11.28M (Peak 11.28M) | Time:00:00.00 | Mem:0.00M, Peak:0.00M | Scene, ViewLayer | Synchronizing object | R forewing_blue.001
Fra:1 Mem:11.28M (Peak 11.28M) | Time:00:00.00 | Mem:0.00M, Peak:0.00M | Scene, ViewLayer | Synchronizing object | Antenna.001
Fra:1 Mem:11.28M (Peak 11.28M) | Time:00:00.00 | Mem:0.00M, Peak:0.00M | Scene, ViewLayer | Synchronizing object | R hindwing_cyan
Fra:1 Mem:11.28M (Peak 11.28M) | Time:00:00.00 | Mem:0.00M, Peak:0.00M | Scene, ViewLayer | Synchronizing object | R hindwing_border
Fra:1 Mem:11.28M (Peak 11.28M) | Time:00:00.00 | Mem:0.00M, Peak:0.00M | Scene, ViewLayer | Synchronizing object | R hindwing_highlight
Fra:1 Mem:11.28M (Peak 11.28M) | Time:00:00.00 | Mem:0.00M, Peak:0.00M | Scene, ViewLayer | Synchronizing object | R hindwing_cyan.001
Fra:1 Mem:11.28M (Peak 11.28M) | Time:00:00.00 | Mem:0.00M, Peak:0.00M | Scene, ViewLayer | Synchronizing object | R hindwing_blue.001
Fra:1 Mem:11.29M (Peak 11.29M) | Time:00:00.00 | Mem:0.00M, Peak:0.00M | Scene, ViewLayer | Synchronizing object | Antenna
Fra:1 Mem:11.29M (Peak 11.29M) | Time:00:00.00 | Mem:0.00M, Peak:0.00M | Scene, ViewLayer | Synchronizing object | R hindwing_highlight.001
Fra:1 Mem:11.29M (Peak 11.29M) | Time:00:00.00 | Mem:0.00M, Peak:0.00M | Scene, ViewLayer | Synchronizing object | Head
Fra:1 Mem:11.29M (Peak 11.29M) | Time:00:00.00 | Mem:0.00M, Peak:0.00M | Scene, ViewLayer | Synchronizing object | L forewing_cyan
Fra:1 Mem:11.29M (Peak 11.29M) | Time:00:00.00 | Mem:0.00M, Peak:0.00M | Scene, ViewLayer | Synchronizing object | L forewing_blue
Fra:1 Mem:11.29M (Peak 11.29M) | Time:00:00.00 | Mem:0.00M, Peak:0.00M | Scene, ViewLayer | Synchronizing object | L forewing_highlight
Fra:1 Mem:11.29M (Peak 11.29M) | Time:00:00.00 | Mem:0.00M, Peak:0.00M | Scene, ViewLayer | Synchronizing object | Thorax
Fra:1 Mem:11.29M (Peak 11.29M) | Time:00:00.00 | Mem:0.00M, Peak:0.00M | Scene, ViewLayer | Synchronizing object | L forewing_cyan.001
Fra:1 Mem:11.29M (Peak 11.29M) | Time:00:00.00 | Mem:0.00M, Peak:0.00M | Scene, ViewLayer | Synchronizing object | L forewing_blue.001
Fra:1 Mem:11.29M (Peak 11.29M) | Time:00:00.00 | Mem:0.00M, Peak:0.00M | Scene, ViewLayer | Synchronizing object | Abdomen
Fra:1 Mem:11.29M (Peak 11.29M) | Time:00:00.00 | Mem:0.00M, Peak:0.00M | Scene, ViewLayer | Synchronizing object | L hindwing_border
Fra:1 Mem:11.29M (Peak 11.29M) | Time:00:00.00 | Mem:0.00M, Peak:0.00M | Scene, ViewLayer | Synchronizing object | L hindwing_highlight.001
Fra:1 Mem:11.29M (Peak 11.29M) | Time:00:00.00 | Mem:0.00M, Peak:0.00M | Scene, ViewLayer | Synchronizing object | L hindwing_blue
Fra:1 Mem:11.29M (Peak 11.29M) | Time:00:00.00 | Mem:0.00M, Peak:0.00M | Scene, ViewLayer | Synchronizing object | L hindwing_highlight
Fra:1 Mem:11.30M (Peak 11.30M) | Time:00:00.00 | Mem:0.00M, Peak:0.00M | Scene, ViewLayer | Synchronizing object | L hindwing_cyan.001
Fra:1 Mem:11.30M (Peak 11.30M) | Time:00:00.00 | Mem:0.00M, Peak:0.00M | Scene, ViewLayer | Synchronizing object | L hindwing_blue.001
Fra:1 Mem:11.30M (Peak 11.30M) | Time:00:00.00 | Mem:0.00M, Peak:0.00M | Scene, ViewLayer | Initializing
Fra:1 Mem:9.87M (Peak 11.30M) | Time:00:00.00 | Mem:0.00M, Peak:0.00M | Scene, ViewLayer | Waiting for render to start
Fra:1 Mem:9.87M (Peak 11.30M) | Time:00:00.00 | Mem:0.00M, Peak:0.00M | Scene, ViewLayer | Updating Scene
Fra:1 Mem:9.87M (Peak 11.30M) | Time:00:00.00 | Mem:0.00M, Peak:0.00M | Scene, ViewLayer | Updating Shaders
Fra:1 Mem:9.87M (Peak 11.30M) | Time:00:00.00 | Mem:0.00M, Peak:0.00M | Scene, ViewLayer | Loading render kernels (may take a few minutes the first time)
Fra:1 Mem:9.95M (Peak 11.30M) | Time:00:00.00 | Mem:0.00M, Peak:0.00M | Scene, ViewLayer | Updating Procedurals
Fra:1 Mem:9.95M (Peak 11.30M) | Time:00:00.00 | Mem:0.00M, Peak:0.00M | Scene, ViewLayer | Updating Background
Fra:1 Mem:9.95M (Peak 11.30M) | Time:00:00.00 | Mem:0.00M, Peak:0.00M | Scene, ViewLayer | Updating Camera
Fra:1 Mem:9.95M (Peak 11.30M) | Time:00:00.00 | Mem:0.00M, Peak:0.00M | Scene, ViewLayer | Updating Meshes Flags
Fra:1 Mem:9.95M (Peak 11.30M) | Time:00:00.00 | Mem:0.00M, Peak:0.00M | Scene, ViewLayer | Updating Objects
Fra:1 Mem:9.95M (Peak 11.30M) | Time:00:00.00 | Mem:0.00M, Peak:0.00M | Scene, ViewLayer | Updating Objects | Copying Transformations to device
Fra:1 Mem:9.96M (Peak 11.30M) | Time:00:00.00 | Mem:0.01M, Peak:0.01M | Scene, ViewLayer | Updating Particle Systems
Fra:1 Mem:9.96M (Peak 11.30M) | Time:00:00.00 | Mem:0.01M, Peak:0.01M | Scene, ViewLayer | Updating Particle Systems | Copying Particles to device
Fra:1 Mem:9.96M (Peak 11.30M) | Time:00:00.00 | Mem:0.01M, Peak:0.01M | Scene, ViewLayer | Updating Meshes
Fra:1 Mem:9.96M (Peak 11.30M) | Time:00:00.00 | Mem:0.01M, Peak:0.01M | Scene, ViewLayer | Updating Objects | Applying Static Transformations
Fra:1 Mem:9.96M (Peak 11.30M) | Time:00:00.00 | Mem:0.01M, Peak:0.01M | Scene, ViewLayer | Updating Mesh | Computing attributes
Fra:1 Mem:9.97M (Peak 11.30M) | Time:00:00.00 | Mem:0.01M, Peak:0.01M | Scene, ViewLayer | Updating Mesh | Copying Attributes to device
Fra:1 Mem:9.97M (Peak 11.30M) | Time:00:00.00 | Mem:0.02M, Peak:0.02M | Scene, ViewLayer | Updating Scene BVH | Building
Fra:1 Mem:9.97M (Peak 11.30M) | Time:00:00.00 | Mem:0.02M, Peak:0.02M | Scene, ViewLayer | Updating Scene BVH | Building BVH
Fra:1 Mem:9.97M (Peak 11.30M) | Time:00:00.00 | Mem:0.02M, Peak:0.02M | Scene, ViewLayer | Updating Scene BVH | Building BVH 0%
Fra:1 Mem:9.97M (Peak 11.30M) | Time:00:00.00 | Mem:0.04M, Peak:0.04M | Scene, ViewLayer | Updating Scene BVH | Copying BVH to device
Fra:1 Mem:9.97M (Peak 11.30M) | Time:00:00.00 | Mem:0.04M, Peak:0.04M | Scene, ViewLayer | Updating Mesh | Computing normals
Fra:1 Mem:9.98M (Peak 11.30M) | Time:00:00.00 | Mem:0.04M, Peak:0.04M | Scene, ViewLayer | Updating Mesh | Copying Mesh to device
Fra:1 Mem:9.98M (Peak 11.30M) | Time:00:00.00 | Mem:0.05M, Peak:0.05M | Scene, ViewLayer | Updating Objects Flags
Fra:1 Mem:9.98M (Peak 11.30M) | Time:00:00.00 | Mem:0.05M, Peak:0.05M | Scene, ViewLayer | Updating Primitive Offsets
Fra:1 Mem:9.98M (Peak 11.30M) | Time:00:00.00 | Mem:0.05M, Peak:0.05M | Scene, ViewLayer | Updating Images
Fra:1 Mem:9.98M (Peak 11.30M) | Time:00:00.00 | Mem:0.05M, Peak:0.05M | Scene, ViewLayer | Updating Camera Volume
Fra:1 Mem:9.98M (Peak 11.30M) | Time:00:00.00 | Mem:0.05M, Peak:0.05M | Scene, ViewLayer | Updating Lookup Tables
Fra:1 Mem:9.98M (Peak 11.30M) | Time:00:00.00 | Mem:0.13M, Peak:0.13M | Scene, ViewLayer | Updating Lights
Fra:1 Mem:9.98M (Peak 11.30M) | Time:00:00.00 | Mem:0.13M, Peak:0.13M | Scene, ViewLayer | Updating Lights | Computing tree
Fra:1 Mem:9.99M (Peak 11.30M) | Time:00:00.00 | Mem:0.14M, Peak:0.14M | Scene, ViewLayer | Updating Integrator
Fra:1 Mem:9.99M (Peak 11.30M) | Time:00:00.00 | Mem:0.14M, Peak:0.14M | Scene, ViewLayer | Updating Film
Fra:1 Mem:9.99M (Peak 11.30M) | Time:00:00.00 | Mem:0.06M, Peak:0.14M | Scene, ViewLayer | Updating Lookup Tables
Fra:1 Mem:9.99M (Peak 11.30M) | Time:00:00.00 | Mem:0.14M, Peak:0.14M | Scene, ViewLayer | Updating Baking
Fra:1 Mem:9.99M (Peak 11.30M) | Time:00:00.00 | Mem:0.14M, Peak:0.14M | Scene, ViewLayer | Updating Device | Writing constant memory
Fra:1 Mem:10.00M (Peak 11.30M) | Time:00:00.00 | Mem:0.14M, Peak:0.14M | Scene, ViewLayer | Sample 0/8
Fra:1 Mem:10.60M (Peak 11.30M) | Time:00:00.00 | Remaining:00:00.00 | Mem:0.71M, Peak:0.71M | Scene, ViewLayer | Sample 1/8
Fra:1 Mem:10.85M (Peak 11.30M) | Time:00:00.01 | Mem:0.71M, Peak:0.71M | Scene, ViewLayer | Sample 8/8
Fra:1 Mem:10.85M (Peak 11.30M) | Time:00:00.01 | Mem:0.71M, Peak:0.71M | Scene, ViewLayer | Finished
Saved: '/home/terence/Documents/Codex/2026-09-06/realtime-voice-chat-3/outputs/butterfly-method-comparison/blender/raw/view135_frame00.png'
Time: 00:00.01 (Saving: 00:00.00)

Fra:6 Mem:11.27M (Peak 11.27M) | Time:00:00.00 | Mem:0.00M, Peak:0.00M | Scene, ViewLayer | Synchronizing object | R forewing_border
Fra:6 Mem:11.28M (Peak 11.28M) | Time:00:00.00 | Mem:0.00M, Peak:0.00M | Scene, ViewLayer | Synchronizing object | R forewing_blue
Fra:6 Mem:11.28M (Peak 11.28M) | Time:00:00.00 | Mem:0.00M, Peak:0.00M | Scene, ViewLayer | Synchronizing object | R forewing_highlight
Fra:6 Mem:11.28M (Peak 11.28M) | Time:00:00.00 | Mem:0.00M, Peak:0.00M | Scene, ViewLayer | Synchronizing object | Antenna.001
Fra:6 Mem:11.28M (Peak 11.28M) | Time:00:00.00 | Mem:0.00M, Peak:0.00M | Scene, ViewLayer | Synchronizing object | R forewing_blue.001
Fra:6 Mem:11.28M (Peak 11.28M) | Time:00:00.00 | Mem:0.00M, Peak:0.00M | Scene, ViewLayer | Synchronizing object | R forewing_highlight.001
Fra:6 Mem:11.28M (Peak 11.28M) | Time:00:00.00 | Mem:0.00M, Peak:0.00M | Scene, ViewLayer | Synchronizing object | Antenna
Fra:6 Mem:11.28M (Peak 11.28M) | Time:00:00.00 | Mem:0.00M, Peak:0.00M | Scene, ViewLayer | Synchronizing object | Head
Fra:6 Mem:11.29M (Peak 11.29M) | Time:00:00.00 | Mem:0.00M, Peak:0.00M | Scene, ViewLayer | Synchronizing object | Thorax
Fra:6 Mem:11.29M (Peak 11.29M) | Time:00:00.00 | Mem:0.00M, Peak:0.00M | Scene, ViewLayer | Synchronizing object | Abdomen
Fra:6 Mem:11.29M (Peak 11.29M) | Time:00:00.00 | Mem:0.00M, Peak:0.00M | Scene, ViewLayer | Synchronizing object | L hindwing_highlight.001
Fra:6 Mem:11.29M (Peak 11.29M) | Time:00:00.00 | Mem:0.00M, Peak:0.00M | Scene, ViewLayer | Synchronizing object | L hindwing_blue.001
Fra:6 Mem:11.29M (Peak 11.29M) | Time:00:00.00 | Mem:0.00M, Peak:0.00M | Scene, ViewLayer | Synchronizing object | L hindwing_cyan.001
Fra:6 Mem:11.29M (Peak 11.29M) | Time:00:00.00 | Mem:0.00M, Peak:0.00M | Scene, ViewLayer | Synchronizing object | L hindwing_highlight
Fra:6 Mem:11.29M (Peak 11.29M) | Time:00:00.00 | Mem:0.00M, Peak:0.00M | Scene, ViewLayer | Synchronizing object | L hindwing_blue
Fra:6 Mem:11.29M (Peak 11.29M) | Time:00:00.00 | Mem:0.00M, Peak:0.00M | Scene, ViewLayer | Synchronizing object | L hindwing_cyan
Fra:6 Mem:11.29M (Peak 11.29M) | Time:00:00.00 | Mem:0.00M, Peak:0.00M | Scene, ViewLayer | Synchronizing object | L hindwing_border
Fra:6 Mem:11.29M (Peak 11.29M) | Time:00:00.00 | Mem:0.00M, Peak:0.00M | Scene, ViewLayer | Synchronizing object | L forewing_highlight.001
Fra:6 Mem:11.29M (Peak 11.29M) | Time:00:00.00 | Mem:0.00M, Peak:0.00M | Scene, ViewLayer | Synchronizing object | L forewing_blue.001
Fra:6 Mem:11.29M (Peak 11.29M) | Time:00:00.00 | Mem:0.00M, Peak:0.00M | Scene, ViewLayer | Synchronizing object | L forewing_cyan.001
Fra:6 Mem:11.29M (Peak 11.29M) | Time:00:00.00 | Mem:0.00M, Peak:0.00M | Scene, ViewLayer | Synchronizing object | L forewing_highlight
Fra:6 Mem:11.29M (Peak 11.29M) | Time:00:00.00 | Mem:0.00M, Peak:0.00M | Scene, ViewLayer | Synchronizing object | L forewing_blue
Fra:6 Mem:11.29M (Peak 11.29M) | Time:00:00.00 | Mem:0.00M, Peak:0.00M | Scene, ViewLayer | Synchronizing object | L forewing_cyan
Fra:6 Mem:11.29M (Peak 11.29M) | Time:00:00.00 | Mem:0.00M, Peak:0.00M | Scene, ViewLayer | Synchronizing object | L forewing_border
Fra:6 Mem:11.29M (Peak 11.29M) | Time:00:00.00 | Mem:0.00M, Peak:0.00M | Scene, ViewLayer | Synchronizing object | R hindwing_highlight.001
Fra:6 Mem:11.29M (Peak 11.29M) | Time:00:00.00 | Mem:0.00M, Peak:0.00M | Scene, ViewLayer | Synchronizing object | R hindwing_blue.001
Fra:6 Mem:11.29M (Peak 11.29M) | Time:00:00.00 | Mem:0.00M, Peak:0.00M | Scene, ViewLayer | Synchronizing object | R hindwing_cyan.001
Fra:6 Mem:11.29M (Peak 11.29M) | Time:00:00.00 | Mem:0.00M, Peak:0.00M | Scene, ViewLayer | Synchronizing object | R hindwing_highlight
Fra:6 Mem:11.30M (Peak 11.30M) | Time:00:00.00 | Mem:0.00M, Peak:0.00M | Scene, ViewLayer | Synchronizing object | R hindwing_blue
Fra:6 Mem:11.30M (Peak 11.30M) | Time:00:00.00 | Mem:0.00M, Peak:0.00M | Scene, ViewLayer | Synchronizing object | R hindwing_cyan
Fra:6 Mem:11.30M (Peak 11.30M) | Time:00:00.00 | Mem:0.00M, Peak:0.00M | Scene, ViewLayer | Initializing
Fra:6 Mem:9.87M (Peak 11.30M) | Time:00:00.00 | Mem:0.00M, Peak:0.00M | Scene, ViewLayer | Waiting for render to start
Fra:6 Mem:9.87M (Peak 11.30M) | Time:00:00.00 | Mem:0.00M, Peak:0.00M | Scene, ViewLayer | Updating Scene
Fra:6 Mem:9.87M (Peak 11.30M) | Time:00:00.00 | Mem:0.00M, Peak:0.00M | Scene, ViewLayer | Updating Shaders
Fra:6 Mem:9.87M (Peak 11.30M) | Time:00:00.00 | Mem:0.00M, Peak:0.00M | Scene, ViewLayer | Loading render kernels (may take a few minutes the first time)
Fra:6 Mem:9.95M (Peak 11.30M) | Time:00:00.00 | Mem:0.00M, Peak:0.00M | Scene, ViewLayer | Updating Procedurals
Fra:6 Mem:9.95M (Peak 11.30M) | Time:00:00.00 | Mem:0.00M, Peak:0.00M | Scene, ViewLayer | Updating Background
Fra:6 Mem:9.95M (Peak 11.30M) | Time:00:00.00 | Mem:0.00M, Peak:0.00M | Scene, ViewLayer | Updating Camera
Fra:6 Mem:9.95M (Peak 11.30M) | Time:00:00.00 | Mem:0.00M, Peak:0.00M | Scene, ViewLayer | Updating Meshes Flags
Fra:6 Mem:9.95M (Peak 11.30M) | Time:00:00.00 | Mem:0.00M, Peak:0.00M | Scene, ViewLayer | Updating Objects
Fra:6 Mem:9.95M (Peak 11.30M) | Time:00:00.00 | Mem:0.00M, Peak:0.00M | Scene, ViewLayer | Updating Objects | Copying Transformations to device
Fra:6 Mem:9.96M (Peak 11.30M) | Time:00:00.00 | Mem:0.01M, Peak:0.01M | Scene, ViewLayer | Updating Particle Systems
Fra:6 Mem:9.96M (Peak 11.30M) | Time:00:00.00 | Mem:0.01M, Peak:0.01M | Scene, ViewLayer | Updating Particle Systems | Copying Particles to device
Fra:6 Mem:9.96M (Peak 11.30M) | Time:00:00.00 | Mem:0.01M, Peak:0.01M | Scene, ViewLayer | Updating Meshes
Fra:6 Mem:9.96M (Peak 11.30M) | Time:00:00.00 | Mem:0.01M, Peak:0.01M | Scene, ViewLayer | Updating Objects | Applying Static Transformations
Fra:6 Mem:9.96M (Peak 11.30M) | Time:00:00.00 | Mem:0.01M, Peak:0.01M | Scene, ViewLayer | Updating Mesh | Computing attributes
Fra:6 Mem:9.97M (Peak 11.30M) | Time:00:00.00 | Mem:0.01M, Peak:0.01M | Scene, ViewLayer | Updating Mesh | Copying Attributes to device
Fra:6 Mem:9.97M (Peak 11.30M) | Time:00:00.00 | Mem:0.02M, Peak:0.02M | Scene, ViewLayer | Updating Scene BVH | Building
Fra:6 Mem:9.97M (Peak 11.30M) | Time:00:00.00 | Mem:0.02M, Peak:0.02M | Scene, ViewLayer | Updating Scene BVH | Building BVH
Fra:6 Mem:9.97M (Peak 11.30M) | Time:00:00.00 | Mem:0.04M, Peak:0.04M | Scene, ViewLayer | Updating Scene BVH | Copying BVH to device
Fra:6 Mem:9.97M (Peak 11.30M) | Time:00:00.00 | Mem:0.04M, Peak:0.04M | Scene, ViewLayer | Updating Mesh | Computing normals
Fra:6 Mem:9.98M (Peak 11.30M) | Time:00:00.00 | Mem:0.04M, Peak:0.04M | Scene, ViewLayer | Updating Mesh | Copying Mesh to device
Fra:6 Mem:9.98M (Peak 11.30M) | Time:00:00.00 | Mem:0.05M, Peak:0.05M | Scene, ViewLayer | Updating Objects Flags
Fra:6 Mem:9.98M (Peak 11.30M) | Time:00:00.00 | Mem:0.05M, Peak:0.05M | Scene, ViewLayer | Updating Primitive Offsets
Fra:6 Mem:9.98M (Peak 11.30M) | Time:00:00.00 | Mem:0.05M, Peak:0.05M | Scene, ViewLayer | Updating Images
Fra:6 Mem:9.98M (Peak 11.30M) | Time:00:00.00 | Mem:0.05M, Peak:0.05M | Scene, ViewLayer | Updating Camera Volume
Fra:6 Mem:9.98M (Peak 11.30M) | Time:00:00.00 | Mem:0.05M, Peak:0.05M | Scene, ViewLayer | Updating Lookup Tables
Fra:6 Mem:9.98M (Peak 11.30M) | Time:00:00.00 | Mem:0.13M, Peak:0.13M | Scene, ViewLayer | Updating Lights
Fra:6 Mem:9.98M (Peak 11.30M) | Time:00:00.00 | Mem:0.13M, Peak:0.13M | Scene, ViewLayer | Updating Lights | Computing tree
Fra:6 Mem:9.99M (Peak 11.30M) | Time:00:00.00 | Mem:0.14M, Peak:0.14M | Scene, ViewLayer | Updating Integrator
Fra:6 Mem:9.99M (Peak 11.30M) | Time:00:00.00 | Mem:0.14M, Peak:0.14M | Scene, ViewLayer | Updating Film
Fra:6 Mem:10.00M (Peak 11.30M) | Time:00:00.00 | Mem:0.06M, Peak:0.14M | Scene, ViewLayer | Updating Lookup Tables
Fra:6 Mem:10.00M (Peak 11.30M) | Time:00:00.00 | Mem:0.15M, Peak:0.15M | Scene, ViewLayer | Updating Baking
Fra:6 Mem:10.00M (Peak 11.30M) | Time:00:00.00 | Mem:0.15M, Peak:0.15M | Scene, ViewLayer | Updating Device | Writing constant memory
Fra:6 Mem:10.00M (Peak 11.30M) | Time:00:00.00 | Mem:0.15M, Peak:0.15M | Scene, ViewLayer | Sample 0/8
Fra:6 Mem:10.60M (Peak 11.30M) | Time:00:00.00 | Remaining:00:00.01 | Mem:0.71M, Peak:0.71M | Scene, ViewLayer | Sample 1/8
Fra:6 Mem:10.85M (Peak 11.30M) | Time:00:00.01 | Mem:0.71M, Peak:0.71M | Scene, ViewLayer | Sample 8/8
Fra:6 Mem:10.85M (Peak 11.30M) | Time:00:00.01 | Mem:0.71M, Peak:0.71M | Scene, ViewLayer | Finished
Saved: '/home/terence/Documents/Codex/2026-09-06/realtime-voice-chat-3/outputs/butterfly-method-comparison/blender/raw/view135_frame01.png'
Time: 00:00.01 (Saving: 00:00.00)

Fra:11 Mem:11.27M (Peak 11.27M) | Time:00:00.00 | Mem:0.00M, Peak:0.00M | Scene, ViewLayer | Synchronizing object | R forewing_border
Fra:11 Mem:11.28M (Peak 11.28M) | Time:00:00.00 | Mem:0.00M, Peak:0.00M | Scene, ViewLayer | Synchronizing object | R forewing_blue
Fra:11 Mem:11.28M (Peak 11.28M) | Time:00:00.00 | Mem:0.00M, Peak:0.00M | Scene, ViewLayer | Synchronizing object | R forewing_highlight
Fra:11 Mem:11.28M (Peak 11.28M) | Time:00:00.00 | Mem:0.00M, Peak:0.00M | Scene, ViewLayer | Synchronizing object | R forewing_cyan.001
Fra:11 Mem:11.28M (Peak 11.28M) | Time:00:00.00 | Mem:0.00M, Peak:0.00M | Scene, ViewLayer | Synchronizing object | R forewing_highlight.001
Fra:11 Mem:11.28M (Peak 11.28M) | Time:00:00.00 | Mem:0.00M, Peak:0.00M | Scene, ViewLayer | Synchronizing object | Antenna.001
Fra:11 Mem:11.28M (Peak 11.28M) | Time:00:00.00 | Mem:0.00M, Peak:0.00M | Scene, ViewLayer | Synchronizing object | R hindwing_cyan
Fra:11 Mem:11.28M (Peak 11.28M) | Time:00:00.00 | Mem:0.00M, Peak:0.00M | Scene, ViewLayer | Synchronizing object | R hindwing_blue
Fra:11 Mem:11.28M (Peak 11.28M) | Time:00:00.00 | Mem:0.00M, Peak:0.00M | Scene, ViewLayer | Synchronizing object | Antenna
Fra:11 Mem:11.28M (Peak 11.28M) | Time:00:00.00 | Mem:0.00M, Peak:0.00M | Scene, ViewLayer | Synchronizing object | R hindwing_highlight
Fra:11 Mem:11.28M (Peak 11.28M) | Time:00:00.00 | Mem:0.00M, Peak:0.00M | Scene, ViewLayer | Synchronizing object | R hindwing_cyan.001
Fra:11 Mem:11.28M (Peak 11.28M) | Time:00:00.00 | Mem:0.00M, Peak:0.00M | Scene, ViewLayer | Synchronizing object | Head
Fra:11 Mem:11.29M (Peak 11.29M) | Time:00:00.00 | Mem:0.00M, Peak:0.00M | Scene, ViewLayer | Synchronizing object | R hindwing_highlight.001
Fra:11 Mem:11.29M (Peak 11.29M) | Time:00:00.00 | Mem:0.00M, Peak:0.00M | Scene, ViewLayer | Synchronizing object | L forewing_border
Fra:11 Mem:11.29M (Peak 11.29M) | Time:00:00.00 | Mem:0.00M, Peak:0.00M | Scene, ViewLayer | Synchronizing object | L forewing_cyan
Fra:11 Mem:11.29M (Peak 11.29M) | Time:00:00.00 | Mem:0.00M, Peak:0.00M | Scene, ViewLayer | Synchronizing object | L forewing_blue
Fra:11 Mem:11.29M (Peak 11.29M) | Time:00:00.00 | Mem:0.00M, Peak:0.00M | Scene, ViewLayer | Synchronizing object | Thorax
Fra:11 Mem:11.29M (Peak 11.29M) | Time:00:00.00 | Mem:0.00M, Peak:0.00M | Scene, ViewLayer | Synchronizing object | L forewing_cyan.001
Fra:11 Mem:11.29M (Peak 11.29M) | Time:00:00.00 | Mem:0.00M, Peak:0.00M | Scene, ViewLayer | Synchronizing object | Abdomen
Fra:11 Mem:11.29M (Peak 11.29M) | Time:00:00.00 | Mem:0.00M, Peak:0.00M | Scene, ViewLayer | Synchronizing object | L forewing_blue.001
Fra:11 Mem:11.29M (Peak 11.29M) | Time:00:00.00 | Mem:0.00M, Peak:0.00M | Scene, ViewLayer | Synchronizing object | L forewing_highlight.001
Fra:11 Mem:11.29M (Peak 11.29M) | Time:00:00.00 | Mem:0.00M, Peak:0.00M | Scene, ViewLayer | Synchronizing object | L hindwing_cyan
Fra:11 Mem:11.30M (Peak 11.30M) | Time:00:00.00 | Mem:0.00M, Peak:0.00M | Scene, ViewLayer | Synchronizing object | L hindwing_blue
Fra:11 Mem:11.30M (Peak 11.30M) | Time:00:00.00 | Mem:0.00M, Peak:0.00M | Scene, ViewLayer | Synchronizing object | L hindwing_blue.001
Fra:11 Mem:11.30M (Peak 11.30M) | Time:00:00.00 | Mem:0.00M, Peak:0.00M | Scene, ViewLayer | Synchronizing object | L hindwing_cyan.001
Fra:11 Mem:11.30M (Peak 11.30M) | Time:00:00.00 | Mem:0.00M, Peak:0.00M | Scene, ViewLayer | Initializing
Fra:11 Mem:9.87M (Peak 11.30M) | Time:00:00.00 | Mem:0.00M, Peak:0.00M | Scene, ViewLayer | Waiting for render to start
Fra:11 Mem:9.87M (Peak 11.30M) | Time:00:00.00 | Mem:0.00M, Peak:0.00M | Scene, ViewLayer | Updating Scene
Fra:11 Mem:9.87M (Peak 11.30M) | Time:00:00.00 | Mem:0.00M, Peak:0.00M | Scene, ViewLayer | Updating Shaders
Fra:11 Mem:9.87M (Peak 11.30M) | Time:00:00.00 | Mem:0.00M, Peak:0.00M | Scene, ViewLayer | Loading render kernels (may take a few minutes the first time)
Fra:11 Mem:9.95M (Peak 11.30M) | Time:00:00.00 | Mem:0.00M, Peak:0.00M | Scene, ViewLayer | Updating Procedurals
Fra:11 Mem:9.95M (Peak 11.30M) | Time:00:00.00 | Mem:0.00M, Peak:0.00M | Scene, ViewLayer | Updating Background
Fra:11 Mem:9.95M (Peak 11.30M) | Time:00:00.00 | Mem:0.00M, Peak:0.00M | Scene, ViewLayer | Updating Camera
Fra:11 Mem:9.95M (Peak 11.30M) | Time:00:00.00 | Mem:0.00M, Peak:0.00M | Scene, ViewLayer | Updating Meshes Flags
Fra:11 Mem:9.95M (Peak 11.30M) | Time:00:00.00 | Mem:0.00M, Peak:0.00M | Scene, ViewLayer | Updating Objects
Fra:11 Mem:9.95M (Peak 11.30M) | Time:00:00.00 | Mem:0.00M, Peak:0.00M | Scene, ViewLayer | Updating Objects | Copying Transformations to device
Fra:11 Mem:9.96M (Peak 11.30M) | Time:00:00.00 | Mem:0.01M, Peak:0.01M | Scene, ViewLayer | Updating Particle Systems
Fra:11 Mem:9.96M (Peak 11.30M) | Time:00:00.00 | Mem:0.01M, Peak:0.01M | Scene, ViewLayer | Updating Particle Systems | Copying Particles to device
Fra:11 Mem:9.96M (Peak 11.30M) | Time:00:00.00 | Mem:0.01M, Peak:0.01M | Scene, ViewLayer | Updating Meshes
Fra:11 Mem:9.96M (Peak 11.30M) | Time:00:00.00 | Mem:0.01M, Peak:0.01M | Scene, ViewLayer | Updating Objects | Applying Static Transformations
Fra:11 Mem:9.96M (Peak 11.30M) | Time:00:00.00 | Mem:0.01M, Peak:0.01M | Scene, ViewLayer | Updating Mesh | Computing attributes
Fra:11 Mem:9.97M (Peak 11.30M) | Time:00:00.00 | Mem:0.01M, Peak:0.01M | Scene, ViewLayer | Updating Mesh | Copying Attributes to device
Fra:11 Mem:9.97M (Peak 11.30M) | Time:00:00.00 | Mem:0.02M, Peak:0.02M | Scene, ViewLayer | Updating Scene BVH | Building
Fra:11 Mem:9.97M (Peak 11.30M) | Time:00:00.00 | Mem:0.02M, Peak:0.02M | Scene, ViewLayer | Updating Scene BVH | Building BVH
Fra:11 Mem:9.97M (Peak 11.30M) | Time:00:00.00 | Mem:0.04M, Peak:0.04M | Scene, ViewLayer | Updating Scene BVH | Copying BVH to device
Fra:11 Mem:9.97M (Peak 11.30M) | Time:00:00.00 | Mem:0.04M, Peak:0.04M | Scene, ViewLayer | Updating Mesh | Computing normals
Fra:11 Mem:9.98M (Peak 11.30M) | Time:00:00.00 | Mem:0.04M, Peak:0.04M | Scene, ViewLayer | Updating Mesh | Copying Mesh to device
Fra:11 Mem:9.98M (Peak 11.30M) | Time:00:00.00 | Mem:0.05M, Peak:0.05M | Scene, ViewLayer | Updating Objects Flags
Fra:11 Mem:9.98M (Peak 11.30M) | Time:00:00.00 | Mem:0.05M, Peak:0.05M | Scene, ViewLayer | Updating Primitive Offsets
Fra:11 Mem:9.98M (Peak 11.30M) | Time:00:00.00 | Mem:0.05M, Peak:0.05M | Scene, ViewLayer | Updating Images
Fra:11 Mem:9.98M (Peak 11.30M) | Time:00:00.00 | Mem:0.05M, Peak:0.05M | Scene, ViewLayer | Updating Camera Volume
Fra:11 Mem:9.98M (Peak 11.30M) | Time:00:00.00 | Mem:0.05M, Peak:0.05M | Scene, ViewLayer | Updating Lookup Tables
Fra:11 Mem:9.98M (Peak 11.30M) | Time:00:00.00 | Mem:0.13M, Peak:0.13M | Scene, ViewLayer | Updating Lights
Fra:11 Mem:9.98M (Peak 11.30M) | Time:00:00.00 | Mem:0.13M, Peak:0.13M | Scene, ViewLayer | Updating Lights | Computing tree
Fra:11 Mem:9.99M (Peak 11.30M) | Time:00:00.00 | Mem:0.14M, Peak:0.14M | Scene, ViewLayer | Updating Integrator
Fra:11 Mem:9.99M (Peak 11.30M) | Time:00:00.00 | Mem:0.14M, Peak:0.14M | Scene, ViewLayer | Updating Film
Fra:11 Mem:10.00M (Peak 11.30M) | Time:00:00.00 | Mem:0.06M, Peak:0.14M | Scene, ViewLayer | Updating Lookup Tables
Fra:11 Mem:10.00M (Peak 11.30M) | Time:00:00.00 | Mem:0.15M, Peak:0.15M | Scene, ViewLayer | Updating Baking
Fra:11 Mem:10.00M (Peak 11.30M) | Time:00:00.00 | Mem:0.15M, Peak:0.15M | Scene, ViewLayer | Updating Device | Writing constant memory
Fra:11 Mem:10.00M (Peak 11.30M) | Time:00:00.00 | Mem:0.15M, Peak:0.15M | Scene, ViewLayer | Sample 0/8
Fra:11 Mem:10.60M (Peak 11.30M) | Time:00:00.00 | Remaining:00:00.00 | Mem:0.71M, Peak:0.71M | Scene, ViewLayer | Sample 1/8
Fra:11 Mem:10.85M (Peak 11.30M) | Time:00:00.01 | Mem:0.71M, Peak:0.71M | Scene, ViewLayer | Sample 8/8
Fra:11 Mem:10.85M (Peak 11.30M) | Time:00:00.01 | Mem:0.71M, Peak:0.71M | Scene, ViewLayer | Finished
Saved: '/home/terence/Documents/Codex/2026-09-06/realtime-voice-chat-3/outputs/butterfly-method-comparison/blender/raw/view135_frame02.png'
Time: 00:00.01 (Saving: 00:00.00)

Fra:16 Mem:11.27M (Peak 11.27M) | Time:00:00.00 | Mem:0.00M, Peak:0.00M | Scene, ViewLayer | Synchronizing object | R forewing_border
Fra:16 Mem:11.28M (Peak 11.28M) | Time:00:00.00 | Mem:0.00M, Peak:0.00M | Scene, ViewLayer | Synchronizing object | R forewing_blue
Fra:16 Mem:11.28M (Peak 11.28M) | Time:00:00.00 | Mem:0.00M, Peak:0.00M | Scene, ViewLayer | Synchronizing object | R forewing_highlight
Fra:16 Mem:11.28M (Peak 11.28M) | Time:00:00.00 | Mem:0.00M, Peak:0.00M | Scene, ViewLayer | Synchronizing object | R forewing_cyan.001
Fra:16 Mem:11.28M (Peak 11.28M) | Time:00:00.00 | Mem:0.00M, Peak:0.00M | Scene, ViewLayer | Synchronizing object | R forewing_blue.001
Fra:16 Mem:11.28M (Peak 11.28M) | Time:00:00.00 | Mem:0.00M, Peak:0.00M | Scene, ViewLayer | Synchronizing object | Antenna.001
Fra:16 Mem:11.28M (Peak 11.28M) | Time:00:00.00 | Mem:0.00M, Peak:0.00M | Scene, ViewLayer | Synchronizing object | R hindwing_cyan
Fra:16 Mem:11.28M (Peak 11.28M) | Time:00:00.00 | Mem:0.00M, Peak:0.00M | Scene, ViewLayer | Synchronizing object | R hindwing_blue
Fra:16 Mem:11.28M (Peak 11.28M) | Time:00:00.00 | Mem:0.00M, Peak:0.00M | Scene, ViewLayer | Synchronizing object | Antenna
Fra:16 Mem:11.28M (Peak 11.28M) | Time:00:00.00 | Mem:0.00M, Peak:0.00M | Scene, ViewLayer | Synchronizing object | R hindwing_cyan.001
Fra:16 Mem:11.28M (Peak 11.28M) | Time:00:00.00 | Mem:0.00M, Peak:0.00M | Scene, ViewLayer | Synchronizing object | Head
Fra:16 Mem:11.29M (Peak 11.29M) | Time:00:00.00 | Mem:0.00M, Peak:0.00M | Scene, ViewLayer | Synchronizing object | R hindwing_blue.001
Fra:16 Mem:11.29M (Peak 11.29M) | Time:00:00.00 | Mem:0.00M, Peak:0.00M | Scene, ViewLayer | Synchronizing object | R hindwing_highlight.001
Fra:16 Mem:11.29M (Peak 11.29M) | Time:00:00.00 | Mem:0.00M, Peak:0.00M | Scene, ViewLayer | Synchronizing object | Thorax
Fra:16 Mem:11.29M (Peak 11.29M) | Time:00:00.00 | Mem:0.00M, Peak:0.00M | Scene, ViewLayer | Synchronizing object | L forewing_cyan
Fra:16 Mem:11.29M (Peak 11.29M) | Time:00:00.00 | Mem:0.00M, Peak:0.00M | Scene, ViewLayer | Synchronizing object | Abdomen
Fra:16 Mem:11.29M (Peak 11.29M) | Time:00:00.00 | Mem:0.00M, Peak:0.00M | Scene, ViewLayer | Synchronizing object | L forewing_highlight
Fra:16 Mem:11.29M (Peak 11.29M) | Time:00:00.00 | Mem:0.00M, Peak:0.00M | Scene, ViewLayer | Synchronizing object | L forewing_cyan.001
Fra:16 Mem:11.29M (Peak 11.29M) | Time:00:00.00 | Mem:0.00M, Peak:0.00M | Scene, ViewLayer | Synchronizing object | L forewing_blue.001
Fra:16 Mem:11.29M (Peak 11.29M) | Time:00:00.00 | Mem:0.00M, Peak:0.00M | Scene, ViewLayer | Synchronizing object | L hindwing_border
Fra:16 Mem:11.29M (Peak 11.29M) | Time:00:00.00 | Mem:0.00M, Peak:0.00M | Scene, ViewLayer | Synchronizing object | L hindwing_blue.001
Fra:16 Mem:11.30M (Peak 11.30M) | Time:00:00.00 | Mem:0.00M, Peak:0.00M | Scene, ViewLayer | Synchronizing object | L hindwing_cyan
Fra:16 Mem:11.30M (Peak 11.30M) | Time:00:00.00 | Mem:0.00M, Peak:0.00M | Scene, ViewLayer | Synchronizing object | L hindwing_highlight
Fra:16 Mem:11.30M (Peak 11.30M) | Time:00:00.00 | Mem:0.00M, Peak:0.00M | Scene, ViewLayer | Initializing
Fra:16 Mem:9.87M (Peak 11.30M) | Time:00:00.00 | Mem:0.00M, Peak:0.00M | Scene, ViewLayer | Waiting for render to start
Fra:16 Mem:9.87M (Peak 11.30M) | Time:00:00.00 | Mem:0.00M, Peak:0.00M | Scene, ViewLayer | Updating Scene
Fra:16 Mem:9.87M (Peak 11.30M) | Time:00:00.00 | Mem:0.00M, Peak:0.00M | Scene, ViewLayer | Updating Shaders
Fra:16 Mem:9.87M (Peak 11.30M) | Time:00:00.00 | Mem:0.00M, Peak:0.00M | Scene, ViewLayer | Loading render kernels (may take a few minutes the first time)
Fra:16 Mem:9.95M (Peak 11.30M) | Time:00:00.00 | Mem:0.00M, Peak:0.00M | Scene, ViewLayer | Updating Procedurals
Fra:16 Mem:9.95M (Peak 11.30M) | Time:00:00.00 | Mem:0.00M, Peak:0.00M | Scene, ViewLayer | Updating Background
Fra:16 Mem:9.95M (Peak 11.30M) | Time:00:00.00 | Mem:0.00M, Peak:0.00M | Scene, ViewLayer | Updating Camera
Fra:16 Mem:9.95M (Peak 11.30M) | Time:00:00.00 | Mem:0.00M, Peak:0.00M | Scene, ViewLayer | Updating Meshes Flags
Fra:16 Mem:9.95M (Peak 11.30M) | Time:00:00.00 | Mem:0.00M, Peak:0.00M | Scene, ViewLayer | Updating Objects
Fra:16 Mem:9.95M (Peak 11.30M) | Time:00:00.00 | Mem:0.00M, Peak:0.00M | Scene, ViewLayer | Updating Objects | Copying Transformations to device
Fra:16 Mem:9.96M (Peak 11.30M) | Time:00:00.00 | Mem:0.01M, Peak:0.01M | Scene, ViewLayer | Updating Particle Systems
Fra:16 Mem:9.96M (Peak 11.30M) | Time:00:00.00 | Mem:0.01M, Peak:0.01M | Scene, ViewLayer | Updating Particle Systems | Copying Particles to device
Fra:16 Mem:9.96M (Peak 11.30M) | Time:00:00.00 | Mem:0.01M, Peak:0.01M | Scene, ViewLayer | Updating Meshes
Fra:16 Mem:9.96M (Peak 11.30M) | Time:00:00.00 | Mem:0.01M, Peak:0.01M | Scene, ViewLayer | Updating Objects | Applying Static Transformations
Fra:16 Mem:9.96M (Peak 11.30M) | Time:00:00.00 | Mem:0.01M, Peak:0.01M | Scene, ViewLayer | Updating Mesh | Computing attributes
Fra:16 Mem:9.97M (Peak 11.30M) | Time:00:00.00 | Mem:0.01M, Peak:0.01M | Scene, ViewLayer | Updating Mesh | Copying Attributes to device
Fra:16 Mem:9.97M (Peak 11.30M) | Time:00:00.00 | Mem:0.02M, Peak:0.02M | Scene, ViewLayer | Updating Scene BVH | Building
Fra:16 Mem:9.97M (Peak 11.30M) | Time:00:00.00 | Mem:0.02M, Peak:0.02M | Scene, ViewLayer | Updating Scene BVH | Building BVH
Fra:16 Mem:9.97M (Peak 11.30M) | Time:00:00.00 | Mem:0.04M, Peak:0.04M | Scene, ViewLayer | Updating Scene BVH | Copying BVH to device
Fra:16 Mem:9.97M (Peak 11.30M) | Time:00:00.00 | Mem:0.04M, Peak:0.04M | Scene, ViewLayer | Updating Mesh | Computing normals
Fra:16 Mem:9.98M (Peak 11.30M) | Time:00:00.00 | Mem:0.04M, Peak:0.04M | Scene, ViewLayer | Updating Mesh | Copying Mesh to device
Fra:16 Mem:9.98M (Peak 11.30M) | Time:00:00.00 | Mem:0.05M, Peak:0.05M | Scene, ViewLayer | Updating Objects Flags
Fra:16 Mem:9.98M (Peak 11.30M) | Time:00:00.00 | Mem:0.05M, Peak:0.05M | Scene, ViewLayer | Updating Primitive Offsets
Fra:16 Mem:9.98M (Peak 11.30M) | Time:00:00.00 | Mem:0.05M, Peak:0.05M | Scene, ViewLayer | Updating Images
Fra:16 Mem:9.98M (Peak 11.30M) | Time:00:00.00 | Mem:0.05M, Peak:0.05M | Scene, ViewLayer | Updating Camera Volume
Fra:16 Mem:9.98M (Peak 11.30M) | Time:00:00.00 | Mem:0.05M, Peak:0.05M | Scene, ViewLayer | Updating Lookup Tables
Fra:16 Mem:9.98M (Peak 11.30M) | Time:00:00.00 | Mem:0.13M, Peak:0.13M | Scene, ViewLayer | Updating Lights
Fra:16 Mem:9.98M (Peak 11.30M) | Time:00:00.00 | Mem:0.13M, Peak:0.13M | Scene, ViewLayer | Updating Lights | Computing tree
Fra:16 Mem:9.99M (Peak 11.30M) | Time:00:00.00 | Mem:0.14M, Peak:0.14M | Scene, ViewLayer | Updating Integrator
Fra:16 Mem:9.99M (Peak 11.30M) | Time:00:00.00 | Mem:0.14M, Peak:0.14M | Scene, ViewLayer | Updating Film
Fra:16 Mem:10.00M (Peak 11.30M) | Time:00:00.00 | Mem:0.06M, Peak:0.14M | Scene, ViewLayer | Updating Lookup Tables
Fra:16 Mem:10.00M (Peak 11.30M) | Time:00:00.00 | Mem:0.15M, Peak:0.15M | Scene, ViewLayer | Updating Baking
Fra:16 Mem:10.00M (Peak 11.30M) | Time:00:00.00 | Mem:0.15M, Peak:0.15M | Scene, ViewLayer | Updating Device | Writing constant memory
Fra:16 Mem:10.00M (Peak 11.30M) | Time:00:00.00 | Mem:0.15M, Peak:0.15M | Scene, ViewLayer | Sample 0/8
Fra:16 Mem:10.60M (Peak 11.30M) | Time:00:00.00 | Remaining:00:00.00 | Mem:0.71M, Peak:0.71M | Scene, ViewLayer | Sample 1/8
Fra:16 Mem:10.85M (Peak 11.30M) | Time:00:00.01 | Mem:0.71M, Peak:0.71M | Scene, ViewLayer | Sample 8/8
Fra:16 Mem:10.85M (Peak 11.30M) | Time:00:00.01 | Mem:0.71M, Peak:0.71M | Scene, ViewLayer | Finished
Saved: '/home/terence/Documents/Codex/2026-09-06/realtime-voice-chat-3/outputs/butterfly-method-comparison/blender/raw/view135_frame03.png'
Time: 00:00.01 (Saving: 00:00.00)

Fra:21 Mem:11.27M (Peak 11.27M) | Time:00:00.00 | Mem:0.00M, Peak:0.00M | Scene, ViewLayer | Synchronizing object | R forewing_border
Fra:21 Mem:11.27M (Peak 11.27M) | Time:00:00.00 | Mem:0.00M, Peak:0.00M | Scene, ViewLayer | Synchronizing object | R forewing_cyan
Fra:21 Mem:11.28M (Peak 11.28M) | Time:00:00.00 | Mem:0.00M, Peak:0.00M | Scene, ViewLayer | Synchronizing object | R forewing_blue
Fra:21 Mem:11.28M (Peak 11.28M) | Time:00:00.00 | Mem:0.00M, Peak:0.00M | Scene, ViewLayer | Synchronizing object | R forewing_cyan.001
Fra:21 Mem:11.28M (Peak 11.28M) | Time:00:00.00 | Mem:0.00M, Peak:0.00M | Scene, ViewLayer | Synchronizing object | R forewing_blue.001
Fra:21 Mem:11.28M (Peak 11.28M) | Time:00:00.00 | Mem:0.00M, Peak:0.00M | Scene, ViewLayer | Synchronizing object | R forewing_highlight.001
Fra:21 Mem:11.28M (Peak 11.28M) | Time:00:00.00 | Mem:0.00M, Peak:0.00M | Scene, ViewLayer | Synchronizing object | R hindwing_border
Fra:21 Mem:11.28M (Peak 11.28M) | Time:00:00.00 | Mem:0.00M, Peak:0.00M | Scene, ViewLayer | Synchronizing object | Antenna.001
Fra:21 Mem:11.28M (Peak 11.28M) | Time:00:00.00 | Mem:0.00M, Peak:0.00M | Scene, ViewLayer | Synchronizing object | R hindwing_cyan.001
Fra:21 Mem:11.29M (Peak 11.29M) | Time:00:00.00 | Mem:0.00M, Peak:0.00M | Scene, ViewLayer | Synchronizing object | Antenna
Fra:21 Mem:11.29M (Peak 11.29M) | Time:00:00.00 | Mem:0.00M, Peak:0.00M | Scene, ViewLayer | Synchronizing object | R hindwing_highlight.001
Fra:21 Mem:11.29M (Peak 11.29M) | Time:00:00.00 | Mem:0.00M, Peak:0.00M | Scene, ViewLayer | Synchronizing object | L forewing_cyan
Fra:21 Mem:11.29M (Peak 11.29M) | Time:00:00.00 | Mem:0.00M, Peak:0.00M | Scene, ViewLayer | Synchronizing object | Head
Fra:21 Mem:11.29M (Peak 11.29M) | Time:00:00.00 | Mem:0.00M, Peak:0.00M | Scene, ViewLayer | Synchronizing object | L forewing_blue
Fra:21 Mem:11.29M (Peak 11.29M) | Time:00:00.00 | Mem:0.00M, Peak:0.00M | Scene, ViewLayer | Synchronizing object | L forewing_highlight
Fra:21 Mem:11.29M (Peak 11.29M) | Time:00:00.00 | Mem:0.00M, Peak:0.00M | Scene, ViewLayer | Synchronizing object | L forewing_cyan.001
Fra:21 Mem:11.29M (Peak 11.29M) | Time:00:00.00 | Mem:0.00M, Peak:0.00M | Scene, ViewLayer | Synchronizing object | Abdomen
Fra:21 Mem:11.29M (Peak 11.29M) | Time:00:00.00 | Mem:0.00M, Peak:0.00M | Scene, ViewLayer | Synchronizing object | L forewing_highlight.001
Fra:21 Mem:11.29M (Peak 11.29M) | Time:00:00.00 | Mem:0.00M, Peak:0.00M | Scene, ViewLayer | Synchronizing object | L hindwing_border
Fra:21 Mem:11.29M (Peak 11.29M) | Time:00:00.00 | Mem:0.00M, Peak:0.00M | Scene, ViewLayer | Synchronizing object | L hindwing_cyan
Fra:21 Mem:11.29M (Peak 11.29M) | Time:00:00.00 | Mem:0.00M, Peak:0.00M | Scene, ViewLayer | Synchronizing object | L hindwing_blue.001
Fra:21 Mem:11.30M (Peak 11.30M) | Time:00:00.00 | Mem:0.00M, Peak:0.00M | Scene, ViewLayer | Synchronizing object | L hindwing_cyan.001
Fra:21 Mem:11.30M (Peak 11.30M) | Time:00:00.00 | Mem:0.00M, Peak:0.00M | Scene, ViewLayer | Synchronizing object | L hindwing_highlight
Fra:21 Mem:11.30M (Peak 11.30M) | Time:00:00.00 | Mem:0.00M, Peak:0.00M | Scene, ViewLayer | Initializing
Fra:21 Mem:9.87M (Peak 11.30M) | Time:00:00.00 | Mem:0.00M, Peak:0.00M | Scene, ViewLayer | Waiting for render to start
Fra:21 Mem:9.87M (Peak 11.30M) | Time:00:00.00 | Mem:0.00M, Peak:0.00M | Scene, ViewLayer | Updating Scene
Fra:21 Mem:9.87M (Peak 11.30M) | Time:00:00.00 | Mem:0.00M, Peak:0.00M | Scene, ViewLayer | Updating Shaders
Fra:21 Mem:9.87M (Peak 11.30M) | Time:00:00.00 | Mem:0.00M, Peak:0.00M | Scene, ViewLayer | Loading render kernels (may take a few minutes the first time)
Fra:21 Mem:9.95M (Peak 11.30M) | Time:00:00.00 | Mem:0.00M, Peak:0.00M | Scene, ViewLayer | Updating Procedurals
Fra:21 Mem:9.95M (Peak 11.30M) | Time:00:00.00 | Mem:0.00M, Peak:0.00M | Scene, ViewLayer | Updating Background
Fra:21 Mem:9.95M (Peak 11.30M) | Time:00:00.00 | Mem:0.00M, Peak:0.00M | Scene, ViewLayer | Updating Camera
Fra:21 Mem:9.95M (Peak 11.30M) | Time:00:00.00 | Mem:0.00M, Peak:0.00M | Scene, ViewLayer | Updating Meshes Flags
Fra:21 Mem:9.95M (Peak 11.30M) | Time:00:00.00 | Mem:0.00M, Peak:0.00M | Scene, ViewLayer | Updating Objects
Fra:21 Mem:9.95M (Peak 11.30M) | Time:00:00.00 | Mem:0.00M, Peak:0.00M | Scene, ViewLayer | Updating Objects | Copying Transformations to device
Fra:21 Mem:9.96M (Peak 11.30M) | Time:00:00.00 | Mem:0.01M, Peak:0.01M | Scene, ViewLayer | Updating Particle Systems
Fra:21 Mem:9.96M (Peak 11.30M) | Time:00:00.00 | Mem:0.01M, Peak:0.01M | Scene, ViewLayer | Updating Particle Systems | Copying Particles to device
Fra:21 Mem:9.96M (Peak 11.30M) | Time:00:00.00 | Mem:0.01M, Peak:0.01M | Scene, ViewLayer | Updating Meshes
Fra:21 Mem:9.96M (Peak 11.30M) | Time:00:00.00 | Mem:0.01M, Peak:0.01M | Scene, ViewLayer | Updating Objects | Applying Static Transformations
Fra:21 Mem:9.96M (Peak 11.30M) | Time:00:00.00 | Mem:0.01M, Peak:0.01M | Scene, ViewLayer | Updating Mesh | Computing attributes
Fra:21 Mem:9.97M (Peak 11.30M) | Time:00:00.00 | Mem:0.01M, Peak:0.01M | Scene, ViewLayer | Updating Mesh | Copying Attributes to device
Fra:21 Mem:9.97M (Peak 11.30M) | Time:00:00.00 | Mem:0.02M, Peak:0.02M | Scene, ViewLayer | Updating Scene BVH | Building
Fra:21 Mem:9.97M (Peak 11.30M) | Time:00:00.00 | Mem:0.02M, Peak:0.02M | Scene, ViewLayer | Updating Scene BVH | Building BVH
Fra:21 Mem:9.97M (Peak 11.30M) | Time:00:00.00 | Mem:0.04M, Peak:0.04M | Scene, ViewLayer | Updating Scene BVH | Copying BVH to device
Fra:21 Mem:9.97M (Peak 11.30M) | Time:00:00.00 | Mem:0.04M, Peak:0.04M | Scene, ViewLayer | Updating Mesh | Computing normals
Fra:21 Mem:9.98M (Peak 11.30M) | Time:00:00.00 | Mem:0.04M, Peak:0.04M | Scene, ViewLayer | Updating Mesh | Copying Mesh to device
Fra:21 Mem:9.98M (Peak 11.30M) | Time:00:00.00 | Mem:0.05M, Peak:0.05M | Scene, ViewLayer | Updating Objects Flags
Fra:21 Mem:9.98M (Peak 11.30M) | Time:00:00.00 | Mem:0.05M, Peak:0.05M | Scene, ViewLayer | Updating Primitive Offsets
Fra:21 Mem:9.98M (Peak 11.30M) | Time:00:00.00 | Mem:0.05M, Peak:0.05M | Scene, ViewLayer | Updating Images
Fra:21 Mem:9.98M (Peak 11.30M) | Time:00:00.00 | Mem:0.05M, Peak:0.05M | Scene, ViewLayer | Updating Camera Volume
Fra:21 Mem:9.98M (Peak 11.30M) | Time:00:00.00 | Mem:0.05M, Peak:0.05M | Scene, ViewLayer | Updating Lookup Tables
Fra:21 Mem:9.98M (Peak 11.30M) | Time:00:00.00 | Mem:0.13M, Peak:0.13M | Scene, ViewLayer | Updating Lights
Fra:21 Mem:9.98M (Peak 11.30M) | Time:00:00.00 | Mem:0.13M, Peak:0.13M | Scene, ViewLayer | Updating Lights | Computing tree
Fra:21 Mem:9.99M (Peak 11.30M) | Time:00:00.00 | Mem:0.14M, Peak:0.14M | Scene, ViewLayer | Updating Integrator
Fra:21 Mem:9.99M (Peak 11.30M) | Time:00:00.00 | Mem:0.14M, Peak:0.14M | Scene, ViewLayer | Updating Film
Fra:21 Mem:10.00M (Peak 11.30M) | Time:00:00.00 | Mem:0.06M, Peak:0.14M | Scene, ViewLayer | Updating Lookup Tables
Fra:21 Mem:10.00M (Peak 11.30M) | Time:00:00.00 | Mem:0.15M, Peak:0.15M | Scene, ViewLayer | Updating Baking
Fra:21 Mem:10.00M (Peak 11.30M) | Time:00:00.00 | Mem:0.15M, Peak:0.15M | Scene, ViewLayer | Updating Device | Writing constant memory
Fra:21 Mem:10.00M (Peak 11.30M) | Time:00:00.00 | Mem:0.15M, Peak:0.15M | Scene, ViewLayer | Sample 0/8
Fra:21 Mem:10.60M (Peak 11.30M) | Time:00:00.00 | Remaining:00:00.00 | Mem:0.71M, Peak:0.71M | Scene, ViewLayer | Sample 1/8
Fra:21 Mem:10.85M (Peak 11.30M) | Time:00:00.01 | Mem:0.71M, Peak:0.71M | Scene, ViewLayer | Sample 8/8
Fra:21 Mem:10.85M (Peak 11.30M) | Time:00:00.01 | Mem:0.71M, Peak:0.71M | Scene, ViewLayer | Finished
Saved: '/home/terence/Documents/Codex/2026-09-06/realtime-voice-chat-3/outputs/butterfly-method-comparison/blender/raw/view135_frame04.png'
Time: 00:00.01 (Saving: 00:00.00)

Fra:1 Mem:11.27M (Peak 11.27M) | Time:00:00.00 | Mem:0.00M, Peak:0.00M | Scene, ViewLayer | Synchronizing object | R forewing_border
Fra:1 Mem:11.28M (Peak 11.28M) | Time:00:00.00 | Mem:0.00M, Peak:0.00M | Scene, ViewLayer | Synchronizing object | R forewing_blue
Fra:1 Mem:11.28M (Peak 11.28M) | Time:00:00.00 | Mem:0.00M, Peak:0.00M | Scene, ViewLayer | Synchronizing object | R forewing_highlight
Fra:1 Mem:11.28M (Peak 11.28M) | Time:00:00.00 | Mem:0.00M, Peak:0.00M | Scene, ViewLayer | Synchronizing object | R forewing_cyan.001
Fra:1 Mem:11.28M (Peak 11.28M) | Time:00:00.00 | Mem:0.00M, Peak:0.00M | Scene, ViewLayer | Synchronizing object | R forewing_blue.001
Fra:1 Mem:11.28M (Peak 11.28M) | Time:00:00.00 | Mem:0.00M, Peak:0.00M | Scene, ViewLayer | Synchronizing object | R forewing_highlight.001
Fra:1 Mem:11.28M (Peak 11.28M) | Time:00:00.00 | Mem:0.00M, Peak:0.00M | Scene, ViewLayer | Synchronizing object | R hindwing_border
Fra:1 Mem:11.28M (Peak 11.28M) | Time:00:00.00 | Mem:0.00M, Peak:0.00M | Scene, ViewLayer | Synchronizing object | R hindwing_cyan
Fra:1 Mem:11.28M (Peak 11.28M) | Time:00:00.00 | Mem:0.00M, Peak:0.00M | Scene, ViewLayer | Synchronizing object | R hindwing_highlight
Fra:1 Mem:11.29M (Peak 11.29M) | Time:00:00.00 | Mem:0.00M, Peak:0.00M | Scene, ViewLayer | Synchronizing object | R hindwing_cyan.001
Fra:1 Mem:11.29M (Peak 11.29M) | Time:00:00.00 | Mem:0.00M, Peak:0.00M | Scene, ViewLayer | Synchronizing object | Antenna
Fra:1 Mem:11.29M (Peak 11.29M) | Time:00:00.00 | Mem:0.00M, Peak:0.00M | Scene, ViewLayer | Synchronizing object | R hindwing_highlight.001
Fra:1 Mem:11.29M (Peak 11.29M) | Time:00:00.00 | Mem:0.00M, Peak:0.00M | Scene, ViewLayer | Synchronizing object | L forewing_border
Fra:1 Mem:11.29M (Peak 11.29M) | Time:00:00.00 | Mem:0.00M, Peak:0.00M | Scene, ViewLayer | Synchronizing object | Head
Fra:1 Mem:11.29M (Peak 11.29M) | Time:00:00.00 | Mem:0.00M, Peak:0.00M | Scene, ViewLayer | Synchronizing object | L forewing_blue
Fra:1 Mem:11.29M (Peak 11.29M) | Time:00:00.00 | Mem:0.00M, Peak:0.00M | Scene, ViewLayer | Synchronizing object | L forewing_cyan.001
Fra:1 Mem:11.29M (Peak 11.29M) | Time:00:00.00 | Mem:0.00M, Peak:0.00M | Scene, ViewLayer | Synchronizing object | Thorax
Fra:1 Mem:11.29M (Peak 11.29M) | Time:00:00.00 | Mem:0.00M, Peak:0.00M | Scene, ViewLayer | Synchronizing object | L forewing_blue.001
Fra:1 Mem:11.29M (Peak 11.29M) | Time:00:00.00 | Mem:0.00M, Peak:0.00M | Scene, ViewLayer | Synchronizing object | L forewing_highlight.001
Fra:1 Mem:11.29M (Peak 11.29M) | Time:00:00.00 | Mem:0.00M, Peak:0.00M | Scene, ViewLayer | Synchronizing object | Abdomen
Fra:1 Mem:11.29M (Peak 11.29M) | Time:00:00.00 | Mem:0.00M, Peak:0.00M | Scene, ViewLayer | Synchronizing object | L hindwing_blue
Fra:1 Mem:11.29M (Peak 11.29M) | Time:00:00.00 | Mem:0.00M, Peak:0.00M | Scene, ViewLayer | Synchronizing object | L hindwing_highlight
Fra:1 Mem:11.29M (Peak 11.29M) | Time:00:00.00 | Mem:0.00M, Peak:0.00M | Scene, ViewLayer | Synchronizing object | L hindwing_cyan.001
Fra:1 Mem:11.30M (Peak 11.30M) | Time:00:00.00 | Mem:0.00M, Peak:0.00M | Scene, ViewLayer | Synchronizing object | L hindwing_blue.001
Fra:1 Mem:11.30M (Peak 11.30M) | Time:00:00.00 | Mem:0.00M, Peak:0.00M | Scene, ViewLayer | Synchronizing object | L hindwing_highlight.001
Fra:1 Mem:11.30M (Peak 11.30M) | Time:00:00.00 | Mem:0.00M, Peak:0.00M | Scene, ViewLayer | Initializing
Fra:1 Mem:9.87M (Peak 11.30M) | Time:00:00.00 | Mem:0.00M, Peak:0.00M | Scene, ViewLayer | Waiting for render to start
Fra:1 Mem:9.87M (Peak 11.30M) | Time:00:00.00 | Mem:0.00M, Peak:0.00M | Scene, ViewLayer | Updating Scene
Fra:1 Mem:9.87M (Peak 11.30M) | Time:00:00.00 | Mem:0.00M, Peak:0.00M | Scene, ViewLayer | Updating Shaders
Fra:1 Mem:9.87M (Peak 11.30M) | Time:00:00.00 | Mem:0.00M, Peak:0.00M | Scene, ViewLayer | Loading render kernels (may take a few minutes the first time)
Fra:1 Mem:9.95M (Peak 11.30M) | Time:00:00.00 | Mem:0.00M, Peak:0.00M | Scene, ViewLayer | Updating Procedurals
Fra:1 Mem:9.95M (Peak 11.30M) | Time:00:00.00 | Mem:0.00M, Peak:0.00M | Scene, ViewLayer | Updating Background
Fra:1 Mem:9.95M (Peak 11.30M) | Time:00:00.00 | Mem:0.00M, Peak:0.00M | Scene, ViewLayer | Updating Camera
Fra:1 Mem:9.95M (Peak 11.30M) | Time:00:00.00 | Mem:0.00M, Peak:0.00M | Scene, ViewLayer | Updating Meshes Flags
Fra:1 Mem:9.95M (Peak 11.30M) | Time:00:00.00 | Mem:0.00M, Peak:0.00M | Scene, ViewLayer | Updating Objects
Fra:1 Mem:9.95M (Peak 11.30M) | Time:00:00.00 | Mem:0.00M, Peak:0.00M | Scene, ViewLayer | Updating Objects | Copying Transformations to device
Fra:1 Mem:9.96M (Peak 11.30M) | Time:00:00.00 | Mem:0.01M, Peak:0.01M | Scene, ViewLayer | Updating Particle Systems
Fra:1 Mem:9.96M (Peak 11.30M) | Time:00:00.00 | Mem:0.01M, Peak:0.01M | Scene, ViewLayer | Updating Particle Systems | Copying Particles to device
Fra:1 Mem:9.96M (Peak 11.30M) | Time:00:00.00 | Mem:0.01M, Peak:0.01M | Scene, ViewLayer | Updating Meshes
Fra:1 Mem:9.96M (Peak 11.30M) | Time:00:00.00 | Mem:0.01M, Peak:0.01M | Scene, ViewLayer | Updating Objects | Applying Static Transformations
Fra:1 Mem:9.96M (Peak 11.30M) | Time:00:00.00 | Mem:0.01M, Peak:0.01M | Scene, ViewLayer | Updating Mesh | Computing attributes
Fra:1 Mem:9.97M (Peak 11.30M) | Time:00:00.00 | Mem:0.01M, Peak:0.01M | Scene, ViewLayer | Updating Mesh | Copying Attributes to device
Fra:1 Mem:9.97M (Peak 11.30M) | Time:00:00.00 | Mem:0.02M, Peak:0.02M | Scene, ViewLayer | Updating Scene BVH | Building
Fra:1 Mem:9.97M (Peak 11.30M) | Time:00:00.00 | Mem:0.02M, Peak:0.02M | Scene, ViewLayer | Updating Scene BVH | Building BVH
Fra:1 Mem:9.97M (Peak 11.30M) | Time:00:00.00 | Mem:0.04M, Peak:0.04M | Scene, ViewLayer | Updating Scene BVH | Copying BVH to device
Fra:1 Mem:9.97M (Peak 11.30M) | Time:00:00.00 | Mem:0.04M, Peak:0.04M | Scene, ViewLayer | Updating Mesh | Computing normals
Fra:1 Mem:9.98M (Peak 11.30M) | Time:00:00.00 | Mem:0.04M, Peak:0.04M | Scene, ViewLayer | Updating Mesh | Copying Mesh to device
Fra:1 Mem:9.98M (Peak 11.30M) | Time:00:00.00 | Mem:0.05M, Peak:0.05M | Scene, ViewLayer | Updating Objects Flags
Fra:1 Mem:9.98M (Peak 11.30M) | Time:00:00.00 | Mem:0.05M, Peak:0.05M | Scene, ViewLayer | Updating Primitive Offsets
Fra:1 Mem:9.98M (Peak 11.30M) | Time:00:00.00 | Mem:0.05M, Peak:0.05M | Scene, ViewLayer | Updating Images
Fra:1 Mem:9.98M (Peak 11.30M) | Time:00:00.00 | Mem:0.05M, Peak:0.05M | Scene, ViewLayer | Updating Camera Volume
Fra:1 Mem:9.98M (Peak 11.30M) | Time:00:00.00 | Mem:0.05M, Peak:0.05M | Scene, ViewLayer | Updating Lookup Tables
Fra:1 Mem:9.98M (Peak 11.30M) | Time:00:00.00 | Mem:0.13M, Peak:0.13M | Scene, ViewLayer | Updating Lights
Fra:1 Mem:9.98M (Peak 11.30M) | Time:00:00.00 | Mem:0.13M, Peak:0.13M | Scene, ViewLayer | Updating Lights | Computing tree
Fra:1 Mem:9.99M (Peak 11.30M) | Time:00:00.00 | Mem:0.14M, Peak:0.14M | Scene, ViewLayer | Updating Integrator
Fra:1 Mem:9.99M (Peak 11.30M) | Time:00:00.00 | Mem:0.14M, Peak:0.14M | Scene, ViewLayer | Updating Film
Fra:1 Mem:9.99M (Peak 11.30M) | Time:00:00.00 | Mem:0.06M, Peak:0.14M | Scene, ViewLayer | Updating Lookup Tables
Fra:1 Mem:9.99M (Peak 11.30M) | Time:00:00.00 | Mem:0.14M, Peak:0.14M | Scene, ViewLayer | Updating Baking
Fra:1 Mem:9.99M (Peak 11.30M) | Time:00:00.00 | Mem:0.14M, Peak:0.14M | Scene, ViewLayer | Updating Device | Writing constant memory
Fra:1 Mem:10.00M (Peak 11.30M) | Time:00:00.00 | Mem:0.14M, Peak:0.14M | Scene, ViewLayer | Sample 0/8
Fra:1 Mem:10.60M (Peak 11.30M) | Time:00:00.00 | Remaining:00:00.00 | Mem:0.71M, Peak:0.71M | Scene, ViewLayer | Sample 1/8
Fra:1 Mem:10.85M (Peak 11.30M) | Time:00:00.01 | Mem:0.71M, Peak:0.71M | Scene, ViewLayer | Sample 8/8
Fra:1 Mem:10.85M (Peak 11.30M) | Time:00:00.01 | Mem:0.71M, Peak:0.71M | Scene, ViewLayer | Finished
Saved: '/home/terence/Documents/Codex/2026-09-06/realtime-voice-chat-3/outputs/butterfly-method-comparison/blender/raw/view180_frame00.png'
Time: 00:00.01 (Saving: 00:00.00)

Fra:6 Mem:11.27M (Peak 11.27M) | Time:00:00.00 | Mem:0.00M, Peak:0.00M | Scene, ViewLayer | Synchronizing object | R forewing_border
Fra:6 Mem:11.28M (Peak 11.28M) | Time:00:00.00 | Mem:0.00M, Peak:0.00M | Scene, ViewLayer | Synchronizing object | R forewing_blue
Fra:6 Mem:11.28M (Peak 11.28M) | Time:00:00.00 | Mem:0.00M, Peak:0.00M | Scene, ViewLayer | Synchronizing object | R forewing_highlight
Fra:6 Mem:11.28M (Peak 11.28M) | Time:00:00.00 | Mem:0.00M, Peak:0.00M | Scene, ViewLayer | Synchronizing object | R forewing_blue.001
Fra:6 Mem:11.28M (Peak 11.28M) | Time:00:00.00 | Mem:0.00M, Peak:0.00M | Scene, ViewLayer | Synchronizing object | R forewing_highlight.001
Fra:6 Mem:11.28M (Peak 11.28M) | Time:00:00.00 | Mem:0.00M, Peak:0.00M | Scene, ViewLayer | Synchronizing object | R hindwing_border
Fra:6 Mem:11.28M (Peak 11.28M) | Time:00:00.00 | Mem:0.00M, Peak:0.00M | Scene, ViewLayer | Synchronizing object | R hindwing_cyan
Fra:6 Mem:11.28M (Peak 11.28M) | Time:00:00.00 | Mem:0.00M, Peak:0.00M | Scene, ViewLayer | Synchronizing object | R hindwing_blue
Fra:6 Mem:11.28M (Peak 11.28M) | Time:00:00.00 | Mem:0.00M, Peak:0.00M | Scene, ViewLayer | Synchronizing object | R hindwing_highlight
Fra:6 Mem:11.28M (Peak 11.28M) | Time:00:00.00 | Mem:0.00M, Peak:0.00M | Scene, ViewLayer | Synchronizing object | Head
Fra:6 Mem:11.29M (Peak 11.29M) | Time:00:00.00 | Mem:0.00M, Peak:0.00M | Scene, ViewLayer | Synchronizing object | R hindwing_cyan.001
Fra:6 Mem:11.29M (Peak 11.29M) | Time:00:00.00 | Mem:0.00M, Peak:0.00M | Scene, ViewLayer | Synchronizing object | R hindwing_highlight.001
Fra:6 Mem:11.29M (Peak 11.29M) | Time:00:00.00 | Mem:0.00M, Peak:0.00M | Scene, ViewLayer | Synchronizing object | Abdomen
Fra:6 Mem:11.29M (Peak 11.29M) | Time:00:00.00 | Mem:0.00M, Peak:0.00M | Scene, ViewLayer | Synchronizing object | L forewing_border
Fra:6 Mem:11.29M (Peak 11.29M) | Time:00:00.00 | Mem:0.00M, Peak:0.00M | Scene, ViewLayer | Synchronizing object | L forewing_cyan
Fra:6 Mem:11.29M (Peak 11.29M) | Time:00:00.00 | Mem:0.00M, Peak:0.00M | Scene, ViewLayer | Synchronizing object | L forewing_blue
Fra:6 Mem:11.29M (Peak 11.29M) | Time:00:00.00 | Mem:0.00M, Peak:0.00M | Scene, ViewLayer | Synchronizing object | L forewing_highlight
Fra:6 Mem:11.29M (Peak 11.29M) | Time:00:00.00 | Mem:0.00M, Peak:0.00M | Scene, ViewLayer | Synchronizing object | L forewing_cyan.001
Fra:6 Mem:11.29M (Peak 11.29M) | Time:00:00.00 | Mem:0.00M, Peak:0.00M | Scene, ViewLayer | Synchronizing object | L forewing_blue.001
Fra:6 Mem:11.29M (Peak 11.29M) | Time:00:00.00 | Mem:0.00M, Peak:0.00M | Scene, ViewLayer | Synchronizing object | L hindwing_cyan.001
Fra:6 Mem:11.29M (Peak 11.29M) | Time:00:00.00 | Mem:0.00M, Peak:0.00M | Scene, ViewLayer | Synchronizing object | L hindwing_border
Fra:6 Mem:11.30M (Peak 11.30M) | Time:00:00.00 | Mem:0.00M, Peak:0.00M | Scene, ViewLayer | Synchronizing object | L hindwing_highlight
Fra:6 Mem:11.30M (Peak 11.30M) | Time:00:00.00 | Mem:0.00M, Peak:0.00M | Scene, ViewLayer | Synchronizing object | L hindwing_blue
Fra:6 Mem:11.30M (Peak 11.30M) | Time:00:00.00 | Mem:0.00M, Peak:0.00M | Scene, ViewLayer | Initializing
Fra:6 Mem:9.87M (Peak 11.30M) | Time:00:00.00 | Mem:0.00M, Peak:0.00M | Scene, ViewLayer | Waiting for render to start
Fra:6 Mem:9.87M (Peak 11.30M) | Time:00:00.00 | Mem:0.00M, Peak:0.00M | Scene, ViewLayer | Updating Scene
Fra:6 Mem:9.87M (Peak 11.30M) | Time:00:00.00 | Mem:0.00M, Peak:0.00M | Scene, ViewLayer | Updating Shaders
Fra:6 Mem:9.87M (Peak 11.30M) | Time:00:00.00 | Mem:0.00M, Peak:0.00M | Scene, ViewLayer | Loading render kernels (may take a few minutes the first time)
Fra:6 Mem:9.95M (Peak 11.30M) | Time:00:00.00 | Mem:0.00M, Peak:0.00M | Scene, ViewLayer | Updating Procedurals
Fra:6 Mem:9.95M (Peak 11.30M) | Time:00:00.00 | Mem:0.00M, Peak:0.00M | Scene, ViewLayer | Updating Background
Fra:6 Mem:9.95M (Peak 11.30M) | Time:00:00.00 | Mem:0.00M, Peak:0.00M | Scene, ViewLayer | Updating Camera
Fra:6 Mem:9.95M (Peak 11.30M) | Time:00:00.00 | Mem:0.00M, Peak:0.00M | Scene, ViewLayer | Updating Meshes Flags
Fra:6 Mem:9.95M (Peak 11.30M) | Time:00:00.00 | Mem:0.00M, Peak:0.00M | Scene, ViewLayer | Updating Objects
Fra:6 Mem:9.95M (Peak 11.30M) | Time:00:00.00 | Mem:0.00M, Peak:0.00M | Scene, ViewLayer | Updating Objects | Copying Transformations to device
Fra:6 Mem:9.96M (Peak 11.30M) | Time:00:00.00 | Mem:0.01M, Peak:0.01M | Scene, ViewLayer | Updating Particle Systems
Fra:6 Mem:9.96M (Peak 11.30M) | Time:00:00.00 | Mem:0.01M, Peak:0.01M | Scene, ViewLayer | Updating Particle Systems | Copying Particles to device
Fra:6 Mem:9.96M (Peak 11.30M) | Time:00:00.00 | Mem:0.01M, Peak:0.01M | Scene, ViewLayer | Updating Meshes
Fra:6 Mem:9.96M (Peak 11.30M) | Time:00:00.00 | Mem:0.01M, Peak:0.01M | Scene, ViewLayer | Updating Objects | Applying Static Transformations
Fra:6 Mem:9.96M (Peak 11.30M) | Time:00:00.00 | Mem:0.01M, Peak:0.01M | Scene, ViewLayer | Updating Mesh | Computing attributes
Fra:6 Mem:9.97M (Peak 11.30M) | Time:00:00.00 | Mem:0.01M, Peak:0.01M | Scene, ViewLayer | Updating Mesh | Copying Attributes to device
Fra:6 Mem:9.97M (Peak 11.30M) | Time:00:00.00 | Mem:0.02M, Peak:0.02M | Scene, ViewLayer | Updating Scene BVH | Building
Fra:6 Mem:9.97M (Peak 11.30M) | Time:00:00.00 | Mem:0.02M, Peak:0.02M | Scene, ViewLayer | Updating Scene BVH | Building BVH
Fra:6 Mem:9.97M (Peak 11.30M) | Time:00:00.00 | Mem:0.04M, Peak:0.04M | Scene, ViewLayer | Updating Scene BVH | Copying BVH to device
Fra:6 Mem:9.97M (Peak 11.30M) | Time:00:00.00 | Mem:0.04M, Peak:0.04M | Scene, ViewLayer | Updating Mesh | Computing normals
Fra:6 Mem:9.98M (Peak 11.30M) | Time:00:00.00 | Mem:0.04M, Peak:0.04M | Scene, ViewLayer | Updating Mesh | Copying Mesh to device
Fra:6 Mem:9.98M (Peak 11.30M) | Time:00:00.00 | Mem:0.05M, Peak:0.05M | Scene, ViewLayer | Updating Objects Flags
Fra:6 Mem:9.98M (Peak 11.30M) | Time:00:00.00 | Mem:0.05M, Peak:0.05M | Scene, ViewLayer | Updating Primitive Offsets
Fra:6 Mem:9.98M (Peak 11.30M) | Time:00:00.00 | Mem:0.05M, Peak:0.05M | Scene, ViewLayer | Updating Images
Fra:6 Mem:9.98M (Peak 11.30M) | Time:00:00.00 | Mem:0.05M, Peak:0.05M | Scene, ViewLayer | Updating Camera Volume
Fra:6 Mem:9.98M (Peak 11.30M) | Time:00:00.00 | Mem:0.05M, Peak:0.05M | Scene, ViewLayer | Updating Lookup Tables
Fra:6 Mem:9.98M (Peak 11.30M) | Time:00:00.00 | Mem:0.13M, Peak:0.13M | Scene, ViewLayer | Updating Lights
Fra:6 Mem:9.98M (Peak 11.30M) | Time:00:00.00 | Mem:0.13M, Peak:0.13M | Scene, ViewLayer | Updating Lights | Computing tree
Fra:6 Mem:9.99M (Peak 11.30M) | Time:00:00.00 | Mem:0.14M, Peak:0.14M | Scene, ViewLayer | Updating Integrator
Fra:6 Mem:9.99M (Peak 11.30M) | Time:00:00.00 | Mem:0.14M, Peak:0.14M | Scene, ViewLayer | Updating Film
Fra:6 Mem:10.00M (Peak 11.30M) | Time:00:00.00 | Mem:0.06M, Peak:0.14M | Scene, ViewLayer | Updating Lookup Tables
Fra:6 Mem:10.00M (Peak 11.30M) | Time:00:00.00 | Mem:0.15M, Peak:0.15M | Scene, ViewLayer | Updating Baking
Fra:6 Mem:10.00M (Peak 11.30M) | Time:00:00.00 | Mem:0.15M, Peak:0.15M | Scene, ViewLayer | Updating Device | Writing constant memory
Fra:6 Mem:10.00M (Peak 11.30M) | Time:00:00.00 | Mem:0.15M, Peak:0.15M | Scene, ViewLayer | Sample 0/8
Fra:6 Mem:10.60M (Peak 11.30M) | Time:00:00.00 | Remaining:00:00.00 | Mem:0.71M, Peak:0.71M | Scene, ViewLayer | Sample 1/8
Fra:6 Mem:10.85M (Peak 11.30M) | Time:00:00.01 | Mem:0.71M, Peak:0.71M | Scene, ViewLayer | Sample 8/8
Fra:6 Mem:10.85M (Peak 11.30M) | Time:00:00.01 | Mem:0.71M, Peak:0.71M | Scene, ViewLayer | Finished
Saved: '/home/terence/Documents/Codex/2026-09-06/realtime-voice-chat-3/outputs/butterfly-method-comparison/blender/raw/view180_frame01.png'
Time: 00:00.01 (Saving: 00:00.00)

Fra:11 Mem:11.27M (Peak 11.27M) | Time:00:00.00 | Mem:0.00M, Peak:0.00M | Scene, ViewLayer | Synchronizing object | R forewing_border
Fra:11 Mem:11.27M (Peak 11.27M) | Time:00:00.00 | Mem:0.00M, Peak:0.00M | Scene, ViewLayer | Synchronizing object | R forewing_blue
Fra:11 Mem:11.28M (Peak 11.28M) | Time:00:00.00 | Mem:0.00M, Peak:0.00M | Scene, ViewLayer | Synchronizing object | R forewing_highlight
Fra:11 Mem:11.28M (Peak 11.28M) | Time:00:00.00 | Mem:0.00M, Peak:0.00M | Scene, ViewLayer | Synchronizing object | R forewing_cyan.001
Fra:11 Mem:11.28M (Peak 11.28M) | Time:00:00.00 | Mem:0.00M, Peak:0.00M | Scene, ViewLayer | Synchronizing object | R forewing_highlight.001
Fra:11 Mem:11.28M (Peak 11.28M) | Time:00:00.00 | Mem:0.00M, Peak:0.00M | Scene, ViewLayer | Synchronizing object | R hindwing_cyan
Fra:11 Mem:11.28M (Peak 11.28M) | Time:00:00.00 | Mem:0.00M, Peak:0.00M | Scene, ViewLayer | Synchronizing object | Antenna.001
Fra:11 Mem:11.28M (Peak 11.28M) | Time:00:00.00 | Mem:0.00M, Peak:0.00M | Scene, ViewLayer | Synchronizing object | R hindwing_blue
Fra:11 Mem:11.28M (Peak 11.28M) | Time:00:00.00 | Mem:0.00M, Peak:0.00M | Scene, ViewLayer | Synchronizing object | R hindwing_highlight
Fra:11 Mem:11.28M (Peak 11.28M) | Time:00:00.00 | Mem:0.00M, Peak:0.00M | Scene, ViewLayer | Synchronizing object | Antenna
Fra:11 Mem:11.29M (Peak 11.29M) | Time:00:00.00 | Mem:0.00M, Peak:0.00M | Scene, ViewLayer | Synchronizing object | R hindwing_cyan.001
Fra:11 Mem:11.29M (Peak 11.29M) | Time:00:00.00 | Mem:0.00M, Peak:0.00M | Scene, ViewLayer | Synchronizing object | Head
Fra:11 Mem:11.29M (Peak 11.29M) | Time:00:00.00 | Mem:0.00M, Peak:0.00M | Scene, ViewLayer | Synchronizing object | R hindwing_highlight.001
Fra:11 Mem:11.29M (Peak 11.29M) | Time:00:00.00 | Mem:0.00M, Peak:0.00M | Scene, ViewLayer | Synchronizing object | L forewing_border
Fra:11 Mem:11.29M (Peak 11.29M) | Time:00:00.00 | Mem:0.00M, Peak:0.00M | Scene, ViewLayer | Synchronizing object | Thorax
Fra:11 Mem:11.29M (Peak 11.29M) | Time:00:00.00 | Mem:0.00M, Peak:0.00M | Scene, ViewLayer | Synchronizing object | L forewing_cyan
Fra:11 Mem:11.29M (Peak 11.29M) | Time:00:00.00 | Mem:0.00M, Peak:0.00M | Scene, ViewLayer | Synchronizing object | Abdomen
Fra:11 Mem:11.29M (Peak 11.29M) | Time:00:00.00 | Mem:0.00M, Peak:0.00M | Scene, ViewLayer | Synchronizing object | L forewing_blue
Fra:11 Mem:11.29M (Peak 11.29M) | Time:00:00.00 | Mem:0.00M, Peak:0.00M | Scene, ViewLayer | Synchronizing object | L hindwing_highlight.001
Fra:11 Mem:11.29M (Peak 11.29M) | Time:00:00.00 | Mem:0.00M, Peak:0.00M | Scene, ViewLayer | Synchronizing object | L forewing_cyan.001
Fra:11 Mem:11.29M (Peak 11.29M) | Time:00:00.00 | Mem:0.00M, Peak:0.00M | Scene, ViewLayer | Synchronizing object | L hindwing_blue.001
Fra:11 Mem:11.29M (Peak 11.29M) | Time:00:00.00 | Mem:0.00M, Peak:0.00M | Scene, ViewLayer | Synchronizing object | L hindwing_cyan.001
Fra:11 Mem:11.29M (Peak 11.29M) | Time:00:00.00 | Mem:0.00M, Peak:0.00M | Scene, ViewLayer | Synchronizing object | L forewing_highlight.001
Fra:11 Mem:11.30M (Peak 11.30M) | Time:00:00.00 | Mem:0.00M, Peak:0.00M | Scene, ViewLayer | Synchronizing object | L hindwing_border
Fra:11 Mem:11.30M (Peak 11.30M) | Time:00:00.00 | Mem:0.00M, Peak:0.00M | Scene, ViewLayer | Synchronizing object | L hindwing_blue
Fra:11 Mem:11.30M (Peak 11.30M) | Time:00:00.00 | Mem:0.00M, Peak:0.00M | Scene, ViewLayer | Synchronizing object | L hindwing_highlight
Fra:11 Mem:11.30M (Peak 11.30M) | Time:00:00.00 | Mem:0.00M, Peak:0.00M | Scene, ViewLayer | Initializing
Fra:11 Mem:9.87M (Peak 11.30M) | Time:00:00.00 | Mem:0.00M, Peak:0.00M | Scene, ViewLayer | Waiting for render to start
Fra:11 Mem:9.87M (Peak 11.30M) | Time:00:00.00 | Mem:0.00M, Peak:0.00M | Scene, ViewLayer | Updating Scene
Fra:11 Mem:9.87M (Peak 11.30M) | Time:00:00.00 | Mem:0.00M, Peak:0.00M | Scene, ViewLayer | Updating Shaders
Fra:11 Mem:9.87M (Peak 11.30M) | Time:00:00.00 | Mem:0.00M, Peak:0.00M | Scene, ViewLayer | Loading render kernels (may take a few minutes the first time)
Fra:11 Mem:9.95M (Peak 11.30M) | Time:00:00.00 | Mem:0.00M, Peak:0.00M | Scene, ViewLayer | Updating Procedurals
Fra:11 Mem:9.95M (Peak 11.30M) | Time:00:00.00 | Mem:0.00M, Peak:0.00M | Scene, ViewLayer | Updating Background
Fra:11 Mem:9.95M (Peak 11.30M) | Time:00:00.00 | Mem:0.00M, Peak:0.00M | Scene, ViewLayer | Updating Camera
Fra:11 Mem:9.95M (Peak 11.30M) | Time:00:00.00 | Mem:0.00M, Peak:0.00M | Scene, ViewLayer | Updating Meshes Flags
Fra:11 Mem:9.95M (Peak 11.30M) | Time:00:00.00 | Mem:0.00M, Peak:0.00M | Scene, ViewLayer | Updating Objects
Fra:11 Mem:9.95M (Peak 11.30M) | Time:00:00.00 | Mem:0.00M, Peak:0.00M | Scene, ViewLayer | Updating Objects | Copying Transformations to device
Fra:11 Mem:9.96M (Peak 11.30M) | Time:00:00.00 | Mem:0.01M, Peak:0.01M | Scene, ViewLayer | Updating Particle Systems
Fra:11 Mem:9.96M (Peak 11.30M) | Time:00:00.00 | Mem:0.01M, Peak:0.01M | Scene, ViewLayer | Updating Particle Systems | Copying Particles to device
Fra:11 Mem:9.96M (Peak 11.30M) | Time:00:00.00 | Mem:0.01M, Peak:0.01M | Scene, ViewLayer | Updating Meshes
Fra:11 Mem:9.96M (Peak 11.30M) | Time:00:00.00 | Mem:0.01M, Peak:0.01M | Scene, ViewLayer | Updating Objects | Applying Static Transformations
Fra:11 Mem:9.96M (Peak 11.30M) | Time:00:00.00 | Mem:0.01M, Peak:0.01M | Scene, ViewLayer | Updating Mesh | Computing attributes
Fra:11 Mem:9.97M (Peak 11.30M) | Time:00:00.00 | Mem:0.01M, Peak:0.01M | Scene, ViewLayer | Updating Mesh | Copying Attributes to device
Fra:11 Mem:9.97M (Peak 11.30M) | Time:00:00.00 | Mem:0.02M, Peak:0.02M | Scene, ViewLayer | Updating Scene BVH | Building
Fra:11 Mem:9.97M (Peak 11.30M) | Time:00:00.00 | Mem:0.02M, Peak:0.02M | Scene, ViewLayer | Updating Scene BVH | Building BVH
Fra:11 Mem:9.97M (Peak 11.30M) | Time:00:00.00 | Mem:0.04M, Peak:0.04M | Scene, ViewLayer | Updating Scene BVH | Copying BVH to device
Fra:11 Mem:9.97M (Peak 11.30M) | Time:00:00.00 | Mem:0.04M, Peak:0.04M | Scene, ViewLayer | Updating Mesh | Computing normals
Fra:11 Mem:9.98M (Peak 11.30M) | Time:00:00.00 | Mem:0.04M, Peak:0.04M | Scene, ViewLayer | Updating Mesh | Copying Mesh to device
Fra:11 Mem:9.98M (Peak 11.30M) | Time:00:00.00 | Mem:0.05M, Peak:0.05M | Scene, ViewLayer | Updating Objects Flags
Fra:11 Mem:9.98M (Peak 11.30M) | Time:00:00.00 | Mem:0.05M, Peak:0.05M | Scene, ViewLayer | Updating Primitive Offsets
Fra:11 Mem:9.98M (Peak 11.30M) | Time:00:00.00 | Mem:0.05M, Peak:0.05M | Scene, ViewLayer | Updating Images
Fra:11 Mem:9.98M (Peak 11.30M) | Time:00:00.00 | Mem:0.05M, Peak:0.05M | Scene, ViewLayer | Updating Camera Volume
Fra:11 Mem:9.98M (Peak 11.30M) | Time:00:00.00 | Mem:0.05M, Peak:0.05M | Scene, ViewLayer | Updating Lookup Tables
Fra:11 Mem:9.98M (Peak 11.30M) | Time:00:00.00 | Mem:0.13M, Peak:0.13M | Scene, ViewLayer | Updating Lights
Fra:11 Mem:9.98M (Peak 11.30M) | Time:00:00.00 | Mem:0.13M, Peak:0.13M | Scene, ViewLayer | Updating Lights | Computing tree
Fra:11 Mem:9.99M (Peak 11.30M) | Time:00:00.00 | Mem:0.14M, Peak:0.14M | Scene, ViewLayer | Updating Integrator
Fra:11 Mem:9.99M (Peak 11.30M) | Time:00:00.00 | Mem:0.14M, Peak:0.14M | Scene, ViewLayer | Updating Film
Fra:11 Mem:10.00M (Peak 11.30M) | Time:00:00.00 | Mem:0.06M, Peak:0.14M | Scene, ViewLayer | Updating Lookup Tables
Fra:11 Mem:10.00M (Peak 11.30M) | Time:00:00.00 | Mem:0.15M, Peak:0.15M | Scene, ViewLayer | Updating Baking
Fra:11 Mem:10.00M (Peak 11.30M) | Time:00:00.00 | Mem:0.15M, Peak:0.15M | Scene, ViewLayer | Updating Device | Writing constant memory
Fra:11 Mem:10.00M (Peak 11.30M) | Time:00:00.00 | Mem:0.15M, Peak:0.15M | Scene, ViewLayer | Sample 0/8
Fra:11 Mem:10.60M (Peak 11.30M) | Time:00:00.00 | Remaining:00:00.00 | Mem:0.71M, Peak:0.71M | Scene, ViewLayer | Sample 1/8
Fra:11 Mem:10.85M (Peak 11.30M) | Time:00:00.01 | Mem:0.71M, Peak:0.71M | Scene, ViewLayer | Sample 8/8
Fra:11 Mem:10.85M (Peak 11.30M) | Time:00:00.01 | Mem:0.71M, Peak:0.71M | Scene, ViewLayer | Finished
Saved: '/home/terence/Documents/Codex/2026-09-06/realtime-voice-chat-3/outputs/butterfly-method-comparison/blender/raw/view180_frame02.png'
Time: 00:00.01 (Saving: 00:00.00)

Fra:16 Mem:11.27M (Peak 11.27M) | Time:00:00.00 | Mem:0.00M, Peak:0.00M | Scene, ViewLayer | Synchronizing object | R forewing_border
Fra:16 Mem:11.27M (Peak 11.27M) | Time:00:00.00 | Mem:0.00M, Peak:0.00M | Scene, ViewLayer | Synchronizing object | R forewing_blue
Fra:16 Mem:11.28M (Peak 11.28M) | Time:00:00.00 | Mem:0.00M, Peak:0.00M | Scene, ViewLayer | Synchronizing object | R forewing_highlight
Fra:16 Mem:11.28M (Peak 11.28M) | Time:00:00.00 | Mem:0.00M, Peak:0.00M | Scene, ViewLayer | Synchronizing object | R forewing_blue.001
Fra:16 Mem:11.28M (Peak 11.28M) | Time:00:00.00 | Mem:0.00M, Peak:0.00M | Scene, ViewLayer | Synchronizing object | R forewing_highlight.001
Fra:16 Mem:11.28M (Peak 11.28M) | Time:00:00.00 | Mem:0.00M, Peak:0.00M | Scene, ViewLayer | Synchronizing object | R hindwing_cyan
Fra:16 Mem:11.28M (Peak 11.28M) | Time:00:00.00 | Mem:0.00M, Peak:0.00M | Scene, ViewLayer | Synchronizing object | R hindwing_blue
Fra:16 Mem:11.28M (Peak 11.28M) | Time:00:00.00 | Mem:0.00M, Peak:0.00M | Scene, ViewLayer | Synchronizing object | R hindwing_cyan.001
Fra:16 Mem:11.28M (Peak 11.28M) | Time:00:00.00 | Mem:0.00M, Peak:0.00M | Scene, ViewLayer | Synchronizing object | R hindwing_blue.001
Fra:16 Mem:11.28M (Peak 11.28M) | Time:00:00.00 | Mem:0.00M, Peak:0.00M | Scene, ViewLayer | Synchronizing object | R hindwing_highlight.001
Fra:16 Mem:11.29M (Peak 11.29M) | Time:00:00.00 | Mem:0.00M, Peak:0.00M | Scene, ViewLayer | Synchronizing object | L forewing_cyan
Fra:16 Mem:11.29M (Peak 11.29M) | Time:00:00.00 | Mem:0.00M, Peak:0.00M | Scene, ViewLayer | Synchronizing object | Antenna.001
Fra:16 Mem:11.29M (Peak 11.29M) | Time:00:00.00 | Mem:0.00M, Peak:0.00M | Scene, ViewLayer | Synchronizing object | L forewing_highlight
Fra:16 Mem:11.29M (Peak 11.29M) | Time:00:00.00 | Mem:0.00M, Peak:0.00M | Scene, ViewLayer | Synchronizing object | Antenna
Fra:16 Mem:11.29M (Peak 11.29M) | Time:00:00.00 | Mem:0.00M, Peak:0.00M | Scene, ViewLayer | Synchronizing object | L forewing_cyan.001
Fra:16 Mem:11.29M (Peak 11.29M) | Time:00:00.00 | Mem:0.00M, Peak:0.00M | Scene, ViewLayer | Synchronizing object | L forewing_blue.001
Fra:16 Mem:11.29M (Peak 11.29M) | Time:00:00.00 | Mem:0.00M, Peak:0.00M | Scene, ViewLayer | Synchronizing object | L forewing_highlight.001
Fra:16 Mem:11.29M (Peak 11.29M) | Time:00:00.00 | Mem:0.00M, Peak:0.00M | Scene, ViewLayer | Synchronizing object | Head
Fra:16 Mem:11.29M (Peak 11.29M) | Time:00:00.00 | Mem:0.00M, Peak:0.00M | Scene, ViewLayer | Synchronizing object | L hindwing_border
Fra:16 Mem:11.29M (Peak 11.29M) | Time:00:00.00 | Mem:0.00M, Peak:0.00M | Scene, ViewLayer | Synchronizing object | L hindwing_cyan
Fra:16 Mem:11.29M (Peak 11.29M) | Time:00:00.00 | Mem:0.00M, Peak:0.00M | Scene, ViewLayer | Synchronizing object | L hindwing_blue
Fra:16 Mem:11.29M (Peak 11.29M) | Time:00:00.00 | Mem:0.00M, Peak:0.00M | Scene, ViewLayer | Synchronizing object | Thorax
Fra:16 Mem:11.29M (Peak 11.29M) | Time:00:00.00 | Mem:0.00M, Peak:0.00M | Scene, ViewLayer | Synchronizing object | L hindwing_cyan.001
Fra:16 Mem:11.29M (Peak 11.29M) | Time:00:00.00 | Mem:0.00M, Peak:0.00M | Scene, ViewLayer | Synchronizing object | L hindwing_blue.001
Fra:16 Mem:11.29M (Peak 11.29M) | Time:00:00.00 | Mem:0.00M, Peak:0.00M | Scene, ViewLayer | Synchronizing object | L hindwing_highlight.001
Fra:16 Mem:11.29M (Peak 11.29M) | Time:00:00.00 | Mem:0.00M, Peak:0.00M | Scene, ViewLayer | Synchronizing object | Abdomen
Fra:16 Mem:11.30M (Peak 11.30M) | Time:00:00.00 | Mem:0.00M, Peak:0.00M | Scene, ViewLayer | Initializing
Fra:16 Mem:9.87M (Peak 11.30M) | Time:00:00.00 | Mem:0.00M, Peak:0.00M | Scene, ViewLayer | Waiting for render to start
Fra:16 Mem:9.87M (Peak 11.30M) | Time:00:00.00 | Mem:0.00M, Peak:0.00M | Scene, ViewLayer | Updating Scene
Fra:16 Mem:9.87M (Peak 11.30M) | Time:00:00.00 | Mem:0.00M, Peak:0.00M | Scene, ViewLayer | Updating Shaders
Fra:16 Mem:9.87M (Peak 11.30M) | Time:00:00.00 | Mem:0.00M, Peak:0.00M | Scene, ViewLayer | Loading render kernels (may take a few minutes the first time)
Fra:16 Mem:9.95M (Peak 11.30M) | Time:00:00.00 | Mem:0.00M, Peak:0.00M | Scene, ViewLayer | Updating Procedurals
Fra:16 Mem:9.95M (Peak 11.30M) | Time:00:00.00 | Mem:0.00M, Peak:0.00M | Scene, ViewLayer | Updating Background
Fra:16 Mem:9.95M (Peak 11.30M) | Time:00:00.00 | Mem:0.00M, Peak:0.00M | Scene, ViewLayer | Updating Camera
Fra:16 Mem:9.95M (Peak 11.30M) | Time:00:00.00 | Mem:0.00M, Peak:0.00M | Scene, ViewLayer | Updating Meshes Flags
Fra:16 Mem:9.95M (Peak 11.30M) | Time:00:00.00 | Mem:0.00M, Peak:0.00M | Scene, ViewLayer | Updating Objects
Fra:16 Mem:9.95M (Peak 11.30M) | Time:00:00.00 | Mem:0.00M, Peak:0.00M | Scene, ViewLayer | Updating Objects | Copying Transformations to device
Fra:16 Mem:9.96M (Peak 11.30M) | Time:00:00.00 | Mem:0.01M, Peak:0.01M | Scene, ViewLayer | Updating Particle Systems
Fra:16 Mem:9.96M (Peak 11.30M) | Time:00:00.00 | Mem:0.01M, Peak:0.01M | Scene, ViewLayer | Updating Particle Systems | Copying Particles to device
Fra:16 Mem:9.96M (Peak 11.30M) | Time:00:00.00 | Mem:0.01M, Peak:0.01M | Scene, ViewLayer | Updating Meshes
Fra:16 Mem:9.96M (Peak 11.30M) | Time:00:00.00 | Mem:0.01M, Peak:0.01M | Scene, ViewLayer | Updating Objects | Applying Static Transformations
Fra:16 Mem:9.96M (Peak 11.30M) | Time:00:00.00 | Mem:0.01M, Peak:0.01M | Scene, ViewLayer | Updating Mesh | Computing attributes
Fra:16 Mem:9.97M (Peak 11.30M) | Time:00:00.00 | Mem:0.01M, Peak:0.01M | Scene, ViewLayer | Updating Mesh | Copying Attributes to device
Fra:16 Mem:9.97M (Peak 11.30M) | Time:00:00.00 | Mem:0.02M, Peak:0.02M | Scene, ViewLayer | Updating Scene BVH | Building
Fra:16 Mem:9.97M (Peak 11.30M) | Time:00:00.00 | Mem:0.02M, Peak:0.02M | Scene, ViewLayer | Updating Scene BVH | Building BVH
Fra:16 Mem:9.97M (Peak 11.30M) | Time:00:00.00 | Mem:0.04M, Peak:0.04M | Scene, ViewLayer | Updating Scene BVH | Copying BVH to device
Fra:16 Mem:9.97M (Peak 11.30M) | Time:00:00.00 | Mem:0.04M, Peak:0.04M | Scene, ViewLayer | Updating Mesh | Computing normals
Fra:16 Mem:9.98M (Peak 11.30M) | Time:00:00.00 | Mem:0.04M, Peak:0.04M | Scene, ViewLayer | Updating Mesh | Copying Mesh to device
Fra:16 Mem:9.98M (Peak 11.30M) | Time:00:00.00 | Mem:0.05M, Peak:0.05M | Scene, ViewLayer | Updating Objects Flags
Fra:16 Mem:9.98M (Peak 11.30M) | Time:00:00.00 | Mem:0.05M, Peak:0.05M | Scene, ViewLayer | Updating Primitive Offsets
Fra:16 Mem:9.98M (Peak 11.30M) | Time:00:00.00 | Mem:0.05M, Peak:0.05M | Scene, ViewLayer | Updating Images
Fra:16 Mem:9.98M (Peak 11.30M) | Time:00:00.00 | Mem:0.05M, Peak:0.05M | Scene, ViewLayer | Updating Camera Volume
Fra:16 Mem:9.98M (Peak 11.30M) | Time:00:00.00 | Mem:0.05M, Peak:0.05M | Scene, ViewLayer | Updating Lookup Tables
Fra:16 Mem:9.98M (Peak 11.30M) | Time:00:00.00 | Mem:0.13M, Peak:0.13M | Scene, ViewLayer | Updating Lights
Fra:16 Mem:9.98M (Peak 11.30M) | Time:00:00.00 | Mem:0.13M, Peak:0.13M | Scene, ViewLayer | Updating Lights | Computing tree
Fra:16 Mem:9.99M (Peak 11.30M) | Time:00:00.00 | Mem:0.14M, Peak:0.14M | Scene, ViewLayer | Updating Integrator
Fra:16 Mem:9.99M (Peak 11.30M) | Time:00:00.00 | Mem:0.14M, Peak:0.14M | Scene, ViewLayer | Updating Film
Fra:16 Mem:10.00M (Peak 11.30M) | Time:00:00.00 | Mem:0.06M, Peak:0.14M | Scene, ViewLayer | Updating Lookup Tables
Fra:16 Mem:10.00M (Peak 11.30M) | Time:00:00.00 | Mem:0.15M, Peak:0.15M | Scene, ViewLayer | Updating Baking
Fra:16 Mem:10.00M (Peak 11.30M) | Time:00:00.00 | Mem:0.15M, Peak:0.15M | Scene, ViewLayer | Updating Device | Writing constant memory
Fra:16 Mem:10.00M (Peak 11.30M) | Time:00:00.00 | Mem:0.15M, Peak:0.15M | Scene, ViewLayer | Sample 0/8
Fra:16 Mem:10.60M (Peak 11.30M) | Time:00:00.00 | Remaining:00:00.00 | Mem:0.71M, Peak:0.71M | Scene, ViewLayer | Sample 1/8
Fra:16 Mem:10.85M (Peak 11.30M) | Time:00:00.01 | Mem:0.71M, Peak:0.71M | Scene, ViewLayer | Sample 8/8
Fra:16 Mem:10.85M (Peak 11.30M) | Time:00:00.01 | Mem:0.71M, Peak:0.71M | Scene, ViewLayer | Finished
Saved: '/home/terence/Documents/Codex/2026-09-06/realtime-voice-chat-3/outputs/butterfly-method-comparison/blender/raw/view180_frame03.png'
Time: 00:00.01 (Saving: 00:00.00)

Fra:21 Mem:11.27M (Peak 11.27M) | Time:00:00.00 | Mem:0.00M, Peak:0.00M | Scene, ViewLayer | Synchronizing object | R forewing_border
Fra:21 Mem:11.27M (Peak 11.27M) | Time:00:00.00 | Mem:0.00M, Peak:0.00M | Scene, ViewLayer | Synchronizing object | R forewing_cyan
Fra:21 Mem:11.28M (Peak 11.28M) | Time:00:00.00 | Mem:0.00M, Peak:0.00M | Scene, ViewLayer | Synchronizing object | R forewing_highlight
Fra:21 Mem:11.28M (Peak 11.28M) | Time:00:00.00 | Mem:0.00M, Peak:0.00M | Scene, ViewLayer | Synchronizing object | R forewing_cyan.001
Fra:21 Mem:11.28M (Peak 11.28M) | Time:00:00.00 | Mem:0.00M, Peak:0.00M | Scene, ViewLayer | Synchronizing object | Antenna.001
Fra:21 Mem:11.28M (Peak 11.28M) | Time:00:00.00 | Mem:0.00M, Peak:0.00M | Scene, ViewLayer | Synchronizing object | R forewing_highlight.001
Fra:21 Mem:11.28M (Peak 11.28M) | Time:00:00.00 | Mem:0.00M, Peak:0.00M | Scene, ViewLayer | Synchronizing object | R hindwing_border
Fra:21 Mem:11.28M (Peak 11.28M) | Time:00:00.00 | Mem:0.00M, Peak:0.00M | Scene, ViewLayer | Synchronizing object | R hindwing_cyan
Fra:21 Mem:11.28M (Peak 11.28M) | Time:00:00.00 | Mem:0.00M, Peak:0.00M | Scene, ViewLayer | Synchronizing object | R hindwing_blue
Fra:21 Mem:11.28M (Peak 11.28M) | Time:00:00.00 | Mem:0.00M, Peak:0.00M | Scene, ViewLayer | Synchronizing object | R hindwing_highlight
Fra:21 Mem:11.28M (Peak 11.28M) | Time:00:00.00 | Mem:0.00M, Peak:0.00M | Scene, ViewLayer | Synchronizing object | Head
Fra:21 Mem:11.29M (Peak 11.29M) | Time:00:00.00 | Mem:0.00M, Peak:0.00M | Scene, ViewLayer | Synchronizing object | R hindwing_cyan.001
Fra:21 Mem:11.29M (Peak 11.29M) | Time:00:00.00 | Mem:0.00M, Peak:0.00M | Scene, ViewLayer | Synchronizing object | R hindwing_blue.001
Fra:21 Mem:11.29M (Peak 11.29M) | Time:00:00.00 | Mem:0.00M, Peak:0.00M | Scene, ViewLayer | Synchronizing object | R hindwing_highlight.001
Fra:21 Mem:11.29M (Peak 11.29M) | Time:00:00.00 | Mem:0.00M, Peak:0.00M | Scene, ViewLayer | Synchronizing object | Abdomen
Fra:21 Mem:11.29M (Peak 11.29M) | Time:00:00.00 | Mem:0.00M, Peak:0.00M | Scene, ViewLayer | Synchronizing object | L forewing_border
Fra:21 Mem:11.29M (Peak 11.29M) | Time:00:00.00 | Mem:0.00M, Peak:0.00M | Scene, ViewLayer | Synchronizing object | L hindwing_highlight.001
Fra:21 Mem:11.29M (Peak 11.29M) | Time:00:00.00 | Mem:0.00M, Peak:0.00M | Scene, ViewLayer | Synchronizing object | L forewing_blue
Fra:21 Mem:11.29M (Peak 11.29M) | Time:00:00.00 | Mem:0.00M, Peak:0.00M | Scene, ViewLayer | Synchronizing object | L forewing_highlight
Fra:21 Mem:11.29M (Peak 11.29M) | Time:00:00.00 | Mem:0.00M, Peak:0.00M | Scene, ViewLayer | Synchronizing object | L forewing_cyan.001
Fra:21 Mem:11.29M (Peak 11.29M) | Time:00:00.00 | Mem:0.00M, Peak:0.00M | Scene, ViewLayer | Synchronizing object | L forewing_highlight.001
Fra:21 Mem:11.29M (Peak 11.29M) | Time:00:00.00 | Mem:0.00M, Peak:0.00M | Scene, ViewLayer | Synchronizing object | L hindwing_cyan
Fra:21 Mem:11.29M (Peak 11.29M) | Time:00:00.00 | Mem:0.00M, Peak:0.00M | Scene, ViewLayer | Synchronizing object | L hindwing_blue
Fra:21 Mem:11.30M (Peak 11.30M) | Time:00:00.00 | Mem:0.00M, Peak:0.00M | Scene, ViewLayer | Synchronizing object | L hindwing_highlight
Fra:21 Mem:11.30M (Peak 11.30M) | Time:00:00.00 | Mem:0.00M, Peak:0.00M | Scene, ViewLayer | Synchronizing object | L hindwing_blue.001
Fra:21 Mem:11.30M (Peak 11.30M) | Time:00:00.00 | Mem:0.00M, Peak:0.00M | Scene, ViewLayer | Initializing
Fra:21 Mem:9.87M (Peak 11.30M) | Time:00:00.00 | Mem:0.00M, Peak:0.00M | Scene, ViewLayer | Waiting for render to start
Fra:21 Mem:9.87M (Peak 11.30M) | Time:00:00.00 | Mem:0.00M, Peak:0.00M | Scene, ViewLayer | Updating Scene
Fra:21 Mem:9.87M (Peak 11.30M) | Time:00:00.00 | Mem:0.00M, Peak:0.00M | Scene, ViewLayer | Updating Shaders
Fra:21 Mem:9.87M (Peak 11.30M) | Time:00:00.00 | Mem:0.00M, Peak:0.00M | Scene, ViewLayer | Loading render kernels (may take a few minutes the first time)
Fra:21 Mem:9.95M (Peak 11.30M) | Time:00:00.00 | Mem:0.00M, Peak:0.00M | Scene, ViewLayer | Updating Procedurals
Fra:21 Mem:9.95M (Peak 11.30M) | Time:00:00.00 | Mem:0.00M, Peak:0.00M | Scene, ViewLayer | Updating Background
Fra:21 Mem:9.95M (Peak 11.30M) | Time:00:00.00 | Mem:0.00M, Peak:0.00M | Scene, ViewLayer | Updating Camera
Fra:21 Mem:9.95M (Peak 11.30M) | Time:00:00.00 | Mem:0.00M, Peak:0.00M | Scene, ViewLayer | Updating Meshes Flags
Fra:21 Mem:9.95M (Peak 11.30M) | Time:00:00.00 | Mem:0.00M, Peak:0.00M | Scene, ViewLayer | Updating Objects
Fra:21 Mem:9.95M (Peak 11.30M) | Time:00:00.00 | Mem:0.00M, Peak:0.00M | Scene, ViewLayer | Updating Objects | Copying Transformations to device
Fra:21 Mem:9.96M (Peak 11.30M) | Time:00:00.00 | Mem:0.01M, Peak:0.01M | Scene, ViewLayer | Updating Particle Systems
Fra:21 Mem:9.96M (Peak 11.30M) | Time:00:00.00 | Mem:0.01M, Peak:0.01M | Scene, ViewLayer | Updating Particle Systems | Copying Particles to device
Fra:21 Mem:9.96M (Peak 11.30M) | Time:00:00.00 | Mem:0.01M, Peak:0.01M | Scene, ViewLayer | Updating Meshes
Fra:21 Mem:9.96M (Peak 11.30M) | Time:00:00.00 | Mem:0.01M, Peak:0.01M | Scene, ViewLayer | Updating Objects | Applying Static Transformations
Fra:21 Mem:9.96M (Peak 11.30M) | Time:00:00.00 | Mem:0.01M, Peak:0.01M | Scene, ViewLayer | Updating Mesh | Computing attributes
Fra:21 Mem:9.97M (Peak 11.30M) | Time:00:00.00 | Mem:0.01M, Peak:0.01M | Scene, ViewLayer | Updating Mesh | Copying Attributes to device
Fra:21 Mem:9.97M (Peak 11.30M) | Time:00:00.00 | Mem:0.02M, Peak:0.02M | Scene, ViewLayer | Updating Scene BVH | Building
Fra:21 Mem:9.97M (Peak 11.30M) | Time:00:00.00 | Mem:0.02M, Peak:0.02M | Scene, ViewLayer | Updating Scene BVH | Building BVH
Fra:21 Mem:9.97M (Peak 11.30M) | Time:00:00.00 | Mem:0.04M, Peak:0.04M | Scene, ViewLayer | Updating Scene BVH | Copying BVH to device
Fra:21 Mem:9.97M (Peak 11.30M) | Time:00:00.00 | Mem:0.04M, Peak:0.04M | Scene, ViewLayer | Updating Mesh | Computing normals
Fra:21 Mem:9.98M (Peak 11.30M) | Time:00:00.00 | Mem:0.04M, Peak:0.04M | Scene, ViewLayer | Updating Mesh | Copying Mesh to device
Fra:21 Mem:9.98M (Peak 11.30M) | Time:00:00.00 | Mem:0.05M, Peak:0.05M | Scene, ViewLayer | Updating Objects Flags
Fra:21 Mem:9.98M (Peak 11.30M) | Time:00:00.00 | Mem:0.05M, Peak:0.05M | Scene, ViewLayer | Updating Primitive Offsets
Fra:21 Mem:9.98M (Peak 11.30M) | Time:00:00.00 | Mem:0.05M, Peak:0.05M | Scene, ViewLayer | Updating Images
Fra:21 Mem:9.98M (Peak 11.30M) | Time:00:00.00 | Mem:0.05M, Peak:0.05M | Scene, ViewLayer | Updating Camera Volume
Fra:21 Mem:9.98M (Peak 11.30M) | Time:00:00.00 | Mem:0.05M, Peak:0.05M | Scene, ViewLayer | Updating Lookup Tables
Fra:21 Mem:9.98M (Peak 11.30M) | Time:00:00.00 | Mem:0.13M, Peak:0.13M | Scene, ViewLayer | Updating Lights
Fra:21 Mem:9.98M (Peak 11.30M) | Time:00:00.00 | Mem:0.13M, Peak:0.13M | Scene, ViewLayer | Updating Lights | Computing tree
Fra:21 Mem:9.99M (Peak 11.30M) | Time:00:00.00 | Mem:0.14M, Peak:0.14M | Scene, ViewLayer | Updating Integrator
Fra:21 Mem:9.99M (Peak 11.30M) | Time:00:00.00 | Mem:0.14M, Peak:0.14M | Scene, ViewLayer | Updating Film
Fra:21 Mem:10.00M (Peak 11.30M) | Time:00:00.00 | Mem:0.06M, Peak:0.14M | Scene, ViewLayer | Updating Lookup Tables
Fra:21 Mem:10.00M (Peak 11.30M) | Time:00:00.00 | Mem:0.15M, Peak:0.15M | Scene, ViewLayer | Updating Baking
Fra:21 Mem:10.00M (Peak 11.30M) | Time:00:00.00 | Mem:0.15M, Peak:0.15M | Scene, ViewLayer | Updating Device | Writing constant memory
Fra:21 Mem:10.00M (Peak 11.30M) | Time:00:00.00 | Mem:0.15M, Peak:0.15M | Scene, ViewLayer | Sample 0/8
Fra:21 Mem:10.60M (Peak 11.30M) | Time:00:00.00 | Remaining:00:00.00 | Mem:0.71M, Peak:0.71M | Scene, ViewLayer | Sample 1/8
Fra:21 Mem:10.85M (Peak 11.30M) | Time:00:00.01 | Mem:0.71M, Peak:0.71M | Scene, ViewLayer | Sample 8/8
Fra:21 Mem:10.85M (Peak 11.30M) | Time:00:00.01 | Mem:0.71M, Peak:0.71M | Scene, ViewLayer | Finished
Saved: '/home/terence/Documents/Codex/2026-09-06/realtime-voice-chat-3/outputs/butterfly-method-comparison/blender/raw/view180_frame04.png'
Time: 00:00.01 (Saving: 00:00.00)

Fra:26 Mem:11.27M (Peak 11.27M) | Time:00:00.00 | Mem:0.00M, Peak:0.00M | Scene, ViewLayer | Synchronizing object | R forewing_border
Fra:26 Mem:11.27M (Peak 11.27M) | Time:00:00.00 | Mem:0.00M, Peak:0.00M | Scene, ViewLayer | Synchronizing object | R forewing_cyan
Fra:26 Mem:11.28M (Peak 11.28M) | Time:00:00.00 | Mem:0.00M, Peak:0.00M | Scene, ViewLayer | Synchronizing object | R forewing_blue
Fra:26 Mem:11.28M (Peak 11.28M) | Time:00:00.00 | Mem:0.00M, Peak:0.00M | Scene, ViewLayer | Synchronizing object | R forewing_highlight
Fra:26 Mem:11.28M (Peak 11.28M) | Time:00:00.00 | Mem:0.00M, Peak:0.00M | Scene, ViewLayer | Synchronizing object | R forewing_cyan.001
Fra:26 Mem:11.28M (Peak 11.28M) | Time:00:00.00 | Mem:0.00M, Peak:0.00M | Scene, ViewLayer | Synchronizing object | R forewing_highlight.001
Fra:26 Mem:11.28M (Peak 11.28M) | Time:00:00.00 | Mem:0.00M, Peak:0.00M | Scene, ViewLayer | Synchronizing object | R hindwing_border
Fra:26 Mem:11.28M (Peak 11.28M) | Time:00:00.00 | Mem:0.00M, Peak:0.00M | Scene, ViewLayer | Synchronizing object | Antenna.001
Fra:26 Mem:11.28M (Peak 11.28M) | Time:00:00.00 | Mem:0.00M, Peak:0.00M | Scene, ViewLayer | Synchronizing object | R hindwing_blue
Fra:26 Mem:11.28M (Peak 11.28M) | Time:00:00.00 | Mem:0.00M, Peak:0.00M | Scene, ViewLayer | Synchronizing object | R hindwing_highlight
Fra:26 Mem:11.28M (Peak 11.28M) | Time:00:00.00 | Mem:0.00M, Peak:0.00M | Scene, ViewLayer | Synchronizing object | R hindwing_cyan.001
Fra:26 Mem:11.29M (Peak 11.29M) | Time:00:00.00 | Mem:0.00M, Peak:0.00M | Scene, ViewLayer | Synchronizing object | R hindwing_highlight.001
Fra:26 Mem:11.29M (Peak 11.29M) | Time:00:00.00 | Mem:0.00M, Peak:0.00M | Scene, ViewLayer | Synchronizing object | Head
Fra:26 Mem:11.29M (Peak 11.29M) | Time:00:00.00 | Mem:0.00M, Peak:0.00M | Scene, ViewLayer | Synchronizing object | Thorax
Fra:26 Mem:11.29M (Peak 11.29M) | Time:00:00.00 | Mem:0.00M, Peak:0.00M | Scene, ViewLayer | Synchronizing object | Abdomen
Fra:26 Mem:11.29M (Peak 11.29M) | Time:00:00.00 | Mem:0.00M, Peak:0.00M | Scene, ViewLayer | Synchronizing object | L hindwing_highlight.001
Fra:26 Mem:11.29M (Peak 11.29M) | Time:00:00.00 | Mem:0.00M, Peak:0.00M | Scene, ViewLayer | Synchronizing object | L hindwing_blue.001
Fra:26 Mem:11.29M (Peak 11.29M) | Time:00:00.00 | Mem:0.00M, Peak:0.00M | Scene, ViewLayer | Synchronizing object | L hindwing_cyan.001
Fra:26 Mem:11.29M (Peak 11.29M) | Time:00:00.00 | Mem:0.00M, Peak:0.00M | Scene, ViewLayer | Synchronizing object | L hindwing_highlight
Fra:26 Mem:11.29M (Peak 11.29M) | Time:00:00.00 | Mem:0.00M, Peak:0.00M | Scene, ViewLayer | Synchronizing object | L hindwing_blue
Fra:26 Mem:11.29M (Peak 11.29M) | Time:00:00.00 | Mem:0.00M, Peak:0.00M | Scene, ViewLayer | Synchronizing object | L hindwing_cyan
Fra:26 Mem:11.29M (Peak 11.29M) | Time:00:00.00 | Mem:0.00M, Peak:0.00M | Scene, ViewLayer | Synchronizing object | L hindwing_border
Fra:26 Mem:11.29M (Peak 11.29M) | Time:00:00.00 | Mem:0.00M, Peak:0.00M | Scene, ViewLayer | Synchronizing object | L forewing_highlight.001
Fra:26 Mem:11.29M (Peak 11.29M) | Time:00:00.00 | Mem:0.00M, Peak:0.00M | Scene, ViewLayer | Synchronizing object | L forewing_blue.001
Fra:26 Mem:11.29M (Peak 11.29M) | Time:00:00.00 | Mem:0.00M, Peak:0.00M | Scene, ViewLayer | Synchronizing object | L forewing_cyan.001
Fra:26 Mem:11.30M (Peak 11.30M) | Time:00:00.00 | Mem:0.00M, Peak:0.00M | Scene, ViewLayer | Synchronizing object | L forewing_blue
Fra:26 Mem:11.30M (Peak 11.30M) | Time:00:00.00 | Mem:0.00M, Peak:0.00M | Scene, ViewLayer | Initializing
Fra:26 Mem:9.87M (Peak 11.30M) | Time:00:00.00 | Mem:0.00M, Peak:0.00M | Scene, ViewLayer | Waiting for render to start
Fra:26 Mem:9.87M (Peak 11.30M) | Time:00:00.00 | Mem:0.00M, Peak:0.00M | Scene, ViewLayer | Updating Scene
Fra:26 Mem:9.87M (Peak 11.30M) | Time:00:00.00 | Mem:0.00M, Peak:0.00M | Scene, ViewLayer | Updating Shaders
Fra:26 Mem:9.87M (Peak 11.30M) | Time:00:00.00 | Mem:0.00M, Peak:0.00M | Scene, ViewLayer | Loading render kernels (may take a few minutes the first time)
Fra:26 Mem:9.95M (Peak 11.30M) | Time:00:00.00 | Mem:0.00M, Peak:0.00M | Scene, ViewLayer | Updating Procedurals
Fra:26 Mem:9.95M (Peak 11.30M) | Time:00:00.00 | Mem:0.00M, Peak:0.00M | Scene, ViewLayer | Updating Background
Fra:26 Mem:9.95M (Peak 11.30M) | Time:00:00.00 | Mem:0.00M, Peak:0.00M | Scene, ViewLayer | Updating Camera
Fra:26 Mem:9.95M (Peak 11.30M) | Time:00:00.00 | Mem:0.00M, Peak:0.00M | Scene, ViewLayer | Updating Meshes Flags
Fra:26 Mem:9.95M (Peak 11.30M) | Time:00:00.00 | Mem:0.00M, Peak:0.00M | Scene, ViewLayer | Updating Objects
Fra:26 Mem:9.95M (Peak 11.30M) | Time:00:00.00 | Mem:0.00M, Peak:0.00M | Scene, ViewLayer | Updating Objects | Copying Transformations to device
Fra:26 Mem:9.96M (Peak 11.30M) | Time:00:00.00 | Mem:0.01M, Peak:0.01M | Scene, ViewLayer | Updating Particle Systems
Fra:26 Mem:9.96M (Peak 11.30M) | Time:00:00.00 | Mem:0.01M, Peak:0.01M | Scene, ViewLayer | Updating Particle Systems | Copying Particles to device
Fra:26 Mem:9.96M (Peak 11.30M) | Time:00:00.00 | Mem:0.01M, Peak:0.01M | Scene, ViewLayer | Updating Meshes
Fra:26 Mem:9.96M (Peak 11.30M) | Time:00:00.00 | Mem:0.01M, Peak:0.01M | Scene, ViewLayer | Updating Objects | Applying Static Transformations
Fra:26 Mem:9.96M (Peak 11.30M) | Time:00:00.00 | Mem:0.01M, Peak:0.01M | Scene, ViewLayer | Updating Mesh | Computing attributes
Fra:26 Mem:9.97M (Peak 11.30M) | Time:00:00.00 | Mem:0.01M, Peak:0.01M | Scene, ViewLayer | Updating Mesh | Copying Attributes to device
Fra:26 Mem:9.97M (Peak 11.30M) | Time:00:00.00 | Mem:0.02M, Peak:0.02M | Scene, ViewLayer | Updating Scene BVH | Building
Fra:26 Mem:9.97M (Peak 11.30M) | Time:00:00.00 | Mem:0.02M, Peak:0.02M | Scene, ViewLayer | Updating Scene BVH | Building BVH
Fra:26 Mem:9.97M (Peak 11.30M) | Time:00:00.00 | Mem:0.04M, Peak:0.04M | Scene, ViewLayer | Updating Scene BVH | Copying BVH to device
Fra:26 Mem:9.97M (Peak 11.30M) | Time:00:00.00 | Mem:0.04M, Peak:0.04M | Scene, ViewLayer | Updating Mesh | Computing normals
Fra:26 Mem:9.98M (Peak 11.30M) | Time:00:00.00 | Mem:0.04M, Peak:0.04M | Scene, ViewLayer | Updating Mesh | Copying Mesh to device
Fra:26 Mem:9.98M (Peak 11.30M) | Time:00:00.00 | Mem:0.05M, Peak:0.05M | Scene, ViewLayer | Updating Objects Flags
Fra:26 Mem:9.98M (Peak 11.30M) | Time:00:00.00 | Mem:0.05M, Peak:0.05M | Scene, ViewLayer | Updating Primitive Offsets
Fra:26 Mem:9.98M (Peak 11.30M) | Time:00:00.00 | Mem:0.05M, Peak:0.05M | Scene, ViewLayer | Updating Images
Fra:26 Mem:9.98M (Peak 11.30M) | Time:00:00.00 | Mem:0.05M, Peak:0.05M | Scene, ViewLayer | Updating Camera Volume
Fra:26 Mem:9.98M (Peak 11.30M) | Time:00:00.00 | Mem:0.05M, Peak:0.05M | Scene, ViewLayer | Updating Lookup Tables
Fra:26 Mem:9.98M (Peak 11.30M) | Time:00:00.00 | Mem:0.13M, Peak:0.13M | Scene, ViewLayer | Updating Lights
Fra:26 Mem:9.98M (Peak 11.30M) | Time:00:00.00 | Mem:0.13M, Peak:0.13M | Scene, ViewLayer | Updating Lights | Computing tree
Fra:26 Mem:9.99M (Peak 11.30M) | Time:00:00.00 | Mem:0.14M, Peak:0.14M | Scene, ViewLayer | Updating Integrator
Fra:26 Mem:9.99M (Peak 11.30M) | Time:00:00.00 | Mem:0.14M, Peak:0.14M | Scene, ViewLayer | Updating Film
Fra:26 Mem:9.99M (Peak 11.30M) | Time:00:00.00 | Mem:0.06M, Peak:0.14M | Scene, ViewLayer | Updating Lookup Tables
Fra:26 Mem:9.99M (Peak 11.30M) | Time:00:00.00 | Mem:0.14M, Peak:0.14M | Scene, ViewLayer | Updating Baking
Fra:26 Mem:9.99M (Peak 11.30M) | Time:00:00.00 | Mem:0.14M, Peak:0.14M | Scene, ViewLayer | Updating Device | Writing constant memory
Fra:26 Mem:10.00M (Peak 11.30M) | Time:00:00.00 | Mem:0.14M, Peak:0.14M | Scene, ViewLayer | Sample 0/8
Fra:26 Mem:10.60M (Peak 11.30M) | Time:00:00.00 | Remaining:00:00.00 | Mem:0.71M, Peak:0.71M | Scene, ViewLayer | Sample 1/8
Fra:26 Mem:10.85M (Peak 11.30M) | Time:00:00.01 | Mem:0.71M, Peak:0.71M | Scene, ViewLayer | Sample 8/8
Fra:26 Mem:10.85M (Peak 11.30M) | Time:00:00.01 | Mem:0.71M, Peak:0.71M | Scene, ViewLayer | Finished
Saved: '/home/terence/Documents/Codex/2026-09-06/realtime-voice-chat-3/outputs/butterfly-method-comparison/blender/raw/loop_endpoint_view045.png'
Time: 00:00.01 (Saving: 00:00.00)


Blender quit
