Blender 4.5.13 LTS (hash daeeeca98fb0 built 2026-08-25 01:31:19)
Read blend: "/home/terence/Documents/Codex/2026-09-06/realtime-voice-chat-3/outputs/butterfly-method-comparison/blender-v2/butterfly-prototype.blend"
Fra:1 Mem:9.73M (Peak 9.73M) | Time:00:00.00 | Mem:0.00M, Peak:0.00M | Scene, ViewLayer | Synchronizing object | Thorax
Fra:1 Mem:9.73M (Peak 9.73M) | Time:00:00.00 | Mem:0.00M, Peak:0.00M | Scene, ViewLayer | Synchronizing object | L continuous fore-hind wing
Fra:1 Mem:9.74M (Peak 9.74M) | Time:00:00.00 | Mem:0.00M, Peak:0.00M | Scene, ViewLayer | Synchronizing object | Abdomen tip
Fra:1 Mem:9.74M (Peak 9.74M) | Time:00:00.00 | Mem:0.00M, Peak:0.00M | Scene, ViewLayer | Synchronizing object | Antenna
Fra:1 Mem:9.76M (Peak 9.74M) | Time:00:00.00 | Mem:0.00M, Peak:0.00M | Scene, ViewLayer | Synchronizing object | Antenna.001
Fra:1 Mem:9.75M (Peak 9.75M) | Time:00:00.00 | Mem:0.00M, Peak:0.00M | Scene, ViewLayer | Initializing
Fra:1 Mem:9.04M (Peak 9.75M) | Time:00:00.00 | Mem:0.00M, Peak:0.00M | Scene, ViewLayer | Waiting for render to start
Fra:1 Mem:9.04M (Peak 9.75M) | Time:00:00.00 | Mem:0.00M, Peak:0.00M | Scene, ViewLayer | Updating Scene
Fra:1 Mem:9.04M (Peak 9.75M) | Time:00:00.00 | Mem:0.00M, Peak:0.00M | Scene, ViewLayer | Updating Shaders
Fra:1 Mem:9.04M (Peak 9.75M) | Time:00:00.00 | Mem:0.00M, Peak:0.00M | Scene, ViewLayer | Loading render kernels (may take a few minutes the first time)
Fra:1 Mem:9.12M (Peak 9.75M) | Time:00:00.00 | Mem:0.00M, Peak:0.00M | Scene, ViewLayer | Updating Procedurals
Fra:1 Mem:9.12M (Peak 9.75M) | Time:00:00.00 | Mem:0.00M, Peak:0.00M | Scene, ViewLayer | Updating Background
Fra:1 Mem:9.12M (Peak 9.75M) | Time:00:00.00 | Mem:0.00M, Peak:0.00M | Scene, ViewLayer | Updating Camera
Fra:1 Mem:9.12M (Peak 9.75M) | Time:00:00.00 | Mem:0.00M, Peak:0.00M | Scene, ViewLayer | Updating Meshes Flags
Fra:1 Mem:9.12M (Peak 9.75M) | Time:00:00.00 | Mem:0.00M, Peak:0.00M | Scene, ViewLayer | Updating Objects
Fra:1 Mem:9.12M (Peak 9.75M) | Time:00:00.00 | Mem:0.00M, Peak:0.00M | Scene, ViewLayer | Updating Objects | Copying Transformations to device
Fra:1 Mem:9.13M (Peak 9.75M) | Time:00:00.00 | Mem:0.01M, Peak:0.01M | Scene, ViewLayer | Updating Particle Systems
Fra:1 Mem:9.13M (Peak 9.75M) | Time:00:00.00 | Mem:0.01M, Peak:0.01M | Scene, ViewLayer | Updating Particle Systems | Copying Particles to device
Fra:1 Mem:9.13M (Peak 9.75M) | Time:00:00.00 | Mem:0.01M, Peak:0.01M | Scene, ViewLayer | Updating Meshes
Fra:1 Mem:9.13M (Peak 9.75M) | Time:00:00.00 | Mem:0.01M, Peak:0.01M | Scene, ViewLayer | Updating Objects | Applying Static Transformations
Fra:1 Mem:9.13M (Peak 9.75M) | Time:00:00.00 | Mem:0.01M, Peak:0.01M | Scene, ViewLayer | Updating Mesh | Computing attributes
Fra:1 Mem:9.13M (Peak 9.75M) | Time:00:00.00 | Mem:0.01M, Peak:0.01M | Scene, ViewLayer | Updating Mesh | Copying Attributes to device
Fra:1 Mem:9.13M (Peak 9.75M) | Time:00:00.00 | Mem:0.01M, Peak:0.01M | Scene, ViewLayer | Updating Scene BVH | Building
Fra:1 Mem:9.13M (Peak 9.75M) | Time:00:00.00 | Mem:0.01M, Peak:0.01M | Scene, ViewLayer | Updating Scene BVH | Building BVH
Fra:1 Mem:9.13M (Peak 9.75M) | Time:00:00.00 | Mem:0.01M, Peak:0.01M | Scene, ViewLayer | Updating Scene BVH | Building BVH 0%
Fra:1 Mem:9.13M (Peak 9.75M) | Time:00:00.00 | Mem:0.02M, Peak:0.03M | Scene, ViewLayer | Updating Scene BVH | Copying BVH to device
Fra:1 Mem:9.13M (Peak 9.75M) | Time:00:00.00 | Mem:0.02M, Peak:0.03M | Scene, ViewLayer | Updating Mesh | Computing normals
Fra:1 Mem:9.13M (Peak 9.75M) | Time:00:00.00 | Mem:0.02M, Peak:0.03M | Scene, ViewLayer | Updating Mesh | Copying Mesh to device
Fra:1 Mem:9.13M (Peak 9.75M) | Time:00:00.00 | Mem:0.03M, Peak:0.03M | Scene, ViewLayer | Updating Objects Flags
Fra:1 Mem:9.13M (Peak 9.75M) | Time:00:00.00 | Mem:0.03M, Peak:0.03M | Scene, ViewLayer | Updating Primitive Offsets
Fra:1 Mem:9.13M (Peak 9.75M) | Time:00:00.00 | Mem:0.03M, Peak:0.03M | Scene, ViewLayer | Updating Images
Fra:1 Mem:9.13M (Peak 9.75M) | Time:00:00.00 | Mem:0.03M, Peak:0.03M | Scene, ViewLayer | Updating Camera Volume
Fra:1 Mem:9.13M (Peak 9.75M) | Time:00:00.00 | Mem:0.03M, Peak:0.03M | Scene, ViewLayer | Updating Lookup Tables
Fra:1 Mem:9.13M (Peak 9.75M) | Time:00:00.00 | Mem:0.11M, Peak:0.11M | Scene, ViewLayer | Updating Lights
Fra:1 Mem:9.13M (Peak 9.75M) | Time:00:00.00 | Mem:0.11M, Peak:0.11M | Scene, ViewLayer | Updating Lights | Computing tree
Fra:1 Mem:9.14M (Peak 9.75M) | Time:00:00.00 | Mem:0.12M, Peak:0.12M | Scene, ViewLayer | Updating Integrator
Fra:1 Mem:9.14M (Peak 9.75M) | Time:00:00.00 | Mem:0.12M, Peak:0.12M | Scene, ViewLayer | Updating Film
Fra:1 Mem:9.15M (Peak 9.75M) | Time:00:00.00 | Mem:0.04M, Peak:0.12M | Scene, ViewLayer | Updating Lookup Tables
Fra:1 Mem:9.15M (Peak 9.75M) | Time:00:00.00 | Mem:0.13M, Peak:0.13M | Scene, ViewLayer | Updating Baking
Fra:1 Mem:9.15M (Peak 9.75M) | Time:00:00.00 | Mem:0.13M, Peak:0.13M | Scene, ViewLayer | Updating Device | Writing constant memory
Fra:1 Mem:9.15M (Peak 9.75M) | Time:00:00.00 | Mem:0.13M, Peak:0.13M | Scene, ViewLayer | Sample 0/8
Fra:1 Mem:9.75M (Peak 9.75M) | Time:00:00.00 | Remaining:00:00.02 | Mem:0.69M, Peak:0.69M | Scene, ViewLayer | Sample 1/8
Fra:1 Mem:10.00M (Peak 10.00M) | Time:00:00.03 | Mem:0.69M, Peak:0.69M | Scene, ViewLayer | Sample 8/8
Fra:1 Mem:10.00M (Peak 10.00M) | Time:00:00.03 | Mem:0.69M, Peak:0.69M | Scene, ViewLayer | Finished
Saved: '/home/terence/Documents/Codex/2026-09-06/realtime-voice-chat-3/outputs/butterfly-method-comparison/blender-v2/raw/view000_frame00.png'
Time: 00:00.04 (Saving: 00:00.01)

Fra:1 Mem:9.74M (Peak 9.74M) | Time:00:00.00 | Mem:0.00M, Peak:0.00M | Scene, ViewLayer | Synchronizing object | Thorax
Fra:1 Mem:9.74M (Peak 9.74M) | Time:00:00.00 | Mem:0.00M, Peak:0.00M | Scene, ViewLayer | Synchronizing object | L continuous fore-hind wing
Fra:1 Mem:9.74M (Peak 9.74M) | Time:00:00.00 | Mem:0.00M, Peak:0.00M | Scene, ViewLayer | Synchronizing object | Abdomen tip
Fra:1 Mem:9.74M (Peak 9.74M) | Time:00:00.00 | Mem:0.00M, Peak:0.00M | Scene, ViewLayer | Synchronizing object | Antenna
Fra:1 Mem:9.74M (Peak 9.74M) | Time:00:00.00 | Mem:0.00M, Peak:0.00M | Scene, ViewLayer | Synchronizing object | R continuous fore-hind wing
Fra:1 Mem:9.75M (Peak 9.75M) | Time:00:00.00 | Mem:0.00M, Peak:0.00M | Scene, ViewLayer | Initializing
Fra:1 Mem:9.04M (Peak 9.75M) | Time:00:00.00 | Mem:0.00M, Peak:0.00M | Scene, ViewLayer | Waiting for render to start
Fra:1 Mem:9.04M (Peak 9.75M) | Time:00:00.00 | Mem:0.00M, Peak:0.00M | Scene, ViewLayer | Updating Scene
Fra:1 Mem:9.04M (Peak 9.75M) | Time:00:00.00 | Mem:0.00M, Peak:0.00M | Scene, ViewLayer | Updating Shaders
Fra:1 Mem:9.04M (Peak 9.75M) | Time:00:00.00 | Mem:0.00M, Peak:0.00M | Scene, ViewLayer | Loading render kernels (may take a few minutes the first time)
Fra:1 Mem:9.12M (Peak 9.75M) | Time:00:00.00 | Mem:0.00M, Peak:0.00M | Scene, ViewLayer | Updating Procedurals
Fra:1 Mem:9.12M (Peak 9.75M) | Time:00:00.00 | Mem:0.00M, Peak:0.00M | Scene, ViewLayer | Updating Background
Fra:1 Mem:9.12M (Peak 9.75M) | Time:00:00.00 | Mem:0.00M, Peak:0.00M | Scene, ViewLayer | Updating Camera
Fra:1 Mem:9.12M (Peak 9.75M) | Time:00:00.00 | Mem:0.00M, Peak:0.00M | Scene, ViewLayer | Updating Meshes Flags
Fra:1 Mem:9.12M (Peak 9.75M) | Time:00:00.00 | Mem:0.00M, Peak:0.00M | Scene, ViewLayer | Updating Objects
Fra:1 Mem:9.12M (Peak 9.75M) | Time:00:00.00 | Mem:0.00M, Peak:0.00M | Scene, ViewLayer | Updating Objects | Copying Transformations to device
Fra:1 Mem:9.13M (Peak 9.75M) | Time:00:00.00 | Mem:0.01M, Peak:0.01M | Scene, ViewLayer | Updating Particle Systems
Fra:1 Mem:9.13M (Peak 9.75M) | Time:00:00.00 | Mem:0.01M, Peak:0.01M | Scene, ViewLayer | Updating Particle Systems | Copying Particles to device
Fra:1 Mem:9.13M (Peak 9.75M) | Time:00:00.00 | Mem:0.01M, Peak:0.01M | Scene, ViewLayer | Updating Meshes
Fra:1 Mem:9.13M (Peak 9.75M) | Time:00:00.00 | Mem:0.01M, Peak:0.01M | Scene, ViewLayer | Updating Objects | Applying Static Transformations
Fra:1 Mem:9.13M (Peak 9.75M) | Time:00:00.00 | Mem:0.01M, Peak:0.01M | Scene, ViewLayer | Updating Mesh | Computing attributes
Fra:1 Mem:9.13M (Peak 9.75M) | Time:00:00.00 | Mem:0.01M, Peak:0.01M | Scene, ViewLayer | Updating Mesh | Copying Attributes to device
Fra:1 Mem:9.13M (Peak 9.75M) | Time:00:00.00 | Mem:0.01M, Peak:0.01M | Scene, ViewLayer | Updating Scene BVH | Building
Fra:1 Mem:9.13M (Peak 9.75M) | Time:00:00.00 | Mem:0.01M, Peak:0.01M | Scene, ViewLayer | Updating Scene BVH | Building BVH
Fra:1 Mem:9.13M (Peak 9.75M) | Time:00:00.00 | Mem:0.02M, Peak:0.03M | Scene, ViewLayer | Updating Scene BVH | Copying BVH to device
Fra:1 Mem:9.13M (Peak 9.75M) | Time:00:00.00 | Mem:0.02M, Peak:0.03M | Scene, ViewLayer | Updating Mesh | Computing normals
Fra:1 Mem:9.13M (Peak 9.75M) | Time:00:00.00 | Mem:0.02M, Peak:0.03M | Scene, ViewLayer | Updating Mesh | Copying Mesh to device
Fra:1 Mem:9.13M (Peak 9.75M) | Time:00:00.00 | Mem:0.03M, Peak:0.03M | Scene, ViewLayer | Updating Objects Flags
Fra:1 Mem:9.13M (Peak 9.75M) | Time:00:00.00 | Mem:0.03M, Peak:0.03M | Scene, ViewLayer | Updating Primitive Offsets
Fra:1 Mem:9.14M (Peak 9.75M) | Time:00:00.00 | Mem:0.03M, Peak:0.03M | Scene, ViewLayer | Updating Images
Fra:1 Mem:9.14M (Peak 9.75M) | Time:00:00.00 | Mem:0.03M, Peak:0.03M | Scene, ViewLayer | Updating Camera Volume
Fra:1 Mem:9.14M (Peak 9.75M) | Time:00:00.00 | Mem:0.03M, Peak:0.03M | Scene, ViewLayer | Updating Lookup Tables
Fra:1 Mem:9.14M (Peak 9.75M) | Time:00:00.00 | Mem:0.11M, Peak:0.11M | Scene, ViewLayer | Updating Lights
Fra:1 Mem:9.14M (Peak 9.75M) | Time:00:00.00 | Mem:0.11M, Peak:0.11M | Scene, ViewLayer | Updating Lights | Computing tree
Fra:1 Mem:9.14M (Peak 9.75M) | Time:00:00.00 | Mem:0.12M, Peak:0.12M | Scene, ViewLayer | Updating Integrator
Fra:1 Mem:9.14M (Peak 9.75M) | Time:00:00.00 | Mem:0.12M, Peak:0.12M | Scene, ViewLayer | Updating Film
Fra:1 Mem:9.15M (Peak 9.75M) | Time:00:00.00 | Mem:0.04M, Peak:0.12M | Scene, ViewLayer | Updating Lookup Tables
Fra:1 Mem:9.15M (Peak 9.75M) | Time:00:00.00 | Mem:0.13M, Peak:0.13M | Scene, ViewLayer | Updating Baking
Fra:1 Mem:9.15M (Peak 9.75M) | Time:00:00.00 | Mem:0.13M, Peak:0.13M | Scene, ViewLayer | Updating Device | Writing constant memory
Fra:1 Mem:9.15M (Peak 9.75M) | Time:00:00.00 | Mem:0.13M, Peak:0.13M | Scene, ViewLayer | Sample 0/1
Fra:1 Mem:9.20M (Peak 9.75M) | Time:00:00.00 | Mem:0.13M, Peak:0.13M | Scene, ViewLayer | Sample 1/1
Fra:1 Mem:9.20M (Peak 9.75M) | Time:00:00.00 | Mem:0.13M, Peak:0.13M | Scene, ViewLayer | Finished
Saved: '/home/terence/Documents/Codex/2026-09-06/realtime-voice-chat-3/outputs/butterfly-method-comparison/blender-v2/raw/native16/view000_frame00.png'
Time: 00:00.00 (Saving: 00:00.00)

Fra:1 Mem:9.74M (Peak 9.74M) | Time:00:00.00 | Mem:0.00M, Peak:0.00M | Scene, ViewLayer | Synchronizing object | Thorax
Fra:1 Mem:9.74M (Peak 9.74M) | Time:00:00.00 | Mem:0.00M, Peak:0.00M | Scene, ViewLayer | Synchronizing object | Head
Fra:1 Mem:9.74M (Peak 9.74M) | Time:00:00.00 | Mem:0.00M, Peak:0.00M | Scene, ViewLayer | Synchronizing object | L continuous fore-hind wing
Fra:1 Mem:9.74M (Peak 9.74M) | Time:00:00.00 | Mem:0.00M, Peak:0.00M | Scene, ViewLayer | Synchronizing object | Antenna
Fra:1 Mem:9.74M (Peak 9.74M) | Time:00:00.00 | Mem:0.00M, Peak:0.00M | Scene, ViewLayer | Synchronizing object | Antenna.001
Fra:1 Mem:9.74M (Peak 9.74M) | Time:00:00.00 | Mem:0.00M, Peak:0.00M | Scene, ViewLayer | Synchronizing object | R continuous fore-hind wing
Fra:1 Mem:9.75M (Peak 9.75M) | Time:00:00.00 | Mem:0.00M, Peak:0.00M | Scene, ViewLayer | Initializing
Fra:1 Mem:9.04M (Peak 9.75M) | Time:00:00.00 | Mem:0.00M, Peak:0.00M | Scene, ViewLayer | Waiting for render to start
Fra:1 Mem:9.04M (Peak 9.75M) | Time:00:00.00 | Mem:0.00M, Peak:0.00M | Scene, ViewLayer | Updating Scene
Fra:1 Mem:9.04M (Peak 9.75M) | Time:00:00.00 | Mem:0.00M, Peak:0.00M | Scene, ViewLayer | Updating Shaders
Fra:1 Mem:9.04M (Peak 9.75M) | Time:00:00.00 | Mem:0.00M, Peak:0.00M | Scene, ViewLayer | Loading render kernels (may take a few minutes the first time)
Fra:1 Mem:9.12M (Peak 9.75M) | Time:00:00.00 | Mem:0.00M, Peak:0.00M | Scene, ViewLayer | Updating Procedurals
Fra:1 Mem:9.12M (Peak 9.75M) | Time:00:00.00 | Mem:0.00M, Peak:0.00M | Scene, ViewLayer | Updating Background
Fra:1 Mem:9.12M (Peak 9.75M) | Time:00:00.00 | Mem:0.00M, Peak:0.00M | Scene, ViewLayer | Updating Camera
Fra:1 Mem:9.12M (Peak 9.75M) | Time:00:00.00 | Mem:0.00M, Peak:0.00M | Scene, ViewLayer | Updating Meshes Flags
Fra:1 Mem:9.12M (Peak 9.75M) | Time:00:00.00 | Mem:0.00M, Peak:0.00M | Scene, ViewLayer | Updating Objects
Fra:1 Mem:9.12M (Peak 9.75M) | Time:00:00.00 | Mem:0.00M, Peak:0.00M | Scene, ViewLayer | Updating Objects | Copying Transformations to device
Fra:1 Mem:9.13M (Peak 9.75M) | Time:00:00.00 | Mem:0.01M, Peak:0.01M | Scene, ViewLayer | Updating Particle Systems
Fra:1 Mem:9.13M (Peak 9.75M) | Time:00:00.00 | Mem:0.01M, Peak:0.01M | Scene, ViewLayer | Updating Particle Systems | Copying Particles to device
Fra:1 Mem:9.13M (Peak 9.75M) | Time:00:00.00 | Mem:0.01M, Peak:0.01M | Scene, ViewLayer | Updating Meshes
Fra:1 Mem:9.13M (Peak 9.75M) | Time:00:00.00 | Mem:0.01M, Peak:0.01M | Scene, ViewLayer | Updating Objects | Applying Static Transformations
Fra:1 Mem:9.13M (Peak 9.75M) | Time:00:00.00 | Mem:0.01M, Peak:0.01M | Scene, ViewLayer | Updating Mesh | Computing attributes
Fra:1 Mem:9.13M (Peak 9.75M) | Time:00:00.00 | Mem:0.01M, Peak:0.01M | Scene, ViewLayer | Updating Mesh | Copying Attributes to device
Fra:1 Mem:9.13M (Peak 9.75M) | Time:00:00.00 | Mem:0.01M, Peak:0.01M | Scene, ViewLayer | Updating Scene BVH | Building
Fra:1 Mem:9.13M (Peak 9.75M) | Time:00:00.00 | Mem:0.01M, Peak:0.01M | Scene, ViewLayer | Updating Scene BVH | Building BVH
Fra:1 Mem:9.13M (Peak 9.75M) | Time:00:00.00 | Mem:0.02M, Peak:0.03M | Scene, ViewLayer | Updating Scene BVH | Copying BVH to device
Fra:1 Mem:9.13M (Peak 9.75M) | Time:00:00.00 | Mem:0.02M, Peak:0.03M | Scene, ViewLayer | Updating Mesh | Computing normals
Fra:1 Mem:9.13M (Peak 9.75M) | Time:00:00.00 | Mem:0.02M, Peak:0.03M | Scene, ViewLayer | Updating Mesh | Copying Mesh to device
Fra:1 Mem:9.13M (Peak 9.75M) | Time:00:00.00 | Mem:0.03M, Peak:0.03M | Scene, ViewLayer | Updating Objects Flags
Fra:1 Mem:9.13M (Peak 9.75M) | Time:00:00.00 | Mem:0.03M, Peak:0.03M | Scene, ViewLayer | Updating Primitive Offsets
Fra:1 Mem:9.14M (Peak 9.75M) | Time:00:00.00 | Mem:0.03M, Peak:0.03M | Scene, ViewLayer | Updating Images
Fra:1 Mem:9.14M (Peak 9.75M) | Time:00:00.00 | Mem:0.03M, Peak:0.03M | Scene, ViewLayer | Updating Camera Volume
Fra:1 Mem:9.14M (Peak 9.75M) | Time:00:00.00 | Mem:0.03M, Peak:0.03M | Scene, ViewLayer | Updating Lookup Tables
Fra:1 Mem:9.14M (Peak 9.75M) | Time:00:00.00 | Mem:0.11M, Peak:0.11M | Scene, ViewLayer | Updating Lights
Fra:1 Mem:9.14M (Peak 9.75M) | Time:00:00.00 | Mem:0.11M, Peak:0.11M | Scene, ViewLayer | Updating Lights | Computing tree
Fra:1 Mem:9.14M (Peak 9.75M) | Time:00:00.00 | Mem:0.12M, Peak:0.12M | Scene, ViewLayer | Updating Integrator
Fra:1 Mem:9.14M (Peak 9.75M) | Time:00:00.00 | Mem:0.12M, Peak:0.12M | Scene, ViewLayer | Updating Film
Fra:1 Mem:9.15M (Peak 9.75M) | Time:00:00.00 | Mem:0.04M, Peak:0.12M | Scene, ViewLayer | Updating Lookup Tables
Fra:1 Mem:9.15M (Peak 9.75M) | Time:00:00.00 | Mem:0.13M, Peak:0.13M | Scene, ViewLayer | Updating Baking
Fra:1 Mem:9.15M (Peak 9.75M) | Time:00:00.00 | Mem:0.13M, Peak:0.13M | Scene, ViewLayer | Updating Device | Writing constant memory
Fra:1 Mem:9.15M (Peak 9.75M) | Time:00:00.00 | Mem:0.13M, Peak:0.13M | Scene, ViewLayer | Sample 0/1
Fra:1 Mem:9.24M (Peak 9.75M) | Time:00:00.00 | Mem:0.16M, Peak:0.16M | Scene, ViewLayer | Sample 1/1
Fra:1 Mem:9.24M (Peak 9.75M) | Time:00:00.00 | Mem:0.16M, Peak:0.16M | Scene, ViewLayer | Finished
Saved: '/home/terence/Documents/Codex/2026-09-06/realtime-voice-chat-3/outputs/butterfly-method-comparison/blender-v2/raw/native32/view000_frame00.png'
Time: 00:00.00 (Saving: 00:00.00)

Fra:1 Mem:9.67M (Peak 9.67M) | Time:00:00.00 | Mem:0.00M, Peak:0.00M | Scene, ViewLayer | Synchronizing object | Thorax
Fra:1 Mem:9.67M (Peak 9.67M) | Time:00:00.00 | Mem:0.00M, Peak:0.00M | Scene, ViewLayer | Synchronizing object | Antenna.001
Fra:1 Mem:9.67M (Peak 9.67M) | Time:00:00.00 | Mem:0.00M, Peak:0.00M | Scene, ViewLayer | Synchronizing object | Abdomen
Fra:1 Mem:9.67M (Peak 9.67M) | Time:00:00.00 | Mem:0.00M, Peak:0.00M | Scene, ViewLayer | Synchronizing object | Antenna
Fra:1 Mem:9.68M (Peak 9.68M) | Time:00:00.00 | Mem:0.00M, Peak:0.00M | Scene, ViewLayer | Initializing
Fra:1 Mem:9.03M (Peak 9.68M) | Time:00:00.00 | Mem:0.00M, Peak:0.00M | Scene, ViewLayer | Waiting for render to start
Fra:1 Mem:9.03M (Peak 9.68M) | Time:00:00.00 | Mem:0.00M, Peak:0.00M | Scene, ViewLayer | Updating Scene
Fra:1 Mem:9.03M (Peak 9.68M) | Time:00:00.00 | Mem:0.00M, Peak:0.00M | Scene, ViewLayer | Updating Shaders
Fra:1 Mem:9.03M (Peak 9.68M) | Time:00:00.00 | Mem:0.00M, Peak:0.00M | Scene, ViewLayer | Loading render kernels (may take a few minutes the first time)
Fra:1 Mem:9.12M (Peak 9.68M) | Time:00:00.00 | Mem:0.00M, Peak:0.00M | Scene, ViewLayer | Updating Procedurals
Fra:1 Mem:9.12M (Peak 9.68M) | Time:00:00.00 | Mem:0.00M, Peak:0.00M | Scene, ViewLayer | Updating Background
Fra:1 Mem:9.12M (Peak 9.68M) | Time:00:00.00 | Mem:0.00M, Peak:0.00M | Scene, ViewLayer | Updating Camera
Fra:1 Mem:9.12M (Peak 9.68M) | Time:00:00.00 | Mem:0.00M, Peak:0.00M | Scene, ViewLayer | Updating Meshes Flags
Fra:1 Mem:9.12M (Peak 9.68M) | Time:00:00.00 | Mem:0.00M, Peak:0.00M | Scene, ViewLayer | Updating Objects
Fra:1 Mem:9.12M (Peak 9.68M) | Time:00:00.00 | Mem:0.00M, Peak:0.00M | Scene, ViewLayer | Updating Objects | Copying Transformations to device
Fra:1 Mem:9.12M (Peak 9.68M) | Time:00:00.00 | Mem:0.00M, Peak:0.00M | Scene, ViewLayer | Updating Particle Systems
Fra:1 Mem:9.12M (Peak 9.68M) | Time:00:00.00 | Mem:0.00M, Peak:0.00M | Scene, ViewLayer | Updating Particle Systems | Copying Particles to device
Fra:1 Mem:9.12M (Peak 9.68M) | Time:00:00.00 | Mem:0.00M, Peak:0.00M | Scene, ViewLayer | Updating Meshes
Fra:1 Mem:9.12M (Peak 9.68M) | Time:00:00.00 | Mem:0.00M, Peak:0.00M | Scene, ViewLayer | Updating Objects | Applying Static Transformations
Fra:1 Mem:9.12M (Peak 9.68M) | Time:00:00.00 | Mem:0.00M, Peak:0.00M | Scene, ViewLayer | Updating Mesh | Computing attributes
Fra:1 Mem:9.12M (Peak 9.68M) | Time:00:00.00 | Mem:0.01M, Peak:0.01M | Scene, ViewLayer | Updating Mesh | Copying Attributes to device
Fra:1 Mem:9.12M (Peak 9.68M) | Time:00:00.00 | Mem:0.01M, Peak:0.01M | Scene, ViewLayer | Updating Scene BVH | Building
Fra:1 Mem:9.12M (Peak 9.68M) | Time:00:00.00 | Mem:0.01M, Peak:0.01M | Scene, ViewLayer | Updating Scene BVH | Building BVH
Fra:1 Mem:9.12M (Peak 9.68M) | Time:00:00.00 | Mem:0.01M, Peak:0.01M | Scene, ViewLayer | Updating Scene BVH | Copying BVH to device
Fra:1 Mem:9.12M (Peak 9.68M) | Time:00:00.00 | Mem:0.01M, Peak:0.01M | Scene, ViewLayer | Updating Mesh | Computing normals
Fra:1 Mem:9.12M (Peak 9.68M) | Time:00:00.00 | Mem:0.01M, Peak:0.01M | Scene, ViewLayer | Updating Mesh | Copying Mesh to device
Fra:1 Mem:9.12M (Peak 9.68M) | Time:00:00.00 | Mem:0.01M, Peak:0.01M | Scene, ViewLayer | Updating Objects Flags
Fra:1 Mem:9.12M (Peak 9.68M) | Time:00:00.00 | Mem:0.01M, Peak:0.01M | Scene, ViewLayer | Updating Primitive Offsets
Fra:1 Mem:9.12M (Peak 9.68M) | Time:00:00.00 | Mem:0.01M, Peak:0.01M | Scene, ViewLayer | Updating Images
Fra:1 Mem:9.12M (Peak 9.68M) | Time:00:00.00 | Mem:0.01M, Peak:0.01M | Scene, ViewLayer | Updating Camera Volume
Fra:1 Mem:9.12M (Peak 9.68M) | Time:00:00.00 | Mem:0.01M, Peak:0.01M | Scene, ViewLayer | Updating Lookup Tables
Fra:1 Mem:9.12M (Peak 9.68M) | Time:00:00.00 | Mem:0.09M, Peak:0.09M | Scene, ViewLayer | Updating Lights
Fra:1 Mem:9.12M (Peak 9.68M) | Time:00:00.00 | Mem:0.09M, Peak:0.09M | Scene, ViewLayer | Updating Lights | Computing tree
Fra:1 Mem:9.12M (Peak 9.68M) | Time:00:00.00 | Mem:0.09M, Peak:0.09M | Scene, ViewLayer | Updating Integrator
Fra:1 Mem:9.12M (Peak 9.68M) | Time:00:00.00 | Mem:0.09M, Peak:0.09M | Scene, ViewLayer | Updating Film
Fra:1 Mem:9.13M (Peak 9.68M) | Time:00:00.00 | Mem:0.01M, Peak:0.09M | Scene, ViewLayer | Updating Lookup Tables
Fra:1 Mem:9.13M (Peak 9.68M) | Time:00:00.00 | Mem:0.10M, Peak:0.10M | Scene, ViewLayer | Updating Baking
Fra:1 Mem:9.13M (Peak 9.68M) | Time:00:00.00 | Mem:0.10M, Peak:0.10M | Scene, ViewLayer | Updating Device | Writing constant memory
Fra:1 Mem:9.13M (Peak 9.68M) | Time:00:00.00 | Mem:0.10M, Peak:0.10M | Scene, ViewLayer | Sample 0/1
Fra:1 Mem:9.18M (Peak 9.68M) | Time:00:00.00 | Mem:0.11M, Peak:0.11M | Scene, ViewLayer | Sample 1/1
Fra:1 Mem:9.18M (Peak 9.68M) | Time:00:00.00 | Mem:0.11M, Peak:0.11M | Scene, ViewLayer | Finished
Saved: '/home/terence/Documents/Codex/2026-09-06/realtime-voice-chat-3/outputs/butterfly-method-comparison/blender-v2/raw/body-only/view000_frame00.png'
Time: 00:00.00 (Saving: 00:00.00)

Fra:1 Mem:9.71M (Peak 9.71M) | Time:00:00.00 | Mem:0.00M, Peak:0.00M | Scene, ViewLayer | Synchronizing object | Thorax
Fra:1 Mem:9.71M (Peak 9.71M) | Time:00:00.00 | Mem:0.00M, Peak:0.00M | Scene, ViewLayer | Synchronizing object | Head
Fra:1 Mem:9.71M (Peak 9.71M) | Time:00:00.00 | Mem:0.00M, Peak:0.00M | Scene, ViewLayer | Synchronizing object | L continuous fore-hind wing
Fra:1 Mem:9.71M (Peak 9.71M) | Time:00:00.00 | Mem:0.00M, Peak:0.00M | Scene, ViewLayer | Synchronizing object | Abdomen tip
Fra:1 Mem:9.71M (Peak 9.71M) | Time:00:00.00 | Mem:0.00M, Peak:0.00M | Scene, ViewLayer | Synchronizing object | Antenna
Fra:1 Mem:9.71M (Peak 9.71M) | Time:00:00.00 | Mem:0.00M, Peak:0.00M | Scene, ViewLayer | Synchronizing object | Antenna.001
Fra:1 Mem:9.71M (Peak 9.71M) | Time:00:00.00 | Mem:0.00M, Peak:0.00M | Scene, ViewLayer | Synchronizing object | R continuous fore-hind wing
Fra:1 Mem:9.72M (Peak 9.72M) | Time:00:00.00 | Mem:0.00M, Peak:0.00M | Scene, ViewLayer | Initializing
Fra:1 Mem:9.03M (Peak 9.72M) | Time:00:00.00 | Mem:0.00M, Peak:0.00M | Scene, ViewLayer | Waiting for render to start
Fra:1 Mem:9.03M (Peak 9.72M) | Time:00:00.00 | Mem:0.00M, Peak:0.00M | Scene, ViewLayer | Updating Scene
Fra:1 Mem:9.03M (Peak 9.72M) | Time:00:00.00 | Mem:0.00M, Peak:0.00M | Scene, ViewLayer | Updating Shaders
Fra:1 Mem:9.03M (Peak 9.72M) | Time:00:00.00 | Mem:0.00M, Peak:0.00M | Scene, ViewLayer | Loading render kernels (may take a few minutes the first time)
Fra:1 Mem:9.11M (Peak 9.72M) | Time:00:00.00 | Mem:0.00M, Peak:0.00M | Scene, ViewLayer | Updating Procedurals
Fra:1 Mem:9.11M (Peak 9.72M) | Time:00:00.00 | Mem:0.00M, Peak:0.00M | Scene, ViewLayer | Updating Background
Fra:1 Mem:9.11M (Peak 9.72M) | Time:00:00.00 | Mem:0.00M, Peak:0.00M | Scene, ViewLayer | Updating Camera
Fra:1 Mem:9.11M (Peak 9.72M) | Time:00:00.00 | Mem:0.00M, Peak:0.00M | Scene, ViewLayer | Updating Meshes Flags
Fra:1 Mem:9.11M (Peak 9.72M) | Time:00:00.00 | Mem:0.00M, Peak:0.00M | Scene, ViewLayer | Updating Objects
Fra:1 Mem:9.11M (Peak 9.72M) | Time:00:00.00 | Mem:0.00M, Peak:0.00M | Scene, ViewLayer | Updating Objects | Copying Transformations to device
Fra:1 Mem:9.11M (Peak 9.72M) | Time:00:00.00 | Mem:0.01M, Peak:0.01M | Scene, ViewLayer | Updating Particle Systems
Fra:1 Mem:9.11M (Peak 9.72M) | Time:00:00.00 | Mem:0.01M, Peak:0.01M | Scene, ViewLayer | Updating Particle Systems | Copying Particles to device
Fra:1 Mem:9.11M (Peak 9.72M) | Time:00:00.00 | Mem:0.01M, Peak:0.01M | Scene, ViewLayer | Updating Meshes
Fra:1 Mem:9.11M (Peak 9.72M) | Time:00:00.00 | Mem:0.01M, Peak:0.01M | Scene, ViewLayer | Updating Objects | Applying Static Transformations
Fra:1 Mem:9.11M (Peak 9.72M) | Time:00:00.00 | Mem:0.01M, Peak:0.01M | Scene, ViewLayer | Updating Mesh | Computing attributes
Fra:1 Mem:9.12M (Peak 9.72M) | Time:00:00.00 | Mem:0.01M, Peak:0.01M | Scene, ViewLayer | Updating Mesh | Copying Attributes to device
Fra:1 Mem:9.12M (Peak 9.72M) | Time:00:00.00 | Mem:0.01M, Peak:0.01M | Scene, ViewLayer | Updating Scene BVH | Building
Fra:1 Mem:9.12M (Peak 9.72M) | Time:00:00.00 | Mem:0.01M, Peak:0.01M | Scene, ViewLayer | Updating Scene BVH | Building BVH
Fra:1 Mem:9.12M (Peak 9.72M) | Time:00:00.00 | Mem:0.02M, Peak:0.03M | Scene, ViewLayer | Updating Scene BVH | Copying BVH to device
Fra:1 Mem:9.12M (Peak 9.72M) | Time:00:00.00 | Mem:0.02M, Peak:0.03M | Scene, ViewLayer | Updating Mesh | Computing normals
Fra:1 Mem:9.12M (Peak 9.72M) | Time:00:00.00 | Mem:0.02M, Peak:0.03M | Scene, ViewLayer | Updating Mesh | Copying Mesh to device
Fra:1 Mem:9.12M (Peak 9.72M) | Time:00:00.00 | Mem:0.03M, Peak:0.03M | Scene, ViewLayer | Updating Objects Flags
Fra:1 Mem:9.12M (Peak 9.72M) | Time:00:00.00 | Mem:0.03M, Peak:0.03M | Scene, ViewLayer | Updating Primitive Offsets
Fra:1 Mem:9.12M (Peak 9.72M) | Time:00:00.00 | Mem:0.03M, Peak:0.03M | Scene, ViewLayer | Updating Images
Fra:1 Mem:9.12M (Peak 9.72M) | Time:00:00.00 | Mem:0.03M, Peak:0.03M | Scene, ViewLayer | Updating Camera Volume
Fra:1 Mem:9.12M (Peak 9.72M) | Time:00:00.00 | Mem:0.03M, Peak:0.03M | Scene, ViewLayer | Updating Lookup Tables
Fra:1 Mem:9.12M (Peak 9.72M) | Time:00:00.00 | Mem:0.11M, Peak:0.11M | Scene, ViewLayer | Updating Lights
Fra:1 Mem:9.12M (Peak 9.72M) | Time:00:00.00 | Mem:0.11M, Peak:0.11M | Scene, ViewLayer | Updating Lights | Computing tree
Fra:1 Mem:9.13M (Peak 9.72M) | Time:00:00.00 | Mem:0.12M, Peak:0.12M | Scene, ViewLayer | Updating Integrator
Fra:1 Mem:9.13M (Peak 9.72M) | Time:00:00.00 | Mem:0.12M, Peak:0.12M | Scene, ViewLayer | Updating Film
Fra:1 Mem:9.13M (Peak 9.72M) | Time:00:00.00 | Mem:0.04M, Peak:0.12M | Scene, ViewLayer | Updating Lookup Tables
Fra:1 Mem:9.13M (Peak 9.72M) | Time:00:00.00 | Mem:0.13M, Peak:0.13M | Scene, ViewLayer | Updating Baking
Fra:1 Mem:9.13M (Peak 9.72M) | Time:00:00.00 | Mem:0.13M, Peak:0.13M | Scene, ViewLayer | Updating Device | Writing constant memory
Fra:1 Mem:9.14M (Peak 9.72M) | Time:00:00.00 | Mem:0.13M, Peak:0.13M | Scene, ViewLayer | Sample 0/1
Fra:1 Mem:9.19M (Peak 9.72M) | Time:00:00.00 | Mem:0.13M, Peak:0.13M | Scene, ViewLayer | Sample 1/1
Fra:1 Mem:9.19M (Peak 9.72M) | Time:00:00.00 | Mem:0.13M, Peak:0.13M | Scene, ViewLayer | Finished
Saved: '/home/terence/Documents/Codex/2026-09-06/realtime-voice-chat-3/outputs/butterfly-method-comparison/blender-v2/raw/no-abdomen-lag/view000_frame00.png'
Time: 00:00.00 (Saving: 00:00.00)

Fra:1 Mem:9.69M (Peak 9.69M) | Time:00:00.00 | Mem:0.00M, Peak:0.00M | Scene, ViewLayer | Synchronizing object | Thorax
Fra:1 Mem:9.69M (Peak 9.69M) | Time:00:00.00 | Mem:0.00M, Peak:0.00M | Scene, ViewLayer | Synchronizing object | L continuous fore-hind wing
Fra:1 Mem:9.70M (Peak 9.70M) | Time:00:00.00 | Mem:0.00M, Peak:0.00M | Scene, ViewLayer | Synchronizing object | R continuous fore-hind wing
Fra:1 Mem:9.70M (Peak 9.70M) | Time:00:00.00 | Mem:0.00M, Peak:0.00M | Scene, ViewLayer | Synchronizing object | Antenna
Fra:1 Mem:9.70M (Peak 9.70M) | Time:00:00.00 | Mem:0.00M, Peak:0.00M | Scene, ViewLayer | Synchronizing object | Antenna.001
Fra:1 Mem:9.70M (Peak 9.70M) | Time:00:00.00 | Mem:0.00M, Peak:0.00M | Scene, ViewLayer | Initializing
Fra:1 Mem:9.02M (Peak 9.70M) | Time:00:00.00 | Mem:0.00M, Peak:0.00M | Scene, ViewLayer | Waiting for render to start
Fra:1 Mem:9.02M (Peak 9.70M) | Time:00:00.00 | Mem:0.00M, Peak:0.00M | Scene, ViewLayer | Updating Scene
Fra:1 Mem:9.02M (Peak 9.70M) | Time:00:00.00 | Mem:0.00M, Peak:0.00M | Scene, ViewLayer | Updating Shaders
Fra:1 Mem:9.02M (Peak 9.70M) | Time:00:00.00 | Mem:0.00M, Peak:0.00M | Scene, ViewLayer | Loading render kernels (may take a few minutes the first time)
Fra:1 Mem:9.10M (Peak 9.70M) | Time:00:00.00 | Mem:0.00M, Peak:0.00M | Scene, ViewLayer | Updating Procedurals
Fra:1 Mem:9.10M (Peak 9.70M) | Time:00:00.00 | Mem:0.00M, Peak:0.00M | Scene, ViewLayer | Updating Background
Fra:1 Mem:9.10M (Peak 9.70M) | Time:00:00.00 | Mem:0.00M, Peak:0.00M | Scene, ViewLayer | Updating Camera
Fra:1 Mem:9.10M (Peak 9.70M) | Time:00:00.00 | Mem:0.00M, Peak:0.00M | Scene, ViewLayer | Updating Meshes Flags
Fra:1 Mem:9.10M (Peak 9.70M) | Time:00:00.00 | Mem:0.00M, Peak:0.00M | Scene, ViewLayer | Updating Objects
Fra:1 Mem:9.10M (Peak 9.70M) | Time:00:00.00 | Mem:0.00M, Peak:0.00M | Scene, ViewLayer | Updating Objects | Copying Transformations to device
Fra:1 Mem:9.10M (Peak 9.70M) | Time:00:00.00 | Mem:0.01M, Peak:0.01M | Scene, ViewLayer | Updating Particle Systems
Fra:1 Mem:9.10M (Peak 9.70M) | Time:00:00.00 | Mem:0.01M, Peak:0.01M | Scene, ViewLayer | Updating Particle Systems | Copying Particles to device
Fra:1 Mem:9.10M (Peak 9.70M) | Time:00:00.00 | Mem:0.01M, Peak:0.01M | Scene, ViewLayer | Updating Meshes
Fra:1 Mem:9.10M (Peak 9.70M) | Time:00:00.00 | Mem:0.01M, Peak:0.01M | Scene, ViewLayer | Updating Objects | Applying Static Transformations
Fra:1 Mem:9.10M (Peak 9.70M) | Time:00:00.00 | Mem:0.01M, Peak:0.01M | Scene, ViewLayer | Updating Mesh | Computing attributes
Fra:1 Mem:9.11M (Peak 9.70M) | Time:00:00.00 | Mem:0.01M, Peak:0.01M | Scene, ViewLayer | Updating Mesh | Copying Attributes to device
Fra:1 Mem:9.11M (Peak 9.70M) | Time:00:00.00 | Mem:0.01M, Peak:0.01M | Scene, ViewLayer | Updating Scene BVH | Building
Fra:1 Mem:9.11M (Peak 9.70M) | Time:00:00.00 | Mem:0.01M, Peak:0.01M | Scene, ViewLayer | Updating Scene BVH | Building BVH
Fra:1 Mem:9.11M (Peak 9.70M) | Time:00:00.00 | Mem:0.02M, Peak:0.03M | Scene, ViewLayer | Updating Scene BVH | Copying BVH to device
Fra:1 Mem:9.11M (Peak 9.70M) | Time:00:00.00 | Mem:0.02M, Peak:0.03M | Scene, ViewLayer | Updating Mesh | Computing normals
Fra:1 Mem:9.11M (Peak 9.70M) | Time:00:00.00 | Mem:0.02M, Peak:0.03M | Scene, ViewLayer | Updating Mesh | Copying Mesh to device
Fra:1 Mem:9.11M (Peak 9.70M) | Time:00:00.00 | Mem:0.03M, Peak:0.03M | Scene, ViewLayer | Updating Objects Flags
Fra:1 Mem:9.11M (Peak 9.70M) | Time:00:00.00 | Mem:0.03M, Peak:0.03M | Scene, ViewLayer | Updating Primitive Offsets
Fra:1 Mem:9.11M (Peak 9.70M) | Time:00:00.00 | Mem:0.03M, Peak:0.03M | Scene, ViewLayer | Updating Images
Fra:1 Mem:9.11M (Peak 9.70M) | Time:00:00.00 | Mem:0.03M, Peak:0.03M | Scene, ViewLayer | Updating Camera Volume
Fra:1 Mem:9.11M (Peak 9.70M) | Time:00:00.00 | Mem:0.03M, Peak:0.03M | Scene, ViewLayer | Updating Lookup Tables
Fra:1 Mem:9.11M (Peak 9.70M) | Time:00:00.00 | Mem:0.11M, Peak:0.11M | Scene, ViewLayer | Updating Lights
Fra:1 Mem:9.11M (Peak 9.70M) | Time:00:00.00 | Mem:0.11M, Peak:0.11M | Scene, ViewLayer | Updating Lights | Computing tree
Fra:1 Mem:9.12M (Peak 9.70M) | Time:00:00.00 | Mem:0.12M, Peak:0.12M | Scene, ViewLayer | Updating Integrator
Fra:1 Mem:9.12M (Peak 9.70M) | Time:00:00.00 | Mem:0.12M, Peak:0.12M | Scene, ViewLayer | Updating Film
Fra:1 Mem:9.13M (Peak 9.70M) | Time:00:00.00 | Mem:0.04M, Peak:0.12M | Scene, ViewLayer | Updating Lookup Tables
Fra:1 Mem:9.13M (Peak 9.70M) | Time:00:00.00 | Mem:0.13M, Peak:0.13M | Scene, ViewLayer | Updating Baking
Fra:1 Mem:9.13M (Peak 9.70M) | Time:00:00.00 | Mem:0.13M, Peak:0.13M | Scene, ViewLayer | Updating Device | Writing constant memory
Fra:1 Mem:9.13M (Peak 9.70M) | Time:00:00.00 | Mem:0.13M, Peak:0.13M | Scene, ViewLayer | Sample 0/1
Fra:1 Mem:9.18M (Peak 9.70M) | Time:00:00.00 | Mem:0.13M, Peak:0.13M | Scene, ViewLayer | Sample 1/1
Fra:1 Mem:9.18M (Peak 9.70M) | Time:00:00.00 | Mem:0.13M, Peak:0.13M | Scene, ViewLayer | Finished
Saved: '/home/terence/Documents/Codex/2026-09-06/realtime-voice-chat-3/outputs/butterfly-method-comparison/blender-v2/raw/wing-only/view000_frame00.png'
Time: 00:00.00 (Saving: 00:00.00)

Fra:6 Mem:9.74M (Peak 9.74M) | Time:00:00.00 | Mem:0.00M, Peak:0.00M | Scene, ViewLayer | Synchronizing object | Head
Fra:6 Mem:9.74M (Peak 9.74M) | Time:00:00.00 | Mem:0.00M, Peak:0.00M | Scene, ViewLayer | Synchronizing object | Abdomen tip
Fra:6 Mem:9.74M (Peak 9.74M) | Time:00:00.00 | Mem:0.00M, Peak:0.00M | Scene, ViewLayer | Synchronizing object | Antenna
Fra:6 Mem:9.74M (Peak 9.74M) | Time:00:00.00 | Mem:0.00M, Peak:0.00M | Scene, ViewLayer | Synchronizing object | Antenna.001
Fra:6 Mem:9.74M (Peak 9.74M) | Time:00:00.00 | Mem:0.00M, Peak:0.00M | Scene, ViewLayer | Synchronizing object | R continuous fore-hind wing
Fra:6 Mem:9.75M (Peak 9.75M) | Time:00:00.00 | Mem:0.00M, Peak:0.00M | Scene, ViewLayer | Initializing
Fra:6 Mem:9.04M (Peak 9.75M) | Time:00:00.00 | Mem:0.00M, Peak:0.00M | Scene, ViewLayer | Waiting for render to start
Fra:6 Mem:9.04M (Peak 9.75M) | Time:00:00.00 | Mem:0.00M, Peak:0.00M | Scene, ViewLayer | Updating Scene
Fra:6 Mem:9.04M (Peak 9.75M) | Time:00:00.00 | Mem:0.00M, Peak:0.00M | Scene, ViewLayer | Updating Shaders
Fra:6 Mem:9.04M (Peak 9.75M) | Time:00:00.00 | Mem:0.00M, Peak:0.00M | Scene, ViewLayer | Loading render kernels (may take a few minutes the first time)
Fra:6 Mem:9.13M (Peak 9.75M) | Time:00:00.00 | Mem:0.00M, Peak:0.00M | Scene, ViewLayer | Updating Procedurals
Fra:6 Mem:9.13M (Peak 9.75M) | Time:00:00.00 | Mem:0.00M, Peak:0.00M | Scene, ViewLayer | Updating Background
Fra:6 Mem:9.13M (Peak 9.75M) | Time:00:00.00 | Mem:0.00M, Peak:0.00M | Scene, ViewLayer | Updating Camera
Fra:6 Mem:9.13M (Peak 9.75M) | Time:00:00.00 | Mem:0.00M, Peak:0.00M | Scene, ViewLayer | Updating Meshes Flags
Fra:6 Mem:9.13M (Peak 9.75M) | Time:00:00.00 | Mem:0.00M, Peak:0.00M | Scene, ViewLayer | Updating Objects
Fra:6 Mem:9.13M (Peak 9.75M) | Time:00:00.00 | Mem:0.00M, Peak:0.00M | Scene, ViewLayer | Updating Objects | Copying Transformations to device
Fra:6 Mem:9.13M (Peak 9.75M) | Time:00:00.00 | Mem:0.01M, Peak:0.01M | Scene, ViewLayer | Updating Particle Systems
Fra:6 Mem:9.13M (Peak 9.75M) | Time:00:00.00 | Mem:0.01M, Peak:0.01M | Scene, ViewLayer | Updating Particle Systems | Copying Particles to device
Fra:6 Mem:9.13M (Peak 9.75M) | Time:00:00.00 | Mem:0.01M, Peak:0.01M | Scene, ViewLayer | Updating Meshes
Fra:6 Mem:9.13M (Peak 9.75M) | Time:00:00.00 | Mem:0.01M, Peak:0.01M | Scene, ViewLayer | Updating Objects | Applying Static Transformations
Fra:6 Mem:9.13M (Peak 9.75M) | Time:00:00.00 | Mem:0.01M, Peak:0.01M | Scene, ViewLayer | Updating Mesh | Computing attributes
Fra:6 Mem:9.13M (Peak 9.75M) | Time:00:00.00 | Mem:0.01M, Peak:0.01M | Scene, ViewLayer | Updating Mesh | Copying Attributes to device
Fra:6 Mem:9.13M (Peak 9.75M) | Time:00:00.00 | Mem:0.01M, Peak:0.01M | Scene, ViewLayer | Updating Scene BVH | Building
Fra:6 Mem:9.13M (Peak 9.75M) | Time:00:00.00 | Mem:0.01M, Peak:0.01M | Scene, ViewLayer | Updating Scene BVH | Building BVH
Fra:6 Mem:9.13M (Peak 9.75M) | Time:00:00.00 | Mem:0.02M, Peak:0.03M | Scene, ViewLayer | Updating Scene BVH | Copying BVH to device
Fra:6 Mem:9.13M (Peak 9.75M) | Time:00:00.00 | Mem:0.02M, Peak:0.03M | Scene, ViewLayer | Updating Mesh | Computing normals
Fra:6 Mem:9.14M (Peak 9.75M) | Time:00:00.00 | Mem:0.02M, Peak:0.03M | Scene, ViewLayer | Updating Mesh | Copying Mesh to device
Fra:6 Mem:9.14M (Peak 9.75M) | Time:00:00.00 | Mem:0.03M, Peak:0.03M | Scene, ViewLayer | Updating Objects Flags
Fra:6 Mem:9.14M (Peak 9.75M) | Time:00:00.00 | Mem:0.03M, Peak:0.03M | Scene, ViewLayer | Updating Primitive Offsets
Fra:6 Mem:9.14M (Peak 9.75M) | Time:00:00.00 | Mem:0.03M, Peak:0.03M | Scene, ViewLayer | Updating Images
Fra:6 Mem:9.14M (Peak 9.75M) | Time:00:00.00 | Mem:0.03M, Peak:0.03M | Scene, ViewLayer | Updating Camera Volume
Fra:6 Mem:9.14M (Peak 9.75M) | Time:00:00.00 | Mem:0.03M, Peak:0.03M | Scene, ViewLayer | Updating Lookup Tables
Fra:6 Mem:9.14M (Peak 9.75M) | Time:00:00.00 | Mem:0.11M, Peak:0.11M | Scene, ViewLayer | Updating Lights
Fra:6 Mem:9.14M (Peak 9.75M) | Time:00:00.00 | Mem:0.11M, Peak:0.11M | Scene, ViewLayer | Updating Lights | Computing tree
Fra:6 Mem:9.14M (Peak 9.75M) | Time:00:00.00 | Mem:0.12M, Peak:0.12M | Scene, ViewLayer | Updating Integrator
Fra:6 Mem:9.14M (Peak 9.75M) | Time:00:00.00 | Mem:0.12M, Peak:0.12M | Scene, ViewLayer | Updating Film
Fra:6 Mem:9.15M (Peak 9.75M) | Time:00:00.00 | Mem:0.04M, Peak:0.12M | Scene, ViewLayer | Updating Lookup Tables
Fra:6 Mem:9.15M (Peak 9.75M) | Time:00:00.00 | Mem:0.12M, Peak:0.12M | Scene, ViewLayer | Updating Baking
Fra:6 Mem:9.15M (Peak 9.75M) | Time:00:00.00 | Mem:0.12M, Peak:0.12M | Scene, ViewLayer | Updating Device | Writing constant memory
Fra:6 Mem:9.15M (Peak 9.75M) | Time:00:00.00 | Mem:0.12M, Peak:0.12M | Scene, ViewLayer | Sample 0/8
Fra:6 Mem:9.75M (Peak 9.75M) | Time:00:00.00 | Remaining:00:00.02 | Mem:0.69M, Peak:0.69M | Scene, ViewLayer | Sample 1/8
Fra:6 Mem:10.00M (Peak 10.00M) | Time:00:00.02 | Mem:0.69M, Peak:0.69M | Scene, ViewLayer | Sample 8/8
Fra:6 Mem:10.00M (Peak 10.00M) | Time:00:00.02 | Mem:0.69M, Peak:0.69M | Scene, ViewLayer | Finished
Saved: '/home/terence/Documents/Codex/2026-09-06/realtime-voice-chat-3/outputs/butterfly-method-comparison/blender-v2/raw/view000_frame01.png'
Time: 00:00.02 (Saving: 00:00.00)

Fra:6 Mem:9.74M (Peak 9.74M) | Time:00:00.00 | Mem:0.00M, Peak:0.00M | Scene, ViewLayer | Synchronizing object | Thorax
Fra:6 Mem:9.74M (Peak 9.74M) | Time:00:00.00 | Mem:0.00M, Peak:0.00M | Scene, ViewLayer | Synchronizing object | Head
Fra:6 Mem:9.74M (Peak 9.74M) | Time:00:00.00 | Mem:0.00M, Peak:0.00M | Scene, ViewLayer | Synchronizing object | L continuous fore-hind wing
Fra:6 Mem:9.74M (Peak 9.74M) | Time:00:00.00 | Mem:0.00M, Peak:0.00M | Scene, ViewLayer | Synchronizing object | Abdomen
Fra:6 Mem:9.74M (Peak 9.74M) | Time:00:00.00 | Mem:0.00M, Peak:0.00M | Scene, ViewLayer | Synchronizing object | Abdomen tip
Fra:6 Mem:9.74M (Peak 9.74M) | Time:00:00.00 | Mem:0.00M, Peak:0.00M | Scene, ViewLayer | Synchronizing object | Antenna.001
Fra:6 Mem:9.75M (Peak 9.75M) | Time:00:00.00 | Mem:0.00M, Peak:0.00M | Scene, ViewLayer | Initializing
Fra:6 Mem:9.04M (Peak 9.75M) | Time:00:00.00 | Mem:0.00M, Peak:0.00M | Scene, ViewLayer | Waiting for render to start
Fra:6 Mem:9.04M (Peak 9.75M) | Time:00:00.00 | Mem:0.00M, Peak:0.00M | Scene, ViewLayer | Updating Scene
Fra:6 Mem:9.04M (Peak 9.75M) | Time:00:00.00 | Mem:0.00M, Peak:0.00M | Scene, ViewLayer | Updating Shaders
Fra:6 Mem:9.04M (Peak 9.75M) | Time:00:00.00 | Mem:0.00M, Peak:0.00M | Scene, ViewLayer | Loading render kernels (may take a few minutes the first time)
Fra:6 Mem:9.13M (Peak 9.75M) | Time:00:00.00 | Mem:0.00M, Peak:0.00M | Scene, ViewLayer | Updating Procedurals
Fra:6 Mem:9.13M (Peak 9.75M) | Time:00:00.00 | Mem:0.00M, Peak:0.00M | Scene, ViewLayer | Updating Background
Fra:6 Mem:9.13M (Peak 9.75M) | Time:00:00.00 | Mem:0.00M, Peak:0.00M | Scene, ViewLayer | Updating Camera
Fra:6 Mem:9.13M (Peak 9.75M) | Time:00:00.00 | Mem:0.00M, Peak:0.00M | Scene, ViewLayer | Updating Meshes Flags
Fra:6 Mem:9.13M (Peak 9.75M) | Time:00:00.00 | Mem:0.00M, Peak:0.00M | Scene, ViewLayer | Updating Objects
Fra:6 Mem:9.13M (Peak 9.75M) | Time:00:00.00 | Mem:0.00M, Peak:0.00M | Scene, ViewLayer | Updating Objects | Copying Transformations to device
Fra:6 Mem:9.13M (Peak 9.75M) | Time:00:00.00 | Mem:0.01M, Peak:0.01M | Scene, ViewLayer | Updating Particle Systems
Fra:6 Mem:9.13M (Peak 9.75M) | Time:00:00.00 | Mem:0.01M, Peak:0.01M | Scene, ViewLayer | Updating Particle Systems | Copying Particles to device
Fra:6 Mem:9.13M (Peak 9.75M) | Time:00:00.00 | Mem:0.01M, Peak:0.01M | Scene, ViewLayer | Updating Meshes
Fra:6 Mem:9.13M (Peak 9.75M) | Time:00:00.00 | Mem:0.01M, Peak:0.01M | Scene, ViewLayer | Updating Objects | Applying Static Transformations
Fra:6 Mem:9.13M (Peak 9.75M) | Time:00:00.00 | Mem:0.01M, Peak:0.01M | Scene, ViewLayer | Updating Mesh | Computing attributes
Fra:6 Mem:9.13M (Peak 9.75M) | Time:00:00.00 | Mem:0.01M, Peak:0.01M | Scene, ViewLayer | Updating Mesh | Copying Attributes to device
Fra:6 Mem:9.13M (Peak 9.75M) | Time:00:00.00 | Mem:0.01M, Peak:0.01M | Scene, ViewLayer | Updating Scene BVH | Building
Fra:6 Mem:9.13M (Peak 9.75M) | Time:00:00.00 | Mem:0.01M, Peak:0.01M | Scene, ViewLayer | Updating Scene BVH | Building BVH
Fra:6 Mem:9.13M (Peak 9.75M) | Time:00:00.00 | Mem:0.02M, Peak:0.03M | Scene, ViewLayer | Updating Scene BVH | Copying BVH to device
Fra:6 Mem:9.13M (Peak 9.75M) | Time:00:00.00 | Mem:0.02M, Peak:0.03M | Scene, ViewLayer | Updating Mesh | Computing normals
Fra:6 Mem:9.14M (Peak 9.75M) | Time:00:00.00 | Mem:0.02M, Peak:0.03M | Scene, ViewLayer | Updating Mesh | Copying Mesh to device
Fra:6 Mem:9.14M (Peak 9.75M) | Time:00:00.00 | Mem:0.03M, Peak:0.03M | Scene, ViewLayer | Updating Objects Flags
Fra:6 Mem:9.14M (Peak 9.75M) | Time:00:00.00 | Mem:0.03M, Peak:0.03M | Scene, ViewLayer | Updating Primitive Offsets
Fra:6 Mem:9.14M (Peak 9.75M) | Time:00:00.00 | Mem:0.03M, Peak:0.03M | Scene, ViewLayer | Updating Images
Fra:6 Mem:9.14M (Peak 9.75M) | Time:00:00.00 | Mem:0.03M, Peak:0.03M | Scene, ViewLayer | Updating Camera Volume
Fra:6 Mem:9.14M (Peak 9.75M) | Time:00:00.00 | Mem:0.03M, Peak:0.03M | Scene, ViewLayer | Updating Lookup Tables
Fra:6 Mem:9.14M (Peak 9.75M) | Time:00:00.00 | Mem:0.11M, Peak:0.11M | Scene, ViewLayer | Updating Lights
Fra:6 Mem:9.14M (Peak 9.75M) | Time:00:00.00 | Mem:0.11M, Peak:0.11M | Scene, ViewLayer | Updating Lights | Computing tree
Fra:6 Mem:9.14M (Peak 9.75M) | Time:00:00.00 | Mem:0.12M, Peak:0.12M | Scene, ViewLayer | Updating Integrator
Fra:6 Mem:9.14M (Peak 9.75M) | Time:00:00.00 | Mem:0.12M, Peak:0.12M | Scene, ViewLayer | Updating Film
Fra:6 Mem:9.15M (Peak 9.75M) | Time:00:00.00 | Mem:0.04M, Peak:0.12M | Scene, ViewLayer | Updating Lookup Tables
Fra:6 Mem:9.15M (Peak 9.75M) | Time:00:00.00 | Mem:0.12M, Peak:0.12M | Scene, ViewLayer | Updating Baking
Fra:6 Mem:9.15M (Peak 9.75M) | Time:00:00.00 | Mem:0.12M, Peak:0.12M | Scene, ViewLayer | Updating Device | Writing constant memory
Fra:6 Mem:9.15M (Peak 9.75M) | Time:00:00.00 | Mem:0.12M, Peak:0.12M | Scene, ViewLayer | Sample 0/1
Fra:6 Mem:9.20M (Peak 9.75M) | Time:00:00.00 | Mem:0.13M, Peak:0.13M | Scene, ViewLayer | Sample 1/1
Fra:6 Mem:9.20M (Peak 9.75M) | Time:00:00.00 | Mem:0.13M, Peak:0.13M | Scene, ViewLayer | Finished
Saved: '/home/terence/Documents/Codex/2026-09-06/realtime-voice-chat-3/outputs/butterfly-method-comparison/blender-v2/raw/native16/view000_frame01.png'
Time: 00:00.00 (Saving: 00:00.00)

Fra:6 Mem:9.74M (Peak 9.74M) | Time:00:00.00 | Mem:0.00M, Peak:0.00M | Scene, ViewLayer | Synchronizing object | Thorax
Fra:6 Mem:9.74M (Peak 9.74M) | Time:00:00.00 | Mem:0.00M, Peak:0.00M | Scene, ViewLayer | Synchronizing object | L continuous fore-hind wing
Fra:6 Mem:9.74M (Peak 9.74M) | Time:00:00.00 | Mem:0.00M, Peak:0.00M | Scene, ViewLayer | Synchronizing object | Head
Fra:6 Mem:9.74M (Peak 9.74M) | Time:00:00.00 | Mem:0.00M, Peak:0.00M | Scene, ViewLayer | Synchronizing object | R continuous fore-hind wing
Fra:6 Mem:9.75M (Peak 9.75M) | Time:00:00.00 | Mem:0.00M, Peak:0.00M | Scene, ViewLayer | Synchronizing object | Antenna.001
Fra:6 Mem:9.75M (Peak 9.75M) | Time:00:00.00 | Mem:0.00M, Peak:0.00M | Scene, ViewLayer | Synchronizing object | Abdomen
Fra:6 Mem:9.75M (Peak 9.75M) | Time:00:00.00 | Mem:0.00M, Peak:0.00M | Scene, ViewLayer | Synchronizing object | Abdomen tip
Fra:6 Mem:9.75M (Peak 9.75M) | Time:00:00.00 | Mem:0.00M, Peak:0.00M | Scene, ViewLayer | Initializing
Fra:6 Mem:9.04M (Peak 9.75M) | Time:00:00.00 | Mem:0.00M, Peak:0.00M | Scene, ViewLayer | Waiting for render to start
Fra:6 Mem:9.04M (Peak 9.75M) | Time:00:00.00 | Mem:0.00M, Peak:0.00M | Scene, ViewLayer | Updating Scene
Fra:6 Mem:9.04M (Peak 9.75M) | Time:00:00.00 | Mem:0.00M, Peak:0.00M | Scene, ViewLayer | Updating Shaders
Fra:6 Mem:9.04M (Peak 9.75M) | Time:00:00.00 | Mem:0.00M, Peak:0.00M | Scene, ViewLayer | Loading render kernels (may take a few minutes the first time)
Fra:6 Mem:9.13M (Peak 9.75M) | Time:00:00.00 | Mem:0.00M, Peak:0.00M | Scene, ViewLayer | Updating Procedurals
Fra:6 Mem:9.13M (Peak 9.75M) | Time:00:00.00 | Mem:0.00M, Peak:0.00M | Scene, ViewLayer | Updating Background
Fra:6 Mem:9.13M (Peak 9.75M) | Time:00:00.00 | Mem:0.00M, Peak:0.00M | Scene, ViewLayer | Updating Camera
Fra:6 Mem:9.13M (Peak 9.75M) | Time:00:00.00 | Mem:0.00M, Peak:0.00M | Scene, ViewLayer | Updating Meshes Flags
Fra:6 Mem:9.13M (Peak 9.75M) | Time:00:00.00 | Mem:0.00M, Peak:0.00M | Scene, ViewLayer | Updating Objects
Fra:6 Mem:9.13M (Peak 9.75M) | Time:00:00.00 | Mem:0.00M, Peak:0.00M | Scene, ViewLayer | Updating Objects | Copying Transformations to device
Fra:6 Mem:9.13M (Peak 9.75M) | Time:00:00.00 | Mem:0.01M, Peak:0.01M | Scene, ViewLayer | Updating Particle Systems
Fra:6 Mem:9.13M (Peak 9.75M) | Time:00:00.00 | Mem:0.01M, Peak:0.01M | Scene, ViewLayer | Updating Particle Systems | Copying Particles to device
Fra:6 Mem:9.13M (Peak 9.75M) | Time:00:00.00 | Mem:0.01M, Peak:0.01M | Scene, ViewLayer | Updating Meshes
Fra:6 Mem:9.13M (Peak 9.75M) | Time:00:00.00 | Mem:0.01M, Peak:0.01M | Scene, ViewLayer | Updating Objects | Applying Static Transformations
Fra:6 Mem:9.13M (Peak 9.75M) | Time:00:00.00 | Mem:0.01M, Peak:0.01M | Scene, ViewLayer | Updating Mesh | Computing attributes
Fra:6 Mem:9.13M (Peak 9.75M) | Time:00:00.00 | Mem:0.01M, Peak:0.01M | Scene, ViewLayer | Updating Mesh | Copying Attributes to device
Fra:6 Mem:9.13M (Peak 9.75M) | Time:00:00.00 | Mem:0.01M, Peak:0.01M | Scene, ViewLayer | Updating Scene BVH | Building
Fra:6 Mem:9.13M (Peak 9.75M) | Time:00:00.00 | Mem:0.01M, Peak:0.01M | Scene, ViewLayer | Updating Scene BVH | Building BVH
Fra:6 Mem:9.13M (Peak 9.75M) | Time:00:00.00 | Mem:0.02M, Peak:0.03M | Scene, ViewLayer | Updating Scene BVH | Copying BVH to device
Fra:6 Mem:9.13M (Peak 9.75M) | Time:00:00.00 | Mem:0.02M, Peak:0.03M | Scene, ViewLayer | Updating Mesh | Computing normals
Fra:6 Mem:9.14M (Peak 9.75M) | Time:00:00.00 | Mem:0.02M, Peak:0.03M | Scene, ViewLayer | Updating Mesh | Copying Mesh to device
Fra:6 Mem:9.14M (Peak 9.75M) | Time:00:00.00 | Mem:0.03M, Peak:0.03M | Scene, ViewLayer | Updating Objects Flags
Fra:6 Mem:9.14M (Peak 9.75M) | Time:00:00.00 | Mem:0.03M, Peak:0.03M | Scene, ViewLayer | Updating Primitive Offsets
Fra:6 Mem:9.14M (Peak 9.75M) | Time:00:00.00 | Mem:0.03M, Peak:0.03M | Scene, ViewLayer | Updating Images
Fra:6 Mem:9.14M (Peak 9.75M) | Time:00:00.00 | Mem:0.03M, Peak:0.03M | Scene, ViewLayer | Updating Camera Volume
Fra:6 Mem:9.14M (Peak 9.75M) | Time:00:00.00 | Mem:0.03M, Peak:0.03M | Scene, ViewLayer | Updating Lookup Tables
Fra:6 Mem:9.14M (Peak 9.75M) | Time:00:00.00 | Mem:0.11M, Peak:0.11M | Scene, ViewLayer | Updating Lights
Fra:6 Mem:9.14M (Peak 9.75M) | Time:00:00.00 | Mem:0.11M, Peak:0.11M | Scene, ViewLayer | Updating Lights | Computing tree
Fra:6 Mem:9.14M (Peak 9.75M) | Time:00:00.00 | Mem:0.12M, Peak:0.12M | Scene, ViewLayer | Updating Integrator
Fra:6 Mem:9.14M (Peak 9.75M) | Time:00:00.00 | Mem:0.12M, Peak:0.12M | Scene, ViewLayer | Updating Film
Fra:6 Mem:9.15M (Peak 9.75M) | Time:00:00.00 | Mem:0.04M, Peak:0.12M | Scene, ViewLayer | Updating Lookup Tables
Fra:6 Mem:9.15M (Peak 9.75M) | Time:00:00.00 | Mem:0.12M, Peak:0.12M | Scene, ViewLayer | Updating Baking
Fra:6 Mem:9.15M (Peak 9.75M) | Time:00:00.00 | Mem:0.12M, Peak:0.12M | Scene, ViewLayer | Updating Device | Writing constant memory
Fra:6 Mem:9.15M (Peak 9.75M) | Time:00:00.00 | Mem:0.12M, Peak:0.12M | Scene, ViewLayer | Sample 0/1
Fra:6 Mem:9.24M (Peak 9.75M) | Time:00:00.00 | Mem:0.16M, Peak:0.16M | Scene, ViewLayer | Sample 1/1
Fra:6 Mem:9.24M (Peak 9.75M) | Time:00:00.00 | Mem:0.16M, Peak:0.16M | Scene, ViewLayer | Finished
Saved: '/home/terence/Documents/Codex/2026-09-06/realtime-voice-chat-3/outputs/butterfly-method-comparison/blender-v2/raw/native32/view000_frame01.png'
Time: 00:00.00 (Saving: 00:00.00)

Fra:6 Mem:9.67M (Peak 9.67M) | Time:00:00.00 | Mem:0.00M, Peak:0.00M | Scene, ViewLayer | Synchronizing object | Thorax
Fra:6 Mem:9.67M (Peak 9.67M) | Time:00:00.00 | Mem:0.00M, Peak:0.00M | Scene, ViewLayer | Synchronizing object | Abdomen
Fra:6 Mem:9.67M (Peak 9.67M) | Time:00:00.00 | Mem:0.00M, Peak:0.00M | Scene, ViewLayer | Synchronizing object | Abdomen tip
Fra:6 Mem:9.67M (Peak 9.67M) | Time:00:00.00 | Mem:0.00M, Peak:0.00M | Scene, ViewLayer | Synchronizing object | Antenna
Fra:6 Mem:9.68M (Peak 9.68M) | Time:00:00.00 | Mem:0.00M, Peak:0.00M | Scene, ViewLayer | Initializing
Fra:6 Mem:9.03M (Peak 9.68M) | Time:00:00.00 | Mem:0.00M, Peak:0.00M | Scene, ViewLayer | Waiting for render to start
Fra:6 Mem:9.03M (Peak 9.68M) | Time:00:00.00 | Mem:0.00M, Peak:0.00M | Scene, ViewLayer | Updating Scene
Fra:6 Mem:9.03M (Peak 9.68M) | Time:00:00.00 | Mem:0.00M, Peak:0.00M | Scene, ViewLayer | Updating Shaders
Fra:6 Mem:9.03M (Peak 9.68M) | Time:00:00.00 | Mem:0.00M, Peak:0.00M | Scene, ViewLayer | Loading render kernels (may take a few minutes the first time)
Fra:6 Mem:9.12M (Peak 9.68M) | Time:00:00.00 | Mem:0.00M, Peak:0.00M | Scene, ViewLayer | Updating Procedurals
Fra:6 Mem:9.12M (Peak 9.68M) | Time:00:00.00 | Mem:0.00M, Peak:0.00M | Scene, ViewLayer | Updating Background
Fra:6 Mem:9.12M (Peak 9.68M) | Time:00:00.00 | Mem:0.00M, Peak:0.00M | Scene, ViewLayer | Updating Camera
Fra:6 Mem:9.12M (Peak 9.68M) | Time:00:00.00 | Mem:0.00M, Peak:0.00M | Scene, ViewLayer | Updating Meshes Flags
Fra:6 Mem:9.12M (Peak 9.68M) | Time:00:00.00 | Mem:0.00M, Peak:0.00M | Scene, ViewLayer | Updating Objects
Fra:6 Mem:9.12M (Peak 9.68M) | Time:00:00.00 | Mem:0.00M, Peak:0.00M | Scene, ViewLayer | Updating Objects | Copying Transformations to device
Fra:6 Mem:9.12M (Peak 9.68M) | Time:00:00.00 | Mem:0.00M, Peak:0.00M | Scene, ViewLayer | Updating Particle Systems
Fra:6 Mem:9.12M (Peak 9.68M) | Time:00:00.00 | Mem:0.00M, Peak:0.00M | Scene, ViewLayer | Updating Particle Systems | Copying Particles to device
Fra:6 Mem:9.12M (Peak 9.68M) | Time:00:00.00 | Mem:0.00M, Peak:0.00M | Scene, ViewLayer | Updating Meshes
Fra:6 Mem:9.12M (Peak 9.68M) | Time:00:00.00 | Mem:0.00M, Peak:0.00M | Scene, ViewLayer | Updating Objects | Applying Static Transformations
Fra:6 Mem:9.12M (Peak 9.68M) | Time:00:00.00 | Mem:0.00M, Peak:0.00M | Scene, ViewLayer | Updating Mesh | Computing attributes
Fra:6 Mem:9.12M (Peak 9.68M) | Time:00:00.00 | Mem:0.01M, Peak:0.01M | Scene, ViewLayer | Updating Mesh | Copying Attributes to device
Fra:6 Mem:9.12M (Peak 9.68M) | Time:00:00.00 | Mem:0.01M, Peak:0.01M | Scene, ViewLayer | Updating Scene BVH | Building
Fra:6 Mem:9.12M (Peak 9.68M) | Time:00:00.00 | Mem:0.01M, Peak:0.01M | Scene, ViewLayer | Updating Scene BVH | Building BVH
Fra:6 Mem:9.12M (Peak 9.68M) | Time:00:00.00 | Mem:0.01M, Peak:0.01M | Scene, ViewLayer | Updating Scene BVH | Copying BVH to device
Fra:6 Mem:9.12M (Peak 9.68M) | Time:00:00.00 | Mem:0.01M, Peak:0.01M | Scene, ViewLayer | Updating Mesh | Computing normals
Fra:6 Mem:9.12M (Peak 9.68M) | Time:00:00.00 | Mem:0.01M, Peak:0.01M | Scene, ViewLayer | Updating Mesh | Copying Mesh to device
Fra:6 Mem:9.12M (Peak 9.68M) | Time:00:00.00 | Mem:0.01M, Peak:0.01M | Scene, ViewLayer | Updating Objects Flags
Fra:6 Mem:9.12M (Peak 9.68M) | Time:00:00.00 | Mem:0.01M, Peak:0.01M | Scene, ViewLayer | Updating Primitive Offsets
Fra:6 Mem:9.12M (Peak 9.68M) | Time:00:00.00 | Mem:0.01M, Peak:0.01M | Scene, ViewLayer | Updating Images
Fra:6 Mem:9.12M (Peak 9.68M) | Time:00:00.00 | Mem:0.01M, Peak:0.01M | Scene, ViewLayer | Updating Camera Volume
Fra:6 Mem:9.12M (Peak 9.68M) | Time:00:00.00 | Mem:0.01M, Peak:0.01M | Scene, ViewLayer | Updating Lookup Tables
Fra:6 Mem:9.12M (Peak 9.68M) | Time:00:00.00 | Mem:0.09M, Peak:0.09M | Scene, ViewLayer | Updating Lights
Fra:6 Mem:9.12M (Peak 9.68M) | Time:00:00.00 | Mem:0.09M, Peak:0.09M | Scene, ViewLayer | Updating Lights | Computing tree
Fra:6 Mem:9.12M (Peak 9.68M) | Time:00:00.00 | Mem:0.09M, Peak:0.09M | Scene, ViewLayer | Updating Integrator
Fra:6 Mem:9.12M (Peak 9.68M) | Time:00:00.00 | Mem:0.09M, Peak:0.09M | Scene, ViewLayer | Updating Film
Fra:6 Mem:9.13M (Peak 9.68M) | Time:00:00.00 | Mem:0.01M, Peak:0.09M | Scene, ViewLayer | Updating Lookup Tables
Fra:6 Mem:9.13M (Peak 9.68M) | Time:00:00.00 | Mem:0.10M, Peak:0.10M | Scene, ViewLayer | Updating Baking
Fra:6 Mem:9.13M (Peak 9.68M) | Time:00:00.00 | Mem:0.10M, Peak:0.10M | Scene, ViewLayer | Updating Device | Writing constant memory
Fra:6 Mem:9.13M (Peak 9.68M) | Time:00:00.00 | Mem:0.10M, Peak:0.10M | Scene, ViewLayer | Sample 0/1
Fra:6 Mem:9.18M (Peak 9.68M) | Time:00:00.00 | Mem:0.11M, Peak:0.11M | Scene, ViewLayer | Sample 1/1
Fra:6 Mem:9.18M (Peak 9.68M) | Time:00:00.00 | Mem:0.11M, Peak:0.11M | Scene, ViewLayer | Finished
Saved: '/home/terence/Documents/Codex/2026-09-06/realtime-voice-chat-3/outputs/butterfly-method-comparison/blender-v2/raw/body-only/view000_frame01.png'
Time: 00:00.00 (Saving: 00:00.00)

Fra:6 Mem:9.71M (Peak 9.71M) | Time:00:00.00 | Mem:0.00M, Peak:0.00M | Scene, ViewLayer | Synchronizing object | Thorax
Fra:6 Mem:9.71M (Peak 9.71M) | Time:00:00.00 | Mem:0.00M, Peak:0.00M | Scene, ViewLayer | Synchronizing object | L continuous fore-hind wing
Fra:6 Mem:9.71M (Peak 9.71M) | Time:00:00.00 | Mem:0.00M, Peak:0.00M | Scene, ViewLayer | Synchronizing object | Abdomen tip
Fra:6 Mem:9.71M (Peak 9.71M) | Time:00:00.00 | Mem:0.00M, Peak:0.00M | Scene, ViewLayer | Synchronizing object | Antenna
Fra:6 Mem:9.72M (Peak 9.72M) | Time:00:00.00 | Mem:0.00M, Peak:0.00M | Scene, ViewLayer | Synchronizing object | Antenna.001
Fra:6 Mem:9.72M (Peak 9.72M) | Time:00:00.00 | Mem:0.00M, Peak:0.00M | Scene, ViewLayer | Synchronizing object | R continuous fore-hind wing
Fra:6 Mem:9.72M (Peak 9.72M) | Time:00:00.00 | Mem:0.00M, Peak:0.00M | Scene, ViewLayer | Initializing
Fra:6 Mem:9.03M (Peak 9.72M) | Time:00:00.00 | Mem:0.00M, Peak:0.00M | Scene, ViewLayer | Waiting for render to start
Fra:6 Mem:9.03M (Peak 9.72M) | Time:00:00.00 | Mem:0.00M, Peak:0.00M | Scene, ViewLayer | Updating Scene
Fra:6 Mem:9.03M (Peak 9.72M) | Time:00:00.00 | Mem:0.00M, Peak:0.00M | Scene, ViewLayer | Updating Shaders
Fra:6 Mem:9.03M (Peak 9.72M) | Time:00:00.00 | Mem:0.00M, Peak:0.00M | Scene, ViewLayer | Loading render kernels (may take a few minutes the first time)
Fra:6 Mem:9.11M (Peak 9.72M) | Time:00:00.00 | Mem:0.00M, Peak:0.00M | Scene, ViewLayer | Updating Procedurals
Fra:6 Mem:9.11M (Peak 9.72M) | Time:00:00.00 | Mem:0.00M, Peak:0.00M | Scene, ViewLayer | Updating Background
Fra:6 Mem:9.11M (Peak 9.72M) | Time:00:00.00 | Mem:0.00M, Peak:0.00M | Scene, ViewLayer | Updating Camera
Fra:6 Mem:9.11M (Peak 9.72M) | Time:00:00.00 | Mem:0.00M, Peak:0.00M | Scene, ViewLayer | Updating Meshes Flags
Fra:6 Mem:9.11M (Peak 9.72M) | Time:00:00.00 | Mem:0.00M, Peak:0.00M | Scene, ViewLayer | Updating Objects
Fra:6 Mem:9.11M (Peak 9.72M) | Time:00:00.00 | Mem:0.00M, Peak:0.00M | Scene, ViewLayer | Updating Objects | Copying Transformations to device
Fra:6 Mem:9.11M (Peak 9.72M) | Time:00:00.00 | Mem:0.01M, Peak:0.01M | Scene, ViewLayer | Updating Particle Systems
Fra:6 Mem:9.11M (Peak 9.72M) | Time:00:00.00 | Mem:0.01M, Peak:0.01M | Scene, ViewLayer | Updating Particle Systems | Copying Particles to device
Fra:6 Mem:9.11M (Peak 9.72M) | Time:00:00.00 | Mem:0.01M, Peak:0.01M | Scene, ViewLayer | Updating Meshes
Fra:6 Mem:9.11M (Peak 9.72M) | Time:00:00.00 | Mem:0.01M, Peak:0.01M | Scene, ViewLayer | Updating Objects | Applying Static Transformations
Fra:6 Mem:9.11M (Peak 9.72M) | Time:00:00.00 | Mem:0.01M, Peak:0.01M | Scene, ViewLayer | Updating Mesh | Computing attributes
Fra:6 Mem:9.12M (Peak 9.72M) | Time:00:00.00 | Mem:0.01M, Peak:0.01M | Scene, ViewLayer | Updating Mesh | Copying Attributes to device
Fra:6 Mem:9.12M (Peak 9.72M) | Time:00:00.00 | Mem:0.01M, Peak:0.01M | Scene, ViewLayer | Updating Scene BVH | Building
Fra:6 Mem:9.12M (Peak 9.72M) | Time:00:00.00 | Mem:0.01M, Peak:0.01M | Scene, ViewLayer | Updating Scene BVH | Building BVH
Fra:6 Mem:9.12M (Peak 9.72M) | Time:00:00.00 | Mem:0.02M, Peak:0.03M | Scene, ViewLayer | Updating Scene BVH | Copying BVH to device
Fra:6 Mem:9.12M (Peak 9.72M) | Time:00:00.00 | Mem:0.02M, Peak:0.03M | Scene, ViewLayer | Updating Mesh | Computing normals
Fra:6 Mem:9.12M (Peak 9.72M) | Time:00:00.00 | Mem:0.02M, Peak:0.03M | Scene, ViewLayer | Updating Mesh | Copying Mesh to device
Fra:6 Mem:9.12M (Peak 9.72M) | Time:00:00.00 | Mem:0.03M, Peak:0.03M | Scene, ViewLayer | Updating Objects Flags
Fra:6 Mem:9.12M (Peak 9.72M) | Time:00:00.00 | Mem:0.03M, Peak:0.03M | Scene, ViewLayer | Updating Primitive Offsets
Fra:6 Mem:9.12M (Peak 9.72M) | Time:00:00.00 | Mem:0.03M, Peak:0.03M | Scene, ViewLayer | Updating Images
Fra:6 Mem:9.12M (Peak 9.72M) | Time:00:00.00 | Mem:0.03M, Peak:0.03M | Scene, ViewLayer | Updating Camera Volume
Fra:6 Mem:9.12M (Peak 9.72M) | Time:00:00.00 | Mem:0.03M, Peak:0.03M | Scene, ViewLayer | Updating Lookup Tables
Fra:6 Mem:9.12M (Peak 9.72M) | Time:00:00.00 | Mem:0.11M, Peak:0.11M | Scene, ViewLayer | Updating Lights
Fra:6 Mem:9.12M (Peak 9.72M) | Time:00:00.00 | Mem:0.11M, Peak:0.11M | Scene, ViewLayer | Updating Lights | Computing tree
Fra:6 Mem:9.13M (Peak 9.72M) | Time:00:00.00 | Mem:0.12M, Peak:0.12M | Scene, ViewLayer | Updating Integrator
Fra:6 Mem:9.13M (Peak 9.72M) | Time:00:00.00 | Mem:0.12M, Peak:0.12M | Scene, ViewLayer | Updating Film
Fra:6 Mem:9.13M (Peak 9.72M) | Time:00:00.00 | Mem:0.04M, Peak:0.12M | Scene, ViewLayer | Updating Lookup Tables
Fra:6 Mem:9.13M (Peak 9.72M) | Time:00:00.00 | Mem:0.12M, Peak:0.12M | Scene, ViewLayer | Updating Baking
Fra:6 Mem:9.13M (Peak 9.72M) | Time:00:00.00 | Mem:0.12M, Peak:0.12M | Scene, ViewLayer | Updating Device | Writing constant memory
Fra:6 Mem:9.14M (Peak 9.72M) | Time:00:00.00 | Mem:0.12M, Peak:0.12M | Scene, ViewLayer | Sample 0/1
Fra:6 Mem:9.19M (Peak 9.72M) | Time:00:00.00 | Mem:0.13M, Peak:0.13M | Scene, ViewLayer | Sample 1/1
Fra:6 Mem:9.19M (Peak 9.72M) | Time:00:00.00 | Mem:0.13M, Peak:0.13M | Scene, ViewLayer | Finished
Saved: '/home/terence/Documents/Codex/2026-09-06/realtime-voice-chat-3/outputs/butterfly-method-comparison/blender-v2/raw/no-abdomen-lag/view000_frame01.png'
Time: 00:00.00 (Saving: 00:00.00)

Fra:6 Mem:9.69M (Peak 9.69M) | Time:00:00.00 | Mem:0.00M, Peak:0.00M | Scene, ViewLayer | Synchronizing object | Thorax
Fra:6 Mem:9.69M (Peak 9.69M) | Time:00:00.00 | Mem:0.00M, Peak:0.00M | Scene, ViewLayer | Synchronizing object | L continuous fore-hind wing
Fra:6 Mem:9.70M (Peak 9.70M) | Time:00:00.00 | Mem:0.00M, Peak:0.00M | Scene, ViewLayer | Synchronizing object | R continuous fore-hind wing
Fra:6 Mem:9.70M (Peak 9.70M) | Time:00:00.00 | Mem:0.00M, Peak:0.00M | Scene, ViewLayer | Synchronizing object | Antenna
Fra:6 Mem:9.70M (Peak 9.70M) | Time:00:00.00 | Mem:0.00M, Peak:0.00M | Scene, ViewLayer | Synchronizing object | Antenna.001
Fra:6 Mem:9.70M (Peak 9.70M) | Time:00:00.00 | Mem:0.00M, Peak:0.00M | Scene, ViewLayer | Initializing
Fra:6 Mem:9.02M (Peak 9.70M) | Time:00:00.00 | Mem:0.00M, Peak:0.00M | Scene, ViewLayer | Waiting for render to start
Fra:6 Mem:9.02M (Peak 9.70M) | Time:00:00.00 | Mem:0.00M, Peak:0.00M | Scene, ViewLayer | Updating Scene
Fra:6 Mem:9.02M (Peak 9.70M) | Time:00:00.00 | Mem:0.00M, Peak:0.00M | Scene, ViewLayer | Updating Shaders
Fra:6 Mem:9.02M (Peak 9.70M) | Time:00:00.00 | Mem:0.00M, Peak:0.00M | Scene, ViewLayer | Loading render kernels (may take a few minutes the first time)
Fra:6 Mem:9.10M (Peak 9.70M) | Time:00:00.00 | Mem:0.00M, Peak:0.00M | Scene, ViewLayer | Updating Procedurals
Fra:6 Mem:9.10M (Peak 9.70M) | Time:00:00.00 | Mem:0.00M, Peak:0.00M | Scene, ViewLayer | Updating Background
Fra:6 Mem:9.10M (Peak 9.70M) | Time:00:00.00 | Mem:0.00M, Peak:0.00M | Scene, ViewLayer | Updating Camera
Fra:6 Mem:9.10M (Peak 9.70M) | Time:00:00.00 | Mem:0.00M, Peak:0.00M | Scene, ViewLayer | Updating Meshes Flags
Fra:6 Mem:9.10M (Peak 9.70M) | Time:00:00.00 | Mem:0.00M, Peak:0.00M | Scene, ViewLayer | Updating Objects
Fra:6 Mem:9.10M (Peak 9.70M) | Time:00:00.00 | Mem:0.00M, Peak:0.00M | Scene, ViewLayer | Updating Objects | Copying Transformations to device
Fra:6 Mem:9.10M (Peak 9.70M) | Time:00:00.00 | Mem:0.01M, Peak:0.01M | Scene, ViewLayer | Updating Particle Systems
Fra:6 Mem:9.10M (Peak 9.70M) | Time:00:00.00 | Mem:0.01M, Peak:0.01M | Scene, ViewLayer | Updating Particle Systems | Copying Particles to device
Fra:6 Mem:9.10M (Peak 9.70M) | Time:00:00.00 | Mem:0.01M, Peak:0.01M | Scene, ViewLayer | Updating Meshes
Fra:6 Mem:9.10M (Peak 9.70M) | Time:00:00.00 | Mem:0.01M, Peak:0.01M | Scene, ViewLayer | Updating Objects | Applying Static Transformations
Fra:6 Mem:9.10M (Peak 9.70M) | Time:00:00.00 | Mem:0.01M, Peak:0.01M | Scene, ViewLayer | Updating Mesh | Computing attributes
Fra:6 Mem:9.11M (Peak 9.70M) | Time:00:00.00 | Mem:0.01M, Peak:0.01M | Scene, ViewLayer | Updating Mesh | Copying Attributes to device
Fra:6 Mem:9.11M (Peak 9.70M) | Time:00:00.00 | Mem:0.01M, Peak:0.01M | Scene, ViewLayer | Updating Scene BVH | Building
Fra:6 Mem:9.11M (Peak 9.70M) | Time:00:00.00 | Mem:0.01M, Peak:0.01M | Scene, ViewLayer | Updating Scene BVH | Building BVH
Fra:6 Mem:9.11M (Peak 9.70M) | Time:00:00.00 | Mem:0.02M, Peak:0.03M | Scene, ViewLayer | Updating Scene BVH | Copying BVH to device
Fra:6 Mem:9.11M (Peak 9.70M) | Time:00:00.00 | Mem:0.02M, Peak:0.03M | Scene, ViewLayer | Updating Mesh | Computing normals
Fra:6 Mem:9.11M (Peak 9.70M) | Time:00:00.00 | Mem:0.02M, Peak:0.03M | Scene, ViewLayer | Updating Mesh | Copying Mesh to device
Fra:6 Mem:9.11M (Peak 9.70M) | Time:00:00.00 | Mem:0.03M, Peak:0.03M | Scene, ViewLayer | Updating Objects Flags
Fra:6 Mem:9.11M (Peak 9.70M) | Time:00:00.00 | Mem:0.03M, Peak:0.03M | Scene, ViewLayer | Updating Primitive Offsets
Fra:6 Mem:9.11M (Peak 9.70M) | Time:00:00.00 | Mem:0.03M, Peak:0.03M | Scene, ViewLayer | Updating Images
Fra:6 Mem:9.11M (Peak 9.70M) | Time:00:00.00 | Mem:0.03M, Peak:0.03M | Scene, ViewLayer | Updating Camera Volume
Fra:6 Mem:9.11M (Peak 9.70M) | Time:00:00.00 | Mem:0.03M, Peak:0.03M | Scene, ViewLayer | Updating Lookup Tables
Fra:6 Mem:9.11M (Peak 9.70M) | Time:00:00.00 | Mem:0.11M, Peak:0.11M | Scene, ViewLayer | Updating Lights
Fra:6 Mem:9.11M (Peak 9.70M) | Time:00:00.00 | Mem:0.11M, Peak:0.11M | Scene, ViewLayer | Updating Lights | Computing tree
Fra:6 Mem:9.12M (Peak 9.70M) | Time:00:00.00 | Mem:0.12M, Peak:0.12M | Scene, ViewLayer | Updating Integrator
Fra:6 Mem:9.12M (Peak 9.70M) | Time:00:00.00 | Mem:0.12M, Peak:0.12M | Scene, ViewLayer | Updating Film
Fra:6 Mem:9.13M (Peak 9.70M) | Time:00:00.00 | Mem:0.04M, Peak:0.12M | Scene, ViewLayer | Updating Lookup Tables
Fra:6 Mem:9.13M (Peak 9.70M) | Time:00:00.00 | Mem:0.13M, Peak:0.13M | Scene, ViewLayer | Updating Baking
Fra:6 Mem:9.13M (Peak 9.70M) | Time:00:00.00 | Mem:0.13M, Peak:0.13M | Scene, ViewLayer | Updating Device | Writing constant memory
Fra:6 Mem:9.13M (Peak 9.70M) | Time:00:00.00 | Mem:0.13M, Peak:0.13M | Scene, ViewLayer | Sample 0/1
Fra:6 Mem:9.18M (Peak 9.70M) | Time:00:00.00 | Mem:0.13M, Peak:0.13M | Scene, ViewLayer | Sample 1/1
Fra:6 Mem:9.18M (Peak 9.70M) | Time:00:00.00 | Mem:0.13M, Peak:0.13M | Scene, ViewLayer | Finished
Saved: '/home/terence/Documents/Codex/2026-09-06/realtime-voice-chat-3/outputs/butterfly-method-comparison/blender-v2/raw/wing-only/view000_frame01.png'
Time: 00:00.00 (Saving: 00:00.00)

Fra:11 Mem:9.74M (Peak 9.74M) | Time:00:00.00 | Mem:0.00M, Peak:0.00M | Scene, ViewLayer | Synchronizing object | Thorax
Fra:11 Mem:9.74M (Peak 9.74M) | Time:00:00.00 | Mem:0.00M, Peak:0.00M | Scene, ViewLayer | Synchronizing object | Abdomen
Fra:11 Mem:9.74M (Peak 9.74M) | Time:00:00.00 | Mem:0.00M, Peak:0.00M | Scene, ViewLayer | Synchronizing object | Abdomen tip
Fra:11 Mem:9.74M (Peak 9.74M) | Time:00:00.00 | Mem:0.00M, Peak:0.00M | Scene, ViewLayer | Synchronizing object | Antenna
Fra:11 Mem:9.74M (Peak 9.74M) | Time:00:00.00 | Mem:0.00M, Peak:0.00M | Scene, ViewLayer | Synchronizing object | R continuous fore-hind wing
Fra:11 Mem:9.75M (Peak 9.75M) | Time:00:00.00 | Mem:0.00M, Peak:0.00M | Scene, ViewLayer | Initializing
Fra:11 Mem:9.04M (Peak 9.75M) | Time:00:00.00 | Mem:0.00M, Peak:0.00M | Scene, ViewLayer | Waiting for render to start
Fra:11 Mem:9.04M (Peak 9.75M) | Time:00:00.00 | Mem:0.00M, Peak:0.00M | Scene, ViewLayer | Updating Scene
Fra:11 Mem:9.04M (Peak 9.75M) | Time:00:00.00 | Mem:0.00M, Peak:0.00M | Scene, ViewLayer | Updating Shaders
Fra:11 Mem:9.04M (Peak 9.75M) | Time:00:00.00 | Mem:0.00M, Peak:0.00M | Scene, ViewLayer | Loading render kernels (may take a few minutes the first time)
Fra:11 Mem:9.13M (Peak 9.75M) | Time:00:00.00 | Mem:0.00M, Peak:0.00M | Scene, ViewLayer | Updating Procedurals
Fra:11 Mem:9.13M (Peak 9.75M) | Time:00:00.00 | Mem:0.00M, Peak:0.00M | Scene, ViewLayer | Updating Background
Fra:11 Mem:9.13M (Peak 9.75M) | Time:00:00.00 | Mem:0.00M, Peak:0.00M | Scene, ViewLayer | Updating Camera
Fra:11 Mem:9.13M (Peak 9.75M) | Time:00:00.00 | Mem:0.00M, Peak:0.00M | Scene, ViewLayer | Updating Meshes Flags
Fra:11 Mem:9.13M (Peak 9.75M) | Time:00:00.00 | Mem:0.00M, Peak:0.00M | Scene, ViewLayer | Updating Objects
Fra:11 Mem:9.13M (Peak 9.75M) | Time:00:00.00 | Mem:0.00M, Peak:0.00M | Scene, ViewLayer | Updating Objects | Copying Transformations to device
Fra:11 Mem:9.13M (Peak 9.75M) | Time:00:00.00 | Mem:0.01M, Peak:0.01M | Scene, ViewLayer | Updating Particle Systems
Fra:11 Mem:9.13M (Peak 9.75M) | Time:00:00.00 | Mem:0.01M, Peak:0.01M | Scene, ViewLayer | Updating Particle Systems | Copying Particles to device
Fra:11 Mem:9.13M (Peak 9.75M) | Time:00:00.00 | Mem:0.01M, Peak:0.01M | Scene, ViewLayer | Updating Meshes
Fra:11 Mem:9.13M (Peak 9.75M) | Time:00:00.00 | Mem:0.01M, Peak:0.01M | Scene, ViewLayer | Updating Objects | Applying Static Transformations
Fra:11 Mem:9.13M (Peak 9.75M) | Time:00:00.00 | Mem:0.01M, Peak:0.01M | Scene, ViewLayer | Updating Mesh | Computing attributes
Fra:11 Mem:9.13M (Peak 9.75M) | Time:00:00.00 | Mem:0.01M, Peak:0.01M | Scene, ViewLayer | Updating Mesh | Copying Attributes to device
Fra:11 Mem:9.13M (Peak 9.75M) | Time:00:00.00 | Mem:0.01M, Peak:0.01M | Scene, ViewLayer | Updating Scene BVH | Building
Fra:11 Mem:9.13M (Peak 9.75M) | Time:00:00.00 | Mem:0.01M, Peak:0.01M | Scene, ViewLayer | Updating Scene BVH | Building BVH
Fra:11 Mem:9.13M (Peak 9.75M) | Time:00:00.00 | Mem:0.02M, Peak:0.03M | Scene, ViewLayer | Updating Scene BVH | Copying BVH to device
Fra:11 Mem:9.13M (Peak 9.75M) | Time:00:00.00 | Mem:0.02M, Peak:0.03M | Scene, ViewLayer | Updating Mesh | Computing normals
Fra:11 Mem:9.14M (Peak 9.75M) | Time:00:00.00 | Mem:0.02M, Peak:0.03M | Scene, ViewLayer | Updating Mesh | Copying Mesh to device
Fra:11 Mem:9.14M (Peak 9.75M) | Time:00:00.00 | Mem:0.03M, Peak:0.03M | Scene, ViewLayer | Updating Objects Flags
Fra:11 Mem:9.14M (Peak 9.75M) | Time:00:00.00 | Mem:0.03M, Peak:0.03M | Scene, ViewLayer | Updating Primitive Offsets
Fra:11 Mem:9.14M (Peak 9.75M) | Time:00:00.00 | Mem:0.03M, Peak:0.03M | Scene, ViewLayer | Updating Images
Fra:11 Mem:9.14M (Peak 9.75M) | Time:00:00.00 | Mem:0.03M, Peak:0.03M | Scene, ViewLayer | Updating Camera Volume
Fra:11 Mem:9.14M (Peak 9.75M) | Time:00:00.00 | Mem:0.03M, Peak:0.03M | Scene, ViewLayer | Updating Lookup Tables
Fra:11 Mem:9.14M (Peak 9.75M) | Time:00:00.00 | Mem:0.11M, Peak:0.11M | Scene, ViewLayer | Updating Lights
Fra:11 Mem:9.14M (Peak 9.75M) | Time:00:00.00 | Mem:0.11M, Peak:0.11M | Scene, ViewLayer | Updating Lights | Computing tree
Fra:11 Mem:9.14M (Peak 9.75M) | Time:00:00.00 | Mem:0.12M, Peak:0.12M | Scene, ViewLayer | Updating Integrator
Fra:11 Mem:9.14M (Peak 9.75M) | Time:00:00.00 | Mem:0.12M, Peak:0.12M | Scene, ViewLayer | Updating Film
Fra:11 Mem:9.15M (Peak 9.75M) | Time:00:00.00 | Mem:0.04M, Peak:0.12M | Scene, ViewLayer | Updating Lookup Tables
Fra:11 Mem:9.15M (Peak 9.75M) | Time:00:00.00 | Mem:0.12M, Peak:0.12M | Scene, ViewLayer | Updating Baking
Fra:11 Mem:9.15M (Peak 9.75M) | Time:00:00.00 | Mem:0.12M, Peak:0.12M | Scene, ViewLayer | Updating Device | Writing constant memory
Fra:11 Mem:9.15M (Peak 9.75M) | Time:00:00.00 | Mem:0.12M, Peak:0.12M | Scene, ViewLayer | Sample 0/8
Fra:11 Mem:9.75M (Peak 9.75M) | Time:00:00.00 | Remaining:00:00.01 | Mem:0.69M, Peak:0.69M | Scene, ViewLayer | Sample 1/8
Fra:11 Mem:10.00M (Peak 10.00M) | Time:00:00.01 | Mem:0.69M, Peak:0.69M | Scene, ViewLayer | Sample 8/8
Fra:11 Mem:10.00M (Peak 10.00M) | Time:00:00.01 | Mem:0.69M, Peak:0.69M | Scene, ViewLayer | Finished
Saved: '/home/terence/Documents/Codex/2026-09-06/realtime-voice-chat-3/outputs/butterfly-method-comparison/blender-v2/raw/view000_frame02.png'
Time: 00:00.01 (Saving: 00:00.00)

Fra:11 Mem:9.74M (Peak 9.74M) | Time:00:00.00 | Mem:0.00M, Peak:0.00M | Scene, ViewLayer | Synchronizing object | Thorax
Fra:11 Mem:9.74M (Peak 9.74M) | Time:00:00.00 | Mem:0.00M, Peak:0.00M | Scene, ViewLayer | Synchronizing object | L continuous fore-hind wing
Fra:11 Mem:9.74M (Peak 9.74M) | Time:00:00.00 | Mem:0.00M, Peak:0.00M | Scene, ViewLayer | Synchronizing object | Abdomen tip
Fra:11 Mem:9.74M (Peak 9.74M) | Time:00:00.00 | Mem:0.00M, Peak:0.00M | Scene, ViewLayer | Synchronizing object | Antenna
Fra:11 Mem:9.74M (Peak 9.74M) | Time:00:00.00 | Mem:0.00M, Peak:0.00M | Scene, ViewLayer | Synchronizing object | R continuous fore-hind wing
Fra:11 Mem:9.75M (Peak 9.75M) | Time:00:00.00 | Mem:0.00M, Peak:0.00M | Scene, ViewLayer | Initializing
Fra:11 Mem:9.04M (Peak 9.75M) | Time:00:00.00 | Mem:0.00M, Peak:0.00M | Scene, ViewLayer | Waiting for render to start
Fra:11 Mem:9.04M (Peak 9.75M) | Time:00:00.00 | Mem:0.00M, Peak:0.00M | Scene, ViewLayer | Updating Scene
Fra:11 Mem:9.04M (Peak 9.75M) | Time:00:00.00 | Mem:0.00M, Peak:0.00M | Scene, ViewLayer | Updating Shaders
Fra:11 Mem:9.04M (Peak 9.75M) | Time:00:00.00 | Mem:0.00M, Peak:0.00M | Scene, ViewLayer | Loading render kernels (may take a few minutes the first time)
Fra:11 Mem:9.13M (Peak 9.75M) | Time:00:00.00 | Mem:0.00M, Peak:0.00M | Scene, ViewLayer | Updating Procedurals
Fra:11 Mem:9.13M (Peak 9.75M) | Time:00:00.00 | Mem:0.00M, Peak:0.00M | Scene, ViewLayer | Updating Background
Fra:11 Mem:9.13M (Peak 9.75M) | Time:00:00.00 | Mem:0.00M, Peak:0.00M | Scene, ViewLayer | Updating Camera
Fra:11 Mem:9.13M (Peak 9.75M) | Time:00:00.00 | Mem:0.00M, Peak:0.00M | Scene, ViewLayer | Updating Meshes Flags
Fra:11 Mem:9.13M (Peak 9.75M) | Time:00:00.00 | Mem:0.00M, Peak:0.00M | Scene, ViewLayer | Updating Objects
Fra:11 Mem:9.13M (Peak 9.75M) | Time:00:00.00 | Mem:0.00M, Peak:0.00M | Scene, ViewLayer | Updating Objects | Copying Transformations to device
Fra:11 Mem:9.13M (Peak 9.75M) | Time:00:00.00 | Mem:0.01M, Peak:0.01M | Scene, ViewLayer | Updating Particle Systems
Fra:11 Mem:9.13M (Peak 9.75M) | Time:00:00.00 | Mem:0.01M, Peak:0.01M | Scene, ViewLayer | Updating Particle Systems | Copying Particles to device
Fra:11 Mem:9.13M (Peak 9.75M) | Time:00:00.00 | Mem:0.01M, Peak:0.01M | Scene, ViewLayer | Updating Meshes
Fra:11 Mem:9.13M (Peak 9.75M) | Time:00:00.00 | Mem:0.01M, Peak:0.01M | Scene, ViewLayer | Updating Objects | Applying Static Transformations
Fra:11 Mem:9.13M (Peak 9.75M) | Time:00:00.00 | Mem:0.01M, Peak:0.01M | Scene, ViewLayer | Updating Mesh | Computing attributes
Fra:11 Mem:9.13M (Peak 9.75M) | Time:00:00.00 | Mem:0.01M, Peak:0.01M | Scene, ViewLayer | Updating Mesh | Copying Attributes to device
Fra:11 Mem:9.13M (Peak 9.75M) | Time:00:00.00 | Mem:0.01M, Peak:0.01M | Scene, ViewLayer | Updating Scene BVH | Building
Fra:11 Mem:9.13M (Peak 9.75M) | Time:00:00.00 | Mem:0.01M, Peak:0.01M | Scene, ViewLayer | Updating Scene BVH | Building BVH
Fra:11 Mem:9.13M (Peak 9.75M) | Time:00:00.00 | Mem:0.02M, Peak:0.03M | Scene, ViewLayer | Updating Scene BVH | Copying BVH to device
Fra:11 Mem:9.13M (Peak 9.75M) | Time:00:00.00 | Mem:0.02M, Peak:0.03M | Scene, ViewLayer | Updating Mesh | Computing normals
Fra:11 Mem:9.14M (Peak 9.75M) | Time:00:00.00 | Mem:0.02M, Peak:0.03M | Scene, ViewLayer | Updating Mesh | Copying Mesh to device
Fra:11 Mem:9.14M (Peak 9.75M) | Time:00:00.00 | Mem:0.03M, Peak:0.03M | Scene, ViewLayer | Updating Objects Flags
Fra:11 Mem:9.14M (Peak 9.75M) | Time:00:00.00 | Mem:0.03M, Peak:0.03M | Scene, ViewLayer | Updating Primitive Offsets
Fra:11 Mem:9.14M (Peak 9.75M) | Time:00:00.00 | Mem:0.03M, Peak:0.03M | Scene, ViewLayer | Updating Images
Fra:11 Mem:9.14M (Peak 9.75M) | Time:00:00.00 | Mem:0.03M, Peak:0.03M | Scene, ViewLayer | Updating Camera Volume
Fra:11 Mem:9.14M (Peak 9.75M) | Time:00:00.00 | Mem:0.03M, Peak:0.03M | Scene, ViewLayer | Updating Lookup Tables
Fra:11 Mem:9.14M (Peak 9.75M) | Time:00:00.00 | Mem:0.11M, Peak:0.11M | Scene, ViewLayer | Updating Lights
Fra:11 Mem:9.14M (Peak 9.75M) | Time:00:00.00 | Mem:0.11M, Peak:0.11M | Scene, ViewLayer | Updating Lights | Computing tree
Fra:11 Mem:9.14M (Peak 9.75M) | Time:00:00.00 | Mem:0.12M, Peak:0.12M | Scene, ViewLayer | Updating Integrator
Fra:11 Mem:9.14M (Peak 9.75M) | Time:00:00.00 | Mem:0.12M, Peak:0.12M | Scene, ViewLayer | Updating Film
Fra:11 Mem:9.15M (Peak 9.75M) | Time:00:00.00 | Mem:0.04M, Peak:0.12M | Scene, ViewLayer | Updating Lookup Tables
Fra:11 Mem:9.15M (Peak 9.75M) | Time:00:00.00 | Mem:0.12M, Peak:0.12M | Scene, ViewLayer | Updating Baking
Fra:11 Mem:9.15M (Peak 9.75M) | Time:00:00.00 | Mem:0.12M, Peak:0.12M | Scene, ViewLayer | Updating Device | Writing constant memory
Fra:11 Mem:9.15M (Peak 9.75M) | Time:00:00.00 | Mem:0.12M, Peak:0.12M | Scene, ViewLayer | Sample 0/1
Fra:11 Mem:9.20M (Peak 9.75M) | Time:00:00.00 | Mem:0.13M, Peak:0.13M | Scene, ViewLayer | Sample 1/1
Fra:11 Mem:9.20M (Peak 9.75M) | Time:00:00.00 | Mem:0.13M, Peak:0.13M | Scene, ViewLayer | Finished
Saved: '/home/terence/Documents/Codex/2026-09-06/realtime-voice-chat-3/outputs/butterfly-method-comparison/blender-v2/raw/native16/view000_frame02.png'
Time: 00:00.00 (Saving: 00:00.00)

Fra:11 Mem:9.74M (Peak 9.74M) | Time:00:00.00 | Mem:0.00M, Peak:0.00M | Scene, ViewLayer | Synchronizing object | Thorax
Fra:11 Mem:9.74M (Peak 9.74M) | Time:00:00.00 | Mem:0.00M, Peak:0.00M | Scene, ViewLayer | Synchronizing object | Abdomen
Fra:11 Mem:9.74M (Peak 9.74M) | Time:00:00.00 | Mem:0.00M, Peak:0.00M | Scene, ViewLayer | Synchronizing object | Abdomen tip
Fra:11 Mem:9.74M (Peak 9.74M) | Time:00:00.00 | Mem:0.00M, Peak:0.00M | Scene, ViewLayer | Synchronizing object | Antenna
Fra:11 Mem:9.74M (Peak 9.74M) | Time:00:00.00 | Mem:0.00M, Peak:0.00M | Scene, ViewLayer | Synchronizing object | Antenna.001
Fra:11 Mem:9.74M (Peak 9.74M) | Time:00:00.00 | Mem:0.00M, Peak:0.00M | Scene, ViewLayer | Synchronizing object | R continuous fore-hind wing
Fra:11 Mem:9.75M (Peak 9.75M) | Time:00:00.00 | Mem:0.00M, Peak:0.00M | Scene, ViewLayer | Initializing
Fra:11 Mem:9.04M (Peak 9.75M) | Time:00:00.00 | Mem:0.00M, Peak:0.00M | Scene, ViewLayer | Waiting for render to start
Fra:11 Mem:9.04M (Peak 9.75M) | Time:00:00.00 | Mem:0.00M, Peak:0.00M | Scene, ViewLayer | Updating Scene
Fra:11 Mem:9.04M (Peak 9.75M) | Time:00:00.00 | Mem:0.00M, Peak:0.00M | Scene, ViewLayer | Updating Shaders
Fra:11 Mem:9.04M (Peak 9.75M) | Time:00:00.00 | Mem:0.00M, Peak:0.00M | Scene, ViewLayer | Loading render kernels (may take a few minutes the first time)
Fra:11 Mem:9.13M (Peak 9.75M) | Time:00:00.00 | Mem:0.00M, Peak:0.00M | Scene, ViewLayer | Updating Procedurals
Fra:11 Mem:9.13M (Peak 9.75M) | Time:00:00.00 | Mem:0.00M, Peak:0.00M | Scene, ViewLayer | Updating Background
Fra:11 Mem:9.13M (Peak 9.75M) | Time:00:00.00 | Mem:0.00M, Peak:0.00M | Scene, ViewLayer | Updating Camera
Fra:11 Mem:9.13M (Peak 9.75M) | Time:00:00.00 | Mem:0.00M, Peak:0.00M | Scene, ViewLayer | Updating Meshes Flags
Fra:11 Mem:9.13M (Peak 9.75M) | Time:00:00.00 | Mem:0.00M, Peak:0.00M | Scene, ViewLayer | Updating Objects
Fra:11 Mem:9.13M (Peak 9.75M) | Time:00:00.00 | Mem:0.00M, Peak:0.00M | Scene, ViewLayer | Updating Objects | Copying Transformations to device
Fra:11 Mem:9.13M (Peak 9.75M) | Time:00:00.00 | Mem:0.01M, Peak:0.01M | Scene, ViewLayer | Updating Particle Systems
Fra:11 Mem:9.13M (Peak 9.75M) | Time:00:00.00 | Mem:0.01M, Peak:0.01M | Scene, ViewLayer | Updating Particle Systems | Copying Particles to device
Fra:11 Mem:9.13M (Peak 9.75M) | Time:00:00.00 | Mem:0.01M, Peak:0.01M | Scene, ViewLayer | Updating Meshes
Fra:11 Mem:9.13M (Peak 9.75M) | Time:00:00.00 | Mem:0.01M, Peak:0.01M | Scene, ViewLayer | Updating Objects | Applying Static Transformations
Fra:11 Mem:9.13M (Peak 9.75M) | Time:00:00.00 | Mem:0.01M, Peak:0.01M | Scene, ViewLayer | Updating Mesh | Computing attributes
Fra:11 Mem:9.13M (Peak 9.75M) | Time:00:00.00 | Mem:0.01M, Peak:0.01M | Scene, ViewLayer | Updating Mesh | Copying Attributes to device
Fra:11 Mem:9.13M (Peak 9.75M) | Time:00:00.00 | Mem:0.01M, Peak:0.01M | Scene, ViewLayer | Updating Scene BVH | Building
Fra:11 Mem:9.13M (Peak 9.75M) | Time:00:00.00 | Mem:0.01M, Peak:0.01M | Scene, ViewLayer | Updating Scene BVH | Building BVH
Fra:11 Mem:9.13M (Peak 9.75M) | Time:00:00.00 | Mem:0.02M, Peak:0.03M | Scene, ViewLayer | Updating Scene BVH | Copying BVH to device
Fra:11 Mem:9.13M (Peak 9.75M) | Time:00:00.00 | Mem:0.02M, Peak:0.03M | Scene, ViewLayer | Updating Mesh | Computing normals
Fra:11 Mem:9.14M (Peak 9.75M) | Time:00:00.00 | Mem:0.02M, Peak:0.03M | Scene, ViewLayer | Updating Mesh | Copying Mesh to device
Fra:11 Mem:9.14M (Peak 9.75M) | Time:00:00.00 | Mem:0.03M, Peak:0.03M | Scene, ViewLayer | Updating Objects Flags
Fra:11 Mem:9.14M (Peak 9.75M) | Time:00:00.00 | Mem:0.03M, Peak:0.03M | Scene, ViewLayer | Updating Primitive Offsets
Fra:11 Mem:9.14M (Peak 9.75M) | Time:00:00.00 | Mem:0.03M, Peak:0.03M | Scene, ViewLayer | Updating Images
Fra:11 Mem:9.14M (Peak 9.75M) | Time:00:00.00 | Mem:0.03M, Peak:0.03M | Scene, ViewLayer | Updating Camera Volume
Fra:11 Mem:9.14M (Peak 9.75M) | Time:00:00.00 | Mem:0.03M, Peak:0.03M | Scene, ViewLayer | Updating Lookup Tables
Fra:11 Mem:9.14M (Peak 9.75M) | Time:00:00.00 | Mem:0.11M, Peak:0.11M | Scene, ViewLayer | Updating Lights
Fra:11 Mem:9.14M (Peak 9.75M) | Time:00:00.00 | Mem:0.11M, Peak:0.11M | Scene, ViewLayer | Updating Lights | Computing tree
Fra:11 Mem:9.14M (Peak 9.75M) | Time:00:00.00 | Mem:0.12M, Peak:0.12M | Scene, ViewLayer | Updating Integrator
Fra:11 Mem:9.14M (Peak 9.75M) | Time:00:00.00 | Mem:0.12M, Peak:0.12M | Scene, ViewLayer | Updating Film
Fra:11 Mem:9.15M (Peak 9.75M) | Time:00:00.00 | Mem:0.04M, Peak:0.12M | Scene, ViewLayer | Updating Lookup Tables
Fra:11 Mem:9.15M (Peak 9.75M) | Time:00:00.00 | Mem:0.12M, Peak:0.12M | Scene, ViewLayer | Updating Baking
Fra:11 Mem:9.15M (Peak 9.75M) | Time:00:00.00 | Mem:0.12M, Peak:0.12M | Scene, ViewLayer | Updating Device | Writing constant memory
Fra:11 Mem:9.15M (Peak 9.75M) | Time:00:00.00 | Mem:0.12M, Peak:0.12M | Scene, ViewLayer | Sample 0/1
Fra:11 Mem:9.24M (Peak 9.75M) | Time:00:00.00 | Mem:0.16M, Peak:0.16M | Scene, ViewLayer | Sample 1/1
Fra:11 Mem:9.24M (Peak 9.75M) | Time:00:00.00 | Mem:0.16M, Peak:0.16M | Scene, ViewLayer | Finished
Saved: '/home/terence/Documents/Codex/2026-09-06/realtime-voice-chat-3/outputs/butterfly-method-comparison/blender-v2/raw/native32/view000_frame02.png'
Time: 00:00.00 (Saving: 00:00.00)

Fra:11 Mem:9.67M (Peak 9.67M) | Time:00:00.00 | Mem:0.00M, Peak:0.00M | Scene, ViewLayer | Synchronizing object | Thorax
Fra:11 Mem:9.67M (Peak 9.67M) | Time:00:00.00 | Mem:0.00M, Peak:0.00M | Scene, ViewLayer | Synchronizing object | Antenna.001
Fra:11 Mem:9.67M (Peak 9.67M) | Time:00:00.00 | Mem:0.00M, Peak:0.00M | Scene, ViewLayer | Synchronizing object | Abdomen
Fra:11 Mem:9.67M (Peak 9.67M) | Time:00:00.00 | Mem:0.00M, Peak:0.00M | Scene, ViewLayer | Synchronizing object | Abdomen tip
Fra:11 Mem:9.68M (Peak 9.68M) | Time:00:00.00 | Mem:0.00M, Peak:0.00M | Scene, ViewLayer | Synchronizing object | Antenna
Fra:11 Mem:9.68M (Peak 9.68M) | Time:00:00.00 | Mem:0.00M, Peak:0.00M | Scene, ViewLayer | Initializing
Fra:11 Mem:9.03M (Peak 9.68M) | Time:00:00.00 | Mem:0.00M, Peak:0.00M | Scene, ViewLayer | Waiting for render to start
Fra:11 Mem:9.03M (Peak 9.68M) | Time:00:00.00 | Mem:0.00M, Peak:0.00M | Scene, ViewLayer | Updating Scene
Fra:11 Mem:9.03M (Peak 9.68M) | Time:00:00.00 | Mem:0.00M, Peak:0.00M | Scene, ViewLayer | Updating Shaders
Fra:11 Mem:9.03M (Peak 9.68M) | Time:00:00.00 | Mem:0.00M, Peak:0.00M | Scene, ViewLayer | Loading render kernels (may take a few minutes the first time)
Fra:11 Mem:9.12M (Peak 9.68M) | Time:00:00.00 | Mem:0.00M, Peak:0.00M | Scene, ViewLayer | Updating Procedurals
Fra:11 Mem:9.12M (Peak 9.68M) | Time:00:00.00 | Mem:0.00M, Peak:0.00M | Scene, ViewLayer | Updating Background
Fra:11 Mem:9.12M (Peak 9.68M) | Time:00:00.00 | Mem:0.00M, Peak:0.00M | Scene, ViewLayer | Updating Camera
Fra:11 Mem:9.12M (Peak 9.68M) | Time:00:00.00 | Mem:0.00M, Peak:0.00M | Scene, ViewLayer | Updating Meshes Flags
Fra:11 Mem:9.12M (Peak 9.68M) | Time:00:00.00 | Mem:0.00M, Peak:0.00M | Scene, ViewLayer | Updating Objects
Fra:11 Mem:9.12M (Peak 9.68M) | Time:00:00.00 | Mem:0.00M, Peak:0.00M | Scene, ViewLayer | Updating Objects | Copying Transformations to device
Fra:11 Mem:9.12M (Peak 9.68M) | Time:00:00.00 | Mem:0.00M, Peak:0.00M | Scene, ViewLayer | Updating Particle Systems
Fra:11 Mem:9.12M (Peak 9.68M) | Time:00:00.00 | Mem:0.00M, Peak:0.00M | Scene, ViewLayer | Updating Particle Systems | Copying Particles to device
Fra:11 Mem:9.12M (Peak 9.68M) | Time:00:00.00 | Mem:0.00M, Peak:0.00M | Scene, ViewLayer | Updating Meshes
Fra:11 Mem:9.12M (Peak 9.68M) | Time:00:00.00 | Mem:0.00M, Peak:0.00M | Scene, ViewLayer | Updating Objects | Applying Static Transformations
Fra:11 Mem:9.12M (Peak 9.68M) | Time:00:00.00 | Mem:0.00M, Peak:0.00M | Scene, ViewLayer | Updating Mesh | Computing attributes
Fra:11 Mem:9.12M (Peak 9.68M) | Time:00:00.00 | Mem:0.01M, Peak:0.01M | Scene, ViewLayer | Updating Mesh | Copying Attributes to device
Fra:11 Mem:9.12M (Peak 9.68M) | Time:00:00.00 | Mem:0.01M, Peak:0.01M | Scene, ViewLayer | Updating Scene BVH | Building
Fra:11 Mem:9.12M (Peak 9.68M) | Time:00:00.00 | Mem:0.01M, Peak:0.01M | Scene, ViewLayer | Updating Scene BVH | Building BVH
Fra:11 Mem:9.12M (Peak 9.68M) | Time:00:00.00 | Mem:0.01M, Peak:0.01M | Scene, ViewLayer | Updating Scene BVH | Copying BVH to device
Fra:11 Mem:9.12M (Peak 9.68M) | Time:00:00.00 | Mem:0.01M, Peak:0.01M | Scene, ViewLayer | Updating Mesh | Computing normals
Fra:11 Mem:9.12M (Peak 9.68M) | Time:00:00.00 | Mem:0.01M, Peak:0.01M | Scene, ViewLayer | Updating Mesh | Copying Mesh to device
Fra:11 Mem:9.12M (Peak 9.68M) | Time:00:00.00 | Mem:0.01M, Peak:0.01M | Scene, ViewLayer | Updating Objects Flags
Fra:11 Mem:9.12M (Peak 9.68M) | Time:00:00.00 | Mem:0.01M, Peak:0.01M | Scene, ViewLayer | Updating Primitive Offsets
Fra:11 Mem:9.12M (Peak 9.68M) | Time:00:00.00 | Mem:0.01M, Peak:0.01M | Scene, ViewLayer | Updating Images
Fra:11 Mem:9.12M (Peak 9.68M) | Time:00:00.00 | Mem:0.01M, Peak:0.01M | Scene, ViewLayer | Updating Camera Volume
Fra:11 Mem:9.12M (Peak 9.68M) | Time:00:00.00 | Mem:0.01M, Peak:0.01M | Scene, ViewLayer | Updating Lookup Tables
Fra:11 Mem:9.12M (Peak 9.68M) | Time:00:00.00 | Mem:0.09M, Peak:0.09M | Scene, ViewLayer | Updating Lights
Fra:11 Mem:9.12M (Peak 9.68M) | Time:00:00.00 | Mem:0.09M, Peak:0.09M | Scene, ViewLayer | Updating Lights | Computing tree
Fra:11 Mem:9.12M (Peak 9.68M) | Time:00:00.00 | Mem:0.09M, Peak:0.09M | Scene, ViewLayer | Updating Integrator
Fra:11 Mem:9.12M (Peak 9.68M) | Time:00:00.00 | Mem:0.09M, Peak:0.09M | Scene, ViewLayer | Updating Film
Fra:11 Mem:9.13M (Peak 9.68M) | Time:00:00.00 | Mem:0.01M, Peak:0.09M | Scene, ViewLayer | Updating Lookup Tables
Fra:11 Mem:9.13M (Peak 9.68M) | Time:00:00.00 | Mem:0.10M, Peak:0.10M | Scene, ViewLayer | Updating Baking
Fra:11 Mem:9.13M (Peak 9.68M) | Time:00:00.00 | Mem:0.10M, Peak:0.10M | Scene, ViewLayer | Updating Device | Writing constant memory
Fra:11 Mem:9.13M (Peak 9.68M) | Time:00:00.00 | Mem:0.10M, Peak:0.10M | Scene, ViewLayer | Sample 0/1
Fra:11 Mem:9.18M (Peak 9.68M) | Time:00:00.00 | Mem:0.11M, Peak:0.11M | Scene, ViewLayer | Sample 1/1
Fra:11 Mem:9.18M (Peak 9.68M) | Time:00:00.00 | Mem:0.11M, Peak:0.11M | Scene, ViewLayer | Finished
Saved: '/home/terence/Documents/Codex/2026-09-06/realtime-voice-chat-3/outputs/butterfly-method-comparison/blender-v2/raw/body-only/view000_frame02.png'
Time: 00:00.00 (Saving: 00:00.00)

Fra:11 Mem:9.71M (Peak 9.71M) | Time:00:00.00 | Mem:0.00M, Peak:0.00M | Scene, ViewLayer | Synchronizing object | Thorax
Fra:11 Mem:9.71M (Peak 9.71M) | Time:00:00.00 | Mem:0.00M, Peak:0.00M | Scene, ViewLayer | Synchronizing object | Abdomen
Fra:11 Mem:9.71M (Peak 9.71M) | Time:00:00.00 | Mem:0.00M, Peak:0.00M | Scene, ViewLayer | Synchronizing object | L continuous fore-hind wing
Fra:11 Mem:9.71M (Peak 9.71M) | Time:00:00.00 | Mem:0.00M, Peak:0.00M | Scene, ViewLayer | Synchronizing object | Antenna
Fra:11 Mem:9.72M (Peak 9.72M) | Time:00:00.00 | Mem:0.00M, Peak:0.00M | Scene, ViewLayer | Synchronizing object | Antenna.001
Fra:11 Mem:9.72M (Peak 9.72M) | Time:00:00.00 | Mem:0.00M, Peak:0.00M | Scene, ViewLayer | Synchronizing object | R continuous fore-hind wing
Fra:11 Mem:9.72M (Peak 9.72M) | Time:00:00.00 | Mem:0.00M, Peak:0.00M | Scene, ViewLayer | Initializing
Fra:11 Mem:9.03M (Peak 9.72M) | Time:00:00.00 | Mem:0.00M, Peak:0.00M | Scene, ViewLayer | Waiting for render to start
Fra:11 Mem:9.03M (Peak 9.72M) | Time:00:00.00 | Mem:0.00M, Peak:0.00M | Scene, ViewLayer | Updating Scene
Fra:11 Mem:9.03M (Peak 9.72M) | Time:00:00.00 | Mem:0.00M, Peak:0.00M | Scene, ViewLayer | Updating Shaders
Fra:11 Mem:9.03M (Peak 9.72M) | Time:00:00.00 | Mem:0.00M, Peak:0.00M | Scene, ViewLayer | Loading render kernels (may take a few minutes the first time)
Fra:11 Mem:9.11M (Peak 9.72M) | Time:00:00.00 | Mem:0.00M, Peak:0.00M | Scene, ViewLayer | Updating Procedurals
Fra:11 Mem:9.11M (Peak 9.72M) | Time:00:00.00 | Mem:0.00M, Peak:0.00M | Scene, ViewLayer | Updating Background
Fra:11 Mem:9.11M (Peak 9.72M) | Time:00:00.00 | Mem:0.00M, Peak:0.00M | Scene, ViewLayer | Updating Camera
Fra:11 Mem:9.11M (Peak 9.72M) | Time:00:00.00 | Mem:0.00M, Peak:0.00M | Scene, ViewLayer | Updating Meshes Flags
Fra:11 Mem:9.11M (Peak 9.72M) | Time:00:00.00 | Mem:0.00M, Peak:0.00M | Scene, ViewLayer | Updating Objects
Fra:11 Mem:9.11M (Peak 9.72M) | Time:00:00.00 | Mem:0.00M, Peak:0.00M | Scene, ViewLayer | Updating Objects | Copying Transformations to device
Fra:11 Mem:9.11M (Peak 9.72M) | Time:00:00.00 | Mem:0.01M, Peak:0.01M | Scene, ViewLayer | Updating Particle Systems
Fra:11 Mem:9.11M (Peak 9.72M) | Time:00:00.00 | Mem:0.01M, Peak:0.01M | Scene, ViewLayer | Updating Particle Systems | Copying Particles to device
Fra:11 Mem:9.11M (Peak 9.72M) | Time:00:00.00 | Mem:0.01M, Peak:0.01M | Scene, ViewLayer | Updating Meshes
Fra:11 Mem:9.11M (Peak 9.72M) | Time:00:00.00 | Mem:0.01M, Peak:0.01M | Scene, ViewLayer | Updating Objects | Applying Static Transformations
Fra:11 Mem:9.11M (Peak 9.72M) | Time:00:00.00 | Mem:0.01M, Peak:0.01M | Scene, ViewLayer | Updating Mesh | Computing attributes
Fra:11 Mem:9.12M (Peak 9.72M) | Time:00:00.00 | Mem:0.01M, Peak:0.01M | Scene, ViewLayer | Updating Mesh | Copying Attributes to device
Fra:11 Mem:9.12M (Peak 9.72M) | Time:00:00.00 | Mem:0.01M, Peak:0.01M | Scene, ViewLayer | Updating Scene BVH | Building
Fra:11 Mem:9.12M (Peak 9.72M) | Time:00:00.00 | Mem:0.01M, Peak:0.01M | Scene, ViewLayer | Updating Scene BVH | Building BVH
Fra:11 Mem:9.12M (Peak 9.72M) | Time:00:00.00 | Mem:0.02M, Peak:0.03M | Scene, ViewLayer | Updating Scene BVH | Copying BVH to device
Fra:11 Mem:9.12M (Peak 9.72M) | Time:00:00.00 | Mem:0.02M, Peak:0.03M | Scene, ViewLayer | Updating Mesh | Computing normals
Fra:11 Mem:9.12M (Peak 9.72M) | Time:00:00.00 | Mem:0.02M, Peak:0.03M | Scene, ViewLayer | Updating Mesh | Copying Mesh to device
Fra:11 Mem:9.12M (Peak 9.72M) | Time:00:00.00 | Mem:0.03M, Peak:0.03M | Scene, ViewLayer | Updating Objects Flags
Fra:11 Mem:9.12M (Peak 9.72M) | Time:00:00.00 | Mem:0.03M, Peak:0.03M | Scene, ViewLayer | Updating Primitive Offsets
Fra:11 Mem:9.12M (Peak 9.72M) | Time:00:00.00 | Mem:0.03M, Peak:0.03M | Scene, ViewLayer | Updating Images
Fra:11 Mem:9.12M (Peak 9.72M) | Time:00:00.00 | Mem:0.03M, Peak:0.03M | Scene, ViewLayer | Updating Camera Volume
Fra:11 Mem:9.12M (Peak 9.72M) | Time:00:00.00 | Mem:0.03M, Peak:0.03M | Scene, ViewLayer | Updating Lookup Tables
Fra:11 Mem:9.12M (Peak 9.72M) | Time:00:00.00 | Mem:0.11M, Peak:0.11M | Scene, ViewLayer | Updating Lights
Fra:11 Mem:9.12M (Peak 9.72M) | Time:00:00.00 | Mem:0.11M, Peak:0.11M | Scene, ViewLayer | Updating Lights | Computing tree
Fra:11 Mem:9.13M (Peak 9.72M) | Time:00:00.00 | Mem:0.12M, Peak:0.12M | Scene, ViewLayer | Updating Integrator
Fra:11 Mem:9.13M (Peak 9.72M) | Time:00:00.00 | Mem:0.12M, Peak:0.12M | Scene, ViewLayer | Updating Film
Fra:11 Mem:9.13M (Peak 9.72M) | Time:00:00.00 | Mem:0.04M, Peak:0.12M | Scene, ViewLayer | Updating Lookup Tables
Fra:11 Mem:9.13M (Peak 9.72M) | Time:00:00.00 | Mem:0.12M, Peak:0.12M | Scene, ViewLayer | Updating Baking
Fra:11 Mem:9.13M (Peak 9.72M) | Time:00:00.00 | Mem:0.12M, Peak:0.12M | Scene, ViewLayer | Updating Device | Writing constant memory
Fra:11 Mem:9.14M (Peak 9.72M) | Time:00:00.00 | Mem:0.12M, Peak:0.12M | Scene, ViewLayer | Sample 0/1
Fra:11 Mem:9.19M (Peak 9.72M) | Time:00:00.00 | Mem:0.13M, Peak:0.13M | Scene, ViewLayer | Sample 1/1
Fra:11 Mem:9.19M (Peak 9.72M) | Time:00:00.00 | Mem:0.13M, Peak:0.13M | Scene, ViewLayer | Finished
Saved: '/home/terence/Documents/Codex/2026-09-06/realtime-voice-chat-3/outputs/butterfly-method-comparison/blender-v2/raw/no-abdomen-lag/view000_frame02.png'
Time: 00:00.00 (Saving: 00:00.00)

Fra:11 Mem:9.69M (Peak 9.69M) | Time:00:00.00 | Mem:0.00M, Peak:0.00M | Scene, ViewLayer | Synchronizing object | Thorax
Fra:11 Mem:9.69M (Peak 9.69M) | Time:00:00.00 | Mem:0.00M, Peak:0.00M | Scene, ViewLayer | Synchronizing object | L continuous fore-hind wing
Fra:11 Mem:9.70M (Peak 9.70M) | Time:00:00.00 | Mem:0.00M, Peak:0.00M | Scene, ViewLayer | Synchronizing object | R continuous fore-hind wing
Fra:11 Mem:9.70M (Peak 9.70M) | Time:00:00.00 | Mem:0.00M, Peak:0.00M | Scene, ViewLayer | Synchronizing object | Antenna
Fra:11 Mem:9.70M (Peak 9.70M) | Time:00:00.00 | Mem:0.00M, Peak:0.00M | Scene, ViewLayer | Synchronizing object | Antenna.001
Fra:11 Mem:9.70M (Peak 9.70M) | Time:00:00.00 | Mem:0.00M, Peak:0.00M | Scene, ViewLayer | Initializing
Fra:11 Mem:9.02M (Peak 9.70M) | Time:00:00.00 | Mem:0.00M, Peak:0.00M | Scene, ViewLayer | Waiting for render to start
Fra:11 Mem:9.02M (Peak 9.70M) | Time:00:00.00 | Mem:0.00M, Peak:0.00M | Scene, ViewLayer | Updating Scene
Fra:11 Mem:9.02M (Peak 9.70M) | Time:00:00.00 | Mem:0.00M, Peak:0.00M | Scene, ViewLayer | Updating Shaders
Fra:11 Mem:9.02M (Peak 9.70M) | Time:00:00.00 | Mem:0.00M, Peak:0.00M | Scene, ViewLayer | Loading render kernels (may take a few minutes the first time)
Fra:11 Mem:9.10M (Peak 9.70M) | Time:00:00.00 | Mem:0.00M, Peak:0.00M | Scene, ViewLayer | Updating Procedurals
Fra:11 Mem:9.10M (Peak 9.70M) | Time:00:00.00 | Mem:0.00M, Peak:0.00M | Scene, ViewLayer | Updating Background
Fra:11 Mem:9.10M (Peak 9.70M) | Time:00:00.00 | Mem:0.00M, Peak:0.00M | Scene, ViewLayer | Updating Camera
Fra:11 Mem:9.10M (Peak 9.70M) | Time:00:00.00 | Mem:0.00M, Peak:0.00M | Scene, ViewLayer | Updating Meshes Flags
Fra:11 Mem:9.10M (Peak 9.70M) | Time:00:00.00 | Mem:0.00M, Peak:0.00M | Scene, ViewLayer | Updating Objects
Fra:11 Mem:9.10M (Peak 9.70M) | Time:00:00.00 | Mem:0.00M, Peak:0.00M | Scene, ViewLayer | Updating Objects | Copying Transformations to device
Fra:11 Mem:9.10M (Peak 9.70M) | Time:00:00.00 | Mem:0.01M, Peak:0.01M | Scene, ViewLayer | Updating Particle Systems
Fra:11 Mem:9.10M (Peak 9.70M) | Time:00:00.00 | Mem:0.01M, Peak:0.01M | Scene, ViewLayer | Updating Particle Systems | Copying Particles to device
Fra:11 Mem:9.10M (Peak 9.70M) | Time:00:00.00 | Mem:0.01M, Peak:0.01M | Scene, ViewLayer | Updating Meshes
Fra:11 Mem:9.10M (Peak 9.70M) | Time:00:00.00 | Mem:0.01M, Peak:0.01M | Scene, ViewLayer | Updating Objects | Applying Static Transformations
Fra:11 Mem:9.10M (Peak 9.70M) | Time:00:00.00 | Mem:0.01M, Peak:0.01M | Scene, ViewLayer | Updating Mesh | Computing attributes
Fra:11 Mem:9.11M (Peak 9.70M) | Time:00:00.00 | Mem:0.01M, Peak:0.01M | Scene, ViewLayer | Updating Mesh | Copying Attributes to device
Fra:11 Mem:9.11M (Peak 9.70M) | Time:00:00.00 | Mem:0.01M, Peak:0.01M | Scene, ViewLayer | Updating Scene BVH | Building
Fra:11 Mem:9.11M (Peak 9.70M) | Time:00:00.00 | Mem:0.01M, Peak:0.01M | Scene, ViewLayer | Updating Scene BVH | Building BVH
Fra:11 Mem:9.11M (Peak 9.70M) | Time:00:00.00 | Mem:0.02M, Peak:0.03M | Scene, ViewLayer | Updating Scene BVH | Copying BVH to device
Fra:11 Mem:9.11M (Peak 9.70M) | Time:00:00.00 | Mem:0.02M, Peak:0.03M | Scene, ViewLayer | Updating Mesh | Computing normals
Fra:11 Mem:9.11M (Peak 9.70M) | Time:00:00.00 | Mem:0.02M, Peak:0.03M | Scene, ViewLayer | Updating Mesh | Copying Mesh to device
Fra:11 Mem:9.11M (Peak 9.70M) | Time:00:00.00 | Mem:0.03M, Peak:0.03M | Scene, ViewLayer | Updating Objects Flags
Fra:11 Mem:9.11M (Peak 9.70M) | Time:00:00.00 | Mem:0.03M, Peak:0.03M | Scene, ViewLayer | Updating Primitive Offsets
Fra:11 Mem:9.11M (Peak 9.70M) | Time:00:00.00 | Mem:0.03M, Peak:0.03M | Scene, ViewLayer | Updating Images
Fra:11 Mem:9.11M (Peak 9.70M) | Time:00:00.00 | Mem:0.03M, Peak:0.03M | Scene, ViewLayer | Updating Camera Volume
Fra:11 Mem:9.11M (Peak 9.70M) | Time:00:00.00 | Mem:0.03M, Peak:0.03M | Scene, ViewLayer | Updating Lookup Tables
Fra:11 Mem:9.11M (Peak 9.70M) | Time:00:00.00 | Mem:0.11M, Peak:0.11M | Scene, ViewLayer | Updating Lights
Fra:11 Mem:9.11M (Peak 9.70M) | Time:00:00.00 | Mem:0.11M, Peak:0.11M | Scene, ViewLayer | Updating Lights | Computing tree
Fra:11 Mem:9.12M (Peak 9.70M) | Time:00:00.00 | Mem:0.12M, Peak:0.12M | Scene, ViewLayer | Updating Integrator
Fra:11 Mem:9.12M (Peak 9.70M) | Time:00:00.00 | Mem:0.12M, Peak:0.12M | Scene, ViewLayer | Updating Film
Fra:11 Mem:9.13M (Peak 9.70M) | Time:00:00.00 | Mem:0.04M, Peak:0.12M | Scene, ViewLayer | Updating Lookup Tables
Fra:11 Mem:9.13M (Peak 9.70M) | Time:00:00.00 | Mem:0.12M, Peak:0.12M | Scene, ViewLayer | Updating Baking
Fra:11 Mem:9.13M (Peak 9.70M) | Time:00:00.00 | Mem:0.12M, Peak:0.12M | Scene, ViewLayer | Updating Device | Writing constant memory
Fra:11 Mem:9.13M (Peak 9.70M) | Time:00:00.00 | Mem:0.12M, Peak:0.12M | Scene, ViewLayer | Sample 0/1
Fra:11 Mem:9.18M (Peak 9.70M) | Time:00:00.00 | Mem:0.13M, Peak:0.13M | Scene, ViewLayer | Sample 1/1
Fra:11 Mem:9.18M (Peak 9.70M) | Time:00:00.00 | Mem:0.13M, Peak:0.13M | Scene, ViewLayer | Finished
Saved: '/home/terence/Documents/Codex/2026-09-06/realtime-voice-chat-3/outputs/butterfly-method-comparison/blender-v2/raw/wing-only/view000_frame02.png'
Time: 00:00.00 (Saving: 00:00.00)

Fra:16 Mem:9.74M (Peak 9.74M) | Time:00:00.00 | Mem:0.00M, Peak:0.00M | Scene, ViewLayer | Synchronizing object | Thorax
Fra:16 Mem:9.74M (Peak 9.74M) | Time:00:00.00 | Mem:0.00M, Peak:0.00M | Scene, ViewLayer | Synchronizing object | Abdomen
Fra:16 Mem:9.74M (Peak 9.74M) | Time:00:00.00 | Mem:0.00M, Peak:0.00M | Scene, ViewLayer | Synchronizing object | Abdomen tip
Fra:16 Mem:9.74M (Peak 9.74M) | Time:00:00.00 | Mem:0.00M, Peak:0.00M | Scene, ViewLayer | Synchronizing object | Antenna
Fra:16 Mem:9.74M (Peak 9.74M) | Time:00:00.00 | Mem:0.00M, Peak:0.00M | Scene, ViewLayer | Synchronizing object | R continuous fore-hind wing
Fra:16 Mem:9.74M (Peak 9.74M) | Time:00:00.00 | Mem:0.00M, Peak:0.00M | Scene, ViewLayer | Synchronizing object | Antenna.001
Fra:16 Mem:9.75M (Peak 9.75M) | Time:00:00.00 | Mem:0.00M, Peak:0.00M | Scene, ViewLayer | Initializing
Fra:16 Mem:9.04M (Peak 9.75M) | Time:00:00.00 | Mem:0.00M, Peak:0.00M | Scene, ViewLayer | Waiting for render to start
Fra:16 Mem:9.04M (Peak 9.75M) | Time:00:00.00 | Mem:0.00M, Peak:0.00M | Scene, ViewLayer | Updating Scene
Fra:16 Mem:9.04M (Peak 9.75M) | Time:00:00.00 | Mem:0.00M, Peak:0.00M | Scene, ViewLayer | Updating Shaders
Fra:16 Mem:9.04M (Peak 9.75M) | Time:00:00.00 | Mem:0.00M, Peak:0.00M | Scene, ViewLayer | Loading render kernels (may take a few minutes the first time)
Fra:16 Mem:9.13M (Peak 9.75M) | Time:00:00.00 | Mem:0.00M, Peak:0.00M | Scene, ViewLayer | Updating Procedurals
Fra:16 Mem:9.13M (Peak 9.75M) | Time:00:00.00 | Mem:0.00M, Peak:0.00M | Scene, ViewLayer | Updating Background
Fra:16 Mem:9.13M (Peak 9.75M) | Time:00:00.00 | Mem:0.00M, Peak:0.00M | Scene, ViewLayer | Updating Camera
Fra:16 Mem:9.13M (Peak 9.75M) | Time:00:00.00 | Mem:0.00M, Peak:0.00M | Scene, ViewLayer | Updating Meshes Flags
Fra:16 Mem:9.13M (Peak 9.75M) | Time:00:00.00 | Mem:0.00M, Peak:0.00M | Scene, ViewLayer | Updating Objects
Fra:16 Mem:9.13M (Peak 9.75M) | Time:00:00.00 | Mem:0.00M, Peak:0.00M | Scene, ViewLayer | Updating Objects | Copying Transformations to device
Fra:16 Mem:9.13M (Peak 9.75M) | Time:00:00.00 | Mem:0.01M, Peak:0.01M | Scene, ViewLayer | Updating Particle Systems
Fra:16 Mem:9.13M (Peak 9.75M) | Time:00:00.00 | Mem:0.01M, Peak:0.01M | Scene, ViewLayer | Updating Particle Systems | Copying Particles to device
Fra:16 Mem:9.13M (Peak 9.75M) | Time:00:00.00 | Mem:0.01M, Peak:0.01M | Scene, ViewLayer | Updating Meshes
Fra:16 Mem:9.13M (Peak 9.75M) | Time:00:00.00 | Mem:0.01M, Peak:0.01M | Scene, ViewLayer | Updating Objects | Applying Static Transformations
Fra:16 Mem:9.13M (Peak 9.75M) | Time:00:00.00 | Mem:0.01M, Peak:0.01M | Scene, ViewLayer | Updating Mesh | Computing attributes
Fra:16 Mem:9.13M (Peak 9.75M) | Time:00:00.00 | Mem:0.01M, Peak:0.01M | Scene, ViewLayer | Updating Mesh | Copying Attributes to device
Fra:16 Mem:9.13M (Peak 9.75M) | Time:00:00.00 | Mem:0.01M, Peak:0.01M | Scene, ViewLayer | Updating Scene BVH | Building
Fra:16 Mem:9.13M (Peak 9.75M) | Time:00:00.00 | Mem:0.01M, Peak:0.01M | Scene, ViewLayer | Updating Scene BVH | Building BVH
Fra:16 Mem:9.13M (Peak 9.75M) | Time:00:00.00 | Mem:0.02M, Peak:0.03M | Scene, ViewLayer | Updating Scene BVH | Copying BVH to device
Fra:16 Mem:9.13M (Peak 9.75M) | Time:00:00.00 | Mem:0.02M, Peak:0.03M | Scene, ViewLayer | Updating Mesh | Computing normals
Fra:16 Mem:9.14M (Peak 9.75M) | Time:00:00.00 | Mem:0.02M, Peak:0.03M | Scene, ViewLayer | Updating Mesh | Copying Mesh to device
Fra:16 Mem:9.14M (Peak 9.75M) | Time:00:00.00 | Mem:0.03M, Peak:0.03M | Scene, ViewLayer | Updating Objects Flags
Fra:16 Mem:9.14M (Peak 9.75M) | Time:00:00.00 | Mem:0.03M, Peak:0.03M | Scene, ViewLayer | Updating Primitive Offsets
Fra:16 Mem:9.14M (Peak 9.75M) | Time:00:00.00 | Mem:0.03M, Peak:0.03M | Scene, ViewLayer | Updating Images
Fra:16 Mem:9.14M (Peak 9.75M) | Time:00:00.00 | Mem:0.03M, Peak:0.03M | Scene, ViewLayer | Updating Camera Volume
Fra:16 Mem:9.14M (Peak 9.75M) | Time:00:00.00 | Mem:0.03M, Peak:0.03M | Scene, ViewLayer | Updating Lookup Tables
Fra:16 Mem:9.14M (Peak 9.75M) | Time:00:00.00 | Mem:0.11M, Peak:0.11M | Scene, ViewLayer | Updating Lights
Fra:16 Mem:9.14M (Peak 9.75M) | Time:00:00.00 | Mem:0.11M, Peak:0.11M | Scene, ViewLayer | Updating Lights | Computing tree
Fra:16 Mem:9.14M (Peak 9.75M) | Time:00:00.00 | Mem:0.12M, Peak:0.12M | Scene, ViewLayer | Updating Integrator
Fra:16 Mem:9.14M (Peak 9.75M) | Time:00:00.00 | Mem:0.12M, Peak:0.12M | Scene, ViewLayer | Updating Film
Fra:16 Mem:9.15M (Peak 9.75M) | Time:00:00.00 | Mem:0.04M, Peak:0.12M | Scene, ViewLayer | Updating Lookup Tables
Fra:16 Mem:9.15M (Peak 9.75M) | Time:00:00.00 | Mem:0.12M, Peak:0.12M | Scene, ViewLayer | Updating Baking
Fra:16 Mem:9.15M (Peak 9.75M) | Time:00:00.00 | Mem:0.12M, Peak:0.12M | Scene, ViewLayer | Updating Device | Writing constant memory
Fra:16 Mem:9.15M (Peak 9.75M) | Time:00:00.00 | Mem:0.12M, Peak:0.12M | Scene, ViewLayer | Sample 0/8
Fra:16 Mem:9.75M (Peak 9.75M) | Time:00:00.00 | Remaining:00:00.01 | Mem:0.69M, Peak:0.69M | Scene, ViewLayer | Sample 1/8
Fra:16 Mem:10.00M (Peak 10.00M) | Time:00:00.01 | Mem:0.69M, Peak:0.69M | Scene, ViewLayer | Sample 8/8
Fra:16 Mem:10.00M (Peak 10.00M) | Time:00:00.01 | Mem:0.69M, Peak:0.69M | Scene, ViewLayer | Finished
Saved: '/home/terence/Documents/Codex/2026-09-06/realtime-voice-chat-3/outputs/butterfly-method-comparison/blender-v2/raw/view000_frame03.png'
Time: 00:00.01 (Saving: 00:00.00)

Fra:16 Mem:9.74M (Peak 9.74M) | Time:00:00.00 | Mem:0.00M, Peak:0.00M | Scene, ViewLayer | Synchronizing object | L continuous fore-hind wing
Fra:16 Mem:9.74M (Peak 9.74M) | Time:00:00.00 | Mem:0.00M, Peak:0.00M | Scene, ViewLayer | Synchronizing object | R continuous fore-hind wing
Fra:16 Mem:9.74M (Peak 9.74M) | Time:00:00.00 | Mem:0.00M, Peak:0.00M | Scene, ViewLayer | Synchronizing object | Antenna.001
Fra:16 Mem:9.74M (Peak 9.74M) | Time:00:00.00 | Mem:0.00M, Peak:0.00M | Scene, ViewLayer | Synchronizing object | Antenna
Fra:16 Mem:9.74M (Peak 9.74M) | Time:00:00.00 | Mem:0.00M, Peak:0.00M | Scene, ViewLayer | Synchronizing object | Abdomen tip
Fra:16 Mem:9.75M (Peak 9.75M) | Time:00:00.00 | Mem:0.00M, Peak:0.00M | Scene, ViewLayer | Synchronizing object | Abdomen
Fra:16 Mem:9.75M (Peak 9.75M) | Time:00:00.00 | Mem:0.00M, Peak:0.00M | Scene, ViewLayer | Synchronizing object | Head
Fra:16 Mem:9.75M (Peak 9.75M) | Time:00:00.00 | Mem:0.00M, Peak:0.00M | Scene, ViewLayer | Synchronizing object | Thorax
Fra:16 Mem:9.75M (Peak 9.75M) | Time:00:00.00 | Mem:0.00M, Peak:0.00M | Scene, ViewLayer | Initializing
Fra:16 Mem:9.04M (Peak 9.75M) | Time:00:00.00 | Mem:0.00M, Peak:0.00M | Scene, ViewLayer | Waiting for render to start
Fra:16 Mem:9.04M (Peak 9.75M) | Time:00:00.00 | Mem:0.00M, Peak:0.00M | Scene, ViewLayer | Updating Scene
Fra:16 Mem:9.04M (Peak 9.75M) | Time:00:00.00 | Mem:0.00M, Peak:0.00M | Scene, ViewLayer | Updating Shaders
Fra:16 Mem:9.04M (Peak 9.75M) | Time:00:00.00 | Mem:0.00M, Peak:0.00M | Scene, ViewLayer | Loading render kernels (may take a few minutes the first time)
Fra:16 Mem:9.13M (Peak 9.75M) | Time:00:00.00 | Mem:0.00M, Peak:0.00M | Scene, ViewLayer | Updating Procedurals
Fra:16 Mem:9.13M (Peak 9.75M) | Time:00:00.00 | Mem:0.00M, Peak:0.00M | Scene, ViewLayer | Updating Background
Fra:16 Mem:9.13M (Peak 9.75M) | Time:00:00.00 | Mem:0.00M, Peak:0.00M | Scene, ViewLayer | Updating Camera
Fra:16 Mem:9.13M (Peak 9.75M) | Time:00:00.00 | Mem:0.00M, Peak:0.00M | Scene, ViewLayer | Updating Meshes Flags
Fra:16 Mem:9.13M (Peak 9.75M) | Time:00:00.00 | Mem:0.00M, Peak:0.00M | Scene, ViewLayer | Updating Objects
Fra:16 Mem:9.13M (Peak 9.75M) | Time:00:00.00 | Mem:0.00M, Peak:0.00M | Scene, ViewLayer | Updating Objects | Copying Transformations to device
Fra:16 Mem:9.13M (Peak 9.75M) | Time:00:00.00 | Mem:0.01M, Peak:0.01M | Scene, ViewLayer | Updating Particle Systems
Fra:16 Mem:9.13M (Peak 9.75M) | Time:00:00.00 | Mem:0.01M, Peak:0.01M | Scene, ViewLayer | Updating Particle Systems | Copying Particles to device
Fra:16 Mem:9.13M (Peak 9.75M) | Time:00:00.00 | Mem:0.01M, Peak:0.01M | Scene, ViewLayer | Updating Meshes
Fra:16 Mem:9.13M (Peak 9.75M) | Time:00:00.00 | Mem:0.01M, Peak:0.01M | Scene, ViewLayer | Updating Objects | Applying Static Transformations
Fra:16 Mem:9.13M (Peak 9.75M) | Time:00:00.00 | Mem:0.01M, Peak:0.01M | Scene, ViewLayer | Updating Mesh | Computing attributes
Fra:16 Mem:9.13M (Peak 9.75M) | Time:00:00.00 | Mem:0.01M, Peak:0.01M | Scene, ViewLayer | Updating Mesh | Copying Attributes to device
Fra:16 Mem:9.13M (Peak 9.75M) | Time:00:00.00 | Mem:0.01M, Peak:0.01M | Scene, ViewLayer | Updating Scene BVH | Building
Fra:16 Mem:9.13M (Peak 9.75M) | Time:00:00.00 | Mem:0.01M, Peak:0.01M | Scene, ViewLayer | Updating Scene BVH | Building BVH
Fra:16 Mem:9.13M (Peak 9.75M) | Time:00:00.00 | Mem:0.02M, Peak:0.03M | Scene, ViewLayer | Updating Scene BVH | Copying BVH to device
Fra:16 Mem:9.13M (Peak 9.75M) | Time:00:00.00 | Mem:0.02M, Peak:0.03M | Scene, ViewLayer | Updating Mesh | Computing normals
Fra:16 Mem:9.14M (Peak 9.75M) | Time:00:00.00 | Mem:0.02M, Peak:0.03M | Scene, ViewLayer | Updating Mesh | Copying Mesh to device
Fra:16 Mem:9.14M (Peak 9.75M) | Time:00:00.00 | Mem:0.03M, Peak:0.03M | Scene, ViewLayer | Updating Objects Flags
Fra:16 Mem:9.14M (Peak 9.75M) | Time:00:00.00 | Mem:0.03M, Peak:0.03M | Scene, ViewLayer | Updating Primitive Offsets
Fra:16 Mem:9.14M (Peak 9.75M) | Time:00:00.00 | Mem:0.03M, Peak:0.03M | Scene, ViewLayer | Updating Images
Fra:16 Mem:9.14M (Peak 9.75M) | Time:00:00.00 | Mem:0.03M, Peak:0.03M | Scene, ViewLayer | Updating Camera Volume
Fra:16 Mem:9.14M (Peak 9.75M) | Time:00:00.00 | Mem:0.03M, Peak:0.03M | Scene, ViewLayer | Updating Lookup Tables
Fra:16 Mem:9.14M (Peak 9.75M) | Time:00:00.00 | Mem:0.11M, Peak:0.11M | Scene, ViewLayer | Updating Lights
Fra:16 Mem:9.14M (Peak 9.75M) | Time:00:00.00 | Mem:0.11M, Peak:0.11M | Scene, ViewLayer | Updating Lights | Computing tree
Fra:16 Mem:9.14M (Peak 9.75M) | Time:00:00.00 | Mem:0.12M, Peak:0.12M | Scene, ViewLayer | Updating Integrator
Fra:16 Mem:9.14M (Peak 9.75M) | Time:00:00.00 | Mem:0.12M, Peak:0.12M | Scene, ViewLayer | Updating Film
Fra:16 Mem:9.15M (Peak 9.75M) | Time:00:00.00 | Mem:0.04M, Peak:0.12M | Scene, ViewLayer | Updating Lookup Tables
Fra:16 Mem:9.15M (Peak 9.75M) | Time:00:00.00 | Mem:0.12M, Peak:0.12M | Scene, ViewLayer | Updating Baking
Fra:16 Mem:9.15M (Peak 9.75M) | Time:00:00.00 | Mem:0.12M, Peak:0.12M | Scene, ViewLayer | Updating Device | Writing constant memory
Fra:16 Mem:9.15M (Peak 9.75M) | Time:00:00.00 | Mem:0.12M, Peak:0.12M | Scene, ViewLayer | Sample 0/1
Fra:16 Mem:9.20M (Peak 9.75M) | Time:00:00.00 | Mem:0.13M, Peak:0.13M | Scene, ViewLayer | Sample 1/1
Fra:16 Mem:9.20M (Peak 9.75M) | Time:00:00.00 | Mem:0.13M, Peak:0.13M | Scene, ViewLayer | Finished
Saved: '/home/terence/Documents/Codex/2026-09-06/realtime-voice-chat-3/outputs/butterfly-method-comparison/blender-v2/raw/native16/view000_frame03.png'
Time: 00:00.00 (Saving: 00:00.00)

Fra:16 Mem:9.74M (Peak 9.74M) | Time:00:00.00 | Mem:0.00M, Peak:0.00M | Scene, ViewLayer | Synchronizing object | Thorax
Fra:16 Mem:9.74M (Peak 9.74M) | Time:00:00.00 | Mem:0.00M, Peak:0.00M | Scene, ViewLayer | Synchronizing object | Head
Fra:16 Mem:9.74M (Peak 9.74M) | Time:00:00.00 | Mem:0.00M, Peak:0.00M | Scene, ViewLayer | Synchronizing object | Abdomen
Fra:16 Mem:9.74M (Peak 9.74M) | Time:00:00.00 | Mem:0.00M, Peak:0.00M | Scene, ViewLayer | Synchronizing object | Abdomen tip
Fra:16 Mem:9.74M (Peak 9.74M) | Time:00:00.00 | Mem:0.00M, Peak:0.00M | Scene, ViewLayer | Synchronizing object | Antenna
Fra:16 Mem:9.74M (Peak 9.74M) | Time:00:00.00 | Mem:0.00M, Peak:0.00M | Scene, ViewLayer | Synchronizing object | Antenna.001
Fra:16 Mem:9.74M (Peak 9.74M) | Time:00:00.00 | Mem:0.00M, Peak:0.00M | Scene, ViewLayer | Synchronizing object | R continuous fore-hind wing
Fra:16 Mem:9.74M (Peak 9.74M) | Time:00:00.00 | Mem:0.00M, Peak:0.00M | Scene, ViewLayer | Synchronizing object | L continuous fore-hind wing
Fra:16 Mem:9.75M (Peak 9.75M) | Time:00:00.00 | Mem:0.00M, Peak:0.00M | Scene, ViewLayer | Initializing
Fra:16 Mem:9.04M (Peak 9.75M) | Time:00:00.00 | Mem:0.00M, Peak:0.00M | Scene, ViewLayer | Waiting for render to start
Fra:16 Mem:9.04M (Peak 9.75M) | Time:00:00.00 | Mem:0.00M, Peak:0.00M | Scene, ViewLayer | Updating Scene
Fra:16 Mem:9.04M (Peak 9.75M) | Time:00:00.00 | Mem:0.00M, Peak:0.00M | Scene, ViewLayer | Updating Shaders
Fra:16 Mem:9.04M (Peak 9.75M) | Time:00:00.00 | Mem:0.00M, Peak:0.00M | Scene, ViewLayer | Loading render kernels (may take a few minutes the first time)
Fra:16 Mem:9.13M (Peak 9.75M) | Time:00:00.00 | Mem:0.00M, Peak:0.00M | Scene, ViewLayer | Updating Procedurals
Fra:16 Mem:9.13M (Peak 9.75M) | Time:00:00.00 | Mem:0.00M, Peak:0.00M | Scene, ViewLayer | Updating Background
Fra:16 Mem:9.13M (Peak 9.75M) | Time:00:00.00 | Mem:0.00M, Peak:0.00M | Scene, ViewLayer | Updating Camera
Fra:16 Mem:9.13M (Peak 9.75M) | Time:00:00.00 | Mem:0.00M, Peak:0.00M | Scene, ViewLayer | Updating Meshes Flags
Fra:16 Mem:9.13M (Peak 9.75M) | Time:00:00.00 | Mem:0.00M, Peak:0.00M | Scene, ViewLayer | Updating Objects
Fra:16 Mem:9.13M (Peak 9.75M) | Time:00:00.00 | Mem:0.00M, Peak:0.00M | Scene, ViewLayer | Updating Objects | Copying Transformations to device
Fra:16 Mem:9.13M (Peak 9.75M) | Time:00:00.00 | Mem:0.01M, Peak:0.01M | Scene, ViewLayer | Updating Particle Systems
Fra:16 Mem:9.13M (Peak 9.75M) | Time:00:00.00 | Mem:0.01M, Peak:0.01M | Scene, ViewLayer | Updating Particle Systems | Copying Particles to device
Fra:16 Mem:9.13M (Peak 9.75M) | Time:00:00.00 | Mem:0.01M, Peak:0.01M | Scene, ViewLayer | Updating Meshes
Fra:16 Mem:9.13M (Peak 9.75M) | Time:00:00.00 | Mem:0.01M, Peak:0.01M | Scene, ViewLayer | Updating Objects | Applying Static Transformations
Fra:16 Mem:9.13M (Peak 9.75M) | Time:00:00.00 | Mem:0.01M, Peak:0.01M | Scene, ViewLayer | Updating Mesh | Computing attributes
Fra:16 Mem:9.13M (Peak 9.75M) | Time:00:00.00 | Mem:0.01M, Peak:0.01M | Scene, ViewLayer | Updating Mesh | Copying Attributes to device
Fra:16 Mem:9.13M (Peak 9.75M) | Time:00:00.00 | Mem:0.01M, Peak:0.01M | Scene, ViewLayer | Updating Scene BVH | Building
Fra:16 Mem:9.13M (Peak 9.75M) | Time:00:00.00 | Mem:0.01M, Peak:0.01M | Scene, ViewLayer | Updating Scene BVH | Building BVH
Fra:16 Mem:9.13M (Peak 9.75M) | Time:00:00.00 | Mem:0.02M, Peak:0.03M | Scene, ViewLayer | Updating Scene BVH | Copying BVH to device
Fra:16 Mem:9.13M (Peak 9.75M) | Time:00:00.00 | Mem:0.02M, Peak:0.03M | Scene, ViewLayer | Updating Mesh | Computing normals
Fra:16 Mem:9.14M (Peak 9.75M) | Time:00:00.00 | Mem:0.02M, Peak:0.03M | Scene, ViewLayer | Updating Mesh | Copying Mesh to device
Fra:16 Mem:9.14M (Peak 9.75M) | Time:00:00.00 | Mem:0.03M, Peak:0.03M | Scene, ViewLayer | Updating Objects Flags
Fra:16 Mem:9.14M (Peak 9.75M) | Time:00:00.00 | Mem:0.03M, Peak:0.03M | Scene, ViewLayer | Updating Primitive Offsets
Fra:16 Mem:9.14M (Peak 9.75M) | Time:00:00.00 | Mem:0.03M, Peak:0.03M | Scene, ViewLayer | Updating Images
Fra:16 Mem:9.14M (Peak 9.75M) | Time:00:00.00 | Mem:0.03M, Peak:0.03M | Scene, ViewLayer | Updating Camera Volume
Fra:16 Mem:9.14M (Peak 9.75M) | Time:00:00.00 | Mem:0.03M, Peak:0.03M | Scene, ViewLayer | Updating Lookup Tables
Fra:16 Mem:9.14M (Peak 9.75M) | Time:00:00.00 | Mem:0.11M, Peak:0.11M | Scene, ViewLayer | Updating Lights
Fra:16 Mem:9.14M (Peak 9.75M) | Time:00:00.00 | Mem:0.11M, Peak:0.11M | Scene, ViewLayer | Updating Lights | Computing tree
Fra:16 Mem:9.14M (Peak 9.75M) | Time:00:00.00 | Mem:0.12M, Peak:0.12M | Scene, ViewLayer | Updating Integrator
Fra:16 Mem:9.14M (Peak 9.75M) | Time:00:00.00 | Mem:0.12M, Peak:0.12M | Scene, ViewLayer | Updating Film
Fra:16 Mem:9.15M (Peak 9.75M) | Time:00:00.00 | Mem:0.04M, Peak:0.12M | Scene, ViewLayer | Updating Lookup Tables
Fra:16 Mem:9.15M (Peak 9.75M) | Time:00:00.00 | Mem:0.12M, Peak:0.12M | Scene, ViewLayer | Updating Baking
Fra:16 Mem:9.15M (Peak 9.75M) | Time:00:00.00 | Mem:0.12M, Peak:0.12M | Scene, ViewLayer | Updating Device | Writing constant memory
Fra:16 Mem:9.15M (Peak 9.75M) | Time:00:00.00 | Mem:0.12M, Peak:0.12M | Scene, ViewLayer | Sample 0/1
Fra:16 Mem:9.24M (Peak 9.75M) | Time:00:00.00 | Mem:0.16M, Peak:0.16M | Scene, ViewLayer | Sample 1/1
Fra:16 Mem:9.24M (Peak 9.75M) | Time:00:00.00 | Mem:0.16M, Peak:0.16M | Scene, ViewLayer | Finished
Saved: '/home/terence/Documents/Codex/2026-09-06/realtime-voice-chat-3/outputs/butterfly-method-comparison/blender-v2/raw/native32/view000_frame03.png'
Time: 00:00.00 (Saving: 00:00.00)

Fra:16 Mem:9.67M (Peak 9.67M) | Time:00:00.00 | Mem:0.00M, Peak:0.00M | Scene, ViewLayer | Synchronizing object | Thorax
Fra:16 Mem:9.67M (Peak 9.67M) | Time:00:00.00 | Mem:0.00M, Peak:0.00M | Scene, ViewLayer | Synchronizing object | Abdomen
Fra:16 Mem:9.67M (Peak 9.67M) | Time:00:00.00 | Mem:0.00M, Peak:0.00M | Scene, ViewLayer | Synchronizing object | Abdomen tip
Fra:16 Mem:9.68M (Peak 9.68M) | Time:00:00.00 | Mem:0.00M, Peak:0.00M | Scene, ViewLayer | Synchronizing object | Antenna
Fra:16 Mem:9.68M (Peak 9.68M) | Time:00:00.00 | Mem:0.00M, Peak:0.00M | Scene, ViewLayer | Initializing
Fra:16 Mem:9.03M (Peak 9.68M) | Time:00:00.00 | Mem:0.00M, Peak:0.00M | Scene, ViewLayer | Waiting for render to start
Fra:16 Mem:9.03M (Peak 9.68M) | Time:00:00.00 | Mem:0.00M, Peak:0.00M | Scene, ViewLayer | Updating Scene
Fra:16 Mem:9.03M (Peak 9.68M) | Time:00:00.00 | Mem:0.00M, Peak:0.00M | Scene, ViewLayer | Updating Shaders
Fra:16 Mem:9.03M (Peak 9.68M) | Time:00:00.00 | Mem:0.00M, Peak:0.00M | Scene, ViewLayer | Loading render kernels (may take a few minutes the first time)
Fra:16 Mem:9.12M (Peak 9.68M) | Time:00:00.00 | Mem:0.00M, Peak:0.00M | Scene, ViewLayer | Updating Procedurals
Fra:16 Mem:9.12M (Peak 9.68M) | Time:00:00.00 | Mem:0.00M, Peak:0.00M | Scene, ViewLayer | Updating Background
Fra:16 Mem:9.12M (Peak 9.68M) | Time:00:00.00 | Mem:0.00M, Peak:0.00M | Scene, ViewLayer | Updating Camera
Fra:16 Mem:9.12M (Peak 9.68M) | Time:00:00.00 | Mem:0.00M, Peak:0.00M | Scene, ViewLayer | Updating Meshes Flags
Fra:16 Mem:9.12M (Peak 9.68M) | Time:00:00.00 | Mem:0.00M, Peak:0.00M | Scene, ViewLayer | Updating Objects
Fra:16 Mem:9.12M (Peak 9.68M) | Time:00:00.00 | Mem:0.00M, Peak:0.00M | Scene, ViewLayer | Updating Objects | Copying Transformations to device
Fra:16 Mem:9.12M (Peak 9.68M) | Time:00:00.00 | Mem:0.00M, Peak:0.00M | Scene, ViewLayer | Updating Particle Systems
Fra:16 Mem:9.12M (Peak 9.68M) | Time:00:00.00 | Mem:0.00M, Peak:0.00M | Scene, ViewLayer | Updating Particle Systems | Copying Particles to device
Fra:16 Mem:9.12M (Peak 9.68M) | Time:00:00.00 | Mem:0.00M, Peak:0.00M | Scene, ViewLayer | Updating Meshes
Fra:16 Mem:9.12M (Peak 9.68M) | Time:00:00.00 | Mem:0.00M, Peak:0.00M | Scene, ViewLayer | Updating Objects | Applying Static Transformations
Fra:16 Mem:9.12M (Peak 9.68M) | Time:00:00.00 | Mem:0.00M, Peak:0.00M | Scene, ViewLayer | Updating Mesh | Computing attributes
Fra:16 Mem:9.12M (Peak 9.68M) | Time:00:00.00 | Mem:0.01M, Peak:0.01M | Scene, ViewLayer | Updating Mesh | Copying Attributes to device
Fra:16 Mem:9.12M (Peak 9.68M) | Time:00:00.00 | Mem:0.01M, Peak:0.01M | Scene, ViewLayer | Updating Scene BVH | Building
Fra:16 Mem:9.12M (Peak 9.68M) | Time:00:00.00 | Mem:0.01M, Peak:0.01M | Scene, ViewLayer | Updating Scene BVH | Building BVH
Fra:16 Mem:9.12M (Peak 9.68M) | Time:00:00.00 | Mem:0.01M, Peak:0.01M | Scene, ViewLayer | Updating Scene BVH | Copying BVH to device
Fra:16 Mem:9.12M (Peak 9.68M) | Time:00:00.00 | Mem:0.01M, Peak:0.01M | Scene, ViewLayer | Updating Mesh | Computing normals
Fra:16 Mem:9.12M (Peak 9.68M) | Time:00:00.00 | Mem:0.01M, Peak:0.01M | Scene, ViewLayer | Updating Mesh | Copying Mesh to device
Fra:16 Mem:9.12M (Peak 9.68M) | Time:00:00.00 | Mem:0.01M, Peak:0.01M | Scene, ViewLayer | Updating Objects Flags
Fra:16 Mem:9.12M (Peak 9.68M) | Time:00:00.00 | Mem:0.01M, Peak:0.01M | Scene, ViewLayer | Updating Primitive Offsets
Fra:16 Mem:9.12M (Peak 9.68M) | Time:00:00.00 | Mem:0.01M, Peak:0.01M | Scene, ViewLayer | Updating Images
Fra:16 Mem:9.12M (Peak 9.68M) | Time:00:00.00 | Mem:0.01M, Peak:0.01M | Scene, ViewLayer | Updating Camera Volume
Fra:16 Mem:9.12M (Peak 9.68M) | Time:00:00.00 | Mem:0.01M, Peak:0.01M | Scene, ViewLayer | Updating Lookup Tables
Fra:16 Mem:9.12M (Peak 9.68M) | Time:00:00.00 | Mem:0.09M, Peak:0.09M | Scene, ViewLayer | Updating Lights
Fra:16 Mem:9.12M (Peak 9.68M) | Time:00:00.00 | Mem:0.09M, Peak:0.09M | Scene, ViewLayer | Updating Lights | Computing tree
Fra:16 Mem:9.12M (Peak 9.68M) | Time:00:00.00 | Mem:0.09M, Peak:0.09M | Scene, ViewLayer | Updating Integrator
Fra:16 Mem:9.12M (Peak 9.68M) | Time:00:00.00 | Mem:0.09M, Peak:0.09M | Scene, ViewLayer | Updating Film
Fra:16 Mem:9.13M (Peak 9.68M) | Time:00:00.00 | Mem:0.01M, Peak:0.09M | Scene, ViewLayer | Updating Lookup Tables
Fra:16 Mem:9.13M (Peak 9.68M) | Time:00:00.00 | Mem:0.10M, Peak:0.10M | Scene, ViewLayer | Updating Baking
Fra:16 Mem:9.13M (Peak 9.68M) | Time:00:00.00 | Mem:0.10M, Peak:0.10M | Scene, ViewLayer | Updating Device | Writing constant memory
Fra:16 Mem:9.13M (Peak 9.68M) | Time:00:00.00 | Mem:0.10M, Peak:0.10M | Scene, ViewLayer | Sample 0/1
Fra:16 Mem:9.18M (Peak 9.68M) | Time:00:00.00 | Mem:0.11M, Peak:0.11M | Scene, ViewLayer | Sample 1/1
Fra:16 Mem:9.18M (Peak 9.68M) | Time:00:00.00 | Mem:0.11M, Peak:0.11M | Scene, ViewLayer | Finished
Saved: '/home/terence/Documents/Codex/2026-09-06/realtime-voice-chat-3/outputs/butterfly-method-comparison/blender-v2/raw/body-only/view000_frame03.png'
Time: 00:00.00 (Saving: 00:00.00)

Fra:16 Mem:9.71M (Peak 9.71M) | Time:00:00.00 | Mem:0.00M, Peak:0.00M | Scene, ViewLayer | Synchronizing object | Thorax
Fra:16 Mem:9.71M (Peak 9.71M) | Time:00:00.00 | Mem:0.00M, Peak:0.00M | Scene, ViewLayer | Synchronizing object | Abdomen
Fra:16 Mem:9.71M (Peak 9.71M) | Time:00:00.00 | Mem:0.00M, Peak:0.00M | Scene, ViewLayer | Synchronizing object | L continuous fore-hind wing
Fra:16 Mem:9.71M (Peak 9.71M) | Time:00:00.00 | Mem:0.00M, Peak:0.00M | Scene, ViewLayer | Synchronizing object | Abdomen tip
Fra:16 Mem:9.71M (Peak 9.71M) | Time:00:00.00 | Mem:0.00M, Peak:0.00M | Scene, ViewLayer | Synchronizing object | Antenna.001
Fra:16 Mem:9.72M (Peak 9.72M) | Time:00:00.00 | Mem:0.00M, Peak:0.00M | Scene, ViewLayer | Synchronizing object | R continuous fore-hind wing
Fra:16 Mem:9.72M (Peak 9.72M) | Time:00:00.00 | Mem:0.00M, Peak:0.00M | Scene, ViewLayer | Initializing
Fra:16 Mem:9.03M (Peak 9.72M) | Time:00:00.00 | Mem:0.00M, Peak:0.00M | Scene, ViewLayer | Waiting for render to start
Fra:16 Mem:9.03M (Peak 9.72M) | Time:00:00.00 | Mem:0.00M, Peak:0.00M | Scene, ViewLayer | Updating Scene
Fra:16 Mem:9.03M (Peak 9.72M) | Time:00:00.00 | Mem:0.00M, Peak:0.00M | Scene, ViewLayer | Updating Shaders
Fra:16 Mem:9.03M (Peak 9.72M) | Time:00:00.00 | Mem:0.00M, Peak:0.00M | Scene, ViewLayer | Loading render kernels (may take a few minutes the first time)
Fra:16 Mem:9.11M (Peak 9.72M) | Time:00:00.00 | Mem:0.00M, Peak:0.00M | Scene, ViewLayer | Updating Procedurals
Fra:16 Mem:9.11M (Peak 9.72M) | Time:00:00.00 | Mem:0.00M, Peak:0.00M | Scene, ViewLayer | Updating Background
Fra:16 Mem:9.11M (Peak 9.72M) | Time:00:00.00 | Mem:0.00M, Peak:0.00M | Scene, ViewLayer | Updating Camera
Fra:16 Mem:9.11M (Peak 9.72M) | Time:00:00.00 | Mem:0.00M, Peak:0.00M | Scene, ViewLayer | Updating Meshes Flags
Fra:16 Mem:9.11M (Peak 9.72M) | Time:00:00.00 | Mem:0.00M, Peak:0.00M | Scene, ViewLayer | Updating Objects
Fra:16 Mem:9.11M (Peak 9.72M) | Time:00:00.00 | Mem:0.00M, Peak:0.00M | Scene, ViewLayer | Updating Objects | Copying Transformations to device
Fra:16 Mem:9.11M (Peak 9.72M) | Time:00:00.00 | Mem:0.01M, Peak:0.01M | Scene, ViewLayer | Updating Particle Systems
Fra:16 Mem:9.11M (Peak 9.72M) | Time:00:00.00 | Mem:0.01M, Peak:0.01M | Scene, ViewLayer | Updating Particle Systems | Copying Particles to device
Fra:16 Mem:9.11M (Peak 9.72M) | Time:00:00.00 | Mem:0.01M, Peak:0.01M | Scene, ViewLayer | Updating Meshes
Fra:16 Mem:9.11M (Peak 9.72M) | Time:00:00.00 | Mem:0.01M, Peak:0.01M | Scene, ViewLayer | Updating Objects | Applying Static Transformations
Fra:16 Mem:9.11M (Peak 9.72M) | Time:00:00.00 | Mem:0.01M, Peak:0.01M | Scene, ViewLayer | Updating Mesh | Computing attributes
Fra:16 Mem:9.12M (Peak 9.72M) | Time:00:00.00 | Mem:0.01M, Peak:0.01M | Scene, ViewLayer | Updating Mesh | Copying Attributes to device
Fra:16 Mem:9.12M (Peak 9.72M) | Time:00:00.00 | Mem:0.01M, Peak:0.01M | Scene, ViewLayer | Updating Scene BVH | Building
Fra:16 Mem:9.12M (Peak 9.72M) | Time:00:00.00 | Mem:0.01M, Peak:0.01M | Scene, ViewLayer | Updating Scene BVH | Building BVH
Fra:16 Mem:9.12M (Peak 9.72M) | Time:00:00.00 | Mem:0.02M, Peak:0.03M | Scene, ViewLayer | Updating Scene BVH | Copying BVH to device
Fra:16 Mem:9.12M (Peak 9.72M) | Time:00:00.00 | Mem:0.02M, Peak:0.03M | Scene, ViewLayer | Updating Mesh | Computing normals
Fra:16 Mem:9.12M (Peak 9.72M) | Time:00:00.00 | Mem:0.02M, Peak:0.03M | Scene, ViewLayer | Updating Mesh | Copying Mesh to device
Fra:16 Mem:9.12M (Peak 9.72M) | Time:00:00.00 | Mem:0.03M, Peak:0.03M | Scene, ViewLayer | Updating Objects Flags
Fra:16 Mem:9.12M (Peak 9.72M) | Time:00:00.00 | Mem:0.03M, Peak:0.03M | Scene, ViewLayer | Updating Primitive Offsets
Fra:16 Mem:9.12M (Peak 9.72M) | Time:00:00.00 | Mem:0.03M, Peak:0.03M | Scene, ViewLayer | Updating Images
Fra:16 Mem:9.12M (Peak 9.72M) | Time:00:00.00 | Mem:0.03M, Peak:0.03M | Scene, ViewLayer | Updating Camera Volume
Fra:16 Mem:9.12M (Peak 9.72M) | Time:00:00.00 | Mem:0.03M, Peak:0.03M | Scene, ViewLayer | Updating Lookup Tables
Fra:16 Mem:9.12M (Peak 9.72M) | Time:00:00.00 | Mem:0.11M, Peak:0.11M | Scene, ViewLayer | Updating Lights
Fra:16 Mem:9.12M (Peak 9.72M) | Time:00:00.00 | Mem:0.11M, Peak:0.11M | Scene, ViewLayer | Updating Lights | Computing tree
Fra:16 Mem:9.13M (Peak 9.72M) | Time:00:00.00 | Mem:0.12M, Peak:0.12M | Scene, ViewLayer | Updating Integrator
Fra:16 Mem:9.13M (Peak 9.72M) | Time:00:00.00 | Mem:0.12M, Peak:0.12M | Scene, ViewLayer | Updating Film
Fra:16 Mem:9.13M (Peak 9.72M) | Time:00:00.00 | Mem:0.04M, Peak:0.12M | Scene, ViewLayer | Updating Lookup Tables
Fra:16 Mem:9.13M (Peak 9.72M) | Time:00:00.00 | Mem:0.12M, Peak:0.12M | Scene, ViewLayer | Updating Baking
Fra:16 Mem:9.13M (Peak 9.72M) | Time:00:00.00 | Mem:0.12M, Peak:0.12M | Scene, ViewLayer | Updating Device | Writing constant memory
Fra:16 Mem:9.14M (Peak 9.72M) | Time:00:00.00 | Mem:0.12M, Peak:0.12M | Scene, ViewLayer | Sample 0/1
Fra:16 Mem:9.19M (Peak 9.72M) | Time:00:00.00 | Mem:0.13M, Peak:0.13M | Scene, ViewLayer | Sample 1/1
Fra:16 Mem:9.19M (Peak 9.72M) | Time:00:00.00 | Mem:0.13M, Peak:0.13M | Scene, ViewLayer | Finished
Saved: '/home/terence/Documents/Codex/2026-09-06/realtime-voice-chat-3/outputs/butterfly-method-comparison/blender-v2/raw/no-abdomen-lag/view000_frame03.png'
Time: 00:00.00 (Saving: 00:00.00)

Fra:16 Mem:9.69M (Peak 9.69M) | Time:00:00.00 | Mem:0.00M, Peak:0.00M | Scene, ViewLayer | Synchronizing object | Thorax
Fra:16 Mem:9.69M (Peak 9.69M) | Time:00:00.00 | Mem:0.00M, Peak:0.00M | Scene, ViewLayer | Synchronizing object | Abdomen
Fra:16 Mem:9.69M (Peak 9.69M) | Time:00:00.00 | Mem:0.00M, Peak:0.00M | Scene, ViewLayer | Synchronizing object | L continuous fore-hind wing
Fra:16 Mem:9.69M (Peak 9.69M) | Time:00:00.00 | Mem:0.00M, Peak:0.00M | Scene, ViewLayer | Synchronizing object | Abdomen tip
Fra:16 Mem:9.69M (Peak 9.69M) | Time:00:00.00 | Mem:0.00M, Peak:0.00M | Scene, ViewLayer | Synchronizing object | Antenna
Fra:16 Mem:9.69M (Peak 9.69M) | Time:00:00.00 | Mem:0.00M, Peak:0.00M | Scene, ViewLayer | Synchronizing object | Antenna.001
Fra:16 Mem:9.69M (Peak 9.69M) | Time:00:00.00 | Mem:0.00M, Peak:0.00M | Scene, ViewLayer | Synchronizing object | R continuous fore-hind wing
Fra:16 Mem:9.70M (Peak 9.70M) | Time:00:00.00 | Mem:0.00M, Peak:0.00M | Scene, ViewLayer | Initializing
Fra:16 Mem:9.02M (Peak 9.70M) | Time:00:00.00 | Mem:0.00M, Peak:0.00M | Scene, ViewLayer | Waiting for render to start
Fra:16 Mem:9.02M (Peak 9.70M) | Time:00:00.00 | Mem:0.00M, Peak:0.00M | Scene, ViewLayer | Updating Scene
Fra:16 Mem:9.02M (Peak 9.70M) | Time:00:00.00 | Mem:0.00M, Peak:0.00M | Scene, ViewLayer | Updating Shaders
Fra:16 Mem:9.02M (Peak 9.70M) | Time:00:00.00 | Mem:0.00M, Peak:0.00M | Scene, ViewLayer | Loading render kernels (may take a few minutes the first time)
Fra:16 Mem:9.10M (Peak 9.70M) | Time:00:00.00 | Mem:0.00M, Peak:0.00M | Scene, ViewLayer | Updating Procedurals
Fra:16 Mem:9.10M (Peak 9.70M) | Time:00:00.00 | Mem:0.00M, Peak:0.00M | Scene, ViewLayer | Updating Background
Fra:16 Mem:9.10M (Peak 9.70M) | Time:00:00.00 | Mem:0.00M, Peak:0.00M | Scene, ViewLayer | Updating Camera
Fra:16 Mem:9.10M (Peak 9.70M) | Time:00:00.00 | Mem:0.00M, Peak:0.00M | Scene, ViewLayer | Updating Meshes Flags
Fra:16 Mem:9.10M (Peak 9.70M) | Time:00:00.00 | Mem:0.00M, Peak:0.00M | Scene, ViewLayer | Updating Objects
Fra:16 Mem:9.10M (Peak 9.70M) | Time:00:00.00 | Mem:0.00M, Peak:0.00M | Scene, ViewLayer | Updating Objects | Copying Transformations to device
Fra:16 Mem:9.10M (Peak 9.70M) | Time:00:00.00 | Mem:0.01M, Peak:0.01M | Scene, ViewLayer | Updating Particle Systems
Fra:16 Mem:9.10M (Peak 9.70M) | Time:00:00.00 | Mem:0.01M, Peak:0.01M | Scene, ViewLayer | Updating Particle Systems | Copying Particles to device
Fra:16 Mem:9.10M (Peak 9.70M) | Time:00:00.00 | Mem:0.01M, Peak:0.01M | Scene, ViewLayer | Updating Meshes
Fra:16 Mem:9.10M (Peak 9.70M) | Time:00:00.00 | Mem:0.01M, Peak:0.01M | Scene, ViewLayer | Updating Objects | Applying Static Transformations
Fra:16 Mem:9.10M (Peak 9.70M) | Time:00:00.00 | Mem:0.01M, Peak:0.01M | Scene, ViewLayer | Updating Mesh | Computing attributes
Fra:16 Mem:9.11M (Peak 9.70M) | Time:00:00.00 | Mem:0.01M, Peak:0.01M | Scene, ViewLayer | Updating Mesh | Copying Attributes to device
Fra:16 Mem:9.11M (Peak 9.70M) | Time:00:00.00 | Mem:0.01M, Peak:0.01M | Scene, ViewLayer | Updating Scene BVH | Building
Fra:16 Mem:9.11M (Peak 9.70M) | Time:00:00.00 | Mem:0.01M, Peak:0.01M | Scene, ViewLayer | Updating Scene BVH | Building BVH
Fra:16 Mem:9.11M (Peak 9.70M) | Time:00:00.00 | Mem:0.02M, Peak:0.03M | Scene, ViewLayer | Updating Scene BVH | Copying BVH to device
Fra:16 Mem:9.11M (Peak 9.70M) | Time:00:00.00 | Mem:0.02M, Peak:0.03M | Scene, ViewLayer | Updating Mesh | Computing normals
Fra:16 Mem:9.11M (Peak 9.70M) | Time:00:00.00 | Mem:0.02M, Peak:0.03M | Scene, ViewLayer | Updating Mesh | Copying Mesh to device
Fra:16 Mem:9.11M (Peak 9.70M) | Time:00:00.00 | Mem:0.03M, Peak:0.03M | Scene, ViewLayer | Updating Objects Flags
Fra:16 Mem:9.11M (Peak 9.70M) | Time:00:00.00 | Mem:0.03M, Peak:0.03M | Scene, ViewLayer | Updating Primitive Offsets
Fra:16 Mem:9.11M (Peak 9.70M) | Time:00:00.00 | Mem:0.03M, Peak:0.03M | Scene, ViewLayer | Updating Images
Fra:16 Mem:9.11M (Peak 9.70M) | Time:00:00.00 | Mem:0.03M, Peak:0.03M | Scene, ViewLayer | Updating Camera Volume
Fra:16 Mem:9.11M (Peak 9.70M) | Time:00:00.00 | Mem:0.03M, Peak:0.03M | Scene, ViewLayer | Updating Lookup Tables
Fra:16 Mem:9.11M (Peak 9.70M) | Time:00:00.00 | Mem:0.11M, Peak:0.11M | Scene, ViewLayer | Updating Lights
Fra:16 Mem:9.11M (Peak 9.70M) | Time:00:00.00 | Mem:0.11M, Peak:0.11M | Scene, ViewLayer | Updating Lights | Computing tree
Fra:16 Mem:9.12M (Peak 9.70M) | Time:00:00.00 | Mem:0.12M, Peak:0.12M | Scene, ViewLayer | Updating Integrator
Fra:16 Mem:9.12M (Peak 9.70M) | Time:00:00.00 | Mem:0.12M, Peak:0.12M | Scene, ViewLayer | Updating Film
Fra:16 Mem:9.13M (Peak 9.70M) | Time:00:00.00 | Mem:0.04M, Peak:0.12M | Scene, ViewLayer | Updating Lookup Tables
Fra:16 Mem:9.13M (Peak 9.70M) | Time:00:00.00 | Mem:0.13M, Peak:0.13M | Scene, ViewLayer | Updating Baking
Fra:16 Mem:9.13M (Peak 9.70M) | Time:00:00.00 | Mem:0.13M, Peak:0.13M | Scene, ViewLayer | Updating Device | Writing constant memory
Fra:16 Mem:9.13M (Peak 9.70M) | Time:00:00.00 | Mem:0.13M, Peak:0.13M | Scene, ViewLayer | Sample 0/1
Fra:16 Mem:9.18M (Peak 9.70M) | Time:00:00.00 | Mem:0.13M, Peak:0.13M | Scene, ViewLayer | Sample 1/1
Fra:16 Mem:9.18M (Peak 9.70M) | Time:00:00.00 | Mem:0.13M, Peak:0.13M | Scene, ViewLayer | Finished
Saved: '/home/terence/Documents/Codex/2026-09-06/realtime-voice-chat-3/outputs/butterfly-method-comparison/blender-v2/raw/wing-only/view000_frame03.png'
Time: 00:00.00 (Saving: 00:00.00)

Fra:21 Mem:9.74M (Peak 9.74M) | Time:00:00.00 | Mem:0.00M, Peak:0.00M | Scene, ViewLayer | Synchronizing object | Thorax
Fra:21 Mem:9.74M (Peak 9.74M) | Time:00:00.00 | Mem:0.00M, Peak:0.00M | Scene, ViewLayer | Synchronizing object | Abdomen
Fra:21 Mem:9.74M (Peak 9.74M) | Time:00:00.00 | Mem:0.00M, Peak:0.00M | Scene, ViewLayer | Synchronizing object | L continuous fore-hind wing
Fra:21 Mem:9.74M (Peak 9.74M) | Time:00:00.00 | Mem:0.00M, Peak:0.00M | Scene, ViewLayer | Synchronizing object | Abdomen tip
Fra:21 Mem:9.74M (Peak 9.74M) | Time:00:00.00 | Mem:0.00M, Peak:0.00M | Scene, ViewLayer | Synchronizing object | Antenna.001
Fra:21 Mem:9.74M (Peak 9.74M) | Time:00:00.00 | Mem:0.00M, Peak:0.00M | Scene, ViewLayer | Synchronizing object | R continuous fore-hind wing
Fra:21 Mem:9.75M (Peak 9.75M) | Time:00:00.00 | Mem:0.00M, Peak:0.00M | Scene, ViewLayer | Initializing
Fra:21 Mem:9.04M (Peak 9.75M) | Time:00:00.00 | Mem:0.00M, Peak:0.00M | Scene, ViewLayer | Waiting for render to start
Fra:21 Mem:9.04M (Peak 9.75M) | Time:00:00.00 | Mem:0.00M, Peak:0.00M | Scene, ViewLayer | Updating Scene
Fra:21 Mem:9.04M (Peak 9.75M) | Time:00:00.00 | Mem:0.00M, Peak:0.00M | Scene, ViewLayer | Updating Shaders
Fra:21 Mem:9.04M (Peak 9.75M) | Time:00:00.00 | Mem:0.00M, Peak:0.00M | Scene, ViewLayer | Loading render kernels (may take a few minutes the first time)
Fra:21 Mem:9.13M (Peak 9.75M) | Time:00:00.00 | Mem:0.00M, Peak:0.00M | Scene, ViewLayer | Updating Procedurals
Fra:21 Mem:9.13M (Peak 9.75M) | Time:00:00.00 | Mem:0.00M, Peak:0.00M | Scene, ViewLayer | Updating Background
Fra:21 Mem:9.13M (Peak 9.75M) | Time:00:00.00 | Mem:0.00M, Peak:0.00M | Scene, ViewLayer | Updating Camera
Fra:21 Mem:9.13M (Peak 9.75M) | Time:00:00.00 | Mem:0.00M, Peak:0.00M | Scene, ViewLayer | Updating Meshes Flags
Fra:21 Mem:9.13M (Peak 9.75M) | Time:00:00.00 | Mem:0.00M, Peak:0.00M | Scene, ViewLayer | Updating Objects
Fra:21 Mem:9.13M (Peak 9.75M) | Time:00:00.00 | Mem:0.00M, Peak:0.00M | Scene, ViewLayer | Updating Objects | Copying Transformations to device
Fra:21 Mem:9.13M (Peak 9.75M) | Time:00:00.00 | Mem:0.01M, Peak:0.01M | Scene, ViewLayer | Updating Particle Systems
Fra:21 Mem:9.13M (Peak 9.75M) | Time:00:00.00 | Mem:0.01M, Peak:0.01M | Scene, ViewLayer | Updating Particle Systems | Copying Particles to device
Fra:21 Mem:9.13M (Peak 9.75M) | Time:00:00.00 | Mem:0.01M, Peak:0.01M | Scene, ViewLayer | Updating Meshes
Fra:21 Mem:9.13M (Peak 9.75M) | Time:00:00.00 | Mem:0.01M, Peak:0.01M | Scene, ViewLayer | Updating Objects | Applying Static Transformations
Fra:21 Mem:9.13M (Peak 9.75M) | Time:00:00.00 | Mem:0.01M, Peak:0.01M | Scene, ViewLayer | Updating Mesh | Computing attributes
Fra:21 Mem:9.13M (Peak 9.75M) | Time:00:00.00 | Mem:0.01M, Peak:0.01M | Scene, ViewLayer | Updating Mesh | Copying Attributes to device
Fra:21 Mem:9.13M (Peak 9.75M) | Time:00:00.00 | Mem:0.01M, Peak:0.01M | Scene, ViewLayer | Updating Scene BVH | Building
Fra:21 Mem:9.13M (Peak 9.75M) | Time:00:00.00 | Mem:0.01M, Peak:0.01M | Scene, ViewLayer | Updating Scene BVH | Building BVH
Fra:21 Mem:9.13M (Peak 9.75M) | Time:00:00.00 | Mem:0.02M, Peak:0.03M | Scene, ViewLayer | Updating Scene BVH | Copying BVH to device
Fra:21 Mem:9.13M (Peak 9.75M) | Time:00:00.00 | Mem:0.02M, Peak:0.03M | Scene, ViewLayer | Updating Mesh | Computing normals
Fra:21 Mem:9.14M (Peak 9.75M) | Time:00:00.00 | Mem:0.02M, Peak:0.03M | Scene, ViewLayer | Updating Mesh | Copying Mesh to device
Fra:21 Mem:9.14M (Peak 9.75M) | Time:00:00.00 | Mem:0.03M, Peak:0.03M | Scene, ViewLayer | Updating Objects Flags
Fra:21 Mem:9.14M (Peak 9.75M) | Time:00:00.00 | Mem:0.03M, Peak:0.03M | Scene, ViewLayer | Updating Primitive Offsets
Fra:21 Mem:9.14M (Peak 9.75M) | Time:00:00.00 | Mem:0.03M, Peak:0.03M | Scene, ViewLayer | Updating Images
Fra:21 Mem:9.14M (Peak 9.75M) | Time:00:00.00 | Mem:0.03M, Peak:0.03M | Scene, ViewLayer | Updating Camera Volume
Fra:21 Mem:9.14M (Peak 9.75M) | Time:00:00.00 | Mem:0.03M, Peak:0.03M | Scene, ViewLayer | Updating Lookup Tables
Fra:21 Mem:9.14M (Peak 9.75M) | Time:00:00.00 | Mem:0.11M, Peak:0.11M | Scene, ViewLayer | Updating Lights
Fra:21 Mem:9.14M (Peak 9.75M) | Time:00:00.00 | Mem:0.11M, Peak:0.11M | Scene, ViewLayer | Updating Lights | Computing tree
Fra:21 Mem:9.14M (Peak 9.75M) | Time:00:00.00 | Mem:0.12M, Peak:0.12M | Scene, ViewLayer | Updating Integrator
Fra:21 Mem:9.14M (Peak 9.75M) | Time:00:00.00 | Mem:0.12M, Peak:0.12M | Scene, ViewLayer | Updating Film
Fra:21 Mem:9.15M (Peak 9.75M) | Time:00:00.00 | Mem:0.04M, Peak:0.12M | Scene, ViewLayer | Updating Lookup Tables
Fra:21 Mem:9.15M (Peak 9.75M) | Time:00:00.00 | Mem:0.12M, Peak:0.12M | Scene, ViewLayer | Updating Baking
Fra:21 Mem:9.15M (Peak 9.75M) | Time:00:00.00 | Mem:0.12M, Peak:0.12M | Scene, ViewLayer | Updating Device | Writing constant memory
Fra:21 Mem:9.15M (Peak 9.75M) | Time:00:00.00 | Mem:0.12M, Peak:0.12M | Scene, ViewLayer | Sample 0/8
Fra:21 Mem:9.75M (Peak 9.75M) | Time:00:00.00 | Remaining:00:00.03 | Mem:0.69M, Peak:0.69M | Scene, ViewLayer | Sample 1/8
Fra:21 Mem:10.00M (Peak 10.00M) | Time:00:00.03 | Mem:0.69M, Peak:0.69M | Scene, ViewLayer | Sample 8/8
Fra:21 Mem:10.00M (Peak 10.00M) | Time:00:00.03 | Mem:0.69M, Peak:0.69M | Scene, ViewLayer | Finished
Saved: '/home/terence/Documents/Codex/2026-09-06/realtime-voice-chat-3/outputs/butterfly-method-comparison/blender-v2/raw/view000_frame04.png'
Time: 00:00.03 (Saving: 00:00.00)

Fra:21 Mem:9.74M (Peak 9.74M) | Time:00:00.00 | Mem:0.00M, Peak:0.00M | Scene, ViewLayer | Synchronizing object | Thorax
Fra:21 Mem:9.74M (Peak 9.74M) | Time:00:00.00 | Mem:0.00M, Peak:0.00M | Scene, ViewLayer | Synchronizing object | Abdomen
Fra:21 Mem:9.74M (Peak 9.74M) | Time:00:00.00 | Mem:0.00M, Peak:0.00M | Scene, ViewLayer | Synchronizing object | Abdomen tip
Fra:21 Mem:9.74M (Peak 9.74M) | Time:00:00.00 | Mem:0.00M, Peak:0.00M | Scene, ViewLayer | Synchronizing object | Antenna
Fra:21 Mem:9.74M (Peak 9.74M) | Time:00:00.00 | Mem:0.00M, Peak:0.00M | Scene, ViewLayer | Synchronizing object | Antenna.001
Fra:21 Mem:9.74M (Peak 9.74M) | Time:00:00.00 | Mem:0.00M, Peak:0.00M | Scene, ViewLayer | Synchronizing object | R continuous fore-hind wing
Fra:21 Mem:9.75M (Peak 9.75M) | Time:00:00.00 | Mem:0.00M, Peak:0.00M | Scene, ViewLayer | Initializing
Fra:21 Mem:9.04M (Peak 9.75M) | Time:00:00.00 | Mem:0.00M, Peak:0.00M | Scene, ViewLayer | Waiting for render to start
Fra:21 Mem:9.04M (Peak 9.75M) | Time:00:00.00 | Mem:0.00M, Peak:0.00M | Scene, ViewLayer | Updating Scene
Fra:21 Mem:9.04M (Peak 9.75M) | Time:00:00.00 | Mem:0.00M, Peak:0.00M | Scene, ViewLayer | Updating Shaders
Fra:21 Mem:9.04M (Peak 9.75M) | Time:00:00.00 | Mem:0.00M, Peak:0.00M | Scene, ViewLayer | Loading render kernels (may take a few minutes the first time)
Fra:21 Mem:9.13M (Peak 9.75M) | Time:00:00.00 | Mem:0.00M, Peak:0.00M | Scene, ViewLayer | Updating Procedurals
Fra:21 Mem:9.13M (Peak 9.75M) | Time:00:00.00 | Mem:0.00M, Peak:0.00M | Scene, ViewLayer | Updating Background
Fra:21 Mem:9.13M (Peak 9.75M) | Time:00:00.00 | Mem:0.00M, Peak:0.00M | Scene, ViewLayer | Updating Camera
Fra:21 Mem:9.13M (Peak 9.75M) | Time:00:00.00 | Mem:0.00M, Peak:0.00M | Scene, ViewLayer | Updating Meshes Flags
Fra:21 Mem:9.13M (Peak 9.75M) | Time:00:00.00 | Mem:0.00M, Peak:0.00M | Scene, ViewLayer | Updating Objects
Fra:21 Mem:9.13M (Peak 9.75M) | Time:00:00.00 | Mem:0.00M, Peak:0.00M | Scene, ViewLayer | Updating Objects | Copying Transformations to device
Fra:21 Mem:9.13M (Peak 9.75M) | Time:00:00.00 | Mem:0.01M, Peak:0.01M | Scene, ViewLayer | Updating Particle Systems
Fra:21 Mem:9.13M (Peak 9.75M) | Time:00:00.00 | Mem:0.01M, Peak:0.01M | Scene, ViewLayer | Updating Particle Systems | Copying Particles to device
Fra:21 Mem:9.13M (Peak 9.75M) | Time:00:00.00 | Mem:0.01M, Peak:0.01M | Scene, ViewLayer | Updating Meshes
Fra:21 Mem:9.13M (Peak 9.75M) | Time:00:00.00 | Mem:0.01M, Peak:0.01M | Scene, ViewLayer | Updating Objects | Applying Static Transformations
Fra:21 Mem:9.13M (Peak 9.75M) | Time:00:00.00 | Mem:0.01M, Peak:0.01M | Scene, ViewLayer | Updating Mesh | Computing attributes
Fra:21 Mem:9.13M (Peak 9.75M) | Time:00:00.00 | Mem:0.01M, Peak:0.01M | Scene, ViewLayer | Updating Mesh | Copying Attributes to device
Fra:21 Mem:9.13M (Peak 9.75M) | Time:00:00.00 | Mem:0.01M, Peak:0.01M | Scene, ViewLayer | Updating Scene BVH | Building
Fra:21 Mem:9.13M (Peak 9.75M) | Time:00:00.00 | Mem:0.01M, Peak:0.01M | Scene, ViewLayer | Updating Scene BVH | Building BVH
Fra:21 Mem:9.13M (Peak 9.75M) | Time:00:00.00 | Mem:0.02M, Peak:0.03M | Scene, ViewLayer | Updating Scene BVH | Copying BVH to device
Fra:21 Mem:9.13M (Peak 9.75M) | Time:00:00.00 | Mem:0.02M, Peak:0.03M | Scene, ViewLayer | Updating Mesh | Computing normals
Fra:21 Mem:9.14M (Peak 9.75M) | Time:00:00.00 | Mem:0.02M, Peak:0.03M | Scene, ViewLayer | Updating Mesh | Copying Mesh to device
Fra:21 Mem:9.14M (Peak 9.75M) | Time:00:00.00 | Mem:0.03M, Peak:0.03M | Scene, ViewLayer | Updating Objects Flags
Fra:21 Mem:9.14M (Peak 9.75M) | Time:00:00.00 | Mem:0.03M, Peak:0.03M | Scene, ViewLayer | Updating Primitive Offsets
Fra:21 Mem:9.14M (Peak 9.75M) | Time:00:00.00 | Mem:0.03M, Peak:0.03M | Scene, ViewLayer | Updating Images
Fra:21 Mem:9.14M (Peak 9.75M) | Time:00:00.00 | Mem:0.03M, Peak:0.03M | Scene, ViewLayer | Updating Camera Volume
Fra:21 Mem:9.14M (Peak 9.75M) | Time:00:00.00 | Mem:0.03M, Peak:0.03M | Scene, ViewLayer | Updating Lookup Tables
Fra:21 Mem:9.14M (Peak 9.75M) | Time:00:00.00 | Mem:0.11M, Peak:0.11M | Scene, ViewLayer | Updating Lights
Fra:21 Mem:9.14M (Peak 9.75M) | Time:00:00.00 | Mem:0.11M, Peak:0.11M | Scene, ViewLayer | Updating Lights | Computing tree
Fra:21 Mem:9.14M (Peak 9.75M) | Time:00:00.00 | Mem:0.12M, Peak:0.12M | Scene, ViewLayer | Updating Integrator
Fra:21 Mem:9.14M (Peak 9.75M) | Time:00:00.00 | Mem:0.12M, Peak:0.12M | Scene, ViewLayer | Updating Film
Fra:21 Mem:9.15M (Peak 9.75M) | Time:00:00.00 | Mem:0.04M, Peak:0.12M | Scene, ViewLayer | Updating Lookup Tables
Fra:21 Mem:9.15M (Peak 9.75M) | Time:00:00.00 | Mem:0.12M, Peak:0.12M | Scene, ViewLayer | Updating Baking
Fra:21 Mem:9.15M (Peak 9.75M) | Time:00:00.00 | Mem:0.12M, Peak:0.12M | Scene, ViewLayer | Updating Device | Writing constant memory
Fra:21 Mem:9.15M (Peak 9.75M) | Time:00:00.00 | Mem:0.12M, Peak:0.12M | Scene, ViewLayer | Sample 0/1
Fra:21 Mem:9.20M (Peak 9.75M) | Time:00:00.00 | Mem:0.13M, Peak:0.13M | Scene, ViewLayer | Sample 1/1
Fra:21 Mem:9.20M (Peak 9.75M) | Time:00:00.00 | Mem:0.13M, Peak:0.13M | Scene, ViewLayer | Finished
Saved: '/home/terence/Documents/Codex/2026-09-06/realtime-voice-chat-3/outputs/butterfly-method-comparison/blender-v2/raw/native16/view000_frame04.png'
Time: 00:00.00 (Saving: 00:00.00)

Fra:21 Mem:9.74M (Peak 9.74M) | Time:00:00.00 | Mem:0.00M, Peak:0.00M | Scene, ViewLayer | Synchronizing object | Thorax
Fra:21 Mem:9.74M (Peak 9.74M) | Time:00:00.00 | Mem:0.00M, Peak:0.00M | Scene, ViewLayer | Synchronizing object | Head
Fra:21 Mem:9.74M (Peak 9.74M) | Time:00:00.00 | Mem:0.00M, Peak:0.00M | Scene, ViewLayer | Synchronizing object | L continuous fore-hind wing
Fra:21 Mem:9.74M (Peak 9.74M) | Time:00:00.00 | Mem:0.00M, Peak:0.00M | Scene, ViewLayer | Synchronizing object | Antenna
Fra:21 Mem:9.74M (Peak 9.74M) | Time:00:00.00 | Mem:0.00M, Peak:0.00M | Scene, ViewLayer | Synchronizing object | R continuous fore-hind wing
Fra:21 Mem:9.75M (Peak 9.75M) | Time:00:00.00 | Mem:0.00M, Peak:0.00M | Scene, ViewLayer | Initializing
Fra:21 Mem:9.04M (Peak 9.75M) | Time:00:00.00 | Mem:0.00M, Peak:0.00M | Scene, ViewLayer | Waiting for render to start
Fra:21 Mem:9.04M (Peak 9.75M) | Time:00:00.00 | Mem:0.00M, Peak:0.00M | Scene, ViewLayer | Updating Scene
Fra:21 Mem:9.04M (Peak 9.75M) | Time:00:00.00 | Mem:0.00M, Peak:0.00M | Scene, ViewLayer | Updating Shaders
Fra:21 Mem:9.04M (Peak 9.75M) | Time:00:00.00 | Mem:0.00M, Peak:0.00M | Scene, ViewLayer | Loading render kernels (may take a few minutes the first time)
Fra:21 Mem:9.13M (Peak 9.75M) | Time:00:00.00 | Mem:0.00M, Peak:0.00M | Scene, ViewLayer | Updating Procedurals
Fra:21 Mem:9.13M (Peak 9.75M) | Time:00:00.00 | Mem:0.00M, Peak:0.00M | Scene, ViewLayer | Updating Background
Fra:21 Mem:9.13M (Peak 9.75M) | Time:00:00.00 | Mem:0.00M, Peak:0.00M | Scene, ViewLayer | Updating Camera
Fra:21 Mem:9.13M (Peak 9.75M) | Time:00:00.00 | Mem:0.00M, Peak:0.00M | Scene, ViewLayer | Updating Meshes Flags
Fra:21 Mem:9.13M (Peak 9.75M) | Time:00:00.00 | Mem:0.00M, Peak:0.00M | Scene, ViewLayer | Updating Objects
Fra:21 Mem:9.13M (Peak 9.75M) | Time:00:00.00 | Mem:0.00M, Peak:0.00M | Scene, ViewLayer | Updating Objects | Copying Transformations to device
Fra:21 Mem:9.13M (Peak 9.75M) | Time:00:00.00 | Mem:0.01M, Peak:0.01M | Scene, ViewLayer | Updating Particle Systems
Fra:21 Mem:9.13M (Peak 9.75M) | Time:00:00.00 | Mem:0.01M, Peak:0.01M | Scene, ViewLayer | Updating Particle Systems | Copying Particles to device
Fra:21 Mem:9.13M (Peak 9.75M) | Time:00:00.00 | Mem:0.01M, Peak:0.01M | Scene, ViewLayer | Updating Meshes
Fra:21 Mem:9.13M (Peak 9.75M) | Time:00:00.00 | Mem:0.01M, Peak:0.01M | Scene, ViewLayer | Updating Objects | Applying Static Transformations
Fra:21 Mem:9.13M (Peak 9.75M) | Time:00:00.00 | Mem:0.01M, Peak:0.01M | Scene, ViewLayer | Updating Mesh | Computing attributes
Fra:21 Mem:9.13M (Peak 9.75M) | Time:00:00.00 | Mem:0.01M, Peak:0.01M | Scene, ViewLayer | Updating Mesh | Copying Attributes to device
Fra:21 Mem:9.13M (Peak 9.75M) | Time:00:00.00 | Mem:0.01M, Peak:0.01M | Scene, ViewLayer | Updating Scene BVH | Building
Fra:21 Mem:9.13M (Peak 9.75M) | Time:00:00.00 | Mem:0.01M, Peak:0.01M | Scene, ViewLayer | Updating Scene BVH | Building BVH
Fra:21 Mem:9.13M (Peak 9.75M) | Time:00:00.00 | Mem:0.02M, Peak:0.03M | Scene, ViewLayer | Updating Scene BVH | Copying BVH to device
Fra:21 Mem:9.13M (Peak 9.75M) | Time:00:00.00 | Mem:0.02M, Peak:0.03M | Scene, ViewLayer | Updating Mesh | Computing normals
Fra:21 Mem:9.14M (Peak 9.75M) | Time:00:00.00 | Mem:0.02M, Peak:0.03M | Scene, ViewLayer | Updating Mesh | Copying Mesh to device
Fra:21 Mem:9.14M (Peak 9.75M) | Time:00:00.00 | Mem:0.03M, Peak:0.03M | Scene, ViewLayer | Updating Objects Flags
Fra:21 Mem:9.14M (Peak 9.75M) | Time:00:00.00 | Mem:0.03M, Peak:0.03M | Scene, ViewLayer | Updating Primitive Offsets
Fra:21 Mem:9.14M (Peak 9.75M) | Time:00:00.00 | Mem:0.03M, Peak:0.03M | Scene, ViewLayer | Updating Images
Fra:21 Mem:9.14M (Peak 9.75M) | Time:00:00.00 | Mem:0.03M, Peak:0.03M | Scene, ViewLayer | Updating Camera Volume
Fra:21 Mem:9.14M (Peak 9.75M) | Time:00:00.00 | Mem:0.03M, Peak:0.03M | Scene, ViewLayer | Updating Lookup Tables
Fra:21 Mem:9.14M (Peak 9.75M) | Time:00:00.00 | Mem:0.11M, Peak:0.11M | Scene, ViewLayer | Updating Lights
Fra:21 Mem:9.14M (Peak 9.75M) | Time:00:00.00 | Mem:0.11M, Peak:0.11M | Scene, ViewLayer | Updating Lights | Computing tree
Fra:21 Mem:9.14M (Peak 9.75M) | Time:00:00.00 | Mem:0.12M, Peak:0.12M | Scene, ViewLayer | Updating Integrator
Fra:21 Mem:9.14M (Peak 9.75M) | Time:00:00.00 | Mem:0.12M, Peak:0.12M | Scene, ViewLayer | Updating Film
Fra:21 Mem:9.15M (Peak 9.75M) | Time:00:00.00 | Mem:0.04M, Peak:0.12M | Scene, ViewLayer | Updating Lookup Tables
Fra:21 Mem:9.15M (Peak 9.75M) | Time:00:00.00 | Mem:0.12M, Peak:0.12M | Scene, ViewLayer | Updating Baking
Fra:21 Mem:9.15M (Peak 9.75M) | Time:00:00.00 | Mem:0.12M, Peak:0.12M | Scene, ViewLayer | Updating Device | Writing constant memory
Fra:21 Mem:9.15M (Peak 9.75M) | Time:00:00.00 | Mem:0.12M, Peak:0.12M | Scene, ViewLayer | Sample 0/1
Fra:21 Mem:9.24M (Peak 9.75M) | Time:00:00.00 | Mem:0.16M, Peak:0.16M | Scene, ViewLayer | Sample 1/1
Fra:21 Mem:9.24M (Peak 9.75M) | Time:00:00.00 | Mem:0.16M, Peak:0.16M | Scene, ViewLayer | Finished
Saved: '/home/terence/Documents/Codex/2026-09-06/realtime-voice-chat-3/outputs/butterfly-method-comparison/blender-v2/raw/native32/view000_frame04.png'
Time: 00:00.00 (Saving: 00:00.00)

Fra:21 Mem:9.67M (Peak 9.67M) | Time:00:00.00 | Mem:0.00M, Peak:0.00M | Scene, ViewLayer | Synchronizing object | Thorax
Fra:21 Mem:9.67M (Peak 9.67M) | Time:00:00.00 | Mem:0.00M, Peak:0.00M | Scene, ViewLayer | Synchronizing object | Abdomen
Fra:21 Mem:9.67M (Peak 9.67M) | Time:00:00.00 | Mem:0.00M, Peak:0.00M | Scene, ViewLayer | Synchronizing object | Abdomen tip
Fra:21 Mem:9.67M (Peak 9.67M) | Time:00:00.00 | Mem:0.00M, Peak:0.00M | Scene, ViewLayer | Synchronizing object | Antenna
Fra:21 Mem:9.68M (Peak 9.68M) | Time:00:00.00 | Mem:0.00M, Peak:0.00M | Scene, ViewLayer | Initializing
Fra:21 Mem:9.03M (Peak 9.68M) | Time:00:00.00 | Mem:0.00M, Peak:0.00M | Scene, ViewLayer | Waiting for render to start
Fra:21 Mem:9.03M (Peak 9.68M) | Time:00:00.00 | Mem:0.00M, Peak:0.00M | Scene, ViewLayer | Updating Scene
Fra:21 Mem:9.03M (Peak 9.68M) | Time:00:00.00 | Mem:0.00M, Peak:0.00M | Scene, ViewLayer | Updating Shaders
Fra:21 Mem:9.03M (Peak 9.68M) | Time:00:00.00 | Mem:0.00M, Peak:0.00M | Scene, ViewLayer | Loading render kernels (may take a few minutes the first time)
Fra:21 Mem:9.12M (Peak 9.68M) | Time:00:00.00 | Mem:0.00M, Peak:0.00M | Scene, ViewLayer | Updating Procedurals
Fra:21 Mem:9.12M (Peak 9.68M) | Time:00:00.00 | Mem:0.00M, Peak:0.00M | Scene, ViewLayer | Updating Background
Fra:21 Mem:9.12M (Peak 9.68M) | Time:00:00.00 | Mem:0.00M, Peak:0.00M | Scene, ViewLayer | Updating Camera
Fra:21 Mem:9.12M (Peak 9.68M) | Time:00:00.00 | Mem:0.00M, Peak:0.00M | Scene, ViewLayer | Updating Meshes Flags
Fra:21 Mem:9.12M (Peak 9.68M) | Time:00:00.00 | Mem:0.00M, Peak:0.00M | Scene, ViewLayer | Updating Objects
Fra:21 Mem:9.12M (Peak 9.68M) | Time:00:00.00 | Mem:0.00M, Peak:0.00M | Scene, ViewLayer | Updating Objects | Copying Transformations to device
Fra:21 Mem:9.12M (Peak 9.68M) | Time:00:00.00 | Mem:0.00M, Peak:0.00M | Scene, ViewLayer | Updating Particle Systems
Fra:21 Mem:9.12M (Peak 9.68M) | Time:00:00.00 | Mem:0.00M, Peak:0.00M | Scene, ViewLayer | Updating Particle Systems | Copying Particles to device
Fra:21 Mem:9.12M (Peak 9.68M) | Time:00:00.00 | Mem:0.00M, Peak:0.00M | Scene, ViewLayer | Updating Meshes
Fra:21 Mem:9.12M (Peak 9.68M) | Time:00:00.00 | Mem:0.00M, Peak:0.00M | Scene, ViewLayer | Updating Objects | Applying Static Transformations
Fra:21 Mem:9.12M (Peak 9.68M) | Time:00:00.00 | Mem:0.00M, Peak:0.00M | Scene, ViewLayer | Updating Mesh | Computing attributes
Fra:21 Mem:9.12M (Peak 9.68M) | Time:00:00.00 | Mem:0.01M, Peak:0.01M | Scene, ViewLayer | Updating Mesh | Copying Attributes to device
Fra:21 Mem:9.12M (Peak 9.68M) | Time:00:00.00 | Mem:0.01M, Peak:0.01M | Scene, ViewLayer | Updating Scene BVH | Building
Fra:21 Mem:9.12M (Peak 9.68M) | Time:00:00.00 | Mem:0.01M, Peak:0.01M | Scene, ViewLayer | Updating Scene BVH | Building BVH
Fra:21 Mem:9.12M (Peak 9.68M) | Time:00:00.00 | Mem:0.01M, Peak:0.01M | Scene, ViewLayer | Updating Scene BVH | Copying BVH to device
Fra:21 Mem:9.12M (Peak 9.68M) | Time:00:00.00 | Mem:0.01M, Peak:0.01M | Scene, ViewLayer | Updating Mesh | Computing normals
Fra:21 Mem:9.12M (Peak 9.68M) | Time:00:00.00 | Mem:0.01M, Peak:0.01M | Scene, ViewLayer | Updating Mesh | Copying Mesh to device
Fra:21 Mem:9.12M (Peak 9.68M) | Time:00:00.00 | Mem:0.01M, Peak:0.01M | Scene, ViewLayer | Updating Objects Flags
Fra:21 Mem:9.12M (Peak 9.68M) | Time:00:00.00 | Mem:0.01M, Peak:0.01M | Scene, ViewLayer | Updating Primitive Offsets
Fra:21 Mem:9.12M (Peak 9.68M) | Time:00:00.00 | Mem:0.01M, Peak:0.01M | Scene, ViewLayer | Updating Images
Fra:21 Mem:9.12M (Peak 9.68M) | Time:00:00.00 | Mem:0.01M, Peak:0.01M | Scene, ViewLayer | Updating Camera Volume
Fra:21 Mem:9.12M (Peak 9.68M) | Time:00:00.00 | Mem:0.01M, Peak:0.01M | Scene, ViewLayer | Updating Lookup Tables
Fra:21 Mem:9.12M (Peak 9.68M) | Time:00:00.00 | Mem:0.09M, Peak:0.09M | Scene, ViewLayer | Updating Lights
Fra:21 Mem:9.12M (Peak 9.68M) | Time:00:00.00 | Mem:0.09M, Peak:0.09M | Scene, ViewLayer | Updating Lights | Computing tree
Fra:21 Mem:9.12M (Peak 9.68M) | Time:00:00.00 | Mem:0.09M, Peak:0.09M | Scene, ViewLayer | Updating Integrator
Fra:21 Mem:9.12M (Peak 9.68M) | Time:00:00.00 | Mem:0.09M, Peak:0.09M | Scene, ViewLayer | Updating Film
Fra:21 Mem:9.13M (Peak 9.68M) | Time:00:00.00 | Mem:0.01M, Peak:0.09M | Scene, ViewLayer | Updating Lookup Tables
Fra:21 Mem:9.13M (Peak 9.68M) | Time:00:00.00 | Mem:0.10M, Peak:0.10M | Scene, ViewLayer | Updating Baking
Fra:21 Mem:9.13M (Peak 9.68M) | Time:00:00.00 | Mem:0.10M, Peak:0.10M | Scene, ViewLayer | Updating Device | Writing constant memory
Fra:21 Mem:9.13M (Peak 9.68M) | Time:00:00.00 | Mem:0.10M, Peak:0.10M | Scene, ViewLayer | Sample 0/1
Fra:21 Mem:9.18M (Peak 9.68M) | Time:00:00.00 | Mem:0.11M, Peak:0.11M | Scene, ViewLayer | Sample 1/1
Fra:21 Mem:9.18M (Peak 9.68M) | Time:00:00.00 | Mem:0.11M, Peak:0.11M | Scene, ViewLayer | Finished
Saved: '/home/terence/Documents/Codex/2026-09-06/realtime-voice-chat-3/outputs/butterfly-method-comparison/blender-v2/raw/body-only/view000_frame04.png'
Time: 00:00.00 (Saving: 00:00.00)

Fra:21 Mem:9.71M (Peak 9.71M) | Time:00:00.00 | Mem:0.00M, Peak:0.00M | Scene, ViewLayer | Synchronizing object | Thorax
Fra:21 Mem:9.71M (Peak 9.71M) | Time:00:00.00 | Mem:0.00M, Peak:0.00M | Scene, ViewLayer | Synchronizing object | Abdomen
Fra:21 Mem:9.71M (Peak 9.71M) | Time:00:00.00 | Mem:0.00M, Peak:0.00M | Scene, ViewLayer | Synchronizing object | L continuous fore-hind wing
Fra:21 Mem:9.71M (Peak 9.71M) | Time:00:00.00 | Mem:0.00M, Peak:0.00M | Scene, ViewLayer | Synchronizing object | Antenna
Fra:21 Mem:9.71M (Peak 9.71M) | Time:00:00.00 | Mem:0.00M, Peak:0.00M | Scene, ViewLayer | Synchronizing object | Antenna.001
Fra:21 Mem:9.71M (Peak 9.71M) | Time:00:00.00 | Mem:0.00M, Peak:0.00M | Scene, ViewLayer | Synchronizing object | R continuous fore-hind wing
Fra:21 Mem:9.72M (Peak 9.72M) | Time:00:00.00 | Mem:0.00M, Peak:0.00M | Scene, ViewLayer | Initializing
Fra:21 Mem:9.03M (Peak 9.72M) | Time:00:00.00 | Mem:0.00M, Peak:0.00M | Scene, ViewLayer | Waiting for render to start
Fra:21 Mem:9.03M (Peak 9.72M) | Time:00:00.00 | Mem:0.00M, Peak:0.00M | Scene, ViewLayer | Updating Scene
Fra:21 Mem:9.03M (Peak 9.72M) | Time:00:00.00 | Mem:0.00M, Peak:0.00M | Scene, ViewLayer | Updating Shaders
Fra:21 Mem:9.03M (Peak 9.72M) | Time:00:00.00 | Mem:0.00M, Peak:0.00M | Scene, ViewLayer | Loading render kernels (may take a few minutes the first time)
Fra:21 Mem:9.11M (Peak 9.72M) | Time:00:00.00 | Mem:0.00M, Peak:0.00M | Scene, ViewLayer | Updating Procedurals
Fra:21 Mem:9.11M (Peak 9.72M) | Time:00:00.00 | Mem:0.00M, Peak:0.00M | Scene, ViewLayer | Updating Background
Fra:21 Mem:9.11M (Peak 9.72M) | Time:00:00.00 | Mem:0.00M, Peak:0.00M | Scene, ViewLayer | Updating Camera
Fra:21 Mem:9.11M (Peak 9.72M) | Time:00:00.00 | Mem:0.00M, Peak:0.00M | Scene, ViewLayer | Updating Meshes Flags
Fra:21 Mem:9.11M (Peak 9.72M) | Time:00:00.00 | Mem:0.00M, Peak:0.00M | Scene, ViewLayer | Updating Objects
Fra:21 Mem:9.11M (Peak 9.72M) | Time:00:00.00 | Mem:0.00M, Peak:0.00M | Scene, ViewLayer | Updating Objects | Copying Transformations to device
Fra:21 Mem:9.11M (Peak 9.72M) | Time:00:00.00 | Mem:0.01M, Peak:0.01M | Scene, ViewLayer | Updating Particle Systems
Fra:21 Mem:9.11M (Peak 9.72M) | Time:00:00.00 | Mem:0.01M, Peak:0.01M | Scene, ViewLayer | Updating Particle Systems | Copying Particles to device
Fra:21 Mem:9.11M (Peak 9.72M) | Time:00:00.00 | Mem:0.01M, Peak:0.01M | Scene, ViewLayer | Updating Meshes
Fra:21 Mem:9.11M (Peak 9.72M) | Time:00:00.00 | Mem:0.01M, Peak:0.01M | Scene, ViewLayer | Updating Objects | Applying Static Transformations
Fra:21 Mem:9.11M (Peak 9.72M) | Time:00:00.00 | Mem:0.01M, Peak:0.01M | Scene, ViewLayer | Updating Mesh | Computing attributes
Fra:21 Mem:9.12M (Peak 9.72M) | Time:00:00.00 | Mem:0.01M, Peak:0.01M | Scene, ViewLayer | Updating Mesh | Copying Attributes to device
Fra:21 Mem:9.12M (Peak 9.72M) | Time:00:00.00 | Mem:0.01M, Peak:0.01M | Scene, ViewLayer | Updating Scene BVH | Building
Fra:21 Mem:9.12M (Peak 9.72M) | Time:00:00.00 | Mem:0.01M, Peak:0.01M | Scene, ViewLayer | Updating Scene BVH | Building BVH
Fra:21 Mem:9.12M (Peak 9.72M) | Time:00:00.00 | Mem:0.02M, Peak:0.03M | Scene, ViewLayer | Updating Scene BVH | Copying BVH to device
Fra:21 Mem:9.12M (Peak 9.72M) | Time:00:00.00 | Mem:0.02M, Peak:0.03M | Scene, ViewLayer | Updating Mesh | Computing normals
Fra:21 Mem:9.12M (Peak 9.72M) | Time:00:00.00 | Mem:0.02M, Peak:0.03M | Scene, ViewLayer | Updating Mesh | Copying Mesh to device
Fra:21 Mem:9.12M (Peak 9.72M) | Time:00:00.00 | Mem:0.03M, Peak:0.03M | Scene, ViewLayer | Updating Objects Flags
Fra:21 Mem:9.12M (Peak 9.72M) | Time:00:00.00 | Mem:0.03M, Peak:0.03M | Scene, ViewLayer | Updating Primitive Offsets
Fra:21 Mem:9.12M (Peak 9.72M) | Time:00:00.00 | Mem:0.03M, Peak:0.03M | Scene, ViewLayer | Updating Images
Fra:21 Mem:9.12M (Peak 9.72M) | Time:00:00.00 | Mem:0.03M, Peak:0.03M | Scene, ViewLayer | Updating Camera Volume
Fra:21 Mem:9.12M (Peak 9.72M) | Time:00:00.00 | Mem:0.03M, Peak:0.03M | Scene, ViewLayer | Updating Lookup Tables
Fra:21 Mem:9.12M (Peak 9.72M) | Time:00:00.00 | Mem:0.11M, Peak:0.11M | Scene, ViewLayer | Updating Lights
Fra:21 Mem:9.12M (Peak 9.72M) | Time:00:00.00 | Mem:0.11M, Peak:0.11M | Scene, ViewLayer | Updating Lights | Computing tree
Fra:21 Mem:9.13M (Peak 9.72M) | Time:00:00.00 | Mem:0.12M, Peak:0.12M | Scene, ViewLayer | Updating Integrator
Fra:21 Mem:9.13M (Peak 9.72M) | Time:00:00.00 | Mem:0.12M, Peak:0.12M | Scene, ViewLayer | Updating Film
Fra:21 Mem:9.13M (Peak 9.72M) | Time:00:00.00 | Mem:0.04M, Peak:0.12M | Scene, ViewLayer | Updating Lookup Tables
Fra:21 Mem:9.13M (Peak 9.72M) | Time:00:00.00 | Mem:0.12M, Peak:0.12M | Scene, ViewLayer | Updating Baking
Fra:21 Mem:9.13M (Peak 9.72M) | Time:00:00.00 | Mem:0.12M, Peak:0.12M | Scene, ViewLayer | Updating Device | Writing constant memory
Fra:21 Mem:9.14M (Peak 9.72M) | Time:00:00.00 | Mem:0.12M, Peak:0.12M | Scene, ViewLayer | Sample 0/1
Fra:21 Mem:9.19M (Peak 9.72M) | Time:00:00.00 | Mem:0.13M, Peak:0.13M | Scene, ViewLayer | Sample 1/1
Fra:21 Mem:9.19M (Peak 9.72M) | Time:00:00.00 | Mem:0.13M, Peak:0.13M | Scene, ViewLayer | Finished
Saved: '/home/terence/Documents/Codex/2026-09-06/realtime-voice-chat-3/outputs/butterfly-method-comparison/blender-v2/raw/no-abdomen-lag/view000_frame04.png'
Time: 00:00.00 (Saving: 00:00.00)

Fra:21 Mem:9.69M (Peak 9.69M) | Time:00:00.00 | Mem:0.00M, Peak:0.00M | Scene, ViewLayer | Synchronizing object | Thorax
Fra:21 Mem:9.69M (Peak 9.69M) | Time:00:00.00 | Mem:0.00M, Peak:0.00M | Scene, ViewLayer | Synchronizing object | Abdomen
Fra:21 Mem:9.69M (Peak 9.69M) | Time:00:00.00 | Mem:0.00M, Peak:0.00M | Scene, ViewLayer | Synchronizing object | L continuous fore-hind wing
Fra:21 Mem:9.69M (Peak 9.69M) | Time:00:00.00 | Mem:0.00M, Peak:0.00M | Scene, ViewLayer | Synchronizing object | Abdomen tip
Fra:21 Mem:9.69M (Peak 9.69M) | Time:00:00.00 | Mem:0.00M, Peak:0.00M | Scene, ViewLayer | Synchronizing object | Antenna
Fra:21 Mem:9.70M (Peak 9.70M) | Time:00:00.00 | Mem:0.00M, Peak:0.00M | Scene, ViewLayer | Synchronizing object | Antenna.001
Fra:21 Mem:9.70M (Peak 9.70M) | Time:00:00.00 | Mem:0.00M, Peak:0.00M | Scene, ViewLayer | Synchronizing object | R continuous fore-hind wing
Fra:21 Mem:9.70M (Peak 9.70M) | Time:00:00.00 | Mem:0.00M, Peak:0.00M | Scene, ViewLayer | Initializing
Fra:21 Mem:9.02M (Peak 9.70M) | Time:00:00.00 | Mem:0.00M, Peak:0.00M | Scene, ViewLayer | Waiting for render to start
Fra:21 Mem:9.02M (Peak 9.70M) | Time:00:00.00 | Mem:0.00M, Peak:0.00M | Scene, ViewLayer | Updating Scene
Fra:21 Mem:9.02M (Peak 9.70M) | Time:00:00.00 | Mem:0.00M, Peak:0.00M | Scene, ViewLayer | Updating Shaders
Fra:21 Mem:9.02M (Peak 9.70M) | Time:00:00.00 | Mem:0.00M, Peak:0.00M | Scene, ViewLayer | Loading render kernels (may take a few minutes the first time)
Fra:21 Mem:9.10M (Peak 9.70M) | Time:00:00.00 | Mem:0.00M, Peak:0.00M | Scene, ViewLayer | Updating Procedurals
Fra:21 Mem:9.10M (Peak 9.70M) | Time:00:00.00 | Mem:0.00M, Peak:0.00M | Scene, ViewLayer | Updating Background
Fra:21 Mem:9.10M (Peak 9.70M) | Time:00:00.00 | Mem:0.00M, Peak:0.00M | Scene, ViewLayer | Updating Camera
Fra:21 Mem:9.10M (Peak 9.70M) | Time:00:00.00 | Mem:0.00M, Peak:0.00M | Scene, ViewLayer | Updating Meshes Flags
Fra:21 Mem:9.10M (Peak 9.70M) | Time:00:00.00 | Mem:0.00M, Peak:0.00M | Scene, ViewLayer | Updating Objects
Fra:21 Mem:9.10M (Peak 9.70M) | Time:00:00.00 | Mem:0.00M, Peak:0.00M | Scene, ViewLayer | Updating Objects | Copying Transformations to device
Fra:21 Mem:9.10M (Peak 9.70M) | Time:00:00.00 | Mem:0.01M, Peak:0.01M | Scene, ViewLayer | Updating Particle Systems
Fra:21 Mem:9.10M (Peak 9.70M) | Time:00:00.00 | Mem:0.01M, Peak:0.01M | Scene, ViewLayer | Updating Particle Systems | Copying Particles to device
Fra:21 Mem:9.10M (Peak 9.70M) | Time:00:00.00 | Mem:0.01M, Peak:0.01M | Scene, ViewLayer | Updating Meshes
Fra:21 Mem:9.10M (Peak 9.70M) | Time:00:00.00 | Mem:0.01M, Peak:0.01M | Scene, ViewLayer | Updating Objects | Applying Static Transformations
Fra:21 Mem:9.10M (Peak 9.70M) | Time:00:00.00 | Mem:0.01M, Peak:0.01M | Scene, ViewLayer | Updating Mesh | Computing attributes
Fra:21 Mem:9.11M (Peak 9.70M) | Time:00:00.00 | Mem:0.01M, Peak:0.01M | Scene, ViewLayer | Updating Mesh | Copying Attributes to device
Fra:21 Mem:9.11M (Peak 9.70M) | Time:00:00.00 | Mem:0.01M, Peak:0.01M | Scene, ViewLayer | Updating Scene BVH | Building
Fra:21 Mem:9.11M (Peak 9.70M) | Time:00:00.00 | Mem:0.01M, Peak:0.01M | Scene, ViewLayer | Updating Scene BVH | Building BVH
Fra:21 Mem:9.11M (Peak 9.70M) | Time:00:00.00 | Mem:0.02M, Peak:0.03M | Scene, ViewLayer | Updating Scene BVH | Copying BVH to device
Fra:21 Mem:9.11M (Peak 9.70M) | Time:00:00.00 | Mem:0.02M, Peak:0.03M | Scene, ViewLayer | Updating Mesh | Computing normals
Fra:21 Mem:9.11M (Peak 9.70M) | Time:00:00.00 | Mem:0.02M, Peak:0.03M | Scene, ViewLayer | Updating Mesh | Copying Mesh to device
Fra:21 Mem:9.11M (Peak 9.70M) | Time:00:00.00 | Mem:0.03M, Peak:0.03M | Scene, ViewLayer | Updating Objects Flags
Fra:21 Mem:9.11M (Peak 9.70M) | Time:00:00.00 | Mem:0.03M, Peak:0.03M | Scene, ViewLayer | Updating Primitive Offsets
Fra:21 Mem:9.11M (Peak 9.70M) | Time:00:00.00 | Mem:0.03M, Peak:0.03M | Scene, ViewLayer | Updating Images
Fra:21 Mem:9.11M (Peak 9.70M) | Time:00:00.00 | Mem:0.03M, Peak:0.03M | Scene, ViewLayer | Updating Camera Volume
Fra:21 Mem:9.11M (Peak 9.70M) | Time:00:00.00 | Mem:0.03M, Peak:0.03M | Scene, ViewLayer | Updating Lookup Tables
Fra:21 Mem:9.11M (Peak 9.70M) | Time:00:00.00 | Mem:0.11M, Peak:0.11M | Scene, ViewLayer | Updating Lights
Fra:21 Mem:9.11M (Peak 9.70M) | Time:00:00.00 | Mem:0.11M, Peak:0.11M | Scene, ViewLayer | Updating Lights | Computing tree
Fra:21 Mem:9.12M (Peak 9.70M) | Time:00:00.00 | Mem:0.12M, Peak:0.12M | Scene, ViewLayer | Updating Integrator
Fra:21 Mem:9.12M (Peak 9.70M) | Time:00:00.00 | Mem:0.12M, Peak:0.12M | Scene, ViewLayer | Updating Film
Fra:21 Mem:9.13M (Peak 9.70M) | Time:00:00.00 | Mem:0.04M, Peak:0.12M | Scene, ViewLayer | Updating Lookup Tables
Fra:21 Mem:9.13M (Peak 9.70M) | Time:00:00.00 | Mem:0.12M, Peak:0.12M | Scene, ViewLayer | Updating Baking
Fra:21 Mem:9.13M (Peak 9.70M) | Time:00:00.00 | Mem:0.12M, Peak:0.12M | Scene, ViewLayer | Updating Device | Writing constant memory
Fra:21 Mem:9.13M (Peak 9.70M) | Time:00:00.00 | Mem:0.12M, Peak:0.12M | Scene, ViewLayer | Sample 0/1
Fra:21 Mem:9.18M (Peak 9.70M) | Time:00:00.00 | Mem:0.13M, Peak:0.13M | Scene, ViewLayer | Sample 1/1
Fra:21 Mem:9.18M (Peak 9.70M) | Time:00:00.00 | Mem:0.13M, Peak:0.13M | Scene, ViewLayer | Finished
Saved: '/home/terence/Documents/Codex/2026-09-06/realtime-voice-chat-3/outputs/butterfly-method-comparison/blender-v2/raw/wing-only/view000_frame04.png'
Time: 00:00.00 (Saving: 00:00.00)

Fra:1 Mem:9.74M (Peak 9.74M) | Time:00:00.00 | Mem:0.00M, Peak:0.00M | Scene, ViewLayer | Synchronizing object | Thorax
Fra:1 Mem:9.74M (Peak 9.74M) | Time:00:00.00 | Mem:0.00M, Peak:0.00M | Scene, ViewLayer | Synchronizing object | L continuous fore-hind wing
Fra:1 Mem:9.74M (Peak 9.74M) | Time:00:00.00 | Mem:0.00M, Peak:0.00M | Scene, ViewLayer | Synchronizing object | Abdomen tip
Fra:1 Mem:9.74M (Peak 9.74M) | Time:00:00.00 | Mem:0.00M, Peak:0.00M | Scene, ViewLayer | Synchronizing object | Antenna
Fra:1 Mem:9.74M (Peak 9.74M) | Time:00:00.00 | Mem:0.00M, Peak:0.00M | Scene, ViewLayer | Synchronizing object | Antenna.001
Fra:1 Mem:9.74M (Peak 9.74M) | Time:00:00.00 | Mem:0.00M, Peak:0.00M | Scene, ViewLayer | Synchronizing object | R continuous fore-hind wing
Fra:1 Mem:9.75M (Peak 9.75M) | Time:00:00.00 | Mem:0.00M, Peak:0.00M | Scene, ViewLayer | Initializing
Fra:1 Mem:9.04M (Peak 9.75M) | Time:00:00.00 | Mem:0.00M, Peak:0.00M | Scene, ViewLayer | Waiting for render to start
Fra:1 Mem:9.04M (Peak 9.75M) | Time:00:00.00 | Mem:0.00M, Peak:0.00M | Scene, ViewLayer | Updating Scene
Fra:1 Mem:9.04M (Peak 9.75M) | Time:00:00.00 | Mem:0.00M, Peak:0.00M | Scene, ViewLayer | Updating Shaders
Fra:1 Mem:9.04M (Peak 9.75M) | Time:00:00.00 | Mem:0.00M, Peak:0.00M | Scene, ViewLayer | Loading render kernels (may take a few minutes the first time)
Fra:1 Mem:9.13M (Peak 9.75M) | Time:00:00.00 | Mem:0.00M, Peak:0.00M | Scene, ViewLayer | Updating Procedurals
Fra:1 Mem:9.13M (Peak 9.75M) | Time:00:00.00 | Mem:0.00M, Peak:0.00M | Scene, ViewLayer | Updating Background
Fra:1 Mem:9.13M (Peak 9.75M) | Time:00:00.00 | Mem:0.00M, Peak:0.00M | Scene, ViewLayer | Updating Camera
Fra:1 Mem:9.13M (Peak 9.75M) | Time:00:00.00 | Mem:0.00M, Peak:0.00M | Scene, ViewLayer | Updating Meshes Flags
Fra:1 Mem:9.13M (Peak 9.75M) | Time:00:00.00 | Mem:0.00M, Peak:0.00M | Scene, ViewLayer | Updating Objects
Fra:1 Mem:9.13M (Peak 9.75M) | Time:00:00.00 | Mem:0.00M, Peak:0.00M | Scene, ViewLayer | Updating Objects | Copying Transformations to device
Fra:1 Mem:9.13M (Peak 9.75M) | Time:00:00.00 | Mem:0.01M, Peak:0.01M | Scene, ViewLayer | Updating Particle Systems
Fra:1 Mem:9.13M (Peak 9.75M) | Time:00:00.00 | Mem:0.01M, Peak:0.01M | Scene, ViewLayer | Updating Particle Systems | Copying Particles to device
Fra:1 Mem:9.13M (Peak 9.75M) | Time:00:00.00 | Mem:0.01M, Peak:0.01M | Scene, ViewLayer | Updating Meshes
Fra:1 Mem:9.13M (Peak 9.75M) | Time:00:00.00 | Mem:0.01M, Peak:0.01M | Scene, ViewLayer | Updating Objects | Applying Static Transformations
Fra:1 Mem:9.13M (Peak 9.75M) | Time:00:00.00 | Mem:0.01M, Peak:0.01M | Scene, ViewLayer | Updating Mesh | Computing attributes
Fra:1 Mem:9.13M (Peak 9.75M) | Time:00:00.00 | Mem:0.01M, Peak:0.01M | Scene, ViewLayer | Updating Mesh | Copying Attributes to device
Fra:1 Mem:9.13M (Peak 9.75M) | Time:00:00.00 | Mem:0.01M, Peak:0.01M | Scene, ViewLayer | Updating Scene BVH | Building
Fra:1 Mem:9.13M (Peak 9.75M) | Time:00:00.00 | Mem:0.01M, Peak:0.01M | Scene, ViewLayer | Updating Scene BVH | Building BVH
Fra:1 Mem:9.13M (Peak 9.75M) | Time:00:00.00 | Mem:0.02M, Peak:0.03M | Scene, ViewLayer | Updating Scene BVH | Copying BVH to device
Fra:1 Mem:9.13M (Peak 9.75M) | Time:00:00.00 | Mem:0.02M, Peak:0.03M | Scene, ViewLayer | Updating Mesh | Computing normals
Fra:1 Mem:9.14M (Peak 9.75M) | Time:00:00.00 | Mem:0.02M, Peak:0.03M | Scene, ViewLayer | Updating Mesh | Copying Mesh to device
Fra:1 Mem:9.14M (Peak 9.75M) | Time:00:00.00 | Mem:0.03M, Peak:0.03M | Scene, ViewLayer | Updating Objects Flags
Fra:1 Mem:9.14M (Peak 9.75M) | Time:00:00.00 | Mem:0.03M, Peak:0.03M | Scene, ViewLayer | Updating Primitive Offsets
Fra:1 Mem:9.14M (Peak 9.75M) | Time:00:00.00 | Mem:0.03M, Peak:0.03M | Scene, ViewLayer | Updating Images
Fra:1 Mem:9.14M (Peak 9.75M) | Time:00:00.00 | Mem:0.03M, Peak:0.03M | Scene, ViewLayer | Updating Camera Volume
Fra:1 Mem:9.14M (Peak 9.75M) | Time:00:00.00 | Mem:0.03M, Peak:0.03M | Scene, ViewLayer | Updating Lookup Tables
Fra:1 Mem:9.14M (Peak 9.75M) | Time:00:00.00 | Mem:0.11M, Peak:0.11M | Scene, ViewLayer | Updating Lights
Fra:1 Mem:9.14M (Peak 9.75M) | Time:00:00.00 | Mem:0.11M, Peak:0.11M | Scene, ViewLayer | Updating Lights | Computing tree
Fra:1 Mem:9.14M (Peak 9.75M) | Time:00:00.00 | Mem:0.12M, Peak:0.12M | Scene, ViewLayer | Updating Integrator
Fra:1 Mem:9.14M (Peak 9.75M) | Time:00:00.00 | Mem:0.12M, Peak:0.12M | Scene, ViewLayer | Updating Film
Fra:1 Mem:9.15M (Peak 9.75M) | Time:00:00.00 | Mem:0.04M, Peak:0.12M | Scene, ViewLayer | Updating Lookup Tables
Fra:1 Mem:9.15M (Peak 9.75M) | Time:00:00.00 | Mem:0.13M, Peak:0.13M | Scene, ViewLayer | Updating Baking
Fra:1 Mem:9.15M (Peak 9.75M) | Time:00:00.00 | Mem:0.13M, Peak:0.13M | Scene, ViewLayer | Updating Device | Writing constant memory
Fra:1 Mem:9.15M (Peak 9.75M) | Time:00:00.00 | Mem:0.13M, Peak:0.13M | Scene, ViewLayer | Sample 0/8
Fra:1 Mem:9.75M (Peak 9.75M) | Time:00:00.00 | Remaining:00:00.02 | Mem:0.69M, Peak:0.69M | Scene, ViewLayer | Sample 1/8
Fra:1 Mem:10.00M (Peak 10.00M) | Time:00:00.02 | Mem:0.69M, Peak:0.69M | Scene, ViewLayer | Sample 8/8
Fra:1 Mem:10.00M (Peak 10.00M) | Time:00:00.02 | Mem:0.69M, Peak:0.69M | Scene, ViewLayer | Finished
Saved: '/home/terence/Documents/Codex/2026-09-06/realtime-voice-chat-3/outputs/butterfly-method-comparison/blender-v2/raw/view045_frame00.png'
Time: 00:00.02 (Saving: 00:00.00)

Fra:1 Mem:9.74M (Peak 9.74M) | Time:00:00.00 | Mem:0.00M, Peak:0.00M | Scene, ViewLayer | Synchronizing object | Thorax
Fra:1 Mem:9.74M (Peak 9.74M) | Time:00:00.00 | Mem:0.00M, Peak:0.00M | Scene, ViewLayer | Synchronizing object | Abdomen
Fra:1 Mem:9.74M (Peak 9.74M) | Time:00:00.00 | Mem:0.00M, Peak:0.00M | Scene, ViewLayer | Synchronizing object | Abdomen tip
Fra:1 Mem:9.74M (Peak 9.74M) | Time:00:00.00 | Mem:0.00M, Peak:0.00M | Scene, ViewLayer | Synchronizing object | Antenna
Fra:1 Mem:9.74M (Peak 9.74M) | Time:00:00.00 | Mem:0.00M, Peak:0.00M | Scene, ViewLayer | Synchronizing object | Antenna.001
Fra:1 Mem:9.74M (Peak 9.74M) | Time:00:00.00 | Mem:0.00M, Peak:0.00M | Scene, ViewLayer | Synchronizing object | R continuous fore-hind wing
Fra:1 Mem:9.75M (Peak 9.75M) | Time:00:00.00 | Mem:0.00M, Peak:0.00M | Scene, ViewLayer | Initializing
Fra:1 Mem:9.04M (Peak 9.75M) | Time:00:00.00 | Mem:0.00M, Peak:0.00M | Scene, ViewLayer | Waiting for render to start
Fra:1 Mem:9.04M (Peak 9.75M) | Time:00:00.00 | Mem:0.00M, Peak:0.00M | Scene, ViewLayer | Updating Scene
Fra:1 Mem:9.04M (Peak 9.75M) | Time:00:00.00 | Mem:0.00M, Peak:0.00M | Scene, ViewLayer | Updating Shaders
Fra:1 Mem:9.04M (Peak 9.75M) | Time:00:00.00 | Mem:0.00M, Peak:0.00M | Scene, ViewLayer | Loading render kernels (may take a few minutes the first time)
Fra:1 Mem:9.13M (Peak 9.75M) | Time:00:00.00 | Mem:0.00M, Peak:0.00M | Scene, ViewLayer | Updating Procedurals
Fra:1 Mem:9.13M (Peak 9.75M) | Time:00:00.00 | Mem:0.00M, Peak:0.00M | Scene, ViewLayer | Updating Background
Fra:1 Mem:9.13M (Peak 9.75M) | Time:00:00.00 | Mem:0.00M, Peak:0.00M | Scene, ViewLayer | Updating Camera
Fra:1 Mem:9.13M (Peak 9.75M) | Time:00:00.00 | Mem:0.00M, Peak:0.00M | Scene, ViewLayer | Updating Meshes Flags
Fra:1 Mem:9.13M (Peak 9.75M) | Time:00:00.00 | Mem:0.00M, Peak:0.00M | Scene, ViewLayer | Updating Objects
Fra:1 Mem:9.13M (Peak 9.75M) | Time:00:00.00 | Mem:0.00M, Peak:0.00M | Scene, ViewLayer | Updating Objects | Copying Transformations to device
Fra:1 Mem:9.13M (Peak 9.75M) | Time:00:00.00 | Mem:0.01M, Peak:0.01M | Scene, ViewLayer | Updating Particle Systems
Fra:1 Mem:9.13M (Peak 9.75M) | Time:00:00.00 | Mem:0.01M, Peak:0.01M | Scene, ViewLayer | Updating Particle Systems | Copying Particles to device
Fra:1 Mem:9.13M (Peak 9.75M) | Time:00:00.00 | Mem:0.01M, Peak:0.01M | Scene, ViewLayer | Updating Meshes
Fra:1 Mem:9.13M (Peak 9.75M) | Time:00:00.00 | Mem:0.01M, Peak:0.01M | Scene, ViewLayer | Updating Objects | Applying Static Transformations
Fra:1 Mem:9.13M (Peak 9.75M) | Time:00:00.00 | Mem:0.01M, Peak:0.01M | Scene, ViewLayer | Updating Mesh | Computing attributes
Fra:1 Mem:9.13M (Peak 9.75M) | Time:00:00.00 | Mem:0.01M, Peak:0.01M | Scene, ViewLayer | Updating Mesh | Copying Attributes to device
Fra:1 Mem:9.13M (Peak 9.75M) | Time:00:00.00 | Mem:0.01M, Peak:0.01M | Scene, ViewLayer | Updating Scene BVH | Building
Fra:1 Mem:9.13M (Peak 9.75M) | Time:00:00.00 | Mem:0.01M, Peak:0.01M | Scene, ViewLayer | Updating Scene BVH | Building BVH
Fra:1 Mem:9.13M (Peak 9.75M) | Time:00:00.00 | Mem:0.01M, Peak:0.01M | Scene, ViewLayer | Updating Scene BVH | Building BVH 0%
Fra:1 Mem:9.13M (Peak 9.75M) | Time:00:00.00 | Mem:0.02M, Peak:0.03M | Scene, ViewLayer | Updating Scene BVH | Copying BVH to device
Fra:1 Mem:9.13M (Peak 9.75M) | Time:00:00.00 | Mem:0.02M, Peak:0.03M | Scene, ViewLayer | Updating Mesh | Computing normals
Fra:1 Mem:9.14M (Peak 9.75M) | Time:00:00.00 | Mem:0.02M, Peak:0.03M | Scene, ViewLayer | Updating Mesh | Copying Mesh to device
Fra:1 Mem:9.14M (Peak 9.75M) | Time:00:00.00 | Mem:0.03M, Peak:0.03M | Scene, ViewLayer | Updating Objects Flags
Fra:1 Mem:9.14M (Peak 9.75M) | Time:00:00.00 | Mem:0.03M, Peak:0.03M | Scene, ViewLayer | Updating Primitive Offsets
Fra:1 Mem:9.14M (Peak 9.75M) | Time:00:00.00 | Mem:0.03M, Peak:0.03M | Scene, ViewLayer | Updating Images
Fra:1 Mem:9.14M (Peak 9.75M) | Time:00:00.00 | Mem:0.03M, Peak:0.03M | Scene, ViewLayer | Updating Camera Volume
Fra:1 Mem:9.14M (Peak 9.75M) | Time:00:00.00 | Mem:0.03M, Peak:0.03M | Scene, ViewLayer | Updating Lookup Tables
Fra:1 Mem:9.14M (Peak 9.75M) | Time:00:00.00 | Mem:0.11M, Peak:0.11M | Scene, ViewLayer | Updating Lights
Fra:1 Mem:9.14M (Peak 9.75M) | Time:00:00.00 | Mem:0.11M, Peak:0.11M | Scene, ViewLayer | Updating Lights | Computing tree
Fra:1 Mem:9.14M (Peak 9.75M) | Time:00:00.00 | Mem:0.12M, Peak:0.12M | Scene, ViewLayer | Updating Integrator
Fra:1 Mem:9.14M (Peak 9.75M) | Time:00:00.00 | Mem:0.12M, Peak:0.12M | Scene, ViewLayer | Updating Film
Fra:1 Mem:9.15M (Peak 9.75M) | Time:00:00.00 | Mem:0.04M, Peak:0.12M | Scene, ViewLayer | Updating Lookup Tables
Fra:1 Mem:9.15M (Peak 9.75M) | Time:00:00.00 | Mem:0.13M, Peak:0.13M | Scene, ViewLayer | Updating Baking
Fra:1 Mem:9.15M (Peak 9.75M) | Time:00:00.00 | Mem:0.13M, Peak:0.13M | Scene, ViewLayer | Updating Device | Writing constant memory
Fra:1 Mem:9.15M (Peak 9.75M) | Time:00:00.00 | Mem:0.13M, Peak:0.13M | Scene, ViewLayer | Sample 0/1
Fra:1 Mem:9.20M (Peak 9.75M) | Time:00:00.00 | Mem:0.13M, Peak:0.13M | Scene, ViewLayer | Sample 1/1
Fra:1 Mem:9.20M (Peak 9.75M) | Time:00:00.00 | Mem:0.13M, Peak:0.13M | Scene, ViewLayer | Finished
Saved: '/home/terence/Documents/Codex/2026-09-06/realtime-voice-chat-3/outputs/butterfly-method-comparison/blender-v2/raw/native16/view045_frame00.png'
Time: 00:00.00 (Saving: 00:00.00)

Fra:1 Mem:9.74M (Peak 9.74M) | Time:00:00.00 | Mem:0.00M, Peak:0.00M | Scene, ViewLayer | Synchronizing object | Thorax
Fra:1 Mem:9.74M (Peak 9.74M) | Time:00:00.00 | Mem:0.00M, Peak:0.00M | Scene, ViewLayer | Synchronizing object | Head
Fra:1 Mem:9.74M (Peak 9.74M) | Time:00:00.00 | Mem:0.00M, Peak:0.00M | Scene, ViewLayer | Synchronizing object | L continuous fore-hind wing
Fra:1 Mem:9.74M (Peak 9.74M) | Time:00:00.00 | Mem:0.00M, Peak:0.00M | Scene, ViewLayer | Synchronizing object | Abdomen tip
Fra:1 Mem:9.74M (Peak 9.74M) | Time:00:00.00 | Mem:0.00M, Peak:0.00M | Scene, ViewLayer | Synchronizing object | Antenna.001
Fra:1 Mem:9.74M (Peak 9.74M) | Time:00:00.00 | Mem:0.00M, Peak:0.00M | Scene, ViewLayer | Synchronizing object | R continuous fore-hind wing
Fra:1 Mem:9.75M (Peak 9.75M) | Time:00:00.00 | Mem:0.00M, Peak:0.00M | Scene, ViewLayer | Initializing
Fra:1 Mem:9.04M (Peak 9.75M) | Time:00:00.00 | Mem:0.00M, Peak:0.00M | Scene, ViewLayer | Waiting for render to start
Fra:1 Mem:9.04M (Peak 9.75M) | Time:00:00.00 | Mem:0.00M, Peak:0.00M | Scene, ViewLayer | Updating Scene
Fra:1 Mem:9.04M (Peak 9.75M) | Time:00:00.00 | Mem:0.00M, Peak:0.00M | Scene, ViewLayer | Updating Shaders
Fra:1 Mem:9.04M (Peak 9.75M) | Time:00:00.00 | Mem:0.00M, Peak:0.00M | Scene, ViewLayer | Loading render kernels (may take a few minutes the first time)
Fra:1 Mem:9.13M (Peak 9.75M) | Time:00:00.00 | Mem:0.00M, Peak:0.00M | Scene, ViewLayer | Updating Procedurals
Fra:1 Mem:9.13M (Peak 9.75M) | Time:00:00.00 | Mem:0.00M, Peak:0.00M | Scene, ViewLayer | Updating Background
Fra:1 Mem:9.13M (Peak 9.75M) | Time:00:00.00 | Mem:0.00M, Peak:0.00M | Scene, ViewLayer | Updating Camera
Fra:1 Mem:9.13M (Peak 9.75M) | Time:00:00.00 | Mem:0.00M, Peak:0.00M | Scene, ViewLayer | Updating Meshes Flags
Fra:1 Mem:9.13M (Peak 9.75M) | Time:00:00.00 | Mem:0.00M, Peak:0.00M | Scene, ViewLayer | Updating Objects
Fra:1 Mem:9.13M (Peak 9.75M) | Time:00:00.00 | Mem:0.00M, Peak:0.00M | Scene, ViewLayer | Updating Objects | Copying Transformations to device
Fra:1 Mem:9.13M (Peak 9.75M) | Time:00:00.00 | Mem:0.01M, Peak:0.01M | Scene, ViewLayer | Updating Particle Systems
Fra:1 Mem:9.13M (Peak 9.75M) | Time:00:00.00 | Mem:0.01M, Peak:0.01M | Scene, ViewLayer | Updating Particle Systems | Copying Particles to device
Fra:1 Mem:9.13M (Peak 9.75M) | Time:00:00.00 | Mem:0.01M, Peak:0.01M | Scene, ViewLayer | Updating Meshes
Fra:1 Mem:9.13M (Peak 9.75M) | Time:00:00.00 | Mem:0.01M, Peak:0.01M | Scene, ViewLayer | Updating Objects | Applying Static Transformations
Fra:1 Mem:9.13M (Peak 9.75M) | Time:00:00.00 | Mem:0.01M, Peak:0.01M | Scene, ViewLayer | Updating Mesh | Computing attributes
Fra:1 Mem:9.13M (Peak 9.75M) | Time:00:00.00 | Mem:0.01M, Peak:0.01M | Scene, ViewLayer | Updating Mesh | Copying Attributes to device
Fra:1 Mem:9.13M (Peak 9.75M) | Time:00:00.00 | Mem:0.01M, Peak:0.01M | Scene, ViewLayer | Updating Scene BVH | Building
Fra:1 Mem:9.13M (Peak 9.75M) | Time:00:00.00 | Mem:0.01M, Peak:0.01M | Scene, ViewLayer | Updating Scene BVH | Building BVH
Fra:1 Mem:9.13M (Peak 9.75M) | Time:00:00.00 | Mem:0.02M, Peak:0.03M | Scene, ViewLayer | Updating Scene BVH | Copying BVH to device
Fra:1 Mem:9.13M (Peak 9.75M) | Time:00:00.00 | Mem:0.02M, Peak:0.03M | Scene, ViewLayer | Updating Mesh | Computing normals
Fra:1 Mem:9.14M (Peak 9.75M) | Time:00:00.00 | Mem:0.02M, Peak:0.03M | Scene, ViewLayer | Updating Mesh | Copying Mesh to device
Fra:1 Mem:9.14M (Peak 9.75M) | Time:00:00.00 | Mem:0.03M, Peak:0.03M | Scene, ViewLayer | Updating Objects Flags
Fra:1 Mem:9.14M (Peak 9.75M) | Time:00:00.00 | Mem:0.03M, Peak:0.03M | Scene, ViewLayer | Updating Primitive Offsets
Fra:1 Mem:9.14M (Peak 9.75M) | Time:00:00.00 | Mem:0.03M, Peak:0.03M | Scene, ViewLayer | Updating Images
Fra:1 Mem:9.14M (Peak 9.75M) | Time:00:00.00 | Mem:0.03M, Peak:0.03M | Scene, ViewLayer | Updating Camera Volume
Fra:1 Mem:9.14M (Peak 9.75M) | Time:00:00.00 | Mem:0.03M, Peak:0.03M | Scene, ViewLayer | Updating Lookup Tables
Fra:1 Mem:9.14M (Peak 9.75M) | Time:00:00.00 | Mem:0.11M, Peak:0.11M | Scene, ViewLayer | Updating Lights
Fra:1 Mem:9.14M (Peak 9.75M) | Time:00:00.00 | Mem:0.11M, Peak:0.11M | Scene, ViewLayer | Updating Lights | Computing tree
Fra:1 Mem:9.14M (Peak 9.75M) | Time:00:00.00 | Mem:0.12M, Peak:0.12M | Scene, ViewLayer | Updating Integrator
Fra:1 Mem:9.14M (Peak 9.75M) | Time:00:00.00 | Mem:0.12M, Peak:0.12M | Scene, ViewLayer | Updating Film
Fra:1 Mem:9.15M (Peak 9.75M) | Time:00:00.00 | Mem:0.04M, Peak:0.12M | Scene, ViewLayer | Updating Lookup Tables
Fra:1 Mem:9.15M (Peak 9.75M) | Time:00:00.00 | Mem:0.13M, Peak:0.13M | Scene, ViewLayer | Updating Baking
Fra:1 Mem:9.15M (Peak 9.75M) | Time:00:00.00 | Mem:0.13M, Peak:0.13M | Scene, ViewLayer | Updating Device | Writing constant memory
Fra:1 Mem:9.15M (Peak 9.75M) | Time:00:00.00 | Mem:0.13M, Peak:0.13M | Scene, ViewLayer | Sample 0/1
Fra:1 Mem:9.24M (Peak 9.75M) | Time:00:00.00 | Mem:0.16M, Peak:0.16M | Scene, ViewLayer | Sample 1/1
Fra:1 Mem:9.24M (Peak 9.75M) | Time:00:00.00 | Mem:0.16M, Peak:0.16M | Scene, ViewLayer | Finished
Saved: '/home/terence/Documents/Codex/2026-09-06/realtime-voice-chat-3/outputs/butterfly-method-comparison/blender-v2/raw/native32/view045_frame00.png'
Time: 00:00.00 (Saving: 00:00.00)

Fra:1 Mem:9.67M (Peak 9.67M) | Time:00:00.00 | Mem:0.00M, Peak:0.00M | Scene, ViewLayer | Synchronizing object | Thorax
Fra:1 Mem:9.67M (Peak 9.67M) | Time:00:00.00 | Mem:0.00M, Peak:0.00M | Scene, ViewLayer | Synchronizing object | Head
Fra:1 Mem:9.67M (Peak 9.67M) | Time:00:00.00 | Mem:0.00M, Peak:0.00M | Scene, ViewLayer | Synchronizing object | Abdomen
Fra:1 Mem:9.67M (Peak 9.67M) | Time:00:00.00 | Mem:0.00M, Peak:0.00M | Scene, ViewLayer | Synchronizing object | Antenna
Fra:1 Mem:9.68M (Peak 9.68M) | Time:00:00.00 | Mem:0.00M, Peak:0.00M | Scene, ViewLayer | Synchronizing object | Abdomen tip
Fra:1 Mem:9.68M (Peak 9.68M) | Time:00:00.00 | Mem:0.00M, Peak:0.00M | Scene, ViewLayer | Initializing
Fra:1 Mem:9.03M (Peak 9.68M) | Time:00:00.00 | Mem:0.00M, Peak:0.00M | Scene, ViewLayer | Waiting for render to start
Fra:1 Mem:9.03M (Peak 9.68M) | Time:00:00.00 | Mem:0.00M, Peak:0.00M | Scene, ViewLayer | Updating Scene
Fra:1 Mem:9.03M (Peak 9.68M) | Time:00:00.00 | Mem:0.00M, Peak:0.00M | Scene, ViewLayer | Updating Shaders
Fra:1 Mem:9.03M (Peak 9.68M) | Time:00:00.00 | Mem:0.00M, Peak:0.00M | Scene, ViewLayer | Loading render kernels (may take a few minutes the first time)
Fra:1 Mem:9.12M (Peak 9.68M) | Time:00:00.00 | Mem:0.00M, Peak:0.00M | Scene, ViewLayer | Updating Procedurals
Fra:1 Mem:9.12M (Peak 9.68M) | Time:00:00.00 | Mem:0.00M, Peak:0.00M | Scene, ViewLayer | Updating Background
Fra:1 Mem:9.12M (Peak 9.68M) | Time:00:00.00 | Mem:0.00M, Peak:0.00M | Scene, ViewLayer | Updating Camera
Fra:1 Mem:9.12M (Peak 9.68M) | Time:00:00.00 | Mem:0.00M, Peak:0.00M | Scene, ViewLayer | Updating Meshes Flags
Fra:1 Mem:9.12M (Peak 9.68M) | Time:00:00.00 | Mem:0.00M, Peak:0.00M | Scene, ViewLayer | Updating Objects
Fra:1 Mem:9.12M (Peak 9.68M) | Time:00:00.00 | Mem:0.00M, Peak:0.00M | Scene, ViewLayer | Updating Objects | Copying Transformations to device
Fra:1 Mem:9.12M (Peak 9.68M) | Time:00:00.00 | Mem:0.00M, Peak:0.00M | Scene, ViewLayer | Updating Particle Systems
Fra:1 Mem:9.12M (Peak 9.68M) | Time:00:00.00 | Mem:0.00M, Peak:0.00M | Scene, ViewLayer | Updating Particle Systems | Copying Particles to device
Fra:1 Mem:9.12M (Peak 9.68M) | Time:00:00.00 | Mem:0.00M, Peak:0.00M | Scene, ViewLayer | Updating Meshes
Fra:1 Mem:9.12M (Peak 9.68M) | Time:00:00.00 | Mem:0.00M, Peak:0.00M | Scene, ViewLayer | Updating Objects | Applying Static Transformations
Fra:1 Mem:9.12M (Peak 9.68M) | Time:00:00.00 | Mem:0.00M, Peak:0.00M | Scene, ViewLayer | Updating Mesh | Computing attributes
Fra:1 Mem:9.12M (Peak 9.68M) | Time:00:00.00 | Mem:0.01M, Peak:0.01M | Scene, ViewLayer | Updating Mesh | Copying Attributes to device
Fra:1 Mem:9.12M (Peak 9.68M) | Time:00:00.00 | Mem:0.01M, Peak:0.01M | Scene, ViewLayer | Updating Scene BVH | Building
Fra:1 Mem:9.12M (Peak 9.68M) | Time:00:00.00 | Mem:0.01M, Peak:0.01M | Scene, ViewLayer | Updating Scene BVH | Building BVH
Fra:1 Mem:9.12M (Peak 9.68M) | Time:00:00.00 | Mem:0.01M, Peak:0.01M | Scene, ViewLayer | Updating Scene BVH | Copying BVH to device
Fra:1 Mem:9.12M (Peak 9.68M) | Time:00:00.00 | Mem:0.01M, Peak:0.01M | Scene, ViewLayer | Updating Mesh | Computing normals
Fra:1 Mem:9.12M (Peak 9.68M) | Time:00:00.00 | Mem:0.01M, Peak:0.01M | Scene, ViewLayer | Updating Mesh | Copying Mesh to device
Fra:1 Mem:9.12M (Peak 9.68M) | Time:00:00.00 | Mem:0.01M, Peak:0.01M | Scene, ViewLayer | Updating Objects Flags
Fra:1 Mem:9.12M (Peak 9.68M) | Time:00:00.00 | Mem:0.01M, Peak:0.01M | Scene, ViewLayer | Updating Primitive Offsets
Fra:1 Mem:9.12M (Peak 9.68M) | Time:00:00.00 | Mem:0.01M, Peak:0.01M | Scene, ViewLayer | Updating Images
Fra:1 Mem:9.12M (Peak 9.68M) | Time:00:00.00 | Mem:0.01M, Peak:0.01M | Scene, ViewLayer | Updating Camera Volume
Fra:1 Mem:9.12M (Peak 9.68M) | Time:00:00.00 | Mem:0.01M, Peak:0.01M | Scene, ViewLayer | Updating Lookup Tables
Fra:1 Mem:9.12M (Peak 9.68M) | Time:00:00.00 | Mem:0.09M, Peak:0.09M | Scene, ViewLayer | Updating Lights
Fra:1 Mem:9.12M (Peak 9.68M) | Time:00:00.00 | Mem:0.09M, Peak:0.09M | Scene, ViewLayer | Updating Lights | Computing tree
Fra:1 Mem:9.12M (Peak 9.68M) | Time:00:00.00 | Mem:0.09M, Peak:0.09M | Scene, ViewLayer | Updating Integrator
Fra:1 Mem:9.12M (Peak 9.68M) | Time:00:00.00 | Mem:0.09M, Peak:0.09M | Scene, ViewLayer | Updating Film
Fra:1 Mem:9.13M (Peak 9.68M) | Time:00:00.00 | Mem:0.01M, Peak:0.09M | Scene, ViewLayer | Updating Lookup Tables
Fra:1 Mem:9.13M (Peak 9.68M) | Time:00:00.00 | Mem:0.10M, Peak:0.10M | Scene, ViewLayer | Updating Baking
Fra:1 Mem:9.13M (Peak 9.68M) | Time:00:00.00 | Mem:0.10M, Peak:0.10M | Scene, ViewLayer | Updating Device | Writing constant memory
Fra:1 Mem:9.13M (Peak 9.68M) | Time:00:00.00 | Mem:0.10M, Peak:0.10M | Scene, ViewLayer | Sample 0/1
Fra:1 Mem:9.18M (Peak 9.68M) | Time:00:00.00 | Mem:0.11M, Peak:0.11M | Scene, ViewLayer | Sample 1/1
Fra:1 Mem:9.18M (Peak 9.68M) | Time:00:00.00 | Mem:0.11M, Peak:0.11M | Scene, ViewLayer | Finished
Saved: '/home/terence/Documents/Codex/2026-09-06/realtime-voice-chat-3/outputs/butterfly-method-comparison/blender-v2/raw/body-only/view045_frame00.png'
Time: 00:00.00 (Saving: 00:00.00)

Fra:1 Mem:9.71M (Peak 9.71M) | Time:00:00.00 | Mem:0.00M, Peak:0.00M | Scene, ViewLayer | Synchronizing object | Thorax
Fra:1 Mem:9.71M (Peak 9.71M) | Time:00:00.00 | Mem:0.00M, Peak:0.00M | Scene, ViewLayer | Synchronizing object | L continuous fore-hind wing
Fra:1 Mem:9.71M (Peak 9.71M) | Time:00:00.00 | Mem:0.00M, Peak:0.00M | Scene, ViewLayer | Synchronizing object | Abdomen tip
Fra:1 Mem:9.71M (Peak 9.71M) | Time:00:00.00 | Mem:0.00M, Peak:0.00M | Scene, ViewLayer | Synchronizing object | Antenna.001
Fra:1 Mem:9.71M (Peak 9.71M) | Time:00:00.00 | Mem:0.00M, Peak:0.00M | Scene, ViewLayer | Synchronizing object | R continuous fore-hind wing
Fra:1 Mem:9.72M (Peak 9.72M) | Time:00:00.00 | Mem:0.00M, Peak:0.00M | Scene, ViewLayer | Initializing
Fra:1 Mem:9.03M (Peak 9.72M) | Time:00:00.00 | Mem:0.00M, Peak:0.00M | Scene, ViewLayer | Waiting for render to start
Fra:1 Mem:9.03M (Peak 9.72M) | Time:00:00.00 | Mem:0.00M, Peak:0.00M | Scene, ViewLayer | Updating Scene
Fra:1 Mem:9.03M (Peak 9.72M) | Time:00:00.00 | Mem:0.00M, Peak:0.00M | Scene, ViewLayer | Updating Shaders
Fra:1 Mem:9.03M (Peak 9.72M) | Time:00:00.00 | Mem:0.00M, Peak:0.00M | Scene, ViewLayer | Loading render kernels (may take a few minutes the first time)
Fra:1 Mem:9.11M (Peak 9.72M) | Time:00:00.00 | Mem:0.00M, Peak:0.00M | Scene, ViewLayer | Updating Procedurals
Fra:1 Mem:9.11M (Peak 9.72M) | Time:00:00.00 | Mem:0.00M, Peak:0.00M | Scene, ViewLayer | Updating Background
Fra:1 Mem:9.11M (Peak 9.72M) | Time:00:00.00 | Mem:0.00M, Peak:0.00M | Scene, ViewLayer | Updating Camera
Fra:1 Mem:9.11M (Peak 9.72M) | Time:00:00.00 | Mem:0.00M, Peak:0.00M | Scene, ViewLayer | Updating Meshes Flags
Fra:1 Mem:9.11M (Peak 9.72M) | Time:00:00.00 | Mem:0.00M, Peak:0.00M | Scene, ViewLayer | Updating Objects
Fra:1 Mem:9.11M (Peak 9.72M) | Time:00:00.00 | Mem:0.00M, Peak:0.00M | Scene, ViewLayer | Updating Objects | Copying Transformations to device
Fra:1 Mem:9.11M (Peak 9.72M) | Time:00:00.00 | Mem:0.01M, Peak:0.01M | Scene, ViewLayer | Updating Particle Systems
Fra:1 Mem:9.11M (Peak 9.72M) | Time:00:00.00 | Mem:0.01M, Peak:0.01M | Scene, ViewLayer | Updating Particle Systems | Copying Particles to device
Fra:1 Mem:9.11M (Peak 9.72M) | Time:00:00.00 | Mem:0.01M, Peak:0.01M | Scene, ViewLayer | Updating Meshes
Fra:1 Mem:9.11M (Peak 9.72M) | Time:00:00.00 | Mem:0.01M, Peak:0.01M | Scene, ViewLayer | Updating Objects | Applying Static Transformations
Fra:1 Mem:9.11M (Peak 9.72M) | Time:00:00.00 | Mem:0.01M, Peak:0.01M | Scene, ViewLayer | Updating Mesh | Computing attributes
Fra:1 Mem:9.12M (Peak 9.72M) | Time:00:00.00 | Mem:0.01M, Peak:0.01M | Scene, ViewLayer | Updating Mesh | Copying Attributes to device
Fra:1 Mem:9.12M (Peak 9.72M) | Time:00:00.00 | Mem:0.01M, Peak:0.01M | Scene, ViewLayer | Updating Scene BVH | Building
Fra:1 Mem:9.12M (Peak 9.72M) | Time:00:00.00 | Mem:0.01M, Peak:0.01M | Scene, ViewLayer | Updating Scene BVH | Building BVH
Fra:1 Mem:9.12M (Peak 9.72M) | Time:00:00.00 | Mem:0.02M, Peak:0.03M | Scene, ViewLayer | Updating Scene BVH | Copying BVH to device
Fra:1 Mem:9.12M (Peak 9.72M) | Time:00:00.00 | Mem:0.02M, Peak:0.03M | Scene, ViewLayer | Updating Mesh | Computing normals
Fra:1 Mem:9.12M (Peak 9.72M) | Time:00:00.00 | Mem:0.02M, Peak:0.03M | Scene, ViewLayer | Updating Mesh | Copying Mesh to device
Fra:1 Mem:9.12M (Peak 9.72M) | Time:00:00.00 | Mem:0.03M, Peak:0.03M | Scene, ViewLayer | Updating Objects Flags
Fra:1 Mem:9.12M (Peak 9.72M) | Time:00:00.00 | Mem:0.03M, Peak:0.03M | Scene, ViewLayer | Updating Primitive Offsets
Fra:1 Mem:9.12M (Peak 9.72M) | Time:00:00.00 | Mem:0.03M, Peak:0.03M | Scene, ViewLayer | Updating Images
Fra:1 Mem:9.12M (Peak 9.72M) | Time:00:00.00 | Mem:0.03M, Peak:0.03M | Scene, ViewLayer | Updating Camera Volume
Fra:1 Mem:9.12M (Peak 9.72M) | Time:00:00.00 | Mem:0.03M, Peak:0.03M | Scene, ViewLayer | Updating Lookup Tables
Fra:1 Mem:9.12M (Peak 9.72M) | Time:00:00.00 | Mem:0.11M, Peak:0.11M | Scene, ViewLayer | Updating Lights
Fra:1 Mem:9.12M (Peak 9.72M) | Time:00:00.00 | Mem:0.11M, Peak:0.11M | Scene, ViewLayer | Updating Lights | Computing tree
Fra:1 Mem:9.13M (Peak 9.72M) | Time:00:00.00 | Mem:0.12M, Peak:0.12M | Scene, ViewLayer | Updating Integrator
Fra:1 Mem:9.13M (Peak 9.72M) | Time:00:00.00 | Mem:0.12M, Peak:0.12M | Scene, ViewLayer | Updating Film
Fra:1 Mem:9.13M (Peak 9.72M) | Time:00:00.00 | Mem:0.04M, Peak:0.12M | Scene, ViewLayer | Updating Lookup Tables
Fra:1 Mem:9.13M (Peak 9.72M) | Time:00:00.00 | Mem:0.13M, Peak:0.13M | Scene, ViewLayer | Updating Baking
Fra:1 Mem:9.13M (Peak 9.72M) | Time:00:00.00 | Mem:0.13M, Peak:0.13M | Scene, ViewLayer | Updating Device | Writing constant memory
Fra:1 Mem:9.14M (Peak 9.72M) | Time:00:00.00 | Mem:0.13M, Peak:0.13M | Scene, ViewLayer | Sample 0/1
Fra:1 Mem:9.19M (Peak 9.72M) | Time:00:00.00 | Mem:0.13M, Peak:0.13M | Scene, ViewLayer | Sample 1/1
Fra:1 Mem:9.19M (Peak 9.72M) | Time:00:00.00 | Mem:0.13M, Peak:0.13M | Scene, ViewLayer | Finished
Saved: '/home/terence/Documents/Codex/2026-09-06/realtime-voice-chat-3/outputs/butterfly-method-comparison/blender-v2/raw/no-abdomen-lag/view045_frame00.png'
Time: 00:00.00 (Saving: 00:00.00)

Fra:1 Mem:9.69M (Peak 9.69M) | Time:00:00.00 | Mem:0.00M, Peak:0.00M | Scene, ViewLayer | Synchronizing object | Thorax
Fra:1 Mem:9.69M (Peak 9.69M) | Time:00:00.00 | Mem:0.00M, Peak:0.00M | Scene, ViewLayer | Synchronizing object | Abdomen
Fra:1 Mem:9.69M (Peak 9.69M) | Time:00:00.00 | Mem:0.00M, Peak:0.00M | Scene, ViewLayer | Synchronizing object | L continuous fore-hind wing
Fra:1 Mem:9.69M (Peak 9.69M) | Time:00:00.00 | Mem:0.00M, Peak:0.00M | Scene, ViewLayer | Synchronizing object | Abdomen tip
Fra:1 Mem:9.69M (Peak 9.69M) | Time:00:00.00 | Mem:0.00M, Peak:0.00M | Scene, ViewLayer | Synchronizing object | Antenna.001
Fra:1 Mem:9.70M (Peak 9.70M) | Time:00:00.00 | Mem:0.00M, Peak:0.00M | Scene, ViewLayer | Synchronizing object | R continuous fore-hind wing
Fra:1 Mem:9.70M (Peak 9.70M) | Time:00:00.00 | Mem:0.00M, Peak:0.00M | Scene, ViewLayer | Initializing
Fra:1 Mem:9.02M (Peak 9.70M) | Time:00:00.00 | Mem:0.00M, Peak:0.00M | Scene, ViewLayer | Waiting for render to start
Fra:1 Mem:9.02M (Peak 9.70M) | Time:00:00.00 | Mem:0.00M, Peak:0.00M | Scene, ViewLayer | Updating Scene
Fra:1 Mem:9.02M (Peak 9.70M) | Time:00:00.00 | Mem:0.00M, Peak:0.00M | Scene, ViewLayer | Updating Shaders
Fra:1 Mem:9.02M (Peak 9.70M) | Time:00:00.00 | Mem:0.00M, Peak:0.00M | Scene, ViewLayer | Loading render kernels (may take a few minutes the first time)
Fra:1 Mem:9.10M (Peak 9.70M) | Time:00:00.00 | Mem:0.00M, Peak:0.00M | Scene, ViewLayer | Updating Procedurals
Fra:1 Mem:9.10M (Peak 9.70M) | Time:00:00.00 | Mem:0.00M, Peak:0.00M | Scene, ViewLayer | Updating Background
Fra:1 Mem:9.10M (Peak 9.70M) | Time:00:00.00 | Mem:0.00M, Peak:0.00M | Scene, ViewLayer | Updating Camera
Fra:1 Mem:9.10M (Peak 9.70M) | Time:00:00.00 | Mem:0.00M, Peak:0.00M | Scene, ViewLayer | Updating Meshes Flags
Fra:1 Mem:9.10M (Peak 9.70M) | Time:00:00.00 | Mem:0.00M, Peak:0.00M | Scene, ViewLayer | Updating Objects
Fra:1 Mem:9.10M (Peak 9.70M) | Time:00:00.00 | Mem:0.00M, Peak:0.00M | Scene, ViewLayer | Updating Objects | Copying Transformations to device
Fra:1 Mem:9.10M (Peak 9.70M) | Time:00:00.00 | Mem:0.01M, Peak:0.01M | Scene, ViewLayer | Updating Particle Systems
Fra:1 Mem:9.10M (Peak 9.70M) | Time:00:00.00 | Mem:0.01M, Peak:0.01M | Scene, ViewLayer | Updating Particle Systems | Copying Particles to device
Fra:1 Mem:9.10M (Peak 9.70M) | Time:00:00.00 | Mem:0.01M, Peak:0.01M | Scene, ViewLayer | Updating Meshes
Fra:1 Mem:9.10M (Peak 9.70M) | Time:00:00.00 | Mem:0.01M, Peak:0.01M | Scene, ViewLayer | Updating Objects | Applying Static Transformations
Fra:1 Mem:9.10M (Peak 9.70M) | Time:00:00.00 | Mem:0.01M, Peak:0.01M | Scene, ViewLayer | Updating Mesh | Computing attributes
Fra:1 Mem:9.11M (Peak 9.70M) | Time:00:00.00 | Mem:0.01M, Peak:0.01M | Scene, ViewLayer | Updating Mesh | Copying Attributes to device
Fra:1 Mem:9.11M (Peak 9.70M) | Time:00:00.00 | Mem:0.01M, Peak:0.01M | Scene, ViewLayer | Updating Scene BVH | Building
Fra:1 Mem:9.11M (Peak 9.70M) | Time:00:00.00 | Mem:0.01M, Peak:0.01M | Scene, ViewLayer | Updating Scene BVH | Building BVH
Fra:1 Mem:9.11M (Peak 9.70M) | Time:00:00.00 | Mem:0.02M, Peak:0.03M | Scene, ViewLayer | Updating Scene BVH | Copying BVH to device
Fra:1 Mem:9.11M (Peak 9.70M) | Time:00:00.00 | Mem:0.02M, Peak:0.03M | Scene, ViewLayer | Updating Mesh | Computing normals
Fra:1 Mem:9.11M (Peak 9.70M) | Time:00:00.00 | Mem:0.02M, Peak:0.03M | Scene, ViewLayer | Updating Mesh | Copying Mesh to device
Fra:1 Mem:9.11M (Peak 9.70M) | Time:00:00.00 | Mem:0.03M, Peak:0.03M | Scene, ViewLayer | Updating Objects Flags
Fra:1 Mem:9.11M (Peak 9.70M) | Time:00:00.00 | Mem:0.03M, Peak:0.03M | Scene, ViewLayer | Updating Primitive Offsets
Fra:1 Mem:9.11M (Peak 9.70M) | Time:00:00.00 | Mem:0.03M, Peak:0.03M | Scene, ViewLayer | Updating Images
Fra:1 Mem:9.11M (Peak 9.70M) | Time:00:00.00 | Mem:0.03M, Peak:0.03M | Scene, ViewLayer | Updating Camera Volume
Fra:1 Mem:9.11M (Peak 9.70M) | Time:00:00.00 | Mem:0.03M, Peak:0.03M | Scene, ViewLayer | Updating Lookup Tables
Fra:1 Mem:9.11M (Peak 9.70M) | Time:00:00.00 | Mem:0.11M, Peak:0.11M | Scene, ViewLayer | Updating Lights
Fra:1 Mem:9.11M (Peak 9.70M) | Time:00:00.00 | Mem:0.11M, Peak:0.11M | Scene, ViewLayer | Updating Lights | Computing tree
Fra:1 Mem:9.12M (Peak 9.70M) | Time:00:00.00 | Mem:0.12M, Peak:0.12M | Scene, ViewLayer | Updating Integrator
Fra:1 Mem:9.12M (Peak 9.70M) | Time:00:00.00 | Mem:0.12M, Peak:0.12M | Scene, ViewLayer | Updating Film
Fra:1 Mem:9.13M (Peak 9.70M) | Time:00:00.00 | Mem:0.04M, Peak:0.12M | Scene, ViewLayer | Updating Lookup Tables
Fra:1 Mem:9.13M (Peak 9.70M) | Time:00:00.00 | Mem:0.13M, Peak:0.13M | Scene, ViewLayer | Updating Baking
Fra:1 Mem:9.13M (Peak 9.70M) | Time:00:00.00 | Mem:0.13M, Peak:0.13M | Scene, ViewLayer | Updating Device | Writing constant memory
Fra:1 Mem:9.13M (Peak 9.70M) | Time:00:00.00 | Mem:0.13M, Peak:0.13M | Scene, ViewLayer | Sample 0/1
Fra:1 Mem:9.18M (Peak 9.70M) | Time:00:00.00 | Mem:0.13M, Peak:0.13M | Scene, ViewLayer | Sample 1/1
Fra:1 Mem:9.18M (Peak 9.70M) | Time:00:00.00 | Mem:0.13M, Peak:0.13M | Scene, ViewLayer | Finished
Saved: '/home/terence/Documents/Codex/2026-09-06/realtime-voice-chat-3/outputs/butterfly-method-comparison/blender-v2/raw/wing-only/view045_frame00.png'
Time: 00:00.00 (Saving: 00:00.00)

Fra:6 Mem:9.74M (Peak 9.74M) | Time:00:00.00 | Mem:0.00M, Peak:0.00M | Scene, ViewLayer | Synchronizing object | Thorax
Fra:6 Mem:9.74M (Peak 9.74M) | Time:00:00.00 | Mem:0.00M, Peak:0.00M | Scene, ViewLayer | Synchronizing object | Head
Fra:6 Mem:9.74M (Peak 9.74M) | Time:00:00.00 | Mem:0.00M, Peak:0.00M | Scene, ViewLayer | Synchronizing object | Abdomen
Fra:6 Mem:9.74M (Peak 9.74M) | Time:00:00.00 | Mem:0.00M, Peak:0.00M | Scene, ViewLayer | Synchronizing object | Abdomen tip
Fra:6 Mem:9.74M (Peak 9.74M) | Time:00:00.00 | Mem:0.00M, Peak:0.00M | Scene, ViewLayer | Synchronizing object | Antenna.001
Fra:6 Mem:9.74M (Peak 9.74M) | Time:00:00.00 | Mem:0.00M, Peak:0.00M | Scene, ViewLayer | Synchronizing object | R continuous fore-hind wing
Fra:6 Mem:9.75M (Peak 9.75M) | Time:00:00.00 | Mem:0.00M, Peak:0.00M | Scene, ViewLayer | Initializing
Fra:6 Mem:9.04M (Peak 9.75M) | Time:00:00.00 | Mem:0.00M, Peak:0.00M | Scene, ViewLayer | Waiting for render to start
Fra:6 Mem:9.04M (Peak 9.75M) | Time:00:00.00 | Mem:0.00M, Peak:0.00M | Scene, ViewLayer | Updating Scene
Fra:6 Mem:9.04M (Peak 9.75M) | Time:00:00.00 | Mem:0.00M, Peak:0.00M | Scene, ViewLayer | Updating Shaders
Fra:6 Mem:9.04M (Peak 9.75M) | Time:00:00.00 | Mem:0.00M, Peak:0.00M | Scene, ViewLayer | Loading render kernels (may take a few minutes the first time)
Fra:6 Mem:9.13M (Peak 9.75M) | Time:00:00.00 | Mem:0.00M, Peak:0.00M | Scene, ViewLayer | Updating Procedurals
Fra:6 Mem:9.13M (Peak 9.75M) | Time:00:00.00 | Mem:0.00M, Peak:0.00M | Scene, ViewLayer | Updating Background
Fra:6 Mem:9.13M (Peak 9.75M) | Time:00:00.00 | Mem:0.00M, Peak:0.00M | Scene, ViewLayer | Updating Camera
Fra:6 Mem:9.13M (Peak 9.75M) | Time:00:00.00 | Mem:0.00M, Peak:0.00M | Scene, ViewLayer | Updating Meshes Flags
Fra:6 Mem:9.13M (Peak 9.75M) | Time:00:00.00 | Mem:0.00M, Peak:0.00M | Scene, ViewLayer | Updating Objects
Fra:6 Mem:9.13M (Peak 9.75M) | Time:00:00.00 | Mem:0.00M, Peak:0.00M | Scene, ViewLayer | Updating Objects | Copying Transformations to device
Fra:6 Mem:9.13M (Peak 9.75M) | Time:00:00.00 | Mem:0.01M, Peak:0.01M | Scene, ViewLayer | Updating Particle Systems
Fra:6 Mem:9.13M (Peak 9.75M) | Time:00:00.00 | Mem:0.01M, Peak:0.01M | Scene, ViewLayer | Updating Particle Systems | Copying Particles to device
Fra:6 Mem:9.13M (Peak 9.75M) | Time:00:00.00 | Mem:0.01M, Peak:0.01M | Scene, ViewLayer | Updating Meshes
Fra:6 Mem:9.13M (Peak 9.75M) | Time:00:00.00 | Mem:0.01M, Peak:0.01M | Scene, ViewLayer | Updating Objects | Applying Static Transformations
Fra:6 Mem:9.13M (Peak 9.75M) | Time:00:00.00 | Mem:0.01M, Peak:0.01M | Scene, ViewLayer | Updating Mesh | Computing attributes
Fra:6 Mem:9.13M (Peak 9.75M) | Time:00:00.00 | Mem:0.01M, Peak:0.01M | Scene, ViewLayer | Updating Mesh | Copying Attributes to device
Fra:6 Mem:9.13M (Peak 9.75M) | Time:00:00.00 | Mem:0.01M, Peak:0.01M | Scene, ViewLayer | Updating Scene BVH | Building
Fra:6 Mem:9.13M (Peak 9.75M) | Time:00:00.00 | Mem:0.01M, Peak:0.01M | Scene, ViewLayer | Updating Scene BVH | Building BVH
Fra:6 Mem:9.13M (Peak 9.75M) | Time:00:00.00 | Mem:0.02M, Peak:0.03M | Scene, ViewLayer | Updating Scene BVH | Copying BVH to device
Fra:6 Mem:9.13M (Peak 9.75M) | Time:00:00.00 | Mem:0.02M, Peak:0.03M | Scene, ViewLayer | Updating Mesh | Computing normals
Fra:6 Mem:9.14M (Peak 9.75M) | Time:00:00.00 | Mem:0.02M, Peak:0.03M | Scene, ViewLayer | Updating Mesh | Copying Mesh to device
Fra:6 Mem:9.14M (Peak 9.75M) | Time:00:00.00 | Mem:0.03M, Peak:0.03M | Scene, ViewLayer | Updating Objects Flags
Fra:6 Mem:9.14M (Peak 9.75M) | Time:00:00.00 | Mem:0.03M, Peak:0.03M | Scene, ViewLayer | Updating Primitive Offsets
Fra:6 Mem:9.14M (Peak 9.75M) | Time:00:00.00 | Mem:0.03M, Peak:0.03M | Scene, ViewLayer | Updating Images
Fra:6 Mem:9.14M (Peak 9.75M) | Time:00:00.00 | Mem:0.03M, Peak:0.03M | Scene, ViewLayer | Updating Camera Volume
Fra:6 Mem:9.14M (Peak 9.75M) | Time:00:00.00 | Mem:0.03M, Peak:0.03M | Scene, ViewLayer | Updating Lookup Tables
Fra:6 Mem:9.14M (Peak 9.75M) | Time:00:00.00 | Mem:0.11M, Peak:0.11M | Scene, ViewLayer | Updating Lights
Fra:6 Mem:9.14M (Peak 9.75M) | Time:00:00.00 | Mem:0.11M, Peak:0.11M | Scene, ViewLayer | Updating Lights | Computing tree
Fra:6 Mem:9.14M (Peak 9.75M) | Time:00:00.00 | Mem:0.12M, Peak:0.12M | Scene, ViewLayer | Updating Integrator
Fra:6 Mem:9.14M (Peak 9.75M) | Time:00:00.00 | Mem:0.12M, Peak:0.12M | Scene, ViewLayer | Updating Film
Fra:6 Mem:9.15M (Peak 9.75M) | Time:00:00.00 | Mem:0.04M, Peak:0.12M | Scene, ViewLayer | Updating Lookup Tables
Fra:6 Mem:9.15M (Peak 9.75M) | Time:00:00.00 | Mem:0.12M, Peak:0.12M | Scene, ViewLayer | Updating Baking
Fra:6 Mem:9.15M (Peak 9.75M) | Time:00:00.00 | Mem:0.12M, Peak:0.12M | Scene, ViewLayer | Updating Device | Writing constant memory
Fra:6 Mem:9.15M (Peak 9.75M) | Time:00:00.00 | Mem:0.12M, Peak:0.12M | Scene, ViewLayer | Sample 0/8
Fra:6 Mem:9.75M (Peak 9.75M) | Time:00:00.00 | Remaining:00:00.01 | Mem:0.69M, Peak:0.69M | Scene, ViewLayer | Sample 1/8
Fra:6 Mem:10.00M (Peak 10.00M) | Time:00:00.02 | Mem:0.69M, Peak:0.69M | Scene, ViewLayer | Sample 8/8
Fra:6 Mem:10.00M (Peak 10.00M) | Time:00:00.02 | Mem:0.69M, Peak:0.69M | Scene, ViewLayer | Finished
Saved: '/home/terence/Documents/Codex/2026-09-06/realtime-voice-chat-3/outputs/butterfly-method-comparison/blender-v2/raw/view045_frame01.png'
Time: 00:00.02 (Saving: 00:00.00)

Fra:6 Mem:9.74M (Peak 9.74M) | Time:00:00.00 | Mem:0.00M, Peak:0.00M | Scene, ViewLayer | Synchronizing object | Thorax
Fra:6 Mem:9.74M (Peak 9.74M) | Time:00:00.00 | Mem:0.00M, Peak:0.00M | Scene, ViewLayer | Synchronizing object | L continuous fore-hind wing
Fra:6 Mem:9.74M (Peak 9.74M) | Time:00:00.00 | Mem:0.00M, Peak:0.00M | Scene, ViewLayer | Synchronizing object | Abdomen tip
Fra:6 Mem:9.74M (Peak 9.74M) | Time:00:00.00 | Mem:0.00M, Peak:0.00M | Scene, ViewLayer | Synchronizing object | Antenna
Fra:6 Mem:9.74M (Peak 9.74M) | Time:00:00.00 | Mem:0.00M, Peak:0.00M | Scene, ViewLayer | Synchronizing object | Antenna.001
Fra:6 Mem:9.75M (Peak 9.75M) | Time:00:00.00 | Mem:0.00M, Peak:0.00M | Scene, ViewLayer | Initializing
Fra:6 Mem:9.04M (Peak 9.75M) | Time:00:00.00 | Mem:0.00M, Peak:0.00M | Scene, ViewLayer | Waiting for render to start
Fra:6 Mem:9.04M (Peak 9.75M) | Time:00:00.00 | Mem:0.00M, Peak:0.00M | Scene, ViewLayer | Updating Scene
Fra:6 Mem:9.04M (Peak 9.75M) | Time:00:00.00 | Mem:0.00M, Peak:0.00M | Scene, ViewLayer | Updating Shaders
Fra:6 Mem:9.04M (Peak 9.75M) | Time:00:00.00 | Mem:0.00M, Peak:0.00M | Scene, ViewLayer | Loading render kernels (may take a few minutes the first time)
Fra:6 Mem:9.13M (Peak 9.75M) | Time:00:00.00 | Mem:0.00M, Peak:0.00M | Scene, ViewLayer | Updating Procedurals
Fra:6 Mem:9.13M (Peak 9.75M) | Time:00:00.00 | Mem:0.00M, Peak:0.00M | Scene, ViewLayer | Updating Background
Fra:6 Mem:9.13M (Peak 9.75M) | Time:00:00.00 | Mem:0.00M, Peak:0.00M | Scene, ViewLayer | Updating Camera
Fra:6 Mem:9.13M (Peak 9.75M) | Time:00:00.00 | Mem:0.00M, Peak:0.00M | Scene, ViewLayer | Updating Meshes Flags
Fra:6 Mem:9.13M (Peak 9.75M) | Time:00:00.00 | Mem:0.00M, Peak:0.00M | Scene, ViewLayer | Updating Objects
Fra:6 Mem:9.13M (Peak 9.75M) | Time:00:00.00 | Mem:0.00M, Peak:0.00M | Scene, ViewLayer | Updating Objects | Copying Transformations to device
Fra:6 Mem:9.13M (Peak 9.75M) | Time:00:00.00 | Mem:0.01M, Peak:0.01M | Scene, ViewLayer | Updating Particle Systems
Fra:6 Mem:9.13M (Peak 9.75M) | Time:00:00.00 | Mem:0.01M, Peak:0.01M | Scene, ViewLayer | Updating Particle Systems | Copying Particles to device
Fra:6 Mem:9.13M (Peak 9.75M) | Time:00:00.00 | Mem:0.01M, Peak:0.01M | Scene, ViewLayer | Updating Meshes
Fra:6 Mem:9.13M (Peak 9.75M) | Time:00:00.00 | Mem:0.01M, Peak:0.01M | Scene, ViewLayer | Updating Objects | Applying Static Transformations
Fra:6 Mem:9.13M (Peak 9.75M) | Time:00:00.00 | Mem:0.01M, Peak:0.01M | Scene, ViewLayer | Updating Mesh | Computing attributes
Fra:6 Mem:9.13M (Peak 9.75M) | Time:00:00.00 | Mem:0.01M, Peak:0.01M | Scene, ViewLayer | Updating Mesh | Copying Attributes to device
Fra:6 Mem:9.13M (Peak 9.75M) | Time:00:00.00 | Mem:0.01M, Peak:0.01M | Scene, ViewLayer | Updating Scene BVH | Building
Fra:6 Mem:9.13M (Peak 9.75M) | Time:00:00.00 | Mem:0.01M, Peak:0.01M | Scene, ViewLayer | Updating Scene BVH | Building BVH
Fra:6 Mem:9.13M (Peak 9.75M) | Time:00:00.00 | Mem:0.02M, Peak:0.03M | Scene, ViewLayer | Updating Scene BVH | Copying BVH to device
Fra:6 Mem:9.13M (Peak 9.75M) | Time:00:00.00 | Mem:0.02M, Peak:0.03M | Scene, ViewLayer | Updating Mesh | Computing normals
Fra:6 Mem:9.14M (Peak 9.75M) | Time:00:00.00 | Mem:0.02M, Peak:0.03M | Scene, ViewLayer | Updating Mesh | Copying Mesh to device
Fra:6 Mem:9.14M (Peak 9.75M) | Time:00:00.00 | Mem:0.03M, Peak:0.03M | Scene, ViewLayer | Updating Objects Flags
Fra:6 Mem:9.14M (Peak 9.75M) | Time:00:00.00 | Mem:0.03M, Peak:0.03M | Scene, ViewLayer | Updating Primitive Offsets
Fra:6 Mem:9.14M (Peak 9.75M) | Time:00:00.00 | Mem:0.03M, Peak:0.03M | Scene, ViewLayer | Updating Images
Fra:6 Mem:9.14M (Peak 9.75M) | Time:00:00.00 | Mem:0.03M, Peak:0.03M | Scene, ViewLayer | Updating Camera Volume
Fra:6 Mem:9.14M (Peak 9.75M) | Time:00:00.00 | Mem:0.03M, Peak:0.03M | Scene, ViewLayer | Updating Lookup Tables
Fra:6 Mem:9.14M (Peak 9.75M) | Time:00:00.00 | Mem:0.11M, Peak:0.11M | Scene, ViewLayer | Updating Lights
Fra:6 Mem:9.14M (Peak 9.75M) | Time:00:00.00 | Mem:0.11M, Peak:0.11M | Scene, ViewLayer | Updating Lights | Computing tree
Fra:6 Mem:9.14M (Peak 9.75M) | Time:00:00.00 | Mem:0.12M, Peak:0.12M | Scene, ViewLayer | Updating Integrator
Fra:6 Mem:9.14M (Peak 9.75M) | Time:00:00.00 | Mem:0.12M, Peak:0.12M | Scene, ViewLayer | Updating Film
Fra:6 Mem:9.15M (Peak 9.75M) | Time:00:00.00 | Mem:0.04M, Peak:0.12M | Scene, ViewLayer | Updating Lookup Tables
Fra:6 Mem:9.15M (Peak 9.75M) | Time:00:00.00 | Mem:0.12M, Peak:0.12M | Scene, ViewLayer | Updating Baking
Fra:6 Mem:9.15M (Peak 9.75M) | Time:00:00.00 | Mem:0.12M, Peak:0.12M | Scene, ViewLayer | Updating Device | Writing constant memory
Fra:6 Mem:9.15M (Peak 9.75M) | Time:00:00.00 | Mem:0.12M, Peak:0.12M | Scene, ViewLayer | Sample 0/1
Fra:6 Mem:9.20M (Peak 9.75M) | Time:00:00.00 | Mem:0.13M, Peak:0.13M | Scene, ViewLayer | Sample 1/1
Fra:6 Mem:9.20M (Peak 9.75M) | Time:00:00.00 | Mem:0.13M, Peak:0.13M | Scene, ViewLayer | Finished
Saved: '/home/terence/Documents/Codex/2026-09-06/realtime-voice-chat-3/outputs/butterfly-method-comparison/blender-v2/raw/native16/view045_frame01.png'
Time: 00:00.00 (Saving: 00:00.00)

Fra:6 Mem:9.74M (Peak 9.74M) | Time:00:00.00 | Mem:0.00M, Peak:0.00M | Scene, ViewLayer | Synchronizing object | Thorax
Fra:6 Mem:9.74M (Peak 9.74M) | Time:00:00.00 | Mem:0.00M, Peak:0.00M | Scene, ViewLayer | Synchronizing object | Head
Fra:6 Mem:9.74M (Peak 9.74M) | Time:00:00.00 | Mem:0.00M, Peak:0.00M | Scene, ViewLayer | Synchronizing object | Abdomen tip
Fra:6 Mem:9.74M (Peak 9.74M) | Time:00:00.00 | Mem:0.00M, Peak:0.00M | Scene, ViewLayer | Synchronizing object | R continuous fore-hind wing
Fra:6 Mem:9.75M (Peak 9.75M) | Time:00:00.00 | Mem:0.00M, Peak:0.00M | Scene, ViewLayer | Synchronizing object | Antenna
Fra:6 Mem:9.75M (Peak 9.75M) | Time:00:00.00 | Mem:0.00M, Peak:0.00M | Scene, ViewLayer | Synchronizing object | Antenna.001
Fra:6 Mem:9.75M (Peak 9.75M) | Time:00:00.00 | Mem:0.00M, Peak:0.00M | Scene, ViewLayer | Initializing
Fra:6 Mem:9.04M (Peak 9.75M) | Time:00:00.00 | Mem:0.00M, Peak:0.00M | Scene, ViewLayer | Waiting for render to start
Fra:6 Mem:9.04M (Peak 9.75M) | Time:00:00.00 | Mem:0.00M, Peak:0.00M | Scene, ViewLayer | Updating Scene
Fra:6 Mem:9.04M (Peak 9.75M) | Time:00:00.00 | Mem:0.00M, Peak:0.00M | Scene, ViewLayer | Updating Shaders
Fra:6 Mem:9.04M (Peak 9.75M) | Time:00:00.00 | Mem:0.00M, Peak:0.00M | Scene, ViewLayer | Loading render kernels (may take a few minutes the first time)
Fra:6 Mem:9.13M (Peak 9.75M) | Time:00:00.00 | Mem:0.00M, Peak:0.00M | Scene, ViewLayer | Updating Procedurals
Fra:6 Mem:9.13M (Peak 9.75M) | Time:00:00.00 | Mem:0.00M, Peak:0.00M | Scene, ViewLayer | Updating Background
Fra:6 Mem:9.13M (Peak 9.75M) | Time:00:00.00 | Mem:0.00M, Peak:0.00M | Scene, ViewLayer | Updating Camera
Fra:6 Mem:9.13M (Peak 9.75M) | Time:00:00.00 | Mem:0.00M, Peak:0.00M | Scene, ViewLayer | Updating Meshes Flags
Fra:6 Mem:9.13M (Peak 9.75M) | Time:00:00.00 | Mem:0.00M, Peak:0.00M | Scene, ViewLayer | Updating Objects
Fra:6 Mem:9.13M (Peak 9.75M) | Time:00:00.00 | Mem:0.00M, Peak:0.00M | Scene, ViewLayer | Updating Objects | Copying Transformations to device
Fra:6 Mem:9.13M (Peak 9.75M) | Time:00:00.00 | Mem:0.01M, Peak:0.01M | Scene, ViewLayer | Updating Particle Systems
Fra:6 Mem:9.13M (Peak 9.75M) | Time:00:00.00 | Mem:0.01M, Peak:0.01M | Scene, ViewLayer | Updating Particle Systems | Copying Particles to device
Fra:6 Mem:9.13M (Peak 9.75M) | Time:00:00.00 | Mem:0.01M, Peak:0.01M | Scene, ViewLayer | Updating Meshes
Fra:6 Mem:9.13M (Peak 9.75M) | Time:00:00.00 | Mem:0.01M, Peak:0.01M | Scene, ViewLayer | Updating Objects | Applying Static Transformations
Fra:6 Mem:9.13M (Peak 9.75M) | Time:00:00.00 | Mem:0.01M, Peak:0.01M | Scene, ViewLayer | Updating Mesh | Computing attributes
Fra:6 Mem:9.13M (Peak 9.75M) | Time:00:00.00 | Mem:0.01M, Peak:0.01M | Scene, ViewLayer | Updating Mesh | Copying Attributes to device
Fra:6 Mem:9.13M (Peak 9.75M) | Time:00:00.00 | Mem:0.01M, Peak:0.01M | Scene, ViewLayer | Updating Scene BVH | Building
Fra:6 Mem:9.13M (Peak 9.75M) | Time:00:00.00 | Mem:0.01M, Peak:0.01M | Scene, ViewLayer | Updating Scene BVH | Building BVH
Fra:6 Mem:9.13M (Peak 9.75M) | Time:00:00.00 | Mem:0.02M, Peak:0.03M | Scene, ViewLayer | Updating Scene BVH | Copying BVH to device
Fra:6 Mem:9.13M (Peak 9.75M) | Time:00:00.00 | Mem:0.02M, Peak:0.03M | Scene, ViewLayer | Updating Mesh | Computing normals
Fra:6 Mem:9.14M (Peak 9.75M) | Time:00:00.00 | Mem:0.02M, Peak:0.03M | Scene, ViewLayer | Updating Mesh | Copying Mesh to device
Fra:6 Mem:9.14M (Peak 9.75M) | Time:00:00.00 | Mem:0.03M, Peak:0.03M | Scene, ViewLayer | Updating Objects Flags
Fra:6 Mem:9.14M (Peak 9.75M) | Time:00:00.00 | Mem:0.03M, Peak:0.03M | Scene, ViewLayer | Updating Primitive Offsets
Fra:6 Mem:9.14M (Peak 9.75M) | Time:00:00.00 | Mem:0.03M, Peak:0.03M | Scene, ViewLayer | Updating Images
Fra:6 Mem:9.14M (Peak 9.75M) | Time:00:00.00 | Mem:0.03M, Peak:0.03M | Scene, ViewLayer | Updating Camera Volume
Fra:6 Mem:9.14M (Peak 9.75M) | Time:00:00.00 | Mem:0.03M, Peak:0.03M | Scene, ViewLayer | Updating Lookup Tables
Fra:6 Mem:9.14M (Peak 9.75M) | Time:00:00.00 | Mem:0.11M, Peak:0.11M | Scene, ViewLayer | Updating Lights
Fra:6 Mem:9.14M (Peak 9.75M) | Time:00:00.00 | Mem:0.11M, Peak:0.11M | Scene, ViewLayer | Updating Lights | Computing tree
Fra:6 Mem:9.14M (Peak 9.75M) | Time:00:00.00 | Mem:0.12M, Peak:0.12M | Scene, ViewLayer | Updating Integrator
Fra:6 Mem:9.14M (Peak 9.75M) | Time:00:00.00 | Mem:0.12M, Peak:0.12M | Scene, ViewLayer | Updating Film
Fra:6 Mem:9.15M (Peak 9.75M) | Time:00:00.00 | Mem:0.04M, Peak:0.12M | Scene, ViewLayer | Updating Lookup Tables
Fra:6 Mem:9.15M (Peak 9.75M) | Time:00:00.00 | Mem:0.12M, Peak:0.12M | Scene, ViewLayer | Updating Baking
Fra:6 Mem:9.15M (Peak 9.75M) | Time:00:00.00 | Mem:0.12M, Peak:0.12M | Scene, ViewLayer | Updating Device | Writing constant memory
Fra:6 Mem:9.15M (Peak 9.75M) | Time:00:00.00 | Mem:0.12M, Peak:0.12M | Scene, ViewLayer | Sample 0/1
Fra:6 Mem:9.24M (Peak 9.75M) | Time:00:00.00 | Mem:0.16M, Peak:0.16M | Scene, ViewLayer | Sample 1/1
Fra:6 Mem:9.24M (Peak 9.75M) | Time:00:00.00 | Mem:0.16M, Peak:0.16M | Scene, ViewLayer | Finished
Saved: '/home/terence/Documents/Codex/2026-09-06/realtime-voice-chat-3/outputs/butterfly-method-comparison/blender-v2/raw/native32/view045_frame01.png'
Time: 00:00.00 (Saving: 00:00.00)

Fra:6 Mem:9.67M (Peak 9.67M) | Time:00:00.00 | Mem:0.00M, Peak:0.00M | Scene, ViewLayer | Synchronizing object | Thorax
Fra:6 Mem:9.67M (Peak 9.67M) | Time:00:00.00 | Mem:0.00M, Peak:0.00M | Scene, ViewLayer | Synchronizing object | Head
Fra:6 Mem:9.67M (Peak 9.67M) | Time:00:00.00 | Mem:0.00M, Peak:0.00M | Scene, ViewLayer | Synchronizing object | Abdomen
Fra:6 Mem:9.67M (Peak 9.67M) | Time:00:00.00 | Mem:0.00M, Peak:0.00M | Scene, ViewLayer | Synchronizing object | Antenna
Fra:6 Mem:9.68M (Peak 9.68M) | Time:00:00.00 | Mem:0.00M, Peak:0.00M | Scene, ViewLayer | Initializing
Fra:6 Mem:9.03M (Peak 9.68M) | Time:00:00.00 | Mem:0.00M, Peak:0.00M | Scene, ViewLayer | Waiting for render to start
Fra:6 Mem:9.03M (Peak 9.68M) | Time:00:00.00 | Mem:0.00M, Peak:0.00M | Scene, ViewLayer | Updating Scene
Fra:6 Mem:9.03M (Peak 9.68M) | Time:00:00.00 | Mem:0.00M, Peak:0.00M | Scene, ViewLayer | Updating Shaders
Fra:6 Mem:9.03M (Peak 9.68M) | Time:00:00.00 | Mem:0.00M, Peak:0.00M | Scene, ViewLayer | Loading render kernels (may take a few minutes the first time)
Fra:6 Mem:9.12M (Peak 9.68M) | Time:00:00.00 | Mem:0.00M, Peak:0.00M | Scene, ViewLayer | Updating Procedurals
Fra:6 Mem:9.12M (Peak 9.68M) | Time:00:00.00 | Mem:0.00M, Peak:0.00M | Scene, ViewLayer | Updating Background
Fra:6 Mem:9.12M (Peak 9.68M) | Time:00:00.00 | Mem:0.00M, Peak:0.00M | Scene, ViewLayer | Updating Camera
Fra:6 Mem:9.12M (Peak 9.68M) | Time:00:00.00 | Mem:0.00M, Peak:0.00M | Scene, ViewLayer | Updating Meshes Flags
Fra:6 Mem:9.12M (Peak 9.68M) | Time:00:00.00 | Mem:0.00M, Peak:0.00M | Scene, ViewLayer | Updating Objects
Fra:6 Mem:9.12M (Peak 9.68M) | Time:00:00.00 | Mem:0.00M, Peak:0.00M | Scene, ViewLayer | Updating Objects | Copying Transformations to device
Fra:6 Mem:9.12M (Peak 9.68M) | Time:00:00.00 | Mem:0.00M, Peak:0.00M | Scene, ViewLayer | Updating Particle Systems
Fra:6 Mem:9.12M (Peak 9.68M) | Time:00:00.00 | Mem:0.00M, Peak:0.00M | Scene, ViewLayer | Updating Particle Systems | Copying Particles to device
Fra:6 Mem:9.12M (Peak 9.68M) | Time:00:00.00 | Mem:0.00M, Peak:0.00M | Scene, ViewLayer | Updating Meshes
Fra:6 Mem:9.12M (Peak 9.68M) | Time:00:00.00 | Mem:0.00M, Peak:0.00M | Scene, ViewLayer | Updating Objects | Applying Static Transformations
Fra:6 Mem:9.12M (Peak 9.68M) | Time:00:00.00 | Mem:0.00M, Peak:0.00M | Scene, ViewLayer | Updating Mesh | Computing attributes
Fra:6 Mem:9.12M (Peak 9.68M) | Time:00:00.00 | Mem:0.01M, Peak:0.01M | Scene, ViewLayer | Updating Mesh | Copying Attributes to device
Fra:6 Mem:9.12M (Peak 9.68M) | Time:00:00.00 | Mem:0.01M, Peak:0.01M | Scene, ViewLayer | Updating Scene BVH | Building
Fra:6 Mem:9.12M (Peak 9.68M) | Time:00:00.00 | Mem:0.01M, Peak:0.01M | Scene, ViewLayer | Updating Scene BVH | Building BVH
Fra:6 Mem:9.12M (Peak 9.68M) | Time:00:00.00 | Mem:0.01M, Peak:0.01M | Scene, ViewLayer | Updating Scene BVH | Copying BVH to device
Fra:6 Mem:9.12M (Peak 9.68M) | Time:00:00.00 | Mem:0.01M, Peak:0.01M | Scene, ViewLayer | Updating Mesh | Computing normals
Fra:6 Mem:9.12M (Peak 9.68M) | Time:00:00.00 | Mem:0.01M, Peak:0.01M | Scene, ViewLayer | Updating Mesh | Copying Mesh to device
Fra:6 Mem:9.12M (Peak 9.68M) | Time:00:00.00 | Mem:0.01M, Peak:0.01M | Scene, ViewLayer | Updating Objects Flags
Fra:6 Mem:9.12M (Peak 9.68M) | Time:00:00.00 | Mem:0.01M, Peak:0.01M | Scene, ViewLayer | Updating Primitive Offsets
Fra:6 Mem:9.12M (Peak 9.68M) | Time:00:00.00 | Mem:0.01M, Peak:0.01M | Scene, ViewLayer | Updating Images
Fra:6 Mem:9.12M (Peak 9.68M) | Time:00:00.00 | Mem:0.01M, Peak:0.01M | Scene, ViewLayer | Updating Camera Volume
Fra:6 Mem:9.12M (Peak 9.68M) | Time:00:00.00 | Mem:0.01M, Peak:0.01M | Scene, ViewLayer | Updating Lookup Tables
Fra:6 Mem:9.12M (Peak 9.68M) | Time:00:00.00 | Mem:0.09M, Peak:0.09M | Scene, ViewLayer | Updating Lights
Fra:6 Mem:9.12M (Peak 9.68M) | Time:00:00.00 | Mem:0.09M, Peak:0.09M | Scene, ViewLayer | Updating Lights | Computing tree
Fra:6 Mem:9.12M (Peak 9.68M) | Time:00:00.00 | Mem:0.09M, Peak:0.09M | Scene, ViewLayer | Updating Integrator
Fra:6 Mem:9.12M (Peak 9.68M) | Time:00:00.00 | Mem:0.09M, Peak:0.09M | Scene, ViewLayer | Updating Film
Fra:6 Mem:9.13M (Peak 9.68M) | Time:00:00.00 | Mem:0.01M, Peak:0.09M | Scene, ViewLayer | Updating Lookup Tables
Fra:6 Mem:9.13M (Peak 9.68M) | Time:00:00.00 | Mem:0.10M, Peak:0.10M | Scene, ViewLayer | Updating Baking
Fra:6 Mem:9.13M (Peak 9.68M) | Time:00:00.00 | Mem:0.10M, Peak:0.10M | Scene, ViewLayer | Updating Device | Writing constant memory
Fra:6 Mem:9.13M (Peak 9.68M) | Time:00:00.00 | Mem:0.10M, Peak:0.10M | Scene, ViewLayer | Sample 0/1
Fra:6 Mem:9.18M (Peak 9.68M) | Time:00:00.00 | Mem:0.11M, Peak:0.11M | Scene, ViewLayer | Sample 1/1
Fra:6 Mem:9.18M (Peak 9.68M) | Time:00:00.00 | Mem:0.11M, Peak:0.11M | Scene, ViewLayer | Finished
Saved: '/home/terence/Documents/Codex/2026-09-06/realtime-voice-chat-3/outputs/butterfly-method-comparison/blender-v2/raw/body-only/view045_frame01.png'
Time: 00:00.00 (Saving: 00:00.00)

Fra:6 Mem:9.71M (Peak 9.71M) | Time:00:00.00 | Mem:0.00M, Peak:0.00M | Scene, ViewLayer | Synchronizing object | Thorax
Fra:6 Mem:9.71M (Peak 9.71M) | Time:00:00.00 | Mem:0.00M, Peak:0.00M | Scene, ViewLayer | Synchronizing object | L continuous fore-hind wing
Fra:6 Mem:9.71M (Peak 9.71M) | Time:00:00.00 | Mem:0.00M, Peak:0.00M | Scene, ViewLayer | Synchronizing object | Abdomen tip
Fra:6 Mem:9.71M (Peak 9.71M) | Time:00:00.00 | Mem:0.00M, Peak:0.00M | Scene, ViewLayer | Synchronizing object | Antenna
Fra:6 Mem:9.71M (Peak 9.71M) | Time:00:00.00 | Mem:0.00M, Peak:0.00M | Scene, ViewLayer | Synchronizing object | R continuous fore-hind wing
Fra:6 Mem:9.71M (Peak 9.71M) | Time:00:00.00 | Mem:0.00M, Peak:0.00M | Scene, ViewLayer | Synchronizing object | Antenna.001
Fra:6 Mem:9.72M (Peak 9.72M) | Time:00:00.00 | Mem:0.00M, Peak:0.00M | Scene, ViewLayer | Initializing
Fra:6 Mem:9.03M (Peak 9.72M) | Time:00:00.00 | Mem:0.00M, Peak:0.00M | Scene, ViewLayer | Waiting for render to start
Fra:6 Mem:9.03M (Peak 9.72M) | Time:00:00.00 | Mem:0.00M, Peak:0.00M | Scene, ViewLayer | Updating Scene
Fra:6 Mem:9.03M (Peak 9.72M) | Time:00:00.00 | Mem:0.00M, Peak:0.00M | Scene, ViewLayer | Updating Shaders
Fra:6 Mem:9.03M (Peak 9.72M) | Time:00:00.00 | Mem:0.00M, Peak:0.00M | Scene, ViewLayer | Loading render kernels (may take a few minutes the first time)
Fra:6 Mem:9.11M (Peak 9.72M) | Time:00:00.00 | Mem:0.00M, Peak:0.00M | Scene, ViewLayer | Updating Procedurals
Fra:6 Mem:9.11M (Peak 9.72M) | Time:00:00.00 | Mem:0.00M, Peak:0.00M | Scene, ViewLayer | Updating Background
Fra:6 Mem:9.11M (Peak 9.72M) | Time:00:00.00 | Mem:0.00M, Peak:0.00M | Scene, ViewLayer | Updating Camera
Fra:6 Mem:9.11M (Peak 9.72M) | Time:00:00.00 | Mem:0.00M, Peak:0.00M | Scene, ViewLayer | Updating Meshes Flags
Fra:6 Mem:9.11M (Peak 9.72M) | Time:00:00.00 | Mem:0.00M, Peak:0.00M | Scene, ViewLayer | Updating Objects
Fra:6 Mem:9.11M (Peak 9.72M) | Time:00:00.00 | Mem:0.00M, Peak:0.00M | Scene, ViewLayer | Updating Objects | Copying Transformations to device
Fra:6 Mem:9.11M (Peak 9.72M) | Time:00:00.00 | Mem:0.01M, Peak:0.01M | Scene, ViewLayer | Updating Particle Systems
Fra:6 Mem:9.11M (Peak 9.72M) | Time:00:00.00 | Mem:0.01M, Peak:0.01M | Scene, ViewLayer | Updating Particle Systems | Copying Particles to device
Fra:6 Mem:9.11M (Peak 9.72M) | Time:00:00.00 | Mem:0.01M, Peak:0.01M | Scene, ViewLayer | Updating Meshes
Fra:6 Mem:9.11M (Peak 9.72M) | Time:00:00.00 | Mem:0.01M, Peak:0.01M | Scene, ViewLayer | Updating Objects | Applying Static Transformations
Fra:6 Mem:9.11M (Peak 9.72M) | Time:00:00.00 | Mem:0.01M, Peak:0.01M | Scene, ViewLayer | Updating Mesh | Computing attributes
Fra:6 Mem:9.12M (Peak 9.72M) | Time:00:00.00 | Mem:0.01M, Peak:0.01M | Scene, ViewLayer | Updating Mesh | Copying Attributes to device
Fra:6 Mem:9.12M (Peak 9.72M) | Time:00:00.00 | Mem:0.01M, Peak:0.01M | Scene, ViewLayer | Updating Scene BVH | Building
Fra:6 Mem:9.12M (Peak 9.72M) | Time:00:00.00 | Mem:0.01M, Peak:0.01M | Scene, ViewLayer | Updating Scene BVH | Building BVH
Fra:6 Mem:9.12M (Peak 9.72M) | Time:00:00.00 | Mem:0.02M, Peak:0.03M | Scene, ViewLayer | Updating Scene BVH | Copying BVH to device
Fra:6 Mem:9.12M (Peak 9.72M) | Time:00:00.00 | Mem:0.02M, Peak:0.03M | Scene, ViewLayer | Updating Mesh | Computing normals
Fra:6 Mem:9.12M (Peak 9.72M) | Time:00:00.00 | Mem:0.02M, Peak:0.03M | Scene, ViewLayer | Updating Mesh | Copying Mesh to device
Fra:6 Mem:9.12M (Peak 9.72M) | Time:00:00.00 | Mem:0.03M, Peak:0.03M | Scene, ViewLayer | Updating Objects Flags
Fra:6 Mem:9.12M (Peak 9.72M) | Time:00:00.00 | Mem:0.03M, Peak:0.03M | Scene, ViewLayer | Updating Primitive Offsets
Fra:6 Mem:9.12M (Peak 9.72M) | Time:00:00.00 | Mem:0.03M, Peak:0.03M | Scene, ViewLayer | Updating Images
Fra:6 Mem:9.12M (Peak 9.72M) | Time:00:00.00 | Mem:0.03M, Peak:0.03M | Scene, ViewLayer | Updating Camera Volume
Fra:6 Mem:9.12M (Peak 9.72M) | Time:00:00.00 | Mem:0.03M, Peak:0.03M | Scene, ViewLayer | Updating Lookup Tables
Fra:6 Mem:9.12M (Peak 9.72M) | Time:00:00.00 | Mem:0.11M, Peak:0.11M | Scene, ViewLayer | Updating Lights
Fra:6 Mem:9.12M (Peak 9.72M) | Time:00:00.00 | Mem:0.11M, Peak:0.11M | Scene, ViewLayer | Updating Lights | Computing tree
Fra:6 Mem:9.13M (Peak 9.72M) | Time:00:00.00 | Mem:0.12M, Peak:0.12M | Scene, ViewLayer | Updating Integrator
Fra:6 Mem:9.13M (Peak 9.72M) | Time:00:00.00 | Mem:0.12M, Peak:0.12M | Scene, ViewLayer | Updating Film
Fra:6 Mem:9.13M (Peak 9.72M) | Time:00:00.00 | Mem:0.04M, Peak:0.12M | Scene, ViewLayer | Updating Lookup Tables
Fra:6 Mem:9.13M (Peak 9.72M) | Time:00:00.00 | Mem:0.12M, Peak:0.12M | Scene, ViewLayer | Updating Baking
Fra:6 Mem:9.13M (Peak 9.72M) | Time:00:00.00 | Mem:0.12M, Peak:0.12M | Scene, ViewLayer | Updating Device | Writing constant memory
Fra:6 Mem:9.14M (Peak 9.72M) | Time:00:00.00 | Mem:0.12M, Peak:0.12M | Scene, ViewLayer | Sample 0/1
Fra:6 Mem:9.19M (Peak 9.72M) | Time:00:00.00 | Mem:0.13M, Peak:0.13M | Scene, ViewLayer | Sample 1/1
Fra:6 Mem:9.19M (Peak 9.72M) | Time:00:00.00 | Mem:0.13M, Peak:0.13M | Scene, ViewLayer | Finished
Saved: '/home/terence/Documents/Codex/2026-09-06/realtime-voice-chat-3/outputs/butterfly-method-comparison/blender-v2/raw/no-abdomen-lag/view045_frame01.png'
Time: 00:00.00 (Saving: 00:00.00)

Fra:6 Mem:9.69M (Peak 9.69M) | Time:00:00.00 | Mem:0.00M, Peak:0.00M | Scene, ViewLayer | Synchronizing object | Thorax
Fra:6 Mem:9.69M (Peak 9.69M) | Time:00:00.00 | Mem:0.00M, Peak:0.00M | Scene, ViewLayer | Synchronizing object | Abdomen
Fra:6 Mem:9.69M (Peak 9.69M) | Time:00:00.00 | Mem:0.00M, Peak:0.00M | Scene, ViewLayer | Synchronizing object | L continuous fore-hind wing
Fra:6 Mem:9.69M (Peak 9.69M) | Time:00:00.00 | Mem:0.00M, Peak:0.00M | Scene, ViewLayer | Synchronizing object | Abdomen tip
Fra:6 Mem:9.69M (Peak 9.69M) | Time:00:00.00 | Mem:0.00M, Peak:0.00M | Scene, ViewLayer | Synchronizing object | Antenna
Fra:6 Mem:9.70M (Peak 9.70M) | Time:00:00.00 | Mem:0.00M, Peak:0.00M | Scene, ViewLayer | Synchronizing object | R continuous fore-hind wing
Fra:6 Mem:9.70M (Peak 9.70M) | Time:00:00.00 | Mem:0.00M, Peak:0.00M | Scene, ViewLayer | Initializing
Fra:6 Mem:9.02M (Peak 9.70M) | Time:00:00.00 | Mem:0.00M, Peak:0.00M | Scene, ViewLayer | Waiting for render to start
Fra:6 Mem:9.02M (Peak 9.70M) | Time:00:00.00 | Mem:0.00M, Peak:0.00M | Scene, ViewLayer | Updating Scene
Fra:6 Mem:9.02M (Peak 9.70M) | Time:00:00.00 | Mem:0.00M, Peak:0.00M | Scene, ViewLayer | Updating Shaders
Fra:6 Mem:9.02M (Peak 9.70M) | Time:00:00.00 | Mem:0.00M, Peak:0.00M | Scene, ViewLayer | Loading render kernels (may take a few minutes the first time)
Fra:6 Mem:9.10M (Peak 9.70M) | Time:00:00.00 | Mem:0.00M, Peak:0.00M | Scene, ViewLayer | Updating Procedurals
Fra:6 Mem:9.10M (Peak 9.70M) | Time:00:00.00 | Mem:0.00M, Peak:0.00M | Scene, ViewLayer | Updating Background
Fra:6 Mem:9.10M (Peak 9.70M) | Time:00:00.00 | Mem:0.00M, Peak:0.00M | Scene, ViewLayer | Updating Camera
Fra:6 Mem:9.10M (Peak 9.70M) | Time:00:00.00 | Mem:0.00M, Peak:0.00M | Scene, ViewLayer | Updating Meshes Flags
Fra:6 Mem:9.10M (Peak 9.70M) | Time:00:00.00 | Mem:0.00M, Peak:0.00M | Scene, ViewLayer | Updating Objects
Fra:6 Mem:9.10M (Peak 9.70M) | Time:00:00.00 | Mem:0.00M, Peak:0.00M | Scene, ViewLayer | Updating Objects | Copying Transformations to device
Fra:6 Mem:9.10M (Peak 9.70M) | Time:00:00.00 | Mem:0.01M, Peak:0.01M | Scene, ViewLayer | Updating Particle Systems
Fra:6 Mem:9.10M (Peak 9.70M) | Time:00:00.00 | Mem:0.01M, Peak:0.01M | Scene, ViewLayer | Updating Particle Systems | Copying Particles to device
Fra:6 Mem:9.10M (Peak 9.70M) | Time:00:00.00 | Mem:0.01M, Peak:0.01M | Scene, ViewLayer | Updating Meshes
Fra:6 Mem:9.10M (Peak 9.70M) | Time:00:00.00 | Mem:0.01M, Peak:0.01M | Scene, ViewLayer | Updating Objects | Applying Static Transformations
Fra:6 Mem:9.10M (Peak 9.70M) | Time:00:00.00 | Mem:0.01M, Peak:0.01M | Scene, ViewLayer | Updating Mesh | Computing attributes
Fra:6 Mem:9.11M (Peak 9.70M) | Time:00:00.00 | Mem:0.01M, Peak:0.01M | Scene, ViewLayer | Updating Mesh | Copying Attributes to device
Fra:6 Mem:9.11M (Peak 9.70M) | Time:00:00.00 | Mem:0.01M, Peak:0.01M | Scene, ViewLayer | Updating Scene BVH | Building
Fra:6 Mem:9.11M (Peak 9.70M) | Time:00:00.00 | Mem:0.01M, Peak:0.01M | Scene, ViewLayer | Updating Scene BVH | Building BVH
Fra:6 Mem:9.11M (Peak 9.70M) | Time:00:00.00 | Mem:0.02M, Peak:0.03M | Scene, ViewLayer | Updating Scene BVH | Copying BVH to device
Fra:6 Mem:9.11M (Peak 9.70M) | Time:00:00.00 | Mem:0.02M, Peak:0.03M | Scene, ViewLayer | Updating Mesh | Computing normals
Fra:6 Mem:9.11M (Peak 9.70M) | Time:00:00.00 | Mem:0.02M, Peak:0.03M | Scene, ViewLayer | Updating Mesh | Copying Mesh to device
Fra:6 Mem:9.11M (Peak 9.70M) | Time:00:00.00 | Mem:0.03M, Peak:0.03M | Scene, ViewLayer | Updating Objects Flags
Fra:6 Mem:9.11M (Peak 9.70M) | Time:00:00.00 | Mem:0.03M, Peak:0.03M | Scene, ViewLayer | Updating Primitive Offsets
Fra:6 Mem:9.11M (Peak 9.70M) | Time:00:00.00 | Mem:0.03M, Peak:0.03M | Scene, ViewLayer | Updating Images
Fra:6 Mem:9.11M (Peak 9.70M) | Time:00:00.00 | Mem:0.03M, Peak:0.03M | Scene, ViewLayer | Updating Camera Volume
Fra:6 Mem:9.11M (Peak 9.70M) | Time:00:00.00 | Mem:0.03M, Peak:0.03M | Scene, ViewLayer | Updating Lookup Tables
Fra:6 Mem:9.11M (Peak 9.70M) | Time:00:00.00 | Mem:0.11M, Peak:0.11M | Scene, ViewLayer | Updating Lights
Fra:6 Mem:9.11M (Peak 9.70M) | Time:00:00.00 | Mem:0.11M, Peak:0.11M | Scene, ViewLayer | Updating Lights | Computing tree
Fra:6 Mem:9.12M (Peak 9.70M) | Time:00:00.00 | Mem:0.12M, Peak:0.12M | Scene, ViewLayer | Updating Integrator
Fra:6 Mem:9.12M (Peak 9.70M) | Time:00:00.00 | Mem:0.12M, Peak:0.12M | Scene, ViewLayer | Updating Film
Fra:6 Mem:9.13M (Peak 9.70M) | Time:00:00.00 | Mem:0.04M, Peak:0.12M | Scene, ViewLayer | Updating Lookup Tables
Fra:6 Mem:9.13M (Peak 9.70M) | Time:00:00.00 | Mem:0.13M, Peak:0.13M | Scene, ViewLayer | Updating Baking
Fra:6 Mem:9.13M (Peak 9.70M) | Time:00:00.00 | Mem:0.13M, Peak:0.13M | Scene, ViewLayer | Updating Device | Writing constant memory
Fra:6 Mem:9.13M (Peak 9.70M) | Time:00:00.00 | Mem:0.13M, Peak:0.13M | Scene, ViewLayer | Sample 0/1
Fra:6 Mem:9.18M (Peak 9.70M) | Time:00:00.00 | Mem:0.13M, Peak:0.13M | Scene, ViewLayer | Sample 1/1
Fra:6 Mem:9.18M (Peak 9.70M) | Time:00:00.00 | Mem:0.13M, Peak:0.13M | Scene, ViewLayer | Finished
Saved: '/home/terence/Documents/Codex/2026-09-06/realtime-voice-chat-3/outputs/butterfly-method-comparison/blender-v2/raw/wing-only/view045_frame01.png'
Time: 00:00.00 (Saving: 00:00.00)

Fra:11 Mem:9.74M (Peak 9.74M) | Time:00:00.00 | Mem:0.00M, Peak:0.00M | Scene, ViewLayer | Synchronizing object | Thorax
Fra:11 Mem:9.74M (Peak 9.74M) | Time:00:00.00 | Mem:0.00M, Peak:0.00M | Scene, ViewLayer | Synchronizing object | Abdomen
Fra:11 Mem:9.74M (Peak 9.74M) | Time:00:00.00 | Mem:0.00M, Peak:0.00M | Scene, ViewLayer | Synchronizing object | Abdomen tip
Fra:11 Mem:9.74M (Peak 9.74M) | Time:00:00.00 | Mem:0.00M, Peak:0.00M | Scene, ViewLayer | Synchronizing object | Antenna
Fra:11 Mem:9.74M (Peak 9.74M) | Time:00:00.00 | Mem:0.00M, Peak:0.00M | Scene, ViewLayer | Synchronizing object | Antenna.001
Fra:11 Mem:9.74M (Peak 9.74M) | Time:00:00.00 | Mem:0.00M, Peak:0.00M | Scene, ViewLayer | Synchronizing object | L continuous fore-hind wing
Fra:11 Mem:9.74M (Peak 9.74M) | Time:00:00.00 | Mem:0.00M, Peak:0.00M | Scene, ViewLayer | Synchronizing object | R continuous fore-hind wing
Fra:11 Mem:9.75M (Peak 9.75M) | Time:00:00.00 | Mem:0.00M, Peak:0.00M | Scene, ViewLayer | Initializing
Fra:11 Mem:9.04M (Peak 9.75M) | Time:00:00.00 | Mem:0.00M, Peak:0.00M | Scene, ViewLayer | Waiting for render to start
Fra:11 Mem:9.04M (Peak 9.75M) | Time:00:00.00 | Mem:0.00M, Peak:0.00M | Scene, ViewLayer | Updating Scene
Fra:11 Mem:9.04M (Peak 9.75M) | Time:00:00.00 | Mem:0.00M, Peak:0.00M | Scene, ViewLayer | Updating Shaders
Fra:11 Mem:9.04M (Peak 9.75M) | Time:00:00.00 | Mem:0.00M, Peak:0.00M | Scene, ViewLayer | Loading render kernels (may take a few minutes the first time)
Fra:11 Mem:9.13M (Peak 9.75M) | Time:00:00.00 | Mem:0.00M, Peak:0.00M | Scene, ViewLayer | Updating Procedurals
Fra:11 Mem:9.13M (Peak 9.75M) | Time:00:00.00 | Mem:0.00M, Peak:0.00M | Scene, ViewLayer | Updating Background
Fra:11 Mem:9.13M (Peak 9.75M) | Time:00:00.00 | Mem:0.00M, Peak:0.00M | Scene, ViewLayer | Updating Camera
Fra:11 Mem:9.13M (Peak 9.75M) | Time:00:00.00 | Mem:0.00M, Peak:0.00M | Scene, ViewLayer | Updating Meshes Flags
Fra:11 Mem:9.13M (Peak 9.75M) | Time:00:00.00 | Mem:0.00M, Peak:0.00M | Scene, ViewLayer | Updating Objects
Fra:11 Mem:9.13M (Peak 9.75M) | Time:00:00.00 | Mem:0.00M, Peak:0.00M | Scene, ViewLayer | Updating Objects | Copying Transformations to device
Fra:11 Mem:9.13M (Peak 9.75M) | Time:00:00.00 | Mem:0.01M, Peak:0.01M | Scene, ViewLayer | Updating Particle Systems
Fra:11 Mem:9.13M (Peak 9.75M) | Time:00:00.00 | Mem:0.01M, Peak:0.01M | Scene, ViewLayer | Updating Particle Systems | Copying Particles to device
Fra:11 Mem:9.13M (Peak 9.75M) | Time:00:00.00 | Mem:0.01M, Peak:0.01M | Scene, ViewLayer | Updating Meshes
Fra:11 Mem:9.13M (Peak 9.75M) | Time:00:00.00 | Mem:0.01M, Peak:0.01M | Scene, ViewLayer | Updating Objects | Applying Static Transformations
Fra:11 Mem:9.13M (Peak 9.75M) | Time:00:00.00 | Mem:0.01M, Peak:0.01M | Scene, ViewLayer | Updating Mesh | Computing attributes
Fra:11 Mem:9.13M (Peak 9.75M) | Time:00:00.00 | Mem:0.01M, Peak:0.01M | Scene, ViewLayer | Updating Mesh | Copying Attributes to device
Fra:11 Mem:9.13M (Peak 9.75M) | Time:00:00.00 | Mem:0.01M, Peak:0.01M | Scene, ViewLayer | Updating Scene BVH | Building
Fra:11 Mem:9.13M (Peak 9.75M) | Time:00:00.00 | Mem:0.01M, Peak:0.01M | Scene, ViewLayer | Updating Scene BVH | Building BVH
Fra:11 Mem:9.13M (Peak 9.75M) | Time:00:00.00 | Mem:0.02M, Peak:0.03M | Scene, ViewLayer | Updating Scene BVH | Copying BVH to device
Fra:11 Mem:9.13M (Peak 9.75M) | Time:00:00.00 | Mem:0.02M, Peak:0.03M | Scene, ViewLayer | Updating Mesh | Computing normals
Fra:11 Mem:9.14M (Peak 9.75M) | Time:00:00.00 | Mem:0.02M, Peak:0.03M | Scene, ViewLayer | Updating Mesh | Copying Mesh to device
Fra:11 Mem:9.14M (Peak 9.75M) | Time:00:00.00 | Mem:0.03M, Peak:0.03M | Scene, ViewLayer | Updating Objects Flags
Fra:11 Mem:9.14M (Peak 9.75M) | Time:00:00.00 | Mem:0.03M, Peak:0.03M | Scene, ViewLayer | Updating Primitive Offsets
Fra:11 Mem:9.14M (Peak 9.75M) | Time:00:00.00 | Mem:0.03M, Peak:0.03M | Scene, ViewLayer | Updating Images
Fra:11 Mem:9.14M (Peak 9.75M) | Time:00:00.00 | Mem:0.03M, Peak:0.03M | Scene, ViewLayer | Updating Camera Volume
Fra:11 Mem:9.14M (Peak 9.75M) | Time:00:00.00 | Mem:0.03M, Peak:0.03M | Scene, ViewLayer | Updating Lookup Tables
Fra:11 Mem:9.14M (Peak 9.75M) | Time:00:00.00 | Mem:0.11M, Peak:0.11M | Scene, ViewLayer | Updating Lights
Fra:11 Mem:9.14M (Peak 9.75M) | Time:00:00.00 | Mem:0.11M, Peak:0.11M | Scene, ViewLayer | Updating Lights | Computing tree
Fra:11 Mem:9.14M (Peak 9.75M) | Time:00:00.00 | Mem:0.12M, Peak:0.12M | Scene, ViewLayer | Updating Integrator
Fra:11 Mem:9.14M (Peak 9.75M) | Time:00:00.00 | Mem:0.12M, Peak:0.12M | Scene, ViewLayer | Updating Film
Fra:11 Mem:9.15M (Peak 9.75M) | Time:00:00.00 | Mem:0.04M, Peak:0.12M | Scene, ViewLayer | Updating Lookup Tables
Fra:11 Mem:9.15M (Peak 9.75M) | Time:00:00.00 | Mem:0.12M, Peak:0.12M | Scene, ViewLayer | Updating Baking
Fra:11 Mem:9.15M (Peak 9.75M) | Time:00:00.00 | Mem:0.12M, Peak:0.12M | Scene, ViewLayer | Updating Device | Writing constant memory
Fra:11 Mem:9.15M (Peak 9.75M) | Time:00:00.00 | Mem:0.12M, Peak:0.12M | Scene, ViewLayer | Sample 0/8
Fra:11 Mem:9.75M (Peak 9.75M) | Time:00:00.00 | Remaining:00:00.01 | Mem:0.69M, Peak:0.69M | Scene, ViewLayer | Sample 1/8
Fra:11 Mem:10.00M (Peak 10.00M) | Time:00:00.01 | Mem:0.69M, Peak:0.69M | Scene, ViewLayer | Sample 8/8
Fra:11 Mem:10.00M (Peak 10.00M) | Time:00:00.01 | Mem:0.69M, Peak:0.69M | Scene, ViewLayer | Finished
Saved: '/home/terence/Documents/Codex/2026-09-06/realtime-voice-chat-3/outputs/butterfly-method-comparison/blender-v2/raw/view045_frame02.png'
Time: 00:00.02 (Saving: 00:00.00)

Fra:11 Mem:9.74M (Peak 9.74M) | Time:00:00.00 | Mem:0.00M, Peak:0.00M | Scene, ViewLayer | Synchronizing object | Thorax
Fra:11 Mem:9.74M (Peak 9.74M) | Time:00:00.00 | Mem:0.00M, Peak:0.00M | Scene, ViewLayer | Synchronizing object | Abdomen
Fra:11 Mem:9.74M (Peak 9.74M) | Time:00:00.00 | Mem:0.00M, Peak:0.00M | Scene, ViewLayer | Synchronizing object | L continuous fore-hind wing
Fra:11 Mem:9.74M (Peak 9.74M) | Time:00:00.00 | Mem:0.00M, Peak:0.00M | Scene, ViewLayer | Synchronizing object | Antenna
Fra:11 Mem:9.74M (Peak 9.74M) | Time:00:00.00 | Mem:0.00M, Peak:0.00M | Scene, ViewLayer | Synchronizing object | R continuous fore-hind wing
Fra:11 Mem:9.74M (Peak 9.74M) | Time:00:00.00 | Mem:0.00M, Peak:0.00M | Scene, ViewLayer | Synchronizing object | Antenna.001
Fra:11 Mem:9.75M (Peak 9.75M) | Time:00:00.00 | Mem:0.00M, Peak:0.00M | Scene, ViewLayer | Initializing
Fra:11 Mem:9.04M (Peak 9.75M) | Time:00:00.00 | Mem:0.00M, Peak:0.00M | Scene, ViewLayer | Waiting for render to start
Fra:11 Mem:9.04M (Peak 9.75M) | Time:00:00.00 | Mem:0.00M, Peak:0.00M | Scene, ViewLayer | Updating Scene
Fra:11 Mem:9.04M (Peak 9.75M) | Time:00:00.00 | Mem:0.00M, Peak:0.00M | Scene, ViewLayer | Updating Shaders
Fra:11 Mem:9.04M (Peak 9.75M) | Time:00:00.00 | Mem:0.00M, Peak:0.00M | Scene, ViewLayer | Loading render kernels (may take a few minutes the first time)
Fra:11 Mem:9.13M (Peak 9.75M) | Time:00:00.00 | Mem:0.00M, Peak:0.00M | Scene, ViewLayer | Updating Procedurals
Fra:11 Mem:9.13M (Peak 9.75M) | Time:00:00.00 | Mem:0.00M, Peak:0.00M | Scene, ViewLayer | Updating Background
Fra:11 Mem:9.13M (Peak 9.75M) | Time:00:00.00 | Mem:0.00M, Peak:0.00M | Scene, ViewLayer | Updating Camera
Fra:11 Mem:9.13M (Peak 9.75M) | Time:00:00.00 | Mem:0.00M, Peak:0.00M | Scene, ViewLayer | Updating Meshes Flags
Fra:11 Mem:9.13M (Peak 9.75M) | Time:00:00.00 | Mem:0.00M, Peak:0.00M | Scene, ViewLayer | Updating Objects
Fra:11 Mem:9.13M (Peak 9.75M) | Time:00:00.00 | Mem:0.00M, Peak:0.00M | Scene, ViewLayer | Updating Objects | Copying Transformations to device
Fra:11 Mem:9.13M (Peak 9.75M) | Time:00:00.00 | Mem:0.01M, Peak:0.01M | Scene, ViewLayer | Updating Particle Systems
Fra:11 Mem:9.13M (Peak 9.75M) | Time:00:00.00 | Mem:0.01M, Peak:0.01M | Scene, ViewLayer | Updating Particle Systems | Copying Particles to device
Fra:11 Mem:9.13M (Peak 9.75M) | Time:00:00.00 | Mem:0.01M, Peak:0.01M | Scene, ViewLayer | Updating Meshes
Fra:11 Mem:9.13M (Peak 9.75M) | Time:00:00.00 | Mem:0.01M, Peak:0.01M | Scene, ViewLayer | Updating Objects | Applying Static Transformations
Fra:11 Mem:9.13M (Peak 9.75M) | Time:00:00.00 | Mem:0.01M, Peak:0.01M | Scene, ViewLayer | Updating Mesh | Computing attributes
Fra:11 Mem:9.13M (Peak 9.75M) | Time:00:00.00 | Mem:0.01M, Peak:0.01M | Scene, ViewLayer | Updating Mesh | Copying Attributes to device
Fra:11 Mem:9.13M (Peak 9.75M) | Time:00:00.00 | Mem:0.01M, Peak:0.01M | Scene, ViewLayer | Updating Scene BVH | Building
Fra:11 Mem:9.13M (Peak 9.75M) | Time:00:00.00 | Mem:0.01M, Peak:0.01M | Scene, ViewLayer | Updating Scene BVH | Building BVH
Fra:11 Mem:9.13M (Peak 9.75M) | Time:00:00.00 | Mem:0.02M, Peak:0.03M | Scene, ViewLayer | Updating Scene BVH | Copying BVH to device
Fra:11 Mem:9.13M (Peak 9.75M) | Time:00:00.00 | Mem:0.02M, Peak:0.03M | Scene, ViewLayer | Updating Mesh | Computing normals
Fra:11 Mem:9.14M (Peak 9.75M) | Time:00:00.00 | Mem:0.02M, Peak:0.03M | Scene, ViewLayer | Updating Mesh | Copying Mesh to device
Fra:11 Mem:9.14M (Peak 9.75M) | Time:00:00.00 | Mem:0.03M, Peak:0.03M | Scene, ViewLayer | Updating Objects Flags
Fra:11 Mem:9.14M (Peak 9.75M) | Time:00:00.00 | Mem:0.03M, Peak:0.03M | Scene, ViewLayer | Updating Primitive Offsets
Fra:11 Mem:9.14M (Peak 9.75M) | Time:00:00.00 | Mem:0.03M, Peak:0.03M | Scene, ViewLayer | Updating Images
Fra:11 Mem:9.14M (Peak 9.75M) | Time:00:00.00 | Mem:0.03M, Peak:0.03M | Scene, ViewLayer | Updating Camera Volume
Fra:11 Mem:9.14M (Peak 9.75M) | Time:00:00.00 | Mem:0.03M, Peak:0.03M | Scene, ViewLayer | Updating Lookup Tables
Fra:11 Mem:9.14M (Peak 9.75M) | Time:00:00.00 | Mem:0.11M, Peak:0.11M | Scene, ViewLayer | Updating Lights
Fra:11 Mem:9.14M (Peak 9.75M) | Time:00:00.00 | Mem:0.11M, Peak:0.11M | Scene, ViewLayer | Updating Lights | Computing tree
Fra:11 Mem:9.14M (Peak 9.75M) | Time:00:00.00 | Mem:0.12M, Peak:0.12M | Scene, ViewLayer | Updating Integrator
Fra:11 Mem:9.14M (Peak 9.75M) | Time:00:00.00 | Mem:0.12M, Peak:0.12M | Scene, ViewLayer | Updating Film
Fra:11 Mem:9.15M (Peak 9.75M) | Time:00:00.00 | Mem:0.04M, Peak:0.12M | Scene, ViewLayer | Updating Lookup Tables
Fra:11 Mem:9.15M (Peak 9.75M) | Time:00:00.00 | Mem:0.12M, Peak:0.12M | Scene, ViewLayer | Updating Baking
Fra:11 Mem:9.15M (Peak 9.75M) | Time:00:00.00 | Mem:0.12M, Peak:0.12M | Scene, ViewLayer | Updating Device | Writing constant memory
Fra:11 Mem:9.15M (Peak 9.75M) | Time:00:00.00 | Mem:0.12M, Peak:0.12M | Scene, ViewLayer | Sample 0/1
Fra:11 Mem:9.20M (Peak 9.75M) | Time:00:00.00 | Mem:0.13M, Peak:0.13M | Scene, ViewLayer | Sample 1/1
Fra:11 Mem:9.20M (Peak 9.75M) | Time:00:00.00 | Mem:0.13M, Peak:0.13M | Scene, ViewLayer | Finished
Saved: '/home/terence/Documents/Codex/2026-09-06/realtime-voice-chat-3/outputs/butterfly-method-comparison/blender-v2/raw/native16/view045_frame02.png'
Time: 00:00.00 (Saving: 00:00.00)

Fra:11 Mem:9.74M (Peak 9.74M) | Time:00:00.00 | Mem:0.00M, Peak:0.00M | Scene, ViewLayer | Synchronizing object | Thorax
Fra:11 Mem:9.74M (Peak 9.74M) | Time:00:00.00 | Mem:0.00M, Peak:0.00M | Scene, ViewLayer | Synchronizing object | Abdomen
Fra:11 Mem:9.74M (Peak 9.74M) | Time:00:00.00 | Mem:0.00M, Peak:0.00M | Scene, ViewLayer | Synchronizing object | Abdomen tip
Fra:11 Mem:9.74M (Peak 9.74M) | Time:00:00.00 | Mem:0.00M, Peak:0.00M | Scene, ViewLayer | Synchronizing object | Antenna
Fra:11 Mem:9.74M (Peak 9.74M) | Time:00:00.00 | Mem:0.00M, Peak:0.00M | Scene, ViewLayer | Synchronizing object | R continuous fore-hind wing
Fra:11 Mem:9.74M (Peak 9.74M) | Time:00:00.00 | Mem:0.00M, Peak:0.00M | Scene, ViewLayer | Synchronizing object | Antenna.001
Fra:11 Mem:9.75M (Peak 9.75M) | Time:00:00.00 | Mem:0.00M, Peak:0.00M | Scene, ViewLayer | Initializing
Fra:11 Mem:9.04M (Peak 9.75M) | Time:00:00.00 | Mem:0.00M, Peak:0.00M | Scene, ViewLayer | Waiting for render to start
Fra:11 Mem:9.04M (Peak 9.75M) | Time:00:00.00 | Mem:0.00M, Peak:0.00M | Scene, ViewLayer | Updating Scene
Fra:11 Mem:9.04M (Peak 9.75M) | Time:00:00.00 | Mem:0.00M, Peak:0.00M | Scene, ViewLayer | Updating Shaders
Fra:11 Mem:9.04M (Peak 9.75M) | Time:00:00.00 | Mem:0.00M, Peak:0.00M | Scene, ViewLayer | Loading render kernels (may take a few minutes the first time)
Fra:11 Mem:9.13M (Peak 9.75M) | Time:00:00.00 | Mem:0.00M, Peak:0.00M | Scene, ViewLayer | Updating Procedurals
Fra:11 Mem:9.13M (Peak 9.75M) | Time:00:00.00 | Mem:0.00M, Peak:0.00M | Scene, ViewLayer | Updating Background
Fra:11 Mem:9.13M (Peak 9.75M) | Time:00:00.00 | Mem:0.00M, Peak:0.00M | Scene, ViewLayer | Updating Camera
Fra:11 Mem:9.13M (Peak 9.75M) | Time:00:00.00 | Mem:0.00M, Peak:0.00M | Scene, ViewLayer | Updating Meshes Flags
Fra:11 Mem:9.13M (Peak 9.75M) | Time:00:00.00 | Mem:0.00M, Peak:0.00M | Scene, ViewLayer | Updating Objects
Fra:11 Mem:9.13M (Peak 9.75M) | Time:00:00.00 | Mem:0.00M, Peak:0.00M | Scene, ViewLayer | Updating Objects | Copying Transformations to device
Fra:11 Mem:9.13M (Peak 9.75M) | Time:00:00.00 | Mem:0.01M, Peak:0.01M | Scene, ViewLayer | Updating Particle Systems
Fra:11 Mem:9.13M (Peak 9.75M) | Time:00:00.00 | Mem:0.01M, Peak:0.01M | Scene, ViewLayer | Updating Particle Systems | Copying Particles to device
Fra:11 Mem:9.13M (Peak 9.75M) | Time:00:00.00 | Mem:0.01M, Peak:0.01M | Scene, ViewLayer | Updating Meshes
Fra:11 Mem:9.13M (Peak 9.75M) | Time:00:00.00 | Mem:0.01M, Peak:0.01M | Scene, ViewLayer | Updating Objects | Applying Static Transformations
Fra:11 Mem:9.13M (Peak 9.75M) | Time:00:00.00 | Mem:0.01M, Peak:0.01M | Scene, ViewLayer | Updating Mesh | Computing attributes
Fra:11 Mem:9.13M (Peak 9.75M) | Time:00:00.00 | Mem:0.01M, Peak:0.01M | Scene, ViewLayer | Updating Mesh | Copying Attributes to device
Fra:11 Mem:9.13M (Peak 9.75M) | Time:00:00.00 | Mem:0.01M, Peak:0.01M | Scene, ViewLayer | Updating Scene BVH | Building
Fra:11 Mem:9.13M (Peak 9.75M) | Time:00:00.00 | Mem:0.01M, Peak:0.01M | Scene, ViewLayer | Updating Scene BVH | Building BVH
Fra:11 Mem:9.13M (Peak 9.75M) | Time:00:00.00 | Mem:0.02M, Peak:0.03M | Scene, ViewLayer | Updating Scene BVH | Copying BVH to device
Fra:11 Mem:9.13M (Peak 9.75M) | Time:00:00.00 | Mem:0.02M, Peak:0.03M | Scene, ViewLayer | Updating Mesh | Computing normals
Fra:11 Mem:9.14M (Peak 9.75M) | Time:00:00.00 | Mem:0.02M, Peak:0.03M | Scene, ViewLayer | Updating Mesh | Copying Mesh to device
Fra:11 Mem:9.14M (Peak 9.75M) | Time:00:00.00 | Mem:0.03M, Peak:0.03M | Scene, ViewLayer | Updating Objects Flags
Fra:11 Mem:9.14M (Peak 9.75M) | Time:00:00.00 | Mem:0.03M, Peak:0.03M | Scene, ViewLayer | Updating Primitive Offsets
Fra:11 Mem:9.14M (Peak 9.75M) | Time:00:00.00 | Mem:0.03M, Peak:0.03M | Scene, ViewLayer | Updating Images
Fra:11 Mem:9.14M (Peak 9.75M) | Time:00:00.00 | Mem:0.03M, Peak:0.03M | Scene, ViewLayer | Updating Camera Volume
Fra:11 Mem:9.14M (Peak 9.75M) | Time:00:00.00 | Mem:0.03M, Peak:0.03M | Scene, ViewLayer | Updating Lookup Tables
Fra:11 Mem:9.14M (Peak 9.75M) | Time:00:00.00 | Mem:0.11M, Peak:0.11M | Scene, ViewLayer | Updating Lights
Fra:11 Mem:9.14M (Peak 9.75M) | Time:00:00.00 | Mem:0.11M, Peak:0.11M | Scene, ViewLayer | Updating Lights | Computing tree
Fra:11 Mem:9.14M (Peak 9.75M) | Time:00:00.00 | Mem:0.12M, Peak:0.12M | Scene, ViewLayer | Updating Integrator
Fra:11 Mem:9.14M (Peak 9.75M) | Time:00:00.00 | Mem:0.12M, Peak:0.12M | Scene, ViewLayer | Updating Film
Fra:11 Mem:9.15M (Peak 9.75M) | Time:00:00.00 | Mem:0.04M, Peak:0.12M | Scene, ViewLayer | Updating Lookup Tables
Fra:11 Mem:9.15M (Peak 9.75M) | Time:00:00.00 | Mem:0.12M, Peak:0.12M | Scene, ViewLayer | Updating Baking
Fra:11 Mem:9.15M (Peak 9.75M) | Time:00:00.00 | Mem:0.12M, Peak:0.12M | Scene, ViewLayer | Updating Device | Writing constant memory
Fra:11 Mem:9.15M (Peak 9.75M) | Time:00:00.00 | Mem:0.12M, Peak:0.12M | Scene, ViewLayer | Sample 0/1
Fra:11 Mem:9.24M (Peak 9.75M) | Time:00:00.00 | Mem:0.16M, Peak:0.16M | Scene, ViewLayer | Sample 1/1
Fra:11 Mem:9.24M (Peak 9.75M) | Time:00:00.00 | Mem:0.16M, Peak:0.16M | Scene, ViewLayer | Finished
Saved: '/home/terence/Documents/Codex/2026-09-06/realtime-voice-chat-3/outputs/butterfly-method-comparison/blender-v2/raw/native32/view045_frame02.png'
Time: 00:00.00 (Saving: 00:00.00)

Fra:11 Mem:9.67M (Peak 9.67M) | Time:00:00.00 | Mem:0.00M, Peak:0.00M | Scene, ViewLayer | Synchronizing object | Thorax
Fra:11 Mem:9.67M (Peak 9.67M) | Time:00:00.00 | Mem:0.00M, Peak:0.00M | Scene, ViewLayer | Synchronizing object | Antenna.001
Fra:11 Mem:9.67M (Peak 9.67M) | Time:00:00.00 | Mem:0.00M, Peak:0.00M | Scene, ViewLayer | Synchronizing object | Abdomen
Fra:11 Mem:9.67M (Peak 9.67M) | Time:00:00.00 | Mem:0.00M, Peak:0.00M | Scene, ViewLayer | Synchronizing object | Abdomen tip
Fra:11 Mem:9.68M (Peak 9.68M) | Time:00:00.00 | Mem:0.00M, Peak:0.00M | Scene, ViewLayer | Initializing
Fra:11 Mem:9.03M (Peak 9.68M) | Time:00:00.00 | Mem:0.00M, Peak:0.00M | Scene, ViewLayer | Waiting for render to start
Fra:11 Mem:9.03M (Peak 9.68M) | Time:00:00.00 | Mem:0.00M, Peak:0.00M | Scene, ViewLayer | Updating Scene
Fra:11 Mem:9.03M (Peak 9.68M) | Time:00:00.00 | Mem:0.00M, Peak:0.00M | Scene, ViewLayer | Updating Shaders
Fra:11 Mem:9.03M (Peak 9.68M) | Time:00:00.00 | Mem:0.00M, Peak:0.00M | Scene, ViewLayer | Loading render kernels (may take a few minutes the first time)
Fra:11 Mem:9.12M (Peak 9.68M) | Time:00:00.00 | Mem:0.00M, Peak:0.00M | Scene, ViewLayer | Updating Procedurals
Fra:11 Mem:9.12M (Peak 9.68M) | Time:00:00.00 | Mem:0.00M, Peak:0.00M | Scene, ViewLayer | Updating Background
Fra:11 Mem:9.12M (Peak 9.68M) | Time:00:00.00 | Mem:0.00M, Peak:0.00M | Scene, ViewLayer | Updating Camera
Fra:11 Mem:9.12M (Peak 9.68M) | Time:00:00.00 | Mem:0.00M, Peak:0.00M | Scene, ViewLayer | Updating Meshes Flags
Fra:11 Mem:9.12M (Peak 9.68M) | Time:00:00.00 | Mem:0.00M, Peak:0.00M | Scene, ViewLayer | Updating Objects
Fra:11 Mem:9.12M (Peak 9.68M) | Time:00:00.00 | Mem:0.00M, Peak:0.00M | Scene, ViewLayer | Updating Objects | Copying Transformations to device
Fra:11 Mem:9.12M (Peak 9.68M) | Time:00:00.00 | Mem:0.00M, Peak:0.00M | Scene, ViewLayer | Updating Particle Systems
Fra:11 Mem:9.12M (Peak 9.68M) | Time:00:00.00 | Mem:0.00M, Peak:0.00M | Scene, ViewLayer | Updating Particle Systems | Copying Particles to device
Fra:11 Mem:9.12M (Peak 9.68M) | Time:00:00.00 | Mem:0.00M, Peak:0.00M | Scene, ViewLayer | Updating Meshes
Fra:11 Mem:9.12M (Peak 9.68M) | Time:00:00.00 | Mem:0.00M, Peak:0.00M | Scene, ViewLayer | Updating Objects | Applying Static Transformations
Fra:11 Mem:9.12M (Peak 9.68M) | Time:00:00.00 | Mem:0.00M, Peak:0.00M | Scene, ViewLayer | Updating Mesh | Computing attributes
Fra:11 Mem:9.12M (Peak 9.68M) | Time:00:00.00 | Mem:0.01M, Peak:0.01M | Scene, ViewLayer | Updating Mesh | Copying Attributes to device
Fra:11 Mem:9.12M (Peak 9.68M) | Time:00:00.00 | Mem:0.01M, Peak:0.01M | Scene, ViewLayer | Updating Scene BVH | Building
Fra:11 Mem:9.12M (Peak 9.68M) | Time:00:00.00 | Mem:0.01M, Peak:0.01M | Scene, ViewLayer | Updating Scene BVH | Building BVH
Fra:11 Mem:9.12M (Peak 9.68M) | Time:00:00.00 | Mem:0.01M, Peak:0.01M | Scene, ViewLayer | Updating Scene BVH | Copying BVH to device
Fra:11 Mem:9.12M (Peak 9.68M) | Time:00:00.00 | Mem:0.01M, Peak:0.01M | Scene, ViewLayer | Updating Mesh | Computing normals
Fra:11 Mem:9.12M (Peak 9.68M) | Time:00:00.00 | Mem:0.01M, Peak:0.01M | Scene, ViewLayer | Updating Mesh | Copying Mesh to device
Fra:11 Mem:9.12M (Peak 9.68M) | Time:00:00.00 | Mem:0.01M, Peak:0.01M | Scene, ViewLayer | Updating Objects Flags
Fra:11 Mem:9.12M (Peak 9.68M) | Time:00:00.00 | Mem:0.01M, Peak:0.01M | Scene, ViewLayer | Updating Primitive Offsets
Fra:11 Mem:9.12M (Peak 9.68M) | Time:00:00.00 | Mem:0.01M, Peak:0.01M | Scene, ViewLayer | Updating Images
Fra:11 Mem:9.12M (Peak 9.68M) | Time:00:00.00 | Mem:0.01M, Peak:0.01M | Scene, ViewLayer | Updating Camera Volume
Fra:11 Mem:9.12M (Peak 9.68M) | Time:00:00.00 | Mem:0.01M, Peak:0.01M | Scene, ViewLayer | Updating Lookup Tables
Fra:11 Mem:9.12M (Peak 9.68M) | Time:00:00.00 | Mem:0.09M, Peak:0.09M | Scene, ViewLayer | Updating Lights
Fra:11 Mem:9.12M (Peak 9.68M) | Time:00:00.00 | Mem:0.09M, Peak:0.09M | Scene, ViewLayer | Updating Lights | Computing tree
Fra:11 Mem:9.12M (Peak 9.68M) | Time:00:00.00 | Mem:0.09M, Peak:0.09M | Scene, ViewLayer | Updating Integrator
Fra:11 Mem:9.12M (Peak 9.68M) | Time:00:00.00 | Mem:0.09M, Peak:0.09M | Scene, ViewLayer | Updating Film
Fra:11 Mem:9.13M (Peak 9.68M) | Time:00:00.00 | Mem:0.01M, Peak:0.09M | Scene, ViewLayer | Updating Lookup Tables
Fra:11 Mem:9.13M (Peak 9.68M) | Time:00:00.00 | Mem:0.10M, Peak:0.10M | Scene, ViewLayer | Updating Baking
Fra:11 Mem:9.13M (Peak 9.68M) | Time:00:00.00 | Mem:0.10M, Peak:0.10M | Scene, ViewLayer | Updating Device | Writing constant memory
Fra:11 Mem:9.13M (Peak 9.68M) | Time:00:00.00 | Mem:0.10M, Peak:0.10M | Scene, ViewLayer | Sample 0/1
Fra:11 Mem:9.18M (Peak 9.68M) | Time:00:00.00 | Mem:0.11M, Peak:0.11M | Scene, ViewLayer | Sample 1/1
Fra:11 Mem:9.18M (Peak 9.68M) | Time:00:00.00 | Mem:0.11M, Peak:0.11M | Scene, ViewLayer | Finished
Saved: '/home/terence/Documents/Codex/2026-09-06/realtime-voice-chat-3/outputs/butterfly-method-comparison/blender-v2/raw/body-only/view045_frame02.png'
Time: 00:00.00 (Saving: 00:00.00)

Fra:11 Mem:9.71M (Peak 9.71M) | Time:00:00.00 | Mem:0.00M, Peak:0.00M | Scene, ViewLayer | Synchronizing object | Thorax
Fra:11 Mem:9.71M (Peak 9.71M) | Time:00:00.00 | Mem:0.00M, Peak:0.00M | Scene, ViewLayer | Synchronizing object | L continuous fore-hind wing
Fra:11 Mem:9.71M (Peak 9.71M) | Time:00:00.00 | Mem:0.00M, Peak:0.00M | Scene, ViewLayer | Synchronizing object | Abdomen tip
Fra:11 Mem:9.71M (Peak 9.71M) | Time:00:00.00 | Mem:0.00M, Peak:0.00M | Scene, ViewLayer | Synchronizing object | Antenna
Fra:11 Mem:9.72M (Peak 9.72M) | Time:00:00.00 | Mem:0.00M, Peak:0.00M | Scene, ViewLayer | Synchronizing object | Antenna.001
Fra:11 Mem:9.72M (Peak 9.72M) | Time:00:00.00 | Mem:0.00M, Peak:0.00M | Scene, ViewLayer | Initializing
Fra:11 Mem:9.03M (Peak 9.72M) | Time:00:00.00 | Mem:0.00M, Peak:0.00M | Scene, ViewLayer | Waiting for render to start
Fra:11 Mem:9.03M (Peak 9.72M) | Time:00:00.00 | Mem:0.00M, Peak:0.00M | Scene, ViewLayer | Updating Scene
Fra:11 Mem:9.03M (Peak 9.72M) | Time:00:00.00 | Mem:0.00M, Peak:0.00M | Scene, ViewLayer | Updating Shaders
Fra:11 Mem:9.03M (Peak 9.72M) | Time:00:00.00 | Mem:0.00M, Peak:0.00M | Scene, ViewLayer | Loading render kernels (may take a few minutes the first time)
Fra:11 Mem:9.11M (Peak 9.72M) | Time:00:00.00 | Mem:0.00M, Peak:0.00M | Scene, ViewLayer | Updating Procedurals
Fra:11 Mem:9.11M (Peak 9.72M) | Time:00:00.00 | Mem:0.00M, Peak:0.00M | Scene, ViewLayer | Updating Background
Fra:11 Mem:9.11M (Peak 9.72M) | Time:00:00.00 | Mem:0.00M, Peak:0.00M | Scene, ViewLayer | Updating Camera
Fra:11 Mem:9.11M (Peak 9.72M) | Time:00:00.00 | Mem:0.00M, Peak:0.00M | Scene, ViewLayer | Updating Meshes Flags
Fra:11 Mem:9.11M (Peak 9.72M) | Time:00:00.00 | Mem:0.00M, Peak:0.00M | Scene, ViewLayer | Updating Objects
Fra:11 Mem:9.11M (Peak 9.72M) | Time:00:00.00 | Mem:0.00M, Peak:0.00M | Scene, ViewLayer | Updating Objects | Copying Transformations to device
Fra:11 Mem:9.11M (Peak 9.72M) | Time:00:00.00 | Mem:0.01M, Peak:0.01M | Scene, ViewLayer | Updating Particle Systems
Fra:11 Mem:9.11M (Peak 9.72M) | Time:00:00.00 | Mem:0.01M, Peak:0.01M | Scene, ViewLayer | Updating Particle Systems | Copying Particles to device
Fra:11 Mem:9.11M (Peak 9.72M) | Time:00:00.00 | Mem:0.01M, Peak:0.01M | Scene, ViewLayer | Updating Meshes
Fra:11 Mem:9.11M (Peak 9.72M) | Time:00:00.00 | Mem:0.01M, Peak:0.01M | Scene, ViewLayer | Updating Objects | Applying Static Transformations
Fra:11 Mem:9.11M (Peak 9.72M) | Time:00:00.00 | Mem:0.01M, Peak:0.01M | Scene, ViewLayer | Updating Mesh | Computing attributes
Fra:11 Mem:9.12M (Peak 9.72M) | Time:00:00.00 | Mem:0.01M, Peak:0.01M | Scene, ViewLayer | Updating Mesh | Copying Attributes to device
Fra:11 Mem:9.12M (Peak 9.72M) | Time:00:00.00 | Mem:0.01M, Peak:0.01M | Scene, ViewLayer | Updating Scene BVH | Building
Fra:11 Mem:9.12M (Peak 9.72M) | Time:00:00.00 | Mem:0.01M, Peak:0.01M | Scene, ViewLayer | Updating Scene BVH | Building BVH
Fra:11 Mem:9.12M (Peak 9.72M) | Time:00:00.00 | Mem:0.02M, Peak:0.03M | Scene, ViewLayer | Updating Scene BVH | Copying BVH to device
Fra:11 Mem:9.12M (Peak 9.72M) | Time:00:00.00 | Mem:0.02M, Peak:0.03M | Scene, ViewLayer | Updating Mesh | Computing normals
Fra:11 Mem:9.12M (Peak 9.72M) | Time:00:00.00 | Mem:0.02M, Peak:0.03M | Scene, ViewLayer | Updating Mesh | Copying Mesh to device
Fra:11 Mem:9.12M (Peak 9.72M) | Time:00:00.00 | Mem:0.03M, Peak:0.03M | Scene, ViewLayer | Updating Objects Flags
Fra:11 Mem:9.12M (Peak 9.72M) | Time:00:00.00 | Mem:0.03M, Peak:0.03M | Scene, ViewLayer | Updating Primitive Offsets
Fra:11 Mem:9.12M (Peak 9.72M) | Time:00:00.00 | Mem:0.03M, Peak:0.03M | Scene, ViewLayer | Updating Images
Fra:11 Mem:9.12M (Peak 9.72M) | Time:00:00.00 | Mem:0.03M, Peak:0.03M | Scene, ViewLayer | Updating Camera Volume
Fra:11 Mem:9.12M (Peak 9.72M) | Time:00:00.00 | Mem:0.03M, Peak:0.03M | Scene, ViewLayer | Updating Lookup Tables
Fra:11 Mem:9.12M (Peak 9.72M) | Time:00:00.00 | Mem:0.11M, Peak:0.11M | Scene, ViewLayer | Updating Lights
Fra:11 Mem:9.12M (Peak 9.72M) | Time:00:00.00 | Mem:0.11M, Peak:0.11M | Scene, ViewLayer | Updating Lights | Computing tree
Fra:11 Mem:9.13M (Peak 9.72M) | Time:00:00.00 | Mem:0.12M, Peak:0.12M | Scene, ViewLayer | Updating Integrator
Fra:11 Mem:9.13M (Peak 9.72M) | Time:00:00.00 | Mem:0.12M, Peak:0.12M | Scene, ViewLayer | Updating Film
Fra:11 Mem:9.13M (Peak 9.72M) | Time:00:00.00 | Mem:0.04M, Peak:0.12M | Scene, ViewLayer | Updating Lookup Tables
Fra:11 Mem:9.13M (Peak 9.72M) | Time:00:00.00 | Mem:0.12M, Peak:0.12M | Scene, ViewLayer | Updating Baking
Fra:11 Mem:9.13M (Peak 9.72M) | Time:00:00.00 | Mem:0.12M, Peak:0.12M | Scene, ViewLayer | Updating Device | Writing constant memory
Fra:11 Mem:9.14M (Peak 9.72M) | Time:00:00.00 | Mem:0.12M, Peak:0.12M | Scene, ViewLayer | Sample 0/1
Fra:11 Mem:9.19M (Peak 9.72M) | Time:00:00.00 | Mem:0.13M, Peak:0.13M | Scene, ViewLayer | Sample 1/1
Fra:11 Mem:9.19M (Peak 9.72M) | Time:00:00.00 | Mem:0.13M, Peak:0.13M | Scene, ViewLayer | Finished
Saved: '/home/terence/Documents/Codex/2026-09-06/realtime-voice-chat-3/outputs/butterfly-method-comparison/blender-v2/raw/no-abdomen-lag/view045_frame02.png'
Time: 00:00.00 (Saving: 00:00.00)

Fra:11 Mem:9.69M (Peak 9.69M) | Time:00:00.00 | Mem:0.00M, Peak:0.00M | Scene, ViewLayer | Synchronizing object | Abdomen
Fra:11 Mem:9.69M (Peak 9.69M) | Time:00:00.00 | Mem:0.00M, Peak:0.00M | Scene, ViewLayer | Synchronizing object | L continuous fore-hind wing
Fra:11 Mem:9.70M (Peak 9.70M) | Time:00:00.00 | Mem:0.00M, Peak:0.00M | Scene, ViewLayer | Synchronizing object | R continuous fore-hind wing
Fra:11 Mem:9.70M (Peak 9.70M) | Time:00:00.00 | Mem:0.00M, Peak:0.00M | Scene, ViewLayer | Synchronizing object | Antenna.001
Fra:11 Mem:9.70M (Peak 9.70M) | Time:00:00.00 | Mem:0.00M, Peak:0.00M | Scene, ViewLayer | Initializing
Fra:11 Mem:9.02M (Peak 9.70M) | Time:00:00.00 | Mem:0.00M, Peak:0.00M | Scene, ViewLayer | Waiting for render to start
Fra:11 Mem:9.02M (Peak 9.70M) | Time:00:00.00 | Mem:0.00M, Peak:0.00M | Scene, ViewLayer | Updating Scene
Fra:11 Mem:9.02M (Peak 9.70M) | Time:00:00.00 | Mem:0.00M, Peak:0.00M | Scene, ViewLayer | Updating Shaders
Fra:11 Mem:9.02M (Peak 9.70M) | Time:00:00.00 | Mem:0.00M, Peak:0.00M | Scene, ViewLayer | Loading render kernels (may take a few minutes the first time)
Fra:11 Mem:9.10M (Peak 9.70M) | Time:00:00.00 | Mem:0.00M, Peak:0.00M | Scene, ViewLayer | Updating Procedurals
Fra:11 Mem:9.10M (Peak 9.70M) | Time:00:00.00 | Mem:0.00M, Peak:0.00M | Scene, ViewLayer | Updating Background
Fra:11 Mem:9.10M (Peak 9.70M) | Time:00:00.00 | Mem:0.00M, Peak:0.00M | Scene, ViewLayer | Updating Camera
Fra:11 Mem:9.10M (Peak 9.70M) | Time:00:00.00 | Mem:0.00M, Peak:0.00M | Scene, ViewLayer | Updating Meshes Flags
Fra:11 Mem:9.10M (Peak 9.70M) | Time:00:00.00 | Mem:0.00M, Peak:0.00M | Scene, ViewLayer | Updating Objects
Fra:11 Mem:9.10M (Peak 9.70M) | Time:00:00.00 | Mem:0.00M, Peak:0.00M | Scene, ViewLayer | Updating Objects | Copying Transformations to device
Fra:11 Mem:9.10M (Peak 9.70M) | Time:00:00.00 | Mem:0.01M, Peak:0.01M | Scene, ViewLayer | Updating Particle Systems
Fra:11 Mem:9.10M (Peak 9.70M) | Time:00:00.00 | Mem:0.01M, Peak:0.01M | Scene, ViewLayer | Updating Particle Systems | Copying Particles to device
Fra:11 Mem:9.10M (Peak 9.70M) | Time:00:00.00 | Mem:0.01M, Peak:0.01M | Scene, ViewLayer | Updating Meshes
Fra:11 Mem:9.10M (Peak 9.70M) | Time:00:00.00 | Mem:0.01M, Peak:0.01M | Scene, ViewLayer | Updating Objects | Applying Static Transformations
Fra:11 Mem:9.10M (Peak 9.70M) | Time:00:00.00 | Mem:0.01M, Peak:0.01M | Scene, ViewLayer | Updating Mesh | Computing attributes
Fra:11 Mem:9.11M (Peak 9.70M) | Time:00:00.00 | Mem:0.01M, Peak:0.01M | Scene, ViewLayer | Updating Mesh | Copying Attributes to device
Fra:11 Mem:9.11M (Peak 9.70M) | Time:00:00.00 | Mem:0.01M, Peak:0.01M | Scene, ViewLayer | Updating Scene BVH | Building
Fra:11 Mem:9.11M (Peak 9.70M) | Time:00:00.00 | Mem:0.01M, Peak:0.01M | Scene, ViewLayer | Updating Scene BVH | Building BVH
Fra:11 Mem:9.11M (Peak 9.70M) | Time:00:00.00 | Mem:0.02M, Peak:0.03M | Scene, ViewLayer | Updating Scene BVH | Copying BVH to device
Fra:11 Mem:9.11M (Peak 9.70M) | Time:00:00.00 | Mem:0.02M, Peak:0.03M | Scene, ViewLayer | Updating Mesh | Computing normals
Fra:11 Mem:9.11M (Peak 9.70M) | Time:00:00.00 | Mem:0.02M, Peak:0.03M | Scene, ViewLayer | Updating Mesh | Copying Mesh to device
Fra:11 Mem:9.11M (Peak 9.70M) | Time:00:00.00 | Mem:0.03M, Peak:0.03M | Scene, ViewLayer | Updating Objects Flags
Fra:11 Mem:9.11M (Peak 9.70M) | Time:00:00.00 | Mem:0.03M, Peak:0.03M | Scene, ViewLayer | Updating Primitive Offsets
Fra:11 Mem:9.11M (Peak 9.70M) | Time:00:00.00 | Mem:0.03M, Peak:0.03M | Scene, ViewLayer | Updating Images
Fra:11 Mem:9.11M (Peak 9.70M) | Time:00:00.00 | Mem:0.03M, Peak:0.03M | Scene, ViewLayer | Updating Camera Volume
Fra:11 Mem:9.11M (Peak 9.70M) | Time:00:00.00 | Mem:0.03M, Peak:0.03M | Scene, ViewLayer | Updating Lookup Tables
Fra:11 Mem:9.11M (Peak 9.70M) | Time:00:00.00 | Mem:0.11M, Peak:0.11M | Scene, ViewLayer | Updating Lights
Fra:11 Mem:9.11M (Peak 9.70M) | Time:00:00.00 | Mem:0.11M, Peak:0.11M | Scene, ViewLayer | Updating Lights | Computing tree
Fra:11 Mem:9.12M (Peak 9.70M) | Time:00:00.00 | Mem:0.12M, Peak:0.12M | Scene, ViewLayer | Updating Integrator
Fra:11 Mem:9.12M (Peak 9.70M) | Time:00:00.00 | Mem:0.12M, Peak:0.12M | Scene, ViewLayer | Updating Film
Fra:11 Mem:9.13M (Peak 9.70M) | Time:00:00.00 | Mem:0.04M, Peak:0.12M | Scene, ViewLayer | Updating Lookup Tables
Fra:11 Mem:9.13M (Peak 9.70M) | Time:00:00.00 | Mem:0.12M, Peak:0.12M | Scene, ViewLayer | Updating Baking
Fra:11 Mem:9.13M (Peak 9.70M) | Time:00:00.00 | Mem:0.12M, Peak:0.12M | Scene, ViewLayer | Updating Device | Writing constant memory
Fra:11 Mem:9.13M (Peak 9.70M) | Time:00:00.00 | Mem:0.12M, Peak:0.12M | Scene, ViewLayer | Sample 0/1
Fra:11 Mem:9.18M (Peak 9.70M) | Time:00:00.00 | Mem:0.13M, Peak:0.13M | Scene, ViewLayer | Sample 1/1
Fra:11 Mem:9.18M (Peak 9.70M) | Time:00:00.00 | Mem:0.13M, Peak:0.13M | Scene, ViewLayer | Finished
Saved: '/home/terence/Documents/Codex/2026-09-06/realtime-voice-chat-3/outputs/butterfly-method-comparison/blender-v2/raw/wing-only/view045_frame02.png'
Time: 00:00.00 (Saving: 00:00.00)

Fra:16 Mem:9.74M (Peak 9.74M) | Time:00:00.00 | Mem:0.00M, Peak:0.00M | Scene, ViewLayer | Synchronizing object | Thorax
Fra:16 Mem:9.74M (Peak 9.74M) | Time:00:00.00 | Mem:0.00M, Peak:0.00M | Scene, ViewLayer | Synchronizing object | L continuous fore-hind wing
Fra:16 Mem:9.74M (Peak 9.74M) | Time:00:00.00 | Mem:0.00M, Peak:0.00M | Scene, ViewLayer | Synchronizing object | Head
Fra:16 Mem:9.74M (Peak 9.74M) | Time:00:00.00 | Mem:0.00M, Peak:0.00M | Scene, ViewLayer | Synchronizing object | Abdomen tip
Fra:16 Mem:9.75M (Peak 9.75M) | Time:00:00.00 | Mem:0.00M, Peak:0.00M | Scene, ViewLayer | Synchronizing object | Antenna
Fra:16 Mem:9.75M (Peak 9.75M) | Time:00:00.00 | Mem:0.00M, Peak:0.00M | Scene, ViewLayer | Synchronizing object | Antenna.001
Fra:16 Mem:9.75M (Peak 9.75M) | Time:00:00.00 | Mem:0.00M, Peak:0.00M | Scene, ViewLayer | Initializing
Fra:16 Mem:9.04M (Peak 9.75M) | Time:00:00.00 | Mem:0.00M, Peak:0.00M | Scene, ViewLayer | Waiting for render to start
Fra:16 Mem:9.04M (Peak 9.75M) | Time:00:00.00 | Mem:0.00M, Peak:0.00M | Scene, ViewLayer | Updating Scene
Fra:16 Mem:9.04M (Peak 9.75M) | Time:00:00.00 | Mem:0.00M, Peak:0.00M | Scene, ViewLayer | Updating Shaders
Fra:16 Mem:9.04M (Peak 9.75M) | Time:00:00.00 | Mem:0.00M, Peak:0.00M | Scene, ViewLayer | Loading render kernels (may take a few minutes the first time)
Fra:16 Mem:9.13M (Peak 9.75M) | Time:00:00.00 | Mem:0.00M, Peak:0.00M | Scene, ViewLayer | Updating Procedurals
Fra:16 Mem:9.13M (Peak 9.75M) | Time:00:00.00 | Mem:0.00M, Peak:0.00M | Scene, ViewLayer | Updating Background
Fra:16 Mem:9.13M (Peak 9.75M) | Time:00:00.00 | Mem:0.00M, Peak:0.00M | Scene, ViewLayer | Updating Camera
Fra:16 Mem:9.13M (Peak 9.75M) | Time:00:00.00 | Mem:0.00M, Peak:0.00M | Scene, ViewLayer | Updating Meshes Flags
Fra:16 Mem:9.13M (Peak 9.75M) | Time:00:00.00 | Mem:0.00M, Peak:0.00M | Scene, ViewLayer | Updating Objects
Fra:16 Mem:9.13M (Peak 9.75M) | Time:00:00.00 | Mem:0.00M, Peak:0.00M | Scene, ViewLayer | Updating Objects | Copying Transformations to device
Fra:16 Mem:9.13M (Peak 9.75M) | Time:00:00.00 | Mem:0.01M, Peak:0.01M | Scene, ViewLayer | Updating Particle Systems
Fra:16 Mem:9.13M (Peak 9.75M) | Time:00:00.00 | Mem:0.01M, Peak:0.01M | Scene, ViewLayer | Updating Particle Systems | Copying Particles to device
Fra:16 Mem:9.13M (Peak 9.75M) | Time:00:00.00 | Mem:0.01M, Peak:0.01M | Scene, ViewLayer | Updating Meshes
Fra:16 Mem:9.13M (Peak 9.75M) | Time:00:00.00 | Mem:0.01M, Peak:0.01M | Scene, ViewLayer | Updating Objects | Applying Static Transformations
Fra:16 Mem:9.13M (Peak 9.75M) | Time:00:00.00 | Mem:0.01M, Peak:0.01M | Scene, ViewLayer | Updating Mesh | Computing attributes
Fra:16 Mem:9.13M (Peak 9.75M) | Time:00:00.00 | Mem:0.01M, Peak:0.01M | Scene, ViewLayer | Updating Mesh | Copying Attributes to device
Fra:16 Mem:9.13M (Peak 9.75M) | Time:00:00.00 | Mem:0.01M, Peak:0.01M | Scene, ViewLayer | Updating Scene BVH | Building
Fra:16 Mem:9.13M (Peak 9.75M) | Time:00:00.00 | Mem:0.01M, Peak:0.01M | Scene, ViewLayer | Updating Scene BVH | Building BVH
Fra:16 Mem:9.13M (Peak 9.75M) | Time:00:00.00 | Mem:0.02M, Peak:0.03M | Scene, ViewLayer | Updating Scene BVH | Copying BVH to device
Fra:16 Mem:9.13M (Peak 9.75M) | Time:00:00.00 | Mem:0.02M, Peak:0.03M | Scene, ViewLayer | Updating Mesh | Computing normals
Fra:16 Mem:9.14M (Peak 9.75M) | Time:00:00.00 | Mem:0.02M, Peak:0.03M | Scene, ViewLayer | Updating Mesh | Copying Mesh to device
Fra:16 Mem:9.14M (Peak 9.75M) | Time:00:00.00 | Mem:0.03M, Peak:0.03M | Scene, ViewLayer | Updating Objects Flags
Fra:16 Mem:9.14M (Peak 9.75M) | Time:00:00.00 | Mem:0.03M, Peak:0.03M | Scene, ViewLayer | Updating Primitive Offsets
Fra:16 Mem:9.14M (Peak 9.75M) | Time:00:00.00 | Mem:0.03M, Peak:0.03M | Scene, ViewLayer | Updating Images
Fra:16 Mem:9.14M (Peak 9.75M) | Time:00:00.00 | Mem:0.03M, Peak:0.03M | Scene, ViewLayer | Updating Camera Volume
Fra:16 Mem:9.14M (Peak 9.75M) | Time:00:00.00 | Mem:0.03M, Peak:0.03M | Scene, ViewLayer | Updating Lookup Tables
Fra:16 Mem:9.14M (Peak 9.75M) | Time:00:00.00 | Mem:0.11M, Peak:0.11M | Scene, ViewLayer | Updating Lights
Fra:16 Mem:9.14M (Peak 9.75M) | Time:00:00.00 | Mem:0.11M, Peak:0.11M | Scene, ViewLayer | Updating Lights | Computing tree
Fra:16 Mem:9.14M (Peak 9.75M) | Time:00:00.00 | Mem:0.12M, Peak:0.12M | Scene, ViewLayer | Updating Integrator
Fra:16 Mem:9.14M (Peak 9.75M) | Time:00:00.00 | Mem:0.12M, Peak:0.12M | Scene, ViewLayer | Updating Film
Fra:16 Mem:9.15M (Peak 9.75M) | Time:00:00.00 | Mem:0.04M, Peak:0.12M | Scene, ViewLayer | Updating Lookup Tables
Fra:16 Mem:9.15M (Peak 9.75M) | Time:00:00.00 | Mem:0.12M, Peak:0.12M | Scene, ViewLayer | Updating Baking
Fra:16 Mem:9.15M (Peak 9.75M) | Time:00:00.00 | Mem:0.12M, Peak:0.12M | Scene, ViewLayer | Updating Device | Writing constant memory
Fra:16 Mem:9.15M (Peak 9.75M) | Time:00:00.00 | Mem:0.12M, Peak:0.12M | Scene, ViewLayer | Sample 0/8
Fra:16 Mem:9.75M (Peak 9.75M) | Time:00:00.00 | Remaining:00:00.01 | Mem:0.69M, Peak:0.69M | Scene, ViewLayer | Sample 1/8
Fra:16 Mem:10.00M (Peak 10.00M) | Time:00:00.01 | Mem:0.69M, Peak:0.69M | Scene, ViewLayer | Sample 8/8
Fra:16 Mem:10.00M (Peak 10.00M) | Time:00:00.01 | Mem:0.69M, Peak:0.69M | Scene, ViewLayer | Finished
Saved: '/home/terence/Documents/Codex/2026-09-06/realtime-voice-chat-3/outputs/butterfly-method-comparison/blender-v2/raw/view045_frame03.png'
Time: 00:00.01 (Saving: 00:00.00)

Fra:16 Mem:9.74M (Peak 9.74M) | Time:00:00.00 | Mem:0.00M, Peak:0.00M | Scene, ViewLayer | Synchronizing object | Thorax
Fra:16 Mem:9.74M (Peak 9.74M) | Time:00:00.00 | Mem:0.00M, Peak:0.00M | Scene, ViewLayer | Synchronizing object | Head
Fra:16 Mem:9.74M (Peak 9.74M) | Time:00:00.00 | Mem:0.00M, Peak:0.00M | Scene, ViewLayer | Synchronizing object | Abdomen tip
Fra:16 Mem:9.74M (Peak 9.74M) | Time:00:00.00 | Mem:0.00M, Peak:0.00M | Scene, ViewLayer | Synchronizing object | R continuous fore-hind wing
Fra:16 Mem:9.75M (Peak 9.75M) | Time:00:00.00 | Mem:0.00M, Peak:0.00M | Scene, ViewLayer | Synchronizing object | Antenna.001
Fra:16 Mem:9.75M (Peak 9.75M) | Time:00:00.00 | Mem:0.00M, Peak:0.00M | Scene, ViewLayer | Initializing
Fra:16 Mem:9.04M (Peak 9.75M) | Time:00:00.00 | Mem:0.00M, Peak:0.00M | Scene, ViewLayer | Waiting for render to start
Fra:16 Mem:9.04M (Peak 9.75M) | Time:00:00.00 | Mem:0.00M, Peak:0.00M | Scene, ViewLayer | Updating Scene
Fra:16 Mem:9.04M (Peak 9.75M) | Time:00:00.00 | Mem:0.00M, Peak:0.00M | Scene, ViewLayer | Updating Shaders
Fra:16 Mem:9.04M (Peak 9.75M) | Time:00:00.00 | Mem:0.00M, Peak:0.00M | Scene, ViewLayer | Loading render kernels (may take a few minutes the first time)
Fra:16 Mem:9.13M (Peak 9.75M) | Time:00:00.00 | Mem:0.00M, Peak:0.00M | Scene, ViewLayer | Updating Procedurals
Fra:16 Mem:9.13M (Peak 9.75M) | Time:00:00.00 | Mem:0.00M, Peak:0.00M | Scene, ViewLayer | Updating Background
Fra:16 Mem:9.13M (Peak 9.75M) | Time:00:00.00 | Mem:0.00M, Peak:0.00M | Scene, ViewLayer | Updating Camera
Fra:16 Mem:9.13M (Peak 9.75M) | Time:00:00.00 | Mem:0.00M, Peak:0.00M | Scene, ViewLayer | Updating Meshes Flags
Fra:16 Mem:9.13M (Peak 9.75M) | Time:00:00.00 | Mem:0.00M, Peak:0.00M | Scene, ViewLayer | Updating Objects
Fra:16 Mem:9.13M (Peak 9.75M) | Time:00:00.00 | Mem:0.00M, Peak:0.00M | Scene, ViewLayer | Updating Objects | Copying Transformations to device
Fra:16 Mem:9.13M (Peak 9.75M) | Time:00:00.00 | Mem:0.01M, Peak:0.01M | Scene, ViewLayer | Updating Particle Systems
Fra:16 Mem:9.13M (Peak 9.75M) | Time:00:00.00 | Mem:0.01M, Peak:0.01M | Scene, ViewLayer | Updating Particle Systems | Copying Particles to device
Fra:16 Mem:9.13M (Peak 9.75M) | Time:00:00.00 | Mem:0.01M, Peak:0.01M | Scene, ViewLayer | Updating Meshes
Fra:16 Mem:9.13M (Peak 9.75M) | Time:00:00.00 | Mem:0.01M, Peak:0.01M | Scene, ViewLayer | Updating Objects | Applying Static Transformations
Fra:16 Mem:9.13M (Peak 9.75M) | Time:00:00.00 | Mem:0.01M, Peak:0.01M | Scene, ViewLayer | Updating Mesh | Computing attributes
Fra:16 Mem:9.13M (Peak 9.75M) | Time:00:00.00 | Mem:0.01M, Peak:0.01M | Scene, ViewLayer | Updating Mesh | Copying Attributes to device
Fra:16 Mem:9.13M (Peak 9.75M) | Time:00:00.00 | Mem:0.01M, Peak:0.01M | Scene, ViewLayer | Updating Scene BVH | Building
Fra:16 Mem:9.13M (Peak 9.75M) | Time:00:00.00 | Mem:0.01M, Peak:0.01M | Scene, ViewLayer | Updating Scene BVH | Building BVH
Fra:16 Mem:9.13M (Peak 9.75M) | Time:00:00.00 | Mem:0.02M, Peak:0.03M | Scene, ViewLayer | Updating Scene BVH | Copying BVH to device
Fra:16 Mem:9.13M (Peak 9.75M) | Time:00:00.00 | Mem:0.02M, Peak:0.03M | Scene, ViewLayer | Updating Mesh | Computing normals
Fra:16 Mem:9.14M (Peak 9.75M) | Time:00:00.00 | Mem:0.02M, Peak:0.03M | Scene, ViewLayer | Updating Mesh | Copying Mesh to device
Fra:16 Mem:9.14M (Peak 9.75M) | Time:00:00.00 | Mem:0.03M, Peak:0.03M | Scene, ViewLayer | Updating Objects Flags
Fra:16 Mem:9.14M (Peak 9.75M) | Time:00:00.00 | Mem:0.03M, Peak:0.03M | Scene, ViewLayer | Updating Primitive Offsets
Fra:16 Mem:9.14M (Peak 9.75M) | Time:00:00.00 | Mem:0.03M, Peak:0.03M | Scene, ViewLayer | Updating Images
Fra:16 Mem:9.14M (Peak 9.75M) | Time:00:00.00 | Mem:0.03M, Peak:0.03M | Scene, ViewLayer | Updating Camera Volume
Fra:16 Mem:9.14M (Peak 9.75M) | Time:00:00.00 | Mem:0.03M, Peak:0.03M | Scene, ViewLayer | Updating Lookup Tables
Fra:16 Mem:9.14M (Peak 9.75M) | Time:00:00.00 | Mem:0.11M, Peak:0.11M | Scene, ViewLayer | Updating Lights
Fra:16 Mem:9.14M (Peak 9.75M) | Time:00:00.00 | Mem:0.11M, Peak:0.11M | Scene, ViewLayer | Updating Lights | Computing tree
Fra:16 Mem:9.14M (Peak 9.75M) | Time:00:00.00 | Mem:0.12M, Peak:0.12M | Scene, ViewLayer | Updating Integrator
Fra:16 Mem:9.14M (Peak 9.75M) | Time:00:00.00 | Mem:0.12M, Peak:0.12M | Scene, ViewLayer | Updating Film
Fra:16 Mem:9.15M (Peak 9.75M) | Time:00:00.00 | Mem:0.04M, Peak:0.12M | Scene, ViewLayer | Updating Lookup Tables
Fra:16 Mem:9.15M (Peak 9.75M) | Time:00:00.00 | Mem:0.12M, Peak:0.12M | Scene, ViewLayer | Updating Baking
Fra:16 Mem:9.15M (Peak 9.75M) | Time:00:00.00 | Mem:0.12M, Peak:0.12M | Scene, ViewLayer | Updating Device | Writing constant memory
Fra:16 Mem:9.15M (Peak 9.75M) | Time:00:00.00 | Mem:0.12M, Peak:0.12M | Scene, ViewLayer | Sample 0/1
Fra:16 Mem:9.20M (Peak 9.75M) | Time:00:00.00 | Mem:0.13M, Peak:0.13M | Scene, ViewLayer | Sample 1/1
Fra:16 Mem:9.20M (Peak 9.75M) | Time:00:00.00 | Mem:0.13M, Peak:0.13M | Scene, ViewLayer | Finished
Saved: '/home/terence/Documents/Codex/2026-09-06/realtime-voice-chat-3/outputs/butterfly-method-comparison/blender-v2/raw/native16/view045_frame03.png'
Time: 00:00.00 (Saving: 00:00.00)

Fra:16 Mem:9.74M (Peak 9.74M) | Time:00:00.00 | Mem:0.00M, Peak:0.00M | Scene, ViewLayer | Synchronizing object | Thorax
Fra:16 Mem:9.74M (Peak 9.74M) | Time:00:00.00 | Mem:0.00M, Peak:0.00M | Scene, ViewLayer | Synchronizing object | Abdomen
Fra:16 Mem:9.74M (Peak 9.74M) | Time:00:00.00 | Mem:0.00M, Peak:0.00M | Scene, ViewLayer | Synchronizing object | L continuous fore-hind wing
Fra:16 Mem:9.74M (Peak 9.74M) | Time:00:00.00 | Mem:0.00M, Peak:0.00M | Scene, ViewLayer | Synchronizing object | Antenna
Fra:16 Mem:9.74M (Peak 9.74M) | Time:00:00.00 | Mem:0.00M, Peak:0.00M | Scene, ViewLayer | Synchronizing object | Antenna.001
Fra:16 Mem:9.74M (Peak 9.74M) | Time:00:00.00 | Mem:0.00M, Peak:0.00M | Scene, ViewLayer | Synchronizing object | R continuous fore-hind wing
Fra:16 Mem:9.75M (Peak 9.75M) | Time:00:00.00 | Mem:0.00M, Peak:0.00M | Scene, ViewLayer | Initializing
Fra:16 Mem:9.04M (Peak 9.75M) | Time:00:00.00 | Mem:0.00M, Peak:0.00M | Scene, ViewLayer | Waiting for render to start
Fra:16 Mem:9.04M (Peak 9.75M) | Time:00:00.00 | Mem:0.00M, Peak:0.00M | Scene, ViewLayer | Updating Scene
Fra:16 Mem:9.04M (Peak 9.75M) | Time:00:00.00 | Mem:0.00M, Peak:0.00M | Scene, ViewLayer | Updating Shaders
Fra:16 Mem:9.04M (Peak 9.75M) | Time:00:00.00 | Mem:0.00M, Peak:0.00M | Scene, ViewLayer | Loading render kernels (may take a few minutes the first time)
Fra:16 Mem:9.13M (Peak 9.75M) | Time:00:00.00 | Mem:0.00M, Peak:0.00M | Scene, ViewLayer | Updating Procedurals
Fra:16 Mem:9.13M (Peak 9.75M) | Time:00:00.00 | Mem:0.00M, Peak:0.00M | Scene, ViewLayer | Updating Background
Fra:16 Mem:9.13M (Peak 9.75M) | Time:00:00.00 | Mem:0.00M, Peak:0.00M | Scene, ViewLayer | Updating Camera
Fra:16 Mem:9.13M (Peak 9.75M) | Time:00:00.00 | Mem:0.00M, Peak:0.00M | Scene, ViewLayer | Updating Meshes Flags
Fra:16 Mem:9.13M (Peak 9.75M) | Time:00:00.00 | Mem:0.00M, Peak:0.00M | Scene, ViewLayer | Updating Objects
Fra:16 Mem:9.13M (Peak 9.75M) | Time:00:00.00 | Mem:0.00M, Peak:0.00M | Scene, ViewLayer | Updating Objects | Copying Transformations to device
Fra:16 Mem:9.13M (Peak 9.75M) | Time:00:00.00 | Mem:0.01M, Peak:0.01M | Scene, ViewLayer | Updating Particle Systems
Fra:16 Mem:9.13M (Peak 9.75M) | Time:00:00.00 | Mem:0.01M, Peak:0.01M | Scene, ViewLayer | Updating Particle Systems | Copying Particles to device
Fra:16 Mem:9.13M (Peak 9.75M) | Time:00:00.00 | Mem:0.01M, Peak:0.01M | Scene, ViewLayer | Updating Meshes
Fra:16 Mem:9.13M (Peak 9.75M) | Time:00:00.00 | Mem:0.01M, Peak:0.01M | Scene, ViewLayer | Updating Objects | Applying Static Transformations
Fra:16 Mem:9.13M (Peak 9.75M) | Time:00:00.00 | Mem:0.01M, Peak:0.01M | Scene, ViewLayer | Updating Mesh | Computing attributes
Fra:16 Mem:9.13M (Peak 9.75M) | Time:00:00.00 | Mem:0.01M, Peak:0.01M | Scene, ViewLayer | Updating Mesh | Copying Attributes to device
Fra:16 Mem:9.13M (Peak 9.75M) | Time:00:00.00 | Mem:0.01M, Peak:0.01M | Scene, ViewLayer | Updating Scene BVH | Building
Fra:16 Mem:9.13M (Peak 9.75M) | Time:00:00.00 | Mem:0.01M, Peak:0.01M | Scene, ViewLayer | Updating Scene BVH | Building BVH
Fra:16 Mem:9.13M (Peak 9.75M) | Time:00:00.00 | Mem:0.02M, Peak:0.03M | Scene, ViewLayer | Updating Scene BVH | Copying BVH to device
Fra:16 Mem:9.13M (Peak 9.75M) | Time:00:00.00 | Mem:0.02M, Peak:0.03M | Scene, ViewLayer | Updating Mesh | Computing normals
Fra:16 Mem:9.14M (Peak 9.75M) | Time:00:00.00 | Mem:0.02M, Peak:0.03M | Scene, ViewLayer | Updating Mesh | Copying Mesh to device
Fra:16 Mem:9.14M (Peak 9.75M) | Time:00:00.00 | Mem:0.03M, Peak:0.03M | Scene, ViewLayer | Updating Objects Flags
Fra:16 Mem:9.14M (Peak 9.75M) | Time:00:00.00 | Mem:0.03M, Peak:0.03M | Scene, ViewLayer | Updating Primitive Offsets
Fra:16 Mem:9.14M (Peak 9.75M) | Time:00:00.00 | Mem:0.03M, Peak:0.03M | Scene, ViewLayer | Updating Images
Fra:16 Mem:9.14M (Peak 9.75M) | Time:00:00.00 | Mem:0.03M, Peak:0.03M | Scene, ViewLayer | Updating Camera Volume
Fra:16 Mem:9.14M (Peak 9.75M) | Time:00:00.00 | Mem:0.03M, Peak:0.03M | Scene, ViewLayer | Updating Lookup Tables
Fra:16 Mem:9.14M (Peak 9.75M) | Time:00:00.00 | Mem:0.11M, Peak:0.11M | Scene, ViewLayer | Updating Lights
Fra:16 Mem:9.14M (Peak 9.75M) | Time:00:00.00 | Mem:0.11M, Peak:0.11M | Scene, ViewLayer | Updating Lights | Computing tree
Fra:16 Mem:9.14M (Peak 9.75M) | Time:00:00.00 | Mem:0.12M, Peak:0.12M | Scene, ViewLayer | Updating Integrator
Fra:16 Mem:9.14M (Peak 9.75M) | Time:00:00.00 | Mem:0.12M, Peak:0.12M | Scene, ViewLayer | Updating Film
Fra:16 Mem:9.15M (Peak 9.75M) | Time:00:00.00 | Mem:0.04M, Peak:0.12M | Scene, ViewLayer | Updating Lookup Tables
Fra:16 Mem:9.15M (Peak 9.75M) | Time:00:00.00 | Mem:0.12M, Peak:0.12M | Scene, ViewLayer | Updating Baking
Fra:16 Mem:9.15M (Peak 9.75M) | Time:00:00.00 | Mem:0.12M, Peak:0.12M | Scene, ViewLayer | Updating Device | Writing constant memory
Fra:16 Mem:9.15M (Peak 9.75M) | Time:00:00.00 | Mem:0.12M, Peak:0.12M | Scene, ViewLayer | Sample 0/1
Fra:16 Mem:9.24M (Peak 9.75M) | Time:00:00.00 | Mem:0.16M, Peak:0.16M | Scene, ViewLayer | Sample 1/1
Fra:16 Mem:9.24M (Peak 9.75M) | Time:00:00.00 | Mem:0.16M, Peak:0.16M | Scene, ViewLayer | Finished
Saved: '/home/terence/Documents/Codex/2026-09-06/realtime-voice-chat-3/outputs/butterfly-method-comparison/blender-v2/raw/native32/view045_frame03.png'
Time: 00:00.00 (Saving: 00:00.00)

Fra:16 Mem:9.67M (Peak 9.67M) | Time:00:00.00 | Mem:0.00M, Peak:0.00M | Scene, ViewLayer | Synchronizing object | Thorax
Fra:16 Mem:9.67M (Peak 9.67M) | Time:00:00.00 | Mem:0.00M, Peak:0.00M | Scene, ViewLayer | Synchronizing object | Antenna.001
Fra:16 Mem:9.67M (Peak 9.67M) | Time:00:00.00 | Mem:0.00M, Peak:0.00M | Scene, ViewLayer | Synchronizing object | Abdomen tip
Fra:16 Mem:9.67M (Peak 9.67M) | Time:00:00.00 | Mem:0.00M, Peak:0.00M | Scene, ViewLayer | Synchronizing object | Antenna
Fra:16 Mem:9.68M (Peak 9.68M) | Time:00:00.00 | Mem:0.00M, Peak:0.00M | Scene, ViewLayer | Initializing
Fra:16 Mem:9.03M (Peak 9.68M) | Time:00:00.00 | Mem:0.00M, Peak:0.00M | Scene, ViewLayer | Waiting for render to start
Fra:16 Mem:9.03M (Peak 9.68M) | Time:00:00.00 | Mem:0.00M, Peak:0.00M | Scene, ViewLayer | Updating Scene
Fra:16 Mem:9.03M (Peak 9.68M) | Time:00:00.00 | Mem:0.00M, Peak:0.00M | Scene, ViewLayer | Updating Shaders
Fra:16 Mem:9.03M (Peak 9.68M) | Time:00:00.00 | Mem:0.00M, Peak:0.00M | Scene, ViewLayer | Loading render kernels (may take a few minutes the first time)
Fra:16 Mem:9.12M (Peak 9.68M) | Time:00:00.00 | Mem:0.00M, Peak:0.00M | Scene, ViewLayer | Updating Procedurals
Fra:16 Mem:9.12M (Peak 9.68M) | Time:00:00.00 | Mem:0.00M, Peak:0.00M | Scene, ViewLayer | Updating Background
Fra:16 Mem:9.12M (Peak 9.68M) | Time:00:00.00 | Mem:0.00M, Peak:0.00M | Scene, ViewLayer | Updating Camera
Fra:16 Mem:9.12M (Peak 9.68M) | Time:00:00.00 | Mem:0.00M, Peak:0.00M | Scene, ViewLayer | Updating Meshes Flags
Fra:16 Mem:9.12M (Peak 9.68M) | Time:00:00.00 | Mem:0.00M, Peak:0.00M | Scene, ViewLayer | Updating Objects
Fra:16 Mem:9.12M (Peak 9.68M) | Time:00:00.00 | Mem:0.00M, Peak:0.00M | Scene, ViewLayer | Updating Objects | Copying Transformations to device
Fra:16 Mem:9.12M (Peak 9.68M) | Time:00:00.00 | Mem:0.00M, Peak:0.00M | Scene, ViewLayer | Updating Particle Systems
Fra:16 Mem:9.12M (Peak 9.68M) | Time:00:00.00 | Mem:0.00M, Peak:0.00M | Scene, ViewLayer | Updating Particle Systems | Copying Particles to device
Fra:16 Mem:9.12M (Peak 9.68M) | Time:00:00.00 | Mem:0.00M, Peak:0.00M | Scene, ViewLayer | Updating Meshes
Fra:16 Mem:9.12M (Peak 9.68M) | Time:00:00.00 | Mem:0.00M, Peak:0.00M | Scene, ViewLayer | Updating Objects | Applying Static Transformations
Fra:16 Mem:9.12M (Peak 9.68M) | Time:00:00.00 | Mem:0.00M, Peak:0.00M | Scene, ViewLayer | Updating Mesh | Computing attributes
Fra:16 Mem:9.12M (Peak 9.68M) | Time:00:00.00 | Mem:0.01M, Peak:0.01M | Scene, ViewLayer | Updating Mesh | Copying Attributes to device
Fra:16 Mem:9.12M (Peak 9.68M) | Time:00:00.00 | Mem:0.01M, Peak:0.01M | Scene, ViewLayer | Updating Scene BVH | Building
Fra:16 Mem:9.12M (Peak 9.68M) | Time:00:00.00 | Mem:0.01M, Peak:0.01M | Scene, ViewLayer | Updating Scene BVH | Building BVH
Fra:16 Mem:9.12M (Peak 9.68M) | Time:00:00.00 | Mem:0.01M, Peak:0.01M | Scene, ViewLayer | Updating Scene BVH | Copying BVH to device
Fra:16 Mem:9.12M (Peak 9.68M) | Time:00:00.00 | Mem:0.01M, Peak:0.01M | Scene, ViewLayer | Updating Mesh | Computing normals
Fra:16 Mem:9.12M (Peak 9.68M) | Time:00:00.00 | Mem:0.01M, Peak:0.01M | Scene, ViewLayer | Updating Mesh | Copying Mesh to device
Fra:16 Mem:9.12M (Peak 9.68M) | Time:00:00.00 | Mem:0.01M, Peak:0.01M | Scene, ViewLayer | Updating Objects Flags
Fra:16 Mem:9.12M (Peak 9.68M) | Time:00:00.00 | Mem:0.01M, Peak:0.01M | Scene, ViewLayer | Updating Primitive Offsets
Fra:16 Mem:9.12M (Peak 9.68M) | Time:00:00.00 | Mem:0.01M, Peak:0.01M | Scene, ViewLayer | Updating Images
Fra:16 Mem:9.12M (Peak 9.68M) | Time:00:00.00 | Mem:0.01M, Peak:0.01M | Scene, ViewLayer | Updating Camera Volume
Fra:16 Mem:9.12M (Peak 9.68M) | Time:00:00.00 | Mem:0.01M, Peak:0.01M | Scene, ViewLayer | Updating Lookup Tables
Fra:16 Mem:9.12M (Peak 9.68M) | Time:00:00.00 | Mem:0.09M, Peak:0.09M | Scene, ViewLayer | Updating Lights
Fra:16 Mem:9.12M (Peak 9.68M) | Time:00:00.00 | Mem:0.09M, Peak:0.09M | Scene, ViewLayer | Updating Lights | Computing tree
Fra:16 Mem:9.12M (Peak 9.68M) | Time:00:00.00 | Mem:0.09M, Peak:0.09M | Scene, ViewLayer | Updating Integrator
Fra:16 Mem:9.12M (Peak 9.68M) | Time:00:00.00 | Mem:0.09M, Peak:0.09M | Scene, ViewLayer | Updating Film
Fra:16 Mem:9.13M (Peak 9.68M) | Time:00:00.00 | Mem:0.01M, Peak:0.09M | Scene, ViewLayer | Updating Lookup Tables
Fra:16 Mem:9.13M (Peak 9.68M) | Time:00:00.00 | Mem:0.10M, Peak:0.10M | Scene, ViewLayer | Updating Baking
Fra:16 Mem:9.13M (Peak 9.68M) | Time:00:00.00 | Mem:0.10M, Peak:0.10M | Scene, ViewLayer | Updating Device | Writing constant memory
Fra:16 Mem:9.13M (Peak 9.68M) | Time:00:00.00 | Mem:0.10M, Peak:0.10M | Scene, ViewLayer | Sample 0/1
Fra:16 Mem:9.18M (Peak 9.68M) | Time:00:00.00 | Mem:0.11M, Peak:0.11M | Scene, ViewLayer | Sample 1/1
Fra:16 Mem:9.18M (Peak 9.68M) | Time:00:00.00 | Mem:0.11M, Peak:0.11M | Scene, ViewLayer | Finished
Saved: '/home/terence/Documents/Codex/2026-09-06/realtime-voice-chat-3/outputs/butterfly-method-comparison/blender-v2/raw/body-only/view045_frame03.png'
Time: 00:00.00 (Saving: 00:00.00)

Fra:16 Mem:9.71M (Peak 9.71M) | Time:00:00.00 | Mem:0.00M, Peak:0.00M | Scene, ViewLayer | Synchronizing object | Thorax
Fra:16 Mem:9.71M (Peak 9.71M) | Time:00:00.00 | Mem:0.00M, Peak:0.00M | Scene, ViewLayer | Synchronizing object | L continuous fore-hind wing
Fra:16 Mem:9.71M (Peak 9.71M) | Time:00:00.00 | Mem:0.00M, Peak:0.00M | Scene, ViewLayer | Synchronizing object | R continuous fore-hind wing
Fra:16 Mem:9.71M (Peak 9.71M) | Time:00:00.00 | Mem:0.00M, Peak:0.00M | Scene, ViewLayer | Synchronizing object | Antenna
Fra:16 Mem:9.72M (Peak 9.72M) | Time:00:00.00 | Mem:0.00M, Peak:0.00M | Scene, ViewLayer | Synchronizing object | Antenna.001
Fra:16 Mem:9.72M (Peak 9.72M) | Time:00:00.00 | Mem:0.00M, Peak:0.00M | Scene, ViewLayer | Initializing
Fra:16 Mem:9.03M (Peak 9.72M) | Time:00:00.00 | Mem:0.00M, Peak:0.00M | Scene, ViewLayer | Waiting for render to start
Fra:16 Mem:9.03M (Peak 9.72M) | Time:00:00.00 | Mem:0.00M, Peak:0.00M | Scene, ViewLayer | Updating Scene
Fra:16 Mem:9.03M (Peak 9.72M) | Time:00:00.00 | Mem:0.00M, Peak:0.00M | Scene, ViewLayer | Updating Shaders
Fra:16 Mem:9.03M (Peak 9.72M) | Time:00:00.00 | Mem:0.00M, Peak:0.00M | Scene, ViewLayer | Loading render kernels (may take a few minutes the first time)
Fra:16 Mem:9.11M (Peak 9.72M) | Time:00:00.00 | Mem:0.00M, Peak:0.00M | Scene, ViewLayer | Updating Procedurals
Fra:16 Mem:9.11M (Peak 9.72M) | Time:00:00.00 | Mem:0.00M, Peak:0.00M | Scene, ViewLayer | Updating Background
Fra:16 Mem:9.11M (Peak 9.72M) | Time:00:00.00 | Mem:0.00M, Peak:0.00M | Scene, ViewLayer | Updating Camera
Fra:16 Mem:9.11M (Peak 9.72M) | Time:00:00.00 | Mem:0.00M, Peak:0.00M | Scene, ViewLayer | Updating Meshes Flags
Fra:16 Mem:9.11M (Peak 9.72M) | Time:00:00.00 | Mem:0.00M, Peak:0.00M | Scene, ViewLayer | Updating Objects
Fra:16 Mem:9.11M (Peak 9.72M) | Time:00:00.00 | Mem:0.00M, Peak:0.00M | Scene, ViewLayer | Updating Objects | Copying Transformations to device
Fra:16 Mem:9.11M (Peak 9.72M) | Time:00:00.00 | Mem:0.01M, Peak:0.01M | Scene, ViewLayer | Updating Particle Systems
Fra:16 Mem:9.11M (Peak 9.72M) | Time:00:00.00 | Mem:0.01M, Peak:0.01M | Scene, ViewLayer | Updating Particle Systems | Copying Particles to device
Fra:16 Mem:9.11M (Peak 9.72M) | Time:00:00.00 | Mem:0.01M, Peak:0.01M | Scene, ViewLayer | Updating Meshes
Fra:16 Mem:9.11M (Peak 9.72M) | Time:00:00.00 | Mem:0.01M, Peak:0.01M | Scene, ViewLayer | Updating Objects | Applying Static Transformations
Fra:16 Mem:9.11M (Peak 9.72M) | Time:00:00.00 | Mem:0.01M, Peak:0.01M | Scene, ViewLayer | Updating Mesh | Computing attributes
Fra:16 Mem:9.12M (Peak 9.72M) | Time:00:00.00 | Mem:0.01M, Peak:0.01M | Scene, ViewLayer | Updating Mesh | Copying Attributes to device
Fra:16 Mem:9.12M (Peak 9.72M) | Time:00:00.00 | Mem:0.01M, Peak:0.01M | Scene, ViewLayer | Updating Scene BVH | Building
Fra:16 Mem:9.12M (Peak 9.72M) | Time:00:00.00 | Mem:0.01M, Peak:0.01M | Scene, ViewLayer | Updating Scene BVH | Building BVH
Fra:16 Mem:9.12M (Peak 9.72M) | Time:00:00.00 | Mem:0.02M, Peak:0.03M | Scene, ViewLayer | Updating Scene BVH | Copying BVH to device
Fra:16 Mem:9.12M (Peak 9.72M) | Time:00:00.00 | Mem:0.02M, Peak:0.03M | Scene, ViewLayer | Updating Mesh | Computing normals
Fra:16 Mem:9.12M (Peak 9.72M) | Time:00:00.00 | Mem:0.02M, Peak:0.03M | Scene, ViewLayer | Updating Mesh | Copying Mesh to device
Fra:16 Mem:9.12M (Peak 9.72M) | Time:00:00.00 | Mem:0.03M, Peak:0.03M | Scene, ViewLayer | Updating Objects Flags
Fra:16 Mem:9.12M (Peak 9.72M) | Time:00:00.00 | Mem:0.03M, Peak:0.03M | Scene, ViewLayer | Updating Primitive Offsets
Fra:16 Mem:9.12M (Peak 9.72M) | Time:00:00.00 | Mem:0.03M, Peak:0.03M | Scene, ViewLayer | Updating Images
Fra:16 Mem:9.12M (Peak 9.72M) | Time:00:00.00 | Mem:0.03M, Peak:0.03M | Scene, ViewLayer | Updating Camera Volume
Fra:16 Mem:9.12M (Peak 9.72M) | Time:00:00.00 | Mem:0.03M, Peak:0.03M | Scene, ViewLayer | Updating Lookup Tables
Fra:16 Mem:9.12M (Peak 9.72M) | Time:00:00.00 | Mem:0.11M, Peak:0.11M | Scene, ViewLayer | Updating Lights
Fra:16 Mem:9.12M (Peak 9.72M) | Time:00:00.00 | Mem:0.11M, Peak:0.11M | Scene, ViewLayer | Updating Lights | Computing tree
Fra:16 Mem:9.13M (Peak 9.72M) | Time:00:00.00 | Mem:0.12M, Peak:0.12M | Scene, ViewLayer | Updating Integrator
Fra:16 Mem:9.13M (Peak 9.72M) | Time:00:00.00 | Mem:0.12M, Peak:0.12M | Scene, ViewLayer | Updating Film
Fra:16 Mem:9.13M (Peak 9.72M) | Time:00:00.00 | Mem:0.04M, Peak:0.12M | Scene, ViewLayer | Updating Lookup Tables
Fra:16 Mem:9.13M (Peak 9.72M) | Time:00:00.00 | Mem:0.12M, Peak:0.12M | Scene, ViewLayer | Updating Baking
Fra:16 Mem:9.13M (Peak 9.72M) | Time:00:00.00 | Mem:0.12M, Peak:0.12M | Scene, ViewLayer | Updating Device | Writing constant memory
Fra:16 Mem:9.14M (Peak 9.72M) | Time:00:00.00 | Mem:0.12M, Peak:0.12M | Scene, ViewLayer | Sample 0/1
Fra:16 Mem:9.19M (Peak 9.72M) | Time:00:00.00 | Mem:0.13M, Peak:0.13M | Scene, ViewLayer | Sample 1/1
Fra:16 Mem:9.19M (Peak 9.72M) | Time:00:00.00 | Mem:0.13M, Peak:0.13M | Scene, ViewLayer | Finished
Saved: '/home/terence/Documents/Codex/2026-09-06/realtime-voice-chat-3/outputs/butterfly-method-comparison/blender-v2/raw/no-abdomen-lag/view045_frame03.png'
Time: 00:00.00 (Saving: 00:00.00)

Fra:16 Mem:9.69M (Peak 9.69M) | Time:00:00.00 | Mem:0.00M, Peak:0.00M | Scene, ViewLayer | Synchronizing object | Thorax
Fra:16 Mem:9.69M (Peak 9.69M) | Time:00:00.00 | Mem:0.00M, Peak:0.00M | Scene, ViewLayer | Synchronizing object | Head
Fra:16 Mem:9.69M (Peak 9.69M) | Time:00:00.00 | Mem:0.00M, Peak:0.00M | Scene, ViewLayer | Synchronizing object | Abdomen
Fra:16 Mem:9.70M (Peak 9.70M) | Time:00:00.00 | Mem:0.00M, Peak:0.00M | Scene, ViewLayer | Synchronizing object | R continuous fore-hind wing
Fra:16 Mem:9.70M (Peak 9.70M) | Time:00:00.00 | Mem:0.00M, Peak:0.00M | Scene, ViewLayer | Synchronizing object | Antenna
Fra:16 Mem:9.70M (Peak 9.70M) | Time:00:00.00 | Mem:0.00M, Peak:0.00M | Scene, ViewLayer | Synchronizing object | Antenna.001
Fra:16 Mem:9.70M (Peak 9.70M) | Time:00:00.00 | Mem:0.00M, Peak:0.00M | Scene, ViewLayer | Initializing
Fra:16 Mem:9.02M (Peak 9.70M) | Time:00:00.00 | Mem:0.00M, Peak:0.00M | Scene, ViewLayer | Waiting for render to start
Fra:16 Mem:9.02M (Peak 9.70M) | Time:00:00.00 | Mem:0.00M, Peak:0.00M | Scene, ViewLayer | Updating Scene
Fra:16 Mem:9.02M (Peak 9.70M) | Time:00:00.00 | Mem:0.00M, Peak:0.00M | Scene, ViewLayer | Updating Shaders
Fra:16 Mem:9.02M (Peak 9.70M) | Time:00:00.00 | Mem:0.00M, Peak:0.00M | Scene, ViewLayer | Loading render kernels (may take a few minutes the first time)
Fra:16 Mem:9.10M (Peak 9.70M) | Time:00:00.00 | Mem:0.00M, Peak:0.00M | Scene, ViewLayer | Updating Procedurals
Fra:16 Mem:9.10M (Peak 9.70M) | Time:00:00.00 | Mem:0.00M, Peak:0.00M | Scene, ViewLayer | Updating Background
Fra:16 Mem:9.10M (Peak 9.70M) | Time:00:00.00 | Mem:0.00M, Peak:0.00M | Scene, ViewLayer | Updating Camera
Fra:16 Mem:9.10M (Peak 9.70M) | Time:00:00.00 | Mem:0.00M, Peak:0.00M | Scene, ViewLayer | Updating Meshes Flags
Fra:16 Mem:9.10M (Peak 9.70M) | Time:00:00.00 | Mem:0.00M, Peak:0.00M | Scene, ViewLayer | Updating Objects
Fra:16 Mem:9.10M (Peak 9.70M) | Time:00:00.00 | Mem:0.00M, Peak:0.00M | Scene, ViewLayer | Updating Objects | Copying Transformations to device
Fra:16 Mem:9.10M (Peak 9.70M) | Time:00:00.00 | Mem:0.01M, Peak:0.01M | Scene, ViewLayer | Updating Particle Systems
Fra:16 Mem:9.10M (Peak 9.70M) | Time:00:00.00 | Mem:0.01M, Peak:0.01M | Scene, ViewLayer | Updating Particle Systems | Copying Particles to device
Fra:16 Mem:9.10M (Peak 9.70M) | Time:00:00.00 | Mem:0.01M, Peak:0.01M | Scene, ViewLayer | Updating Meshes
Fra:16 Mem:9.10M (Peak 9.70M) | Time:00:00.00 | Mem:0.01M, Peak:0.01M | Scene, ViewLayer | Updating Objects | Applying Static Transformations
Fra:16 Mem:9.10M (Peak 9.70M) | Time:00:00.00 | Mem:0.01M, Peak:0.01M | Scene, ViewLayer | Updating Mesh | Computing attributes
Fra:16 Mem:9.11M (Peak 9.70M) | Time:00:00.00 | Mem:0.01M, Peak:0.01M | Scene, ViewLayer | Updating Mesh | Copying Attributes to device
Fra:16 Mem:9.11M (Peak 9.70M) | Time:00:00.00 | Mem:0.01M, Peak:0.01M | Scene, ViewLayer | Updating Scene BVH | Building
Fra:16 Mem:9.11M (Peak 9.70M) | Time:00:00.00 | Mem:0.01M, Peak:0.01M | Scene, ViewLayer | Updating Scene BVH | Building BVH
Fra:16 Mem:9.11M (Peak 9.70M) | Time:00:00.00 | Mem:0.02M, Peak:0.03M | Scene, ViewLayer | Updating Scene BVH | Copying BVH to device
Fra:16 Mem:9.11M (Peak 9.70M) | Time:00:00.00 | Mem:0.02M, Peak:0.03M | Scene, ViewLayer | Updating Mesh | Computing normals
Fra:16 Mem:9.11M (Peak 9.70M) | Time:00:00.00 | Mem:0.02M, Peak:0.03M | Scene, ViewLayer | Updating Mesh | Copying Mesh to device
Fra:16 Mem:9.11M (Peak 9.70M) | Time:00:00.00 | Mem:0.03M, Peak:0.03M | Scene, ViewLayer | Updating Objects Flags
Fra:16 Mem:9.11M (Peak 9.70M) | Time:00:00.00 | Mem:0.03M, Peak:0.03M | Scene, ViewLayer | Updating Primitive Offsets
Fra:16 Mem:9.11M (Peak 9.70M) | Time:00:00.00 | Mem:0.03M, Peak:0.03M | Scene, ViewLayer | Updating Images
Fra:16 Mem:9.11M (Peak 9.70M) | Time:00:00.00 | Mem:0.03M, Peak:0.03M | Scene, ViewLayer | Updating Camera Volume
Fra:16 Mem:9.11M (Peak 9.70M) | Time:00:00.00 | Mem:0.03M, Peak:0.03M | Scene, ViewLayer | Updating Lookup Tables
Fra:16 Mem:9.11M (Peak 9.70M) | Time:00:00.00 | Mem:0.11M, Peak:0.11M | Scene, ViewLayer | Updating Lights
Fra:16 Mem:9.11M (Peak 9.70M) | Time:00:00.00 | Mem:0.11M, Peak:0.11M | Scene, ViewLayer | Updating Lights | Computing tree
Fra:16 Mem:9.12M (Peak 9.70M) | Time:00:00.00 | Mem:0.12M, Peak:0.12M | Scene, ViewLayer | Updating Integrator
Fra:16 Mem:9.12M (Peak 9.70M) | Time:00:00.00 | Mem:0.12M, Peak:0.12M | Scene, ViewLayer | Updating Film
Fra:16 Mem:9.13M (Peak 9.70M) | Time:00:00.00 | Mem:0.04M, Peak:0.12M | Scene, ViewLayer | Updating Lookup Tables
Fra:16 Mem:9.13M (Peak 9.70M) | Time:00:00.00 | Mem:0.13M, Peak:0.13M | Scene, ViewLayer | Updating Baking
Fra:16 Mem:9.13M (Peak 9.70M) | Time:00:00.00 | Mem:0.13M, Peak:0.13M | Scene, ViewLayer | Updating Device | Writing constant memory
Fra:16 Mem:9.13M (Peak 9.70M) | Time:00:00.00 | Mem:0.13M, Peak:0.13M | Scene, ViewLayer | Sample 0/1
Fra:16 Mem:9.18M (Peak 9.70M) | Time:00:00.00 | Mem:0.13M, Peak:0.13M | Scene, ViewLayer | Sample 1/1
Fra:16 Mem:9.18M (Peak 9.70M) | Time:00:00.00 | Mem:0.13M, Peak:0.13M | Scene, ViewLayer | Finished
Saved: '/home/terence/Documents/Codex/2026-09-06/realtime-voice-chat-3/outputs/butterfly-method-comparison/blender-v2/raw/wing-only/view045_frame03.png'
Time: 00:00.00 (Saving: 00:00.00)

Fra:21 Mem:9.74M (Peak 9.74M) | Time:00:00.00 | Mem:0.00M, Peak:0.00M | Scene, ViewLayer | Synchronizing object | Thorax
Fra:21 Mem:9.74M (Peak 9.74M) | Time:00:00.00 | Mem:0.00M, Peak:0.00M | Scene, ViewLayer | Synchronizing object | Abdomen
Fra:21 Mem:9.74M (Peak 9.74M) | Time:00:00.00 | Mem:0.00M, Peak:0.00M | Scene, ViewLayer | Synchronizing object | L continuous fore-hind wing
Fra:21 Mem:9.74M (Peak 9.74M) | Time:00:00.00 | Mem:0.00M, Peak:0.00M | Scene, ViewLayer | Synchronizing object | Antenna
Fra:21 Mem:9.74M (Peak 9.74M) | Time:00:00.00 | Mem:0.00M, Peak:0.00M | Scene, ViewLayer | Synchronizing object | Antenna.001
Fra:21 Mem:9.74M (Peak 9.74M) | Time:00:00.00 | Mem:0.00M, Peak:0.00M | Scene, ViewLayer | Synchronizing object | R continuous fore-hind wing
Fra:21 Mem:9.75M (Peak 9.75M) | Time:00:00.00 | Mem:0.00M, Peak:0.00M | Scene, ViewLayer | Initializing
Fra:21 Mem:9.04M (Peak 9.75M) | Time:00:00.00 | Mem:0.00M, Peak:0.00M | Scene, ViewLayer | Waiting for render to start
Fra:21 Mem:9.04M (Peak 9.75M) | Time:00:00.00 | Mem:0.00M, Peak:0.00M | Scene, ViewLayer | Updating Scene
Fra:21 Mem:9.04M (Peak 9.75M) | Time:00:00.00 | Mem:0.00M, Peak:0.00M | Scene, ViewLayer | Updating Shaders
Fra:21 Mem:9.04M (Peak 9.75M) | Time:00:00.00 | Mem:0.00M, Peak:0.00M | Scene, ViewLayer | Loading render kernels (may take a few minutes the first time)
Fra:21 Mem:9.13M (Peak 9.75M) | Time:00:00.00 | Mem:0.00M, Peak:0.00M | Scene, ViewLayer | Updating Procedurals
Fra:21 Mem:9.13M (Peak 9.75M) | Time:00:00.00 | Mem:0.00M, Peak:0.00M | Scene, ViewLayer | Updating Background
Fra:21 Mem:9.13M (Peak 9.75M) | Time:00:00.00 | Mem:0.00M, Peak:0.00M | Scene, ViewLayer | Updating Camera
Fra:21 Mem:9.13M (Peak 9.75M) | Time:00:00.00 | Mem:0.00M, Peak:0.00M | Scene, ViewLayer | Updating Meshes Flags
Fra:21 Mem:9.13M (Peak 9.75M) | Time:00:00.00 | Mem:0.00M, Peak:0.00M | Scene, ViewLayer | Updating Objects
Fra:21 Mem:9.13M (Peak 9.75M) | Time:00:00.00 | Mem:0.00M, Peak:0.00M | Scene, ViewLayer | Updating Objects | Copying Transformations to device
Fra:21 Mem:9.13M (Peak 9.75M) | Time:00:00.00 | Mem:0.01M, Peak:0.01M | Scene, ViewLayer | Updating Particle Systems
Fra:21 Mem:9.13M (Peak 9.75M) | Time:00:00.00 | Mem:0.01M, Peak:0.01M | Scene, ViewLayer | Updating Particle Systems | Copying Particles to device
Fra:21 Mem:9.13M (Peak 9.75M) | Time:00:00.00 | Mem:0.01M, Peak:0.01M | Scene, ViewLayer | Updating Meshes
Fra:21 Mem:9.13M (Peak 9.75M) | Time:00:00.00 | Mem:0.01M, Peak:0.01M | Scene, ViewLayer | Updating Objects | Applying Static Transformations
Fra:21 Mem:9.13M (Peak 9.75M) | Time:00:00.00 | Mem:0.01M, Peak:0.01M | Scene, ViewLayer | Updating Mesh | Computing attributes
Fra:21 Mem:9.13M (Peak 9.75M) | Time:00:00.00 | Mem:0.01M, Peak:0.01M | Scene, ViewLayer | Updating Mesh | Copying Attributes to device
Fra:21 Mem:9.13M (Peak 9.75M) | Time:00:00.00 | Mem:0.01M, Peak:0.01M | Scene, ViewLayer | Updating Scene BVH | Building
Fra:21 Mem:9.13M (Peak 9.75M) | Time:00:00.00 | Mem:0.01M, Peak:0.01M | Scene, ViewLayer | Updating Scene BVH | Building BVH
Fra:21 Mem:9.13M (Peak 9.75M) | Time:00:00.00 | Mem:0.02M, Peak:0.03M | Scene, ViewLayer | Updating Scene BVH | Copying BVH to device
Fra:21 Mem:9.13M (Peak 9.75M) | Time:00:00.00 | Mem:0.02M, Peak:0.03M | Scene, ViewLayer | Updating Mesh | Computing normals
Fra:21 Mem:9.14M (Peak 9.75M) | Time:00:00.00 | Mem:0.02M, Peak:0.03M | Scene, ViewLayer | Updating Mesh | Copying Mesh to device
Fra:21 Mem:9.14M (Peak 9.75M) | Time:00:00.00 | Mem:0.03M, Peak:0.03M | Scene, ViewLayer | Updating Objects Flags
Fra:21 Mem:9.14M (Peak 9.75M) | Time:00:00.00 | Mem:0.03M, Peak:0.03M | Scene, ViewLayer | Updating Primitive Offsets
Fra:21 Mem:9.14M (Peak 9.75M) | Time:00:00.00 | Mem:0.03M, Peak:0.03M | Scene, ViewLayer | Updating Images
Fra:21 Mem:9.14M (Peak 9.75M) | Time:00:00.00 | Mem:0.03M, Peak:0.03M | Scene, ViewLayer | Updating Camera Volume
Fra:21 Mem:9.14M (Peak 9.75M) | Time:00:00.00 | Mem:0.03M, Peak:0.03M | Scene, ViewLayer | Updating Lookup Tables
Fra:21 Mem:9.14M (Peak 9.75M) | Time:00:00.00 | Mem:0.11M, Peak:0.11M | Scene, ViewLayer | Updating Lights
Fra:21 Mem:9.14M (Peak 9.75M) | Time:00:00.00 | Mem:0.11M, Peak:0.11M | Scene, ViewLayer | Updating Lights | Computing tree
Fra:21 Mem:9.14M (Peak 9.75M) | Time:00:00.00 | Mem:0.12M, Peak:0.12M | Scene, ViewLayer | Updating Integrator
Fra:21 Mem:9.14M (Peak 9.75M) | Time:00:00.00 | Mem:0.12M, Peak:0.12M | Scene, ViewLayer | Updating Film
Fra:21 Mem:9.15M (Peak 9.75M) | Time:00:00.00 | Mem:0.04M, Peak:0.12M | Scene, ViewLayer | Updating Lookup Tables
Fra:21 Mem:9.15M (Peak 9.75M) | Time:00:00.00 | Mem:0.12M, Peak:0.12M | Scene, ViewLayer | Updating Baking
Fra:21 Mem:9.15M (Peak 9.75M) | Time:00:00.00 | Mem:0.12M, Peak:0.12M | Scene, ViewLayer | Updating Device | Writing constant memory
Fra:21 Mem:9.15M (Peak 9.75M) | Time:00:00.00 | Mem:0.12M, Peak:0.12M | Scene, ViewLayer | Sample 0/8
Fra:21 Mem:9.75M (Peak 9.75M) | Time:00:00.00 | Remaining:00:00.02 | Mem:0.69M, Peak:0.69M | Scene, ViewLayer | Sample 1/8
Fra:21 Mem:10.00M (Peak 10.00M) | Time:00:00.02 | Mem:0.69M, Peak:0.69M | Scene, ViewLayer | Sample 8/8
Fra:21 Mem:10.00M (Peak 10.00M) | Time:00:00.02 | Mem:0.69M, Peak:0.69M | Scene, ViewLayer | Finished
Saved: '/home/terence/Documents/Codex/2026-09-06/realtime-voice-chat-3/outputs/butterfly-method-comparison/blender-v2/raw/view045_frame04.png'
Time: 00:00.02 (Saving: 00:00.00)

Fra:21 Mem:9.74M (Peak 9.74M) | Time:00:00.00 | Mem:0.00M, Peak:0.00M | Scene, ViewLayer | Synchronizing object | Thorax
Fra:21 Mem:9.74M (Peak 9.74M) | Time:00:00.00 | Mem:0.00M, Peak:0.00M | Scene, ViewLayer | Synchronizing object | L continuous fore-hind wing
Fra:21 Mem:9.74M (Peak 9.74M) | Time:00:00.00 | Mem:0.00M, Peak:0.00M | Scene, ViewLayer | Synchronizing object | Abdomen tip
Fra:21 Mem:9.74M (Peak 9.74M) | Time:00:00.00 | Mem:0.00M, Peak:0.00M | Scene, ViewLayer | Synchronizing object | Antenna.001
Fra:21 Mem:9.75M (Peak 9.75M) | Time:00:00.00 | Mem:0.00M, Peak:0.00M | Scene, ViewLayer | Initializing
Fra:21 Mem:9.04M (Peak 9.75M) | Time:00:00.00 | Mem:0.00M, Peak:0.00M | Scene, ViewLayer | Waiting for render to start
Fra:21 Mem:9.04M (Peak 9.75M) | Time:00:00.00 | Mem:0.00M, Peak:0.00M | Scene, ViewLayer | Updating Scene
Fra:21 Mem:9.04M (Peak 9.75M) | Time:00:00.00 | Mem:0.00M, Peak:0.00M | Scene, ViewLayer | Updating Shaders
Fra:21 Mem:9.04M (Peak 9.75M) | Time:00:00.00 | Mem:0.00M, Peak:0.00M | Scene, ViewLayer | Loading render kernels (may take a few minutes the first time)
Fra:21 Mem:9.13M (Peak 9.75M) | Time:00:00.00 | Mem:0.00M, Peak:0.00M | Scene, ViewLayer | Updating Procedurals
Fra:21 Mem:9.13M (Peak 9.75M) | Time:00:00.00 | Mem:0.00M, Peak:0.00M | Scene, ViewLayer | Updating Background
Fra:21 Mem:9.13M (Peak 9.75M) | Time:00:00.00 | Mem:0.00M, Peak:0.00M | Scene, ViewLayer | Updating Camera
Fra:21 Mem:9.13M (Peak 9.75M) | Time:00:00.00 | Mem:0.00M, Peak:0.00M | Scene, ViewLayer | Updating Meshes Flags
Fra:21 Mem:9.13M (Peak 9.75M) | Time:00:00.00 | Mem:0.00M, Peak:0.00M | Scene, ViewLayer | Updating Objects
Fra:21 Mem:9.13M (Peak 9.75M) | Time:00:00.00 | Mem:0.00M, Peak:0.00M | Scene, ViewLayer | Updating Objects | Copying Transformations to device
Fra:21 Mem:9.13M (Peak 9.75M) | Time:00:00.00 | Mem:0.01M, Peak:0.01M | Scene, ViewLayer | Updating Particle Systems
Fra:21 Mem:9.13M (Peak 9.75M) | Time:00:00.00 | Mem:0.01M, Peak:0.01M | Scene, ViewLayer | Updating Particle Systems | Copying Particles to device
Fra:21 Mem:9.13M (Peak 9.75M) | Time:00:00.00 | Mem:0.01M, Peak:0.01M | Scene, ViewLayer | Updating Meshes
Fra:21 Mem:9.13M (Peak 9.75M) | Time:00:00.00 | Mem:0.01M, Peak:0.01M | Scene, ViewLayer | Updating Objects | Applying Static Transformations
Fra:21 Mem:9.13M (Peak 9.75M) | Time:00:00.00 | Mem:0.01M, Peak:0.01M | Scene, ViewLayer | Updating Mesh | Computing attributes
Fra:21 Mem:9.13M (Peak 9.75M) | Time:00:00.00 | Mem:0.01M, Peak:0.01M | Scene, ViewLayer | Updating Mesh | Copying Attributes to device
Fra:21 Mem:9.13M (Peak 9.75M) | Time:00:00.00 | Mem:0.01M, Peak:0.01M | Scene, ViewLayer | Updating Scene BVH | Building
Fra:21 Mem:9.13M (Peak 9.75M) | Time:00:00.00 | Mem:0.01M, Peak:0.01M | Scene, ViewLayer | Updating Scene BVH | Building BVH
Fra:21 Mem:9.13M (Peak 9.75M) | Time:00:00.00 | Mem:0.02M, Peak:0.03M | Scene, ViewLayer | Updating Scene BVH | Copying BVH to device
Fra:21 Mem:9.13M (Peak 9.75M) | Time:00:00.00 | Mem:0.02M, Peak:0.03M | Scene, ViewLayer | Updating Mesh | Computing normals
Fra:21 Mem:9.14M (Peak 9.75M) | Time:00:00.00 | Mem:0.02M, Peak:0.03M | Scene, ViewLayer | Updating Mesh | Copying Mesh to device
Fra:21 Mem:9.14M (Peak 9.75M) | Time:00:00.00 | Mem:0.03M, Peak:0.03M | Scene, ViewLayer | Updating Objects Flags
Fra:21 Mem:9.14M (Peak 9.75M) | Time:00:00.00 | Mem:0.03M, Peak:0.03M | Scene, ViewLayer | Updating Primitive Offsets
Fra:21 Mem:9.14M (Peak 9.75M) | Time:00:00.00 | Mem:0.03M, Peak:0.03M | Scene, ViewLayer | Updating Images
Fra:21 Mem:9.14M (Peak 9.75M) | Time:00:00.00 | Mem:0.03M, Peak:0.03M | Scene, ViewLayer | Updating Camera Volume
Fra:21 Mem:9.14M (Peak 9.75M) | Time:00:00.00 | Mem:0.03M, Peak:0.03M | Scene, ViewLayer | Updating Lookup Tables
Fra:21 Mem:9.14M (Peak 9.75M) | Time:00:00.00 | Mem:0.11M, Peak:0.11M | Scene, ViewLayer | Updating Lights
Fra:21 Mem:9.14M (Peak 9.75M) | Time:00:00.00 | Mem:0.11M, Peak:0.11M | Scene, ViewLayer | Updating Lights | Computing tree
Fra:21 Mem:9.14M (Peak 9.75M) | Time:00:00.00 | Mem:0.12M, Peak:0.12M | Scene, ViewLayer | Updating Integrator
Fra:21 Mem:9.14M (Peak 9.75M) | Time:00:00.00 | Mem:0.12M, Peak:0.12M | Scene, ViewLayer | Updating Film
Fra:21 Mem:9.15M (Peak 9.75M) | Time:00:00.00 | Mem:0.04M, Peak:0.12M | Scene, ViewLayer | Updating Lookup Tables
Fra:21 Mem:9.15M (Peak 9.75M) | Time:00:00.00 | Mem:0.12M, Peak:0.12M | Scene, ViewLayer | Updating Baking
Fra:21 Mem:9.15M (Peak 9.75M) | Time:00:00.00 | Mem:0.12M, Peak:0.12M | Scene, ViewLayer | Updating Device | Writing constant memory
Fra:21 Mem:9.15M (Peak 9.75M) | Time:00:00.00 | Mem:0.12M, Peak:0.12M | Scene, ViewLayer | Sample 0/1
Fra:21 Mem:9.20M (Peak 9.75M) | Time:00:00.00 | Mem:0.13M, Peak:0.13M | Scene, ViewLayer | Sample 1/1
Fra:21 Mem:9.20M (Peak 9.75M) | Time:00:00.00 | Mem:0.13M, Peak:0.13M | Scene, ViewLayer | Finished
Saved: '/home/terence/Documents/Codex/2026-09-06/realtime-voice-chat-3/outputs/butterfly-method-comparison/blender-v2/raw/native16/view045_frame04.png'
Time: 00:00.00 (Saving: 00:00.00)

Fra:21 Mem:9.74M (Peak 9.74M) | Time:00:00.00 | Mem:0.00M, Peak:0.00M | Scene, ViewLayer | Synchronizing object | Thorax
Fra:21 Mem:9.74M (Peak 9.74M) | Time:00:00.00 | Mem:0.00M, Peak:0.00M | Scene, ViewLayer | Synchronizing object | Abdomen
Fra:21 Mem:9.74M (Peak 9.74M) | Time:00:00.00 | Mem:0.00M, Peak:0.00M | Scene, ViewLayer | Synchronizing object | L continuous fore-hind wing
Fra:21 Mem:9.74M (Peak 9.74M) | Time:00:00.00 | Mem:0.00M, Peak:0.00M | Scene, ViewLayer | Synchronizing object | Antenna
Fra:21 Mem:9.74M (Peak 9.74M) | Time:00:00.00 | Mem:0.00M, Peak:0.00M | Scene, ViewLayer | Synchronizing object | Antenna.001
Fra:21 Mem:9.74M (Peak 9.74M) | Time:00:00.00 | Mem:0.00M, Peak:0.00M | Scene, ViewLayer | Synchronizing object | R continuous fore-hind wing
Fra:21 Mem:9.75M (Peak 9.75M) | Time:00:00.00 | Mem:0.00M, Peak:0.00M | Scene, ViewLayer | Initializing
Fra:21 Mem:9.04M (Peak 9.75M) | Time:00:00.00 | Mem:0.00M, Peak:0.00M | Scene, ViewLayer | Waiting for render to start
Fra:21 Mem:9.04M (Peak 9.75M) | Time:00:00.00 | Mem:0.00M, Peak:0.00M | Scene, ViewLayer | Updating Scene
Fra:21 Mem:9.04M (Peak 9.75M) | Time:00:00.00 | Mem:0.00M, Peak:0.00M | Scene, ViewLayer | Updating Shaders
Fra:21 Mem:9.04M (Peak 9.75M) | Time:00:00.00 | Mem:0.00M, Peak:0.00M | Scene, ViewLayer | Loading render kernels (may take a few minutes the first time)
Fra:21 Mem:9.13M (Peak 9.75M) | Time:00:00.00 | Mem:0.00M, Peak:0.00M | Scene, ViewLayer | Updating Procedurals
Fra:21 Mem:9.13M (Peak 9.75M) | Time:00:00.00 | Mem:0.00M, Peak:0.00M | Scene, ViewLayer | Updating Background
Fra:21 Mem:9.13M (Peak 9.75M) | Time:00:00.00 | Mem:0.00M, Peak:0.00M | Scene, ViewLayer | Updating Camera
Fra:21 Mem:9.13M (Peak 9.75M) | Time:00:00.00 | Mem:0.00M, Peak:0.00M | Scene, ViewLayer | Updating Meshes Flags
Fra:21 Mem:9.13M (Peak 9.75M) | Time:00:00.00 | Mem:0.00M, Peak:0.00M | Scene, ViewLayer | Updating Objects
Fra:21 Mem:9.13M (Peak 9.75M) | Time:00:00.00 | Mem:0.00M, Peak:0.00M | Scene, ViewLayer | Updating Objects | Copying Transformations to device
Fra:21 Mem:9.13M (Peak 9.75M) | Time:00:00.00 | Mem:0.01M, Peak:0.01M | Scene, ViewLayer | Updating Particle Systems
Fra:21 Mem:9.13M (Peak 9.75M) | Time:00:00.00 | Mem:0.01M, Peak:0.01M | Scene, ViewLayer | Updating Particle Systems | Copying Particles to device
Fra:21 Mem:9.13M (Peak 9.75M) | Time:00:00.00 | Mem:0.01M, Peak:0.01M | Scene, ViewLayer | Updating Meshes
Fra:21 Mem:9.13M (Peak 9.75M) | Time:00:00.00 | Mem:0.01M, Peak:0.01M | Scene, ViewLayer | Updating Objects | Applying Static Transformations
Fra:21 Mem:9.13M (Peak 9.75M) | Time:00:00.00 | Mem:0.01M, Peak:0.01M | Scene, ViewLayer | Updating Mesh | Computing attributes
Fra:21 Mem:9.13M (Peak 9.75M) | Time:00:00.00 | Mem:0.01M, Peak:0.01M | Scene, ViewLayer | Updating Mesh | Copying Attributes to device
Fra:21 Mem:9.13M (Peak 9.75M) | Time:00:00.00 | Mem:0.01M, Peak:0.01M | Scene, ViewLayer | Updating Scene BVH | Building
Fra:21 Mem:9.13M (Peak 9.75M) | Time:00:00.00 | Mem:0.01M, Peak:0.01M | Scene, ViewLayer | Updating Scene BVH | Building BVH
Fra:21 Mem:9.13M (Peak 9.75M) | Time:00:00.00 | Mem:0.02M, Peak:0.03M | Scene, ViewLayer | Updating Scene BVH | Copying BVH to device
Fra:21 Mem:9.13M (Peak 9.75M) | Time:00:00.00 | Mem:0.02M, Peak:0.03M | Scene, ViewLayer | Updating Mesh | Computing normals
Fra:21 Mem:9.14M (Peak 9.75M) | Time:00:00.00 | Mem:0.02M, Peak:0.03M | Scene, ViewLayer | Updating Mesh | Copying Mesh to device
Fra:21 Mem:9.14M (Peak 9.75M) | Time:00:00.00 | Mem:0.03M, Peak:0.03M | Scene, ViewLayer | Updating Objects Flags
Fra:21 Mem:9.14M (Peak 9.75M) | Time:00:00.00 | Mem:0.03M, Peak:0.03M | Scene, ViewLayer | Updating Primitive Offsets
Fra:21 Mem:9.14M (Peak 9.75M) | Time:00:00.00 | Mem:0.03M, Peak:0.03M | Scene, ViewLayer | Updating Images
Fra:21 Mem:9.14M (Peak 9.75M) | Time:00:00.00 | Mem:0.03M, Peak:0.03M | Scene, ViewLayer | Updating Camera Volume
Fra:21 Mem:9.14M (Peak 9.75M) | Time:00:00.00 | Mem:0.03M, Peak:0.03M | Scene, ViewLayer | Updating Lookup Tables
Fra:21 Mem:9.14M (Peak 9.75M) | Time:00:00.00 | Mem:0.11M, Peak:0.11M | Scene, ViewLayer | Updating Lights
Fra:21 Mem:9.14M (Peak 9.75M) | Time:00:00.00 | Mem:0.11M, Peak:0.11M | Scene, ViewLayer | Updating Lights | Computing tree
Fra:21 Mem:9.14M (Peak 9.75M) | Time:00:00.00 | Mem:0.12M, Peak:0.12M | Scene, ViewLayer | Updating Integrator
Fra:21 Mem:9.14M (Peak 9.75M) | Time:00:00.00 | Mem:0.12M, Peak:0.12M | Scene, ViewLayer | Updating Film
Fra:21 Mem:9.15M (Peak 9.75M) | Time:00:00.00 | Mem:0.04M, Peak:0.12M | Scene, ViewLayer | Updating Lookup Tables
Fra:21 Mem:9.15M (Peak 9.75M) | Time:00:00.00 | Mem:0.12M, Peak:0.12M | Scene, ViewLayer | Updating Baking
Fra:21 Mem:9.15M (Peak 9.75M) | Time:00:00.00 | Mem:0.12M, Peak:0.12M | Scene, ViewLayer | Updating Device | Writing constant memory
Fra:21 Mem:9.15M (Peak 9.75M) | Time:00:00.00 | Mem:0.12M, Peak:0.12M | Scene, ViewLayer | Sample 0/1
Fra:21 Mem:9.24M (Peak 9.75M) | Time:00:00.00 | Mem:0.16M, Peak:0.16M | Scene, ViewLayer | Sample 1/1
Fra:21 Mem:9.24M (Peak 9.75M) | Time:00:00.00 | Mem:0.16M, Peak:0.16M | Scene, ViewLayer | Finished
Saved: '/home/terence/Documents/Codex/2026-09-06/realtime-voice-chat-3/outputs/butterfly-method-comparison/blender-v2/raw/native32/view045_frame04.png'
Time: 00:00.00 (Saving: 00:00.00)

Fra:21 Mem:9.67M (Peak 9.67M) | Time:00:00.00 | Mem:0.00M, Peak:0.00M | Scene, ViewLayer | Synchronizing object | Thorax
Fra:21 Mem:9.67M (Peak 9.67M) | Time:00:00.00 | Mem:0.00M, Peak:0.00M | Scene, ViewLayer | Synchronizing object | Abdomen
Fra:21 Mem:9.67M (Peak 9.67M) | Time:00:00.00 | Mem:0.00M, Peak:0.00M | Scene, ViewLayer | Synchronizing object | Antenna.001
Fra:21 Mem:9.67M (Peak 9.67M) | Time:00:00.00 | Mem:0.00M, Peak:0.00M | Scene, ViewLayer | Synchronizing object | Antenna
Fra:21 Mem:9.68M (Peak 9.68M) | Time:00:00.00 | Mem:0.00M, Peak:0.00M | Scene, ViewLayer | Initializing
Fra:21 Mem:9.03M (Peak 9.68M) | Time:00:00.00 | Mem:0.00M, Peak:0.00M | Scene, ViewLayer | Waiting for render to start
Fra:21 Mem:9.03M (Peak 9.68M) | Time:00:00.00 | Mem:0.00M, Peak:0.00M | Scene, ViewLayer | Updating Scene
Fra:21 Mem:9.03M (Peak 9.68M) | Time:00:00.00 | Mem:0.00M, Peak:0.00M | Scene, ViewLayer | Updating Shaders
Fra:21 Mem:9.03M (Peak 9.68M) | Time:00:00.00 | Mem:0.00M, Peak:0.00M | Scene, ViewLayer | Loading render kernels (may take a few minutes the first time)
Fra:21 Mem:9.12M (Peak 9.68M) | Time:00:00.00 | Mem:0.00M, Peak:0.00M | Scene, ViewLayer | Updating Procedurals
Fra:21 Mem:9.12M (Peak 9.68M) | Time:00:00.00 | Mem:0.00M, Peak:0.00M | Scene, ViewLayer | Updating Background
Fra:21 Mem:9.12M (Peak 9.68M) | Time:00:00.00 | Mem:0.00M, Peak:0.00M | Scene, ViewLayer | Updating Camera
Fra:21 Mem:9.12M (Peak 9.68M) | Time:00:00.00 | Mem:0.00M, Peak:0.00M | Scene, ViewLayer | Updating Meshes Flags
Fra:21 Mem:9.12M (Peak 9.68M) | Time:00:00.00 | Mem:0.00M, Peak:0.00M | Scene, ViewLayer | Updating Objects
Fra:21 Mem:9.12M (Peak 9.68M) | Time:00:00.00 | Mem:0.00M, Peak:0.00M | Scene, ViewLayer | Updating Objects | Copying Transformations to device
Fra:21 Mem:9.12M (Peak 9.68M) | Time:00:00.00 | Mem:0.00M, Peak:0.00M | Scene, ViewLayer | Updating Particle Systems
Fra:21 Mem:9.12M (Peak 9.68M) | Time:00:00.00 | Mem:0.00M, Peak:0.00M | Scene, ViewLayer | Updating Particle Systems | Copying Particles to device
Fra:21 Mem:9.12M (Peak 9.68M) | Time:00:00.00 | Mem:0.00M, Peak:0.00M | Scene, ViewLayer | Updating Meshes
Fra:21 Mem:9.12M (Peak 9.68M) | Time:00:00.00 | Mem:0.00M, Peak:0.00M | Scene, ViewLayer | Updating Objects | Applying Static Transformations
Fra:21 Mem:9.12M (Peak 9.68M) | Time:00:00.00 | Mem:0.00M, Peak:0.00M | Scene, ViewLayer | Updating Mesh | Computing attributes
Fra:21 Mem:9.12M (Peak 9.68M) | Time:00:00.00 | Mem:0.01M, Peak:0.01M | Scene, ViewLayer | Updating Mesh | Copying Attributes to device
Fra:21 Mem:9.12M (Peak 9.68M) | Time:00:00.00 | Mem:0.01M, Peak:0.01M | Scene, ViewLayer | Updating Scene BVH | Building
Fra:21 Mem:9.12M (Peak 9.68M) | Time:00:00.00 | Mem:0.01M, Peak:0.01M | Scene, ViewLayer | Updating Scene BVH | Building BVH
Fra:21 Mem:9.12M (Peak 9.68M) | Time:00:00.00 | Mem:0.01M, Peak:0.01M | Scene, ViewLayer | Updating Scene BVH | Copying BVH to device
Fra:21 Mem:9.12M (Peak 9.68M) | Time:00:00.00 | Mem:0.01M, Peak:0.01M | Scene, ViewLayer | Updating Mesh | Computing normals
Fra:21 Mem:9.12M (Peak 9.68M) | Time:00:00.00 | Mem:0.01M, Peak:0.01M | Scene, ViewLayer | Updating Mesh | Copying Mesh to device
Fra:21 Mem:9.12M (Peak 9.68M) | Time:00:00.00 | Mem:0.01M, Peak:0.01M | Scene, ViewLayer | Updating Objects Flags
Fra:21 Mem:9.12M (Peak 9.68M) | Time:00:00.00 | Mem:0.01M, Peak:0.01M | Scene, ViewLayer | Updating Primitive Offsets
Fra:21 Mem:9.12M (Peak 9.68M) | Time:00:00.00 | Mem:0.01M, Peak:0.01M | Scene, ViewLayer | Updating Images
Fra:21 Mem:9.12M (Peak 9.68M) | Time:00:00.00 | Mem:0.01M, Peak:0.01M | Scene, ViewLayer | Updating Camera Volume
Fra:21 Mem:9.12M (Peak 9.68M) | Time:00:00.00 | Mem:0.01M, Peak:0.01M | Scene, ViewLayer | Updating Lookup Tables
Fra:21 Mem:9.12M (Peak 9.68M) | Time:00:00.00 | Mem:0.09M, Peak:0.09M | Scene, ViewLayer | Updating Lights
Fra:21 Mem:9.12M (Peak 9.68M) | Time:00:00.00 | Mem:0.09M, Peak:0.09M | Scene, ViewLayer | Updating Lights | Computing tree
Fra:21 Mem:9.12M (Peak 9.68M) | Time:00:00.00 | Mem:0.09M, Peak:0.09M | Scene, ViewLayer | Updating Integrator
Fra:21 Mem:9.12M (Peak 9.68M) | Time:00:00.00 | Mem:0.09M, Peak:0.09M | Scene, ViewLayer | Updating Film
Fra:21 Mem:9.13M (Peak 9.68M) | Time:00:00.00 | Mem:0.01M, Peak:0.09M | Scene, ViewLayer | Updating Lookup Tables
Fra:21 Mem:9.13M (Peak 9.68M) | Time:00:00.00 | Mem:0.10M, Peak:0.10M | Scene, ViewLayer | Updating Baking
Fra:21 Mem:9.13M (Peak 9.68M) | Time:00:00.00 | Mem:0.10M, Peak:0.10M | Scene, ViewLayer | Updating Device | Writing constant memory
Fra:21 Mem:9.13M (Peak 9.68M) | Time:00:00.00 | Mem:0.10M, Peak:0.10M | Scene, ViewLayer | Sample 0/1
Fra:21 Mem:9.18M (Peak 9.68M) | Time:00:00.00 | Mem:0.11M, Peak:0.11M | Scene, ViewLayer | Sample 1/1
Fra:21 Mem:9.18M (Peak 9.68M) | Time:00:00.00 | Mem:0.11M, Peak:0.11M | Scene, ViewLayer | Finished
Saved: '/home/terence/Documents/Codex/2026-09-06/realtime-voice-chat-3/outputs/butterfly-method-comparison/blender-v2/raw/body-only/view045_frame04.png'
Time: 00:00.00 (Saving: 00:00.00)

Fra:21 Mem:9.71M (Peak 9.71M) | Time:00:00.00 | Mem:0.00M, Peak:0.00M | Scene, ViewLayer | Synchronizing object | Thorax
Fra:21 Mem:9.71M (Peak 9.71M) | Time:00:00.00 | Mem:0.00M, Peak:0.00M | Scene, ViewLayer | Synchronizing object | L continuous fore-hind wing
Fra:21 Mem:9.71M (Peak 9.71M) | Time:00:00.00 | Mem:0.00M, Peak:0.00M | Scene, ViewLayer | Synchronizing object | Abdomen tip
Fra:21 Mem:9.71M (Peak 9.71M) | Time:00:00.00 | Mem:0.00M, Peak:0.00M | Scene, ViewLayer | Synchronizing object | Antenna
Fra:21 Mem:9.72M (Peak 9.72M) | Time:00:00.00 | Mem:0.00M, Peak:0.00M | Scene, ViewLayer | Synchronizing object | Antenna.001
Fra:21 Mem:9.72M (Peak 9.72M) | Time:00:00.00 | Mem:0.00M, Peak:0.00M | Scene, ViewLayer | Initializing
Fra:21 Mem:9.03M (Peak 9.72M) | Time:00:00.00 | Mem:0.00M, Peak:0.00M | Scene, ViewLayer | Waiting for render to start
Fra:21 Mem:9.03M (Peak 9.72M) | Time:00:00.00 | Mem:0.00M, Peak:0.00M | Scene, ViewLayer | Updating Scene
Fra:21 Mem:9.03M (Peak 9.72M) | Time:00:00.00 | Mem:0.00M, Peak:0.00M | Scene, ViewLayer | Updating Shaders
Fra:21 Mem:9.03M (Peak 9.72M) | Time:00:00.00 | Mem:0.00M, Peak:0.00M | Scene, ViewLayer | Loading render kernels (may take a few minutes the first time)
Fra:21 Mem:9.11M (Peak 9.72M) | Time:00:00.00 | Mem:0.00M, Peak:0.00M | Scene, ViewLayer | Updating Procedurals
Fra:21 Mem:9.11M (Peak 9.72M) | Time:00:00.00 | Mem:0.00M, Peak:0.00M | Scene, ViewLayer | Updating Background
Fra:21 Mem:9.11M (Peak 9.72M) | Time:00:00.00 | Mem:0.00M, Peak:0.00M | Scene, ViewLayer | Updating Camera
Fra:21 Mem:9.11M (Peak 9.72M) | Time:00:00.00 | Mem:0.00M, Peak:0.00M | Scene, ViewLayer | Updating Meshes Flags
Fra:21 Mem:9.11M (Peak 9.72M) | Time:00:00.00 | Mem:0.00M, Peak:0.00M | Scene, ViewLayer | Updating Objects
Fra:21 Mem:9.11M (Peak 9.72M) | Time:00:00.00 | Mem:0.00M, Peak:0.00M | Scene, ViewLayer | Updating Objects | Copying Transformations to device
Fra:21 Mem:9.11M (Peak 9.72M) | Time:00:00.00 | Mem:0.01M, Peak:0.01M | Scene, ViewLayer | Updating Particle Systems
Fra:21 Mem:9.11M (Peak 9.72M) | Time:00:00.00 | Mem:0.01M, Peak:0.01M | Scene, ViewLayer | Updating Particle Systems | Copying Particles to device
Fra:21 Mem:9.11M (Peak 9.72M) | Time:00:00.00 | Mem:0.01M, Peak:0.01M | Scene, ViewLayer | Updating Meshes
Fra:21 Mem:9.11M (Peak 9.72M) | Time:00:00.00 | Mem:0.01M, Peak:0.01M | Scene, ViewLayer | Updating Objects | Applying Static Transformations
Fra:21 Mem:9.11M (Peak 9.72M) | Time:00:00.00 | Mem:0.01M, Peak:0.01M | Scene, ViewLayer | Updating Mesh | Computing attributes
Fra:21 Mem:9.12M (Peak 9.72M) | Time:00:00.00 | Mem:0.01M, Peak:0.01M | Scene, ViewLayer | Updating Mesh | Copying Attributes to device
Fra:21 Mem:9.12M (Peak 9.72M) | Time:00:00.00 | Mem:0.01M, Peak:0.01M | Scene, ViewLayer | Updating Scene BVH | Building
Fra:21 Mem:9.12M (Peak 9.72M) | Time:00:00.00 | Mem:0.01M, Peak:0.01M | Scene, ViewLayer | Updating Scene BVH | Building BVH
Fra:21 Mem:9.12M (Peak 9.72M) | Time:00:00.00 | Mem:0.02M, Peak:0.03M | Scene, ViewLayer | Updating Scene BVH | Copying BVH to device
Fra:21 Mem:9.12M (Peak 9.72M) | Time:00:00.00 | Mem:0.02M, Peak:0.03M | Scene, ViewLayer | Updating Mesh | Computing normals
Fra:21 Mem:9.12M (Peak 9.72M) | Time:00:00.00 | Mem:0.02M, Peak:0.03M | Scene, ViewLayer | Updating Mesh | Copying Mesh to device
Fra:21 Mem:9.12M (Peak 9.72M) | Time:00:00.00 | Mem:0.03M, Peak:0.03M | Scene, ViewLayer | Updating Objects Flags
Fra:21 Mem:9.12M (Peak 9.72M) | Time:00:00.00 | Mem:0.03M, Peak:0.03M | Scene, ViewLayer | Updating Primitive Offsets
Fra:21 Mem:9.12M (Peak 9.72M) | Time:00:00.00 | Mem:0.03M, Peak:0.03M | Scene, ViewLayer | Updating Images
Fra:21 Mem:9.12M (Peak 9.72M) | Time:00:00.00 | Mem:0.03M, Peak:0.03M | Scene, ViewLayer | Updating Camera Volume
Fra:21 Mem:9.12M (Peak 9.72M) | Time:00:00.00 | Mem:0.03M, Peak:0.03M | Scene, ViewLayer | Updating Lookup Tables
Fra:21 Mem:9.12M (Peak 9.72M) | Time:00:00.00 | Mem:0.11M, Peak:0.11M | Scene, ViewLayer | Updating Lights
Fra:21 Mem:9.12M (Peak 9.72M) | Time:00:00.00 | Mem:0.11M, Peak:0.11M | Scene, ViewLayer | Updating Lights | Computing tree
Fra:21 Mem:9.13M (Peak 9.72M) | Time:00:00.00 | Mem:0.12M, Peak:0.12M | Scene, ViewLayer | Updating Integrator
Fra:21 Mem:9.13M (Peak 9.72M) | Time:00:00.00 | Mem:0.12M, Peak:0.12M | Scene, ViewLayer | Updating Film
Fra:21 Mem:9.13M (Peak 9.72M) | Time:00:00.00 | Mem:0.04M, Peak:0.12M | Scene, ViewLayer | Updating Lookup Tables
Fra:21 Mem:9.13M (Peak 9.72M) | Time:00:00.00 | Mem:0.12M, Peak:0.12M | Scene, ViewLayer | Updating Baking
Fra:21 Mem:9.13M (Peak 9.72M) | Time:00:00.00 | Mem:0.12M, Peak:0.12M | Scene, ViewLayer | Updating Device | Writing constant memory
Fra:21 Mem:9.14M (Peak 9.72M) | Time:00:00.00 | Mem:0.12M, Peak:0.12M | Scene, ViewLayer | Sample 0/1
Fra:21 Mem:9.19M (Peak 9.72M) | Time:00:00.00 | Mem:0.13M, Peak:0.13M | Scene, ViewLayer | Sample 1/1
Fra:21 Mem:9.19M (Peak 9.72M) | Time:00:00.00 | Mem:0.13M, Peak:0.13M | Scene, ViewLayer | Finished
Saved: '/home/terence/Documents/Codex/2026-09-06/realtime-voice-chat-3/outputs/butterfly-method-comparison/blender-v2/raw/no-abdomen-lag/view045_frame04.png'
Time: 00:00.00 (Saving: 00:00.00)

Fra:21 Mem:9.69M (Peak 9.69M) | Time:00:00.00 | Mem:0.00M, Peak:0.00M | Scene, ViewLayer | Synchronizing object | Thorax
Fra:21 Mem:9.69M (Peak 9.69M) | Time:00:00.00 | Mem:0.00M, Peak:0.00M | Scene, ViewLayer | Synchronizing object | Abdomen
Fra:21 Mem:9.69M (Peak 9.69M) | Time:00:00.00 | Mem:0.00M, Peak:0.00M | Scene, ViewLayer | Synchronizing object | Abdomen tip
Fra:21 Mem:9.69M (Peak 9.69M) | Time:00:00.00 | Mem:0.00M, Peak:0.00M | Scene, ViewLayer | Synchronizing object | Antenna
Fra:21 Mem:9.70M (Peak 9.70M) | Time:00:00.00 | Mem:0.00M, Peak:0.00M | Scene, ViewLayer | Synchronizing object | R continuous fore-hind wing
Fra:21 Mem:9.70M (Peak 9.70M) | Time:00:00.00 | Mem:0.00M, Peak:0.00M | Scene, ViewLayer | Initializing
Fra:21 Mem:9.02M (Peak 9.70M) | Time:00:00.00 | Mem:0.00M, Peak:0.00M | Scene, ViewLayer | Waiting for render to start
Fra:21 Mem:9.02M (Peak 9.70M) | Time:00:00.00 | Mem:0.00M, Peak:0.00M | Scene, ViewLayer | Updating Scene
Fra:21 Mem:9.02M (Peak 9.70M) | Time:00:00.00 | Mem:0.00M, Peak:0.00M | Scene, ViewLayer | Updating Shaders
Fra:21 Mem:9.02M (Peak 9.70M) | Time:00:00.00 | Mem:0.00M, Peak:0.00M | Scene, ViewLayer | Loading render kernels (may take a few minutes the first time)
Fra:21 Mem:9.10M (Peak 9.70M) | Time:00:00.00 | Mem:0.00M, Peak:0.00M | Scene, ViewLayer | Updating Procedurals
Fra:21 Mem:9.10M (Peak 9.70M) | Time:00:00.00 | Mem:0.00M, Peak:0.00M | Scene, ViewLayer | Updating Background
Fra:21 Mem:9.10M (Peak 9.70M) | Time:00:00.00 | Mem:0.00M, Peak:0.00M | Scene, ViewLayer | Updating Camera
Fra:21 Mem:9.10M (Peak 9.70M) | Time:00:00.00 | Mem:0.00M, Peak:0.00M | Scene, ViewLayer | Updating Meshes Flags
Fra:21 Mem:9.10M (Peak 9.70M) | Time:00:00.00 | Mem:0.00M, Peak:0.00M | Scene, ViewLayer | Updating Objects
Fra:21 Mem:9.10M (Peak 9.70M) | Time:00:00.00 | Mem:0.00M, Peak:0.00M | Scene, ViewLayer | Updating Objects | Copying Transformations to device
Fra:21 Mem:9.10M (Peak 9.70M) | Time:00:00.00 | Mem:0.01M, Peak:0.01M | Scene, ViewLayer | Updating Particle Systems
Fra:21 Mem:9.10M (Peak 9.70M) | Time:00:00.00 | Mem:0.01M, Peak:0.01M | Scene, ViewLayer | Updating Particle Systems | Copying Particles to device
Fra:21 Mem:9.10M (Peak 9.70M) | Time:00:00.00 | Mem:0.01M, Peak:0.01M | Scene, ViewLayer | Updating Meshes
Fra:21 Mem:9.10M (Peak 9.70M) | Time:00:00.00 | Mem:0.01M, Peak:0.01M | Scene, ViewLayer | Updating Objects | Applying Static Transformations
Fra:21 Mem:9.10M (Peak 9.70M) | Time:00:00.00 | Mem:0.01M, Peak:0.01M | Scene, ViewLayer | Updating Mesh | Computing attributes
Fra:21 Mem:9.11M (Peak 9.70M) | Time:00:00.00 | Mem:0.01M, Peak:0.01M | Scene, ViewLayer | Updating Mesh | Copying Attributes to device
Fra:21 Mem:9.11M (Peak 9.70M) | Time:00:00.00 | Mem:0.01M, Peak:0.01M | Scene, ViewLayer | Updating Scene BVH | Building
Fra:21 Mem:9.11M (Peak 9.70M) | Time:00:00.00 | Mem:0.01M, Peak:0.01M | Scene, ViewLayer | Updating Scene BVH | Building BVH
Fra:21 Mem:9.11M (Peak 9.70M) | Time:00:00.00 | Mem:0.02M, Peak:0.03M | Scene, ViewLayer | Updating Scene BVH | Copying BVH to device
Fra:21 Mem:9.11M (Peak 9.70M) | Time:00:00.00 | Mem:0.02M, Peak:0.03M | Scene, ViewLayer | Updating Mesh | Computing normals
Fra:21 Mem:9.11M (Peak 9.70M) | Time:00:00.00 | Mem:0.02M, Peak:0.03M | Scene, ViewLayer | Updating Mesh | Copying Mesh to device
Fra:21 Mem:9.11M (Peak 9.70M) | Time:00:00.00 | Mem:0.03M, Peak:0.03M | Scene, ViewLayer | Updating Objects Flags
Fra:21 Mem:9.11M (Peak 9.70M) | Time:00:00.00 | Mem:0.03M, Peak:0.03M | Scene, ViewLayer | Updating Primitive Offsets
Fra:21 Mem:9.11M (Peak 9.70M) | Time:00:00.00 | Mem:0.03M, Peak:0.03M | Scene, ViewLayer | Updating Images
Fra:21 Mem:9.11M (Peak 9.70M) | Time:00:00.00 | Mem:0.03M, Peak:0.03M | Scene, ViewLayer | Updating Camera Volume
Fra:21 Mem:9.11M (Peak 9.70M) | Time:00:00.00 | Mem:0.03M, Peak:0.03M | Scene, ViewLayer | Updating Lookup Tables
Fra:21 Mem:9.11M (Peak 9.70M) | Time:00:00.00 | Mem:0.11M, Peak:0.11M | Scene, ViewLayer | Updating Lights
Fra:21 Mem:9.11M (Peak 9.70M) | Time:00:00.00 | Mem:0.11M, Peak:0.11M | Scene, ViewLayer | Updating Lights | Computing tree
Fra:21 Mem:9.12M (Peak 9.70M) | Time:00:00.00 | Mem:0.12M, Peak:0.12M | Scene, ViewLayer | Updating Integrator
Fra:21 Mem:9.12M (Peak 9.70M) | Time:00:00.00 | Mem:0.12M, Peak:0.12M | Scene, ViewLayer | Updating Film
Fra:21 Mem:9.13M (Peak 9.70M) | Time:00:00.00 | Mem:0.04M, Peak:0.12M | Scene, ViewLayer | Updating Lookup Tables
Fra:21 Mem:9.13M (Peak 9.70M) | Time:00:00.00 | Mem:0.12M, Peak:0.12M | Scene, ViewLayer | Updating Baking
Fra:21 Mem:9.13M (Peak 9.70M) | Time:00:00.00 | Mem:0.12M, Peak:0.12M | Scene, ViewLayer | Updating Device | Writing constant memory
Fra:21 Mem:9.13M (Peak 9.70M) | Time:00:00.00 | Mem:0.12M, Peak:0.12M | Scene, ViewLayer | Sample 0/1
Fra:21 Mem:9.18M (Peak 9.70M) | Time:00:00.00 | Mem:0.13M, Peak:0.13M | Scene, ViewLayer | Sample 1/1
Fra:21 Mem:9.18M (Peak 9.70M) | Time:00:00.00 | Mem:0.13M, Peak:0.13M | Scene, ViewLayer | Finished
Saved: '/home/terence/Documents/Codex/2026-09-06/realtime-voice-chat-3/outputs/butterfly-method-comparison/blender-v2/raw/wing-only/view045_frame04.png'
Time: 00:00.00 (Saving: 00:00.00)

Fra:1 Mem:9.74M (Peak 9.74M) | Time:00:00.00 | Mem:0.00M, Peak:0.00M | Scene, ViewLayer | Synchronizing object | Thorax
Fra:1 Mem:9.74M (Peak 9.74M) | Time:00:00.00 | Mem:0.00M, Peak:0.00M | Scene, ViewLayer | Synchronizing object | Head
Fra:1 Mem:9.74M (Peak 9.74M) | Time:00:00.00 | Mem:0.00M, Peak:0.00M | Scene, ViewLayer | Synchronizing object | Abdomen tip
Fra:1 Mem:9.74M (Peak 9.74M) | Time:00:00.00 | Mem:0.00M, Peak:0.00M | Scene, ViewLayer | Synchronizing object | Antenna
Fra:1 Mem:9.74M (Peak 9.74M) | Time:00:00.00 | Mem:0.00M, Peak:0.00M | Scene, ViewLayer | Synchronizing object | Antenna.001
Fra:1 Mem:9.74M (Peak 9.74M) | Time:00:00.00 | Mem:0.00M, Peak:0.00M | Scene, ViewLayer | Synchronizing object | R continuous fore-hind wing
Fra:1 Mem:9.75M (Peak 9.75M) | Time:00:00.00 | Mem:0.00M, Peak:0.00M | Scene, ViewLayer | Initializing
Fra:1 Mem:9.04M (Peak 9.75M) | Time:00:00.00 | Mem:0.00M, Peak:0.00M | Scene, ViewLayer | Waiting for render to start
Fra:1 Mem:9.04M (Peak 9.75M) | Time:00:00.00 | Mem:0.00M, Peak:0.00M | Scene, ViewLayer | Updating Scene
Fra:1 Mem:9.04M (Peak 9.75M) | Time:00:00.00 | Mem:0.00M, Peak:0.00M | Scene, ViewLayer | Updating Shaders
Fra:1 Mem:9.04M (Peak 9.75M) | Time:00:00.00 | Mem:0.00M, Peak:0.00M | Scene, ViewLayer | Loading render kernels (may take a few minutes the first time)
Fra:1 Mem:9.13M (Peak 9.75M) | Time:00:00.00 | Mem:0.00M, Peak:0.00M | Scene, ViewLayer | Updating Procedurals
Fra:1 Mem:9.13M (Peak 9.75M) | Time:00:00.00 | Mem:0.00M, Peak:0.00M | Scene, ViewLayer | Updating Background
Fra:1 Mem:9.13M (Peak 9.75M) | Time:00:00.00 | Mem:0.00M, Peak:0.00M | Scene, ViewLayer | Updating Camera
Fra:1 Mem:9.13M (Peak 9.75M) | Time:00:00.00 | Mem:0.00M, Peak:0.00M | Scene, ViewLayer | Updating Meshes Flags
Fra:1 Mem:9.13M (Peak 9.75M) | Time:00:00.00 | Mem:0.00M, Peak:0.00M | Scene, ViewLayer | Updating Objects
Fra:1 Mem:9.13M (Peak 9.75M) | Time:00:00.00 | Mem:0.00M, Peak:0.00M | Scene, ViewLayer | Updating Objects | Copying Transformations to device
Fra:1 Mem:9.13M (Peak 9.75M) | Time:00:00.00 | Mem:0.01M, Peak:0.01M | Scene, ViewLayer | Updating Particle Systems
Fra:1 Mem:9.13M (Peak 9.75M) | Time:00:00.00 | Mem:0.01M, Peak:0.01M | Scene, ViewLayer | Updating Particle Systems | Copying Particles to device
Fra:1 Mem:9.13M (Peak 9.75M) | Time:00:00.00 | Mem:0.01M, Peak:0.01M | Scene, ViewLayer | Updating Meshes
Fra:1 Mem:9.13M (Peak 9.75M) | Time:00:00.00 | Mem:0.01M, Peak:0.01M | Scene, ViewLayer | Updating Objects | Applying Static Transformations
Fra:1 Mem:9.13M (Peak 9.75M) | Time:00:00.00 | Mem:0.01M, Peak:0.01M | Scene, ViewLayer | Updating Mesh | Computing attributes
Fra:1 Mem:9.13M (Peak 9.75M) | Time:00:00.00 | Mem:0.01M, Peak:0.01M | Scene, ViewLayer | Updating Mesh | Copying Attributes to device
Fra:1 Mem:9.13M (Peak 9.75M) | Time:00:00.00 | Mem:0.01M, Peak:0.01M | Scene, ViewLayer | Updating Scene BVH | Building
Fra:1 Mem:9.13M (Peak 9.75M) | Time:00:00.00 | Mem:0.01M, Peak:0.01M | Scene, ViewLayer | Updating Scene BVH | Building BVH
Fra:1 Mem:9.13M (Peak 9.75M) | Time:00:00.00 | Mem:0.02M, Peak:0.03M | Scene, ViewLayer | Updating Scene BVH | Copying BVH to device
Fra:1 Mem:9.13M (Peak 9.75M) | Time:00:00.00 | Mem:0.02M, Peak:0.03M | Scene, ViewLayer | Updating Mesh | Computing normals
Fra:1 Mem:9.14M (Peak 9.75M) | Time:00:00.00 | Mem:0.02M, Peak:0.03M | Scene, ViewLayer | Updating Mesh | Copying Mesh to device
Fra:1 Mem:9.14M (Peak 9.75M) | Time:00:00.00 | Mem:0.03M, Peak:0.03M | Scene, ViewLayer | Updating Objects Flags
Fra:1 Mem:9.14M (Peak 9.75M) | Time:00:00.00 | Mem:0.03M, Peak:0.03M | Scene, ViewLayer | Updating Primitive Offsets
Fra:1 Mem:9.14M (Peak 9.75M) | Time:00:00.00 | Mem:0.03M, Peak:0.03M | Scene, ViewLayer | Updating Images
Fra:1 Mem:9.14M (Peak 9.75M) | Time:00:00.00 | Mem:0.03M, Peak:0.03M | Scene, ViewLayer | Updating Camera Volume
Fra:1 Mem:9.14M (Peak 9.75M) | Time:00:00.00 | Mem:0.03M, Peak:0.03M | Scene, ViewLayer | Updating Lookup Tables
Fra:1 Mem:9.14M (Peak 9.75M) | Time:00:00.00 | Mem:0.11M, Peak:0.11M | Scene, ViewLayer | Updating Lights
Fra:1 Mem:9.14M (Peak 9.75M) | Time:00:00.00 | Mem:0.11M, Peak:0.11M | Scene, ViewLayer | Updating Lights | Computing tree
Fra:1 Mem:9.14M (Peak 9.75M) | Time:00:00.00 | Mem:0.12M, Peak:0.12M | Scene, ViewLayer | Updating Integrator
Fra:1 Mem:9.14M (Peak 9.75M) | Time:00:00.00 | Mem:0.12M, Peak:0.12M | Scene, ViewLayer | Updating Film
Fra:1 Mem:9.15M (Peak 9.75M) | Time:00:00.00 | Mem:0.04M, Peak:0.12M | Scene, ViewLayer | Updating Lookup Tables
Fra:1 Mem:9.15M (Peak 9.75M) | Time:00:00.00 | Mem:0.13M, Peak:0.13M | Scene, ViewLayer | Updating Baking
Fra:1 Mem:9.15M (Peak 9.75M) | Time:00:00.00 | Mem:0.13M, Peak:0.13M | Scene, ViewLayer | Updating Device | Writing constant memory
Fra:1 Mem:9.15M (Peak 9.75M) | Time:00:00.00 | Mem:0.13M, Peak:0.13M | Scene, ViewLayer | Sample 0/8
Fra:1 Mem:9.75M (Peak 9.75M) | Time:00:00.00 | Remaining:00:00.02 | Mem:0.69M, Peak:0.69M | Scene, ViewLayer | Sample 1/8
Fra:1 Mem:10.00M (Peak 10.00M) | Time:00:00.02 | Mem:0.69M, Peak:0.69M | Scene, ViewLayer | Sample 8/8
Fra:1 Mem:10.00M (Peak 10.00M) | Time:00:00.02 | Mem:0.69M, Peak:0.69M | Scene, ViewLayer | Finished
Saved: '/home/terence/Documents/Codex/2026-09-06/realtime-voice-chat-3/outputs/butterfly-method-comparison/blender-v2/raw/view090_frame00.png'
Time: 00:00.02 (Saving: 00:00.00)

Fra:1 Mem:9.74M (Peak 9.74M) | Time:00:00.00 | Mem:0.00M, Peak:0.00M | Scene, ViewLayer | Synchronizing object | Thorax
Fra:1 Mem:9.74M (Peak 9.74M) | Time:00:00.00 | Mem:0.00M, Peak:0.00M | Scene, ViewLayer | Synchronizing object | L continuous fore-hind wing
Fra:1 Mem:9.74M (Peak 9.74M) | Time:00:00.00 | Mem:0.00M, Peak:0.00M | Scene, ViewLayer | Synchronizing object | Head
Fra:1 Mem:9.74M (Peak 9.74M) | Time:00:00.00 | Mem:0.00M, Peak:0.00M | Scene, ViewLayer | Synchronizing object | R continuous fore-hind wing
Fra:1 Mem:9.74M (Peak 9.74M) | Time:00:00.00 | Mem:0.00M, Peak:0.00M | Scene, ViewLayer | Synchronizing object | Abdomen tip
Fra:1 Mem:9.75M (Peak 9.75M) | Time:00:00.00 | Mem:0.00M, Peak:0.00M | Scene, ViewLayer | Synchronizing object | Antenna.001
Fra:1 Mem:9.75M (Peak 9.75M) | Time:00:00.00 | Mem:0.00M, Peak:0.00M | Scene, ViewLayer | Synchronizing object | Antenna
Fra:1 Mem:9.75M (Peak 9.75M) | Time:00:00.00 | Mem:0.00M, Peak:0.00M | Scene, ViewLayer | Initializing
Fra:1 Mem:9.04M (Peak 9.75M) | Time:00:00.00 | Mem:0.00M, Peak:0.00M | Scene, ViewLayer | Waiting for render to start
Fra:1 Mem:9.04M (Peak 9.75M) | Time:00:00.00 | Mem:0.00M, Peak:0.00M | Scene, ViewLayer | Updating Scene
Fra:1 Mem:9.04M (Peak 9.75M) | Time:00:00.00 | Mem:0.00M, Peak:0.00M | Scene, ViewLayer | Updating Shaders
Fra:1 Mem:9.04M (Peak 9.75M) | Time:00:00.00 | Mem:0.00M, Peak:0.00M | Scene, ViewLayer | Loading render kernels (may take a few minutes the first time)
Fra:1 Mem:9.13M (Peak 9.75M) | Time:00:00.00 | Mem:0.00M, Peak:0.00M | Scene, ViewLayer | Updating Procedurals
Fra:1 Mem:9.13M (Peak 9.75M) | Time:00:00.00 | Mem:0.00M, Peak:0.00M | Scene, ViewLayer | Updating Background
Fra:1 Mem:9.13M (Peak 9.75M) | Time:00:00.00 | Mem:0.00M, Peak:0.00M | Scene, ViewLayer | Updating Camera
Fra:1 Mem:9.13M (Peak 9.75M) | Time:00:00.00 | Mem:0.00M, Peak:0.00M | Scene, ViewLayer | Updating Meshes Flags
Fra:1 Mem:9.13M (Peak 9.75M) | Time:00:00.00 | Mem:0.00M, Peak:0.00M | Scene, ViewLayer | Updating Objects
Fra:1 Mem:9.13M (Peak 9.75M) | Time:00:00.00 | Mem:0.00M, Peak:0.00M | Scene, ViewLayer | Updating Objects | Copying Transformations to device
Fra:1 Mem:9.13M (Peak 9.75M) | Time:00:00.00 | Mem:0.01M, Peak:0.01M | Scene, ViewLayer | Updating Particle Systems
Fra:1 Mem:9.13M (Peak 9.75M) | Time:00:00.00 | Mem:0.01M, Peak:0.01M | Scene, ViewLayer | Updating Particle Systems | Copying Particles to device
Fra:1 Mem:9.13M (Peak 9.75M) | Time:00:00.00 | Mem:0.01M, Peak:0.01M | Scene, ViewLayer | Updating Meshes
Fra:1 Mem:9.13M (Peak 9.75M) | Time:00:00.00 | Mem:0.01M, Peak:0.01M | Scene, ViewLayer | Updating Objects | Applying Static Transformations
Fra:1 Mem:9.13M (Peak 9.75M) | Time:00:00.00 | Mem:0.01M, Peak:0.01M | Scene, ViewLayer | Updating Mesh | Computing attributes
Fra:1 Mem:9.13M (Peak 9.75M) | Time:00:00.00 | Mem:0.01M, Peak:0.01M | Scene, ViewLayer | Updating Mesh | Copying Attributes to device
Fra:1 Mem:9.13M (Peak 9.75M) | Time:00:00.00 | Mem:0.01M, Peak:0.01M | Scene, ViewLayer | Updating Scene BVH | Building
Fra:1 Mem:9.13M (Peak 9.75M) | Time:00:00.00 | Mem:0.01M, Peak:0.01M | Scene, ViewLayer | Updating Scene BVH | Building BVH
Fra:1 Mem:9.13M (Peak 9.75M) | Time:00:00.00 | Mem:0.02M, Peak:0.03M | Scene, ViewLayer | Updating Scene BVH | Copying BVH to device
Fra:1 Mem:9.13M (Peak 9.75M) | Time:00:00.00 | Mem:0.02M, Peak:0.03M | Scene, ViewLayer | Updating Mesh | Computing normals
Fra:1 Mem:9.14M (Peak 9.75M) | Time:00:00.00 | Mem:0.02M, Peak:0.03M | Scene, ViewLayer | Updating Mesh | Copying Mesh to device
Fra:1 Mem:9.14M (Peak 9.75M) | Time:00:00.00 | Mem:0.03M, Peak:0.03M | Scene, ViewLayer | Updating Objects Flags
Fra:1 Mem:9.14M (Peak 9.75M) | Time:00:00.00 | Mem:0.03M, Peak:0.03M | Scene, ViewLayer | Updating Primitive Offsets
Fra:1 Mem:9.14M (Peak 9.75M) | Time:00:00.00 | Mem:0.03M, Peak:0.03M | Scene, ViewLayer | Updating Images
Fra:1 Mem:9.14M (Peak 9.75M) | Time:00:00.00 | Mem:0.03M, Peak:0.03M | Scene, ViewLayer | Updating Camera Volume
Fra:1 Mem:9.14M (Peak 9.75M) | Time:00:00.00 | Mem:0.03M, Peak:0.03M | Scene, ViewLayer | Updating Lookup Tables
Fra:1 Mem:9.14M (Peak 9.75M) | Time:00:00.00 | Mem:0.11M, Peak:0.11M | Scene, ViewLayer | Updating Lights
Fra:1 Mem:9.14M (Peak 9.75M) | Time:00:00.00 | Mem:0.11M, Peak:0.11M | Scene, ViewLayer | Updating Lights | Computing tree
Fra:1 Mem:9.14M (Peak 9.75M) | Time:00:00.00 | Mem:0.12M, Peak:0.12M | Scene, ViewLayer | Updating Integrator
Fra:1 Mem:9.14M (Peak 9.75M) | Time:00:00.00 | Mem:0.12M, Peak:0.12M | Scene, ViewLayer | Updating Film
Fra:1 Mem:9.15M (Peak 9.75M) | Time:00:00.00 | Mem:0.04M, Peak:0.12M | Scene, ViewLayer | Updating Lookup Tables
Fra:1 Mem:9.15M (Peak 9.75M) | Time:00:00.00 | Mem:0.13M, Peak:0.13M | Scene, ViewLayer | Updating Baking
Fra:1 Mem:9.15M (Peak 9.75M) | Time:00:00.00 | Mem:0.13M, Peak:0.13M | Scene, ViewLayer | Updating Device | Writing constant memory
Fra:1 Mem:9.15M (Peak 9.75M) | Time:00:00.00 | Mem:0.13M, Peak:0.13M | Scene, ViewLayer | Sample 0/1
Fra:1 Mem:9.20M (Peak 9.75M) | Time:00:00.00 | Mem:0.13M, Peak:0.13M | Scene, ViewLayer | Sample 1/1
Fra:1 Mem:9.20M (Peak 9.75M) | Time:00:00.00 | Mem:0.13M, Peak:0.13M | Scene, ViewLayer | Finished
Saved: '/home/terence/Documents/Codex/2026-09-06/realtime-voice-chat-3/outputs/butterfly-method-comparison/blender-v2/raw/native16/view090_frame00.png'
Time: 00:00.00 (Saving: 00:00.00)

Fra:1 Mem:9.74M (Peak 9.74M) | Time:00:00.00 | Mem:0.00M, Peak:0.00M | Scene, ViewLayer | Synchronizing object | Thorax
Fra:1 Mem:9.74M (Peak 9.74M) | Time:00:00.00 | Mem:0.00M, Peak:0.00M | Scene, ViewLayer | Synchronizing object | Abdomen
Fra:1 Mem:9.74M (Peak 9.74M) | Time:00:00.00 | Mem:0.00M, Peak:0.00M | Scene, ViewLayer | Synchronizing object | L continuous fore-hind wing
Fra:1 Mem:9.74M (Peak 9.74M) | Time:00:00.00 | Mem:0.00M, Peak:0.00M | Scene, ViewLayer | Synchronizing object | Abdomen tip
Fra:1 Mem:9.74M (Peak 9.74M) | Time:00:00.00 | Mem:0.00M, Peak:0.00M | Scene, ViewLayer | Synchronizing object | Antenna.001
Fra:1 Mem:9.74M (Peak 9.74M) | Time:00:00.00 | Mem:0.00M, Peak:0.00M | Scene, ViewLayer | Synchronizing object | R continuous fore-hind wing
Fra:1 Mem:9.75M (Peak 9.75M) | Time:00:00.00 | Mem:0.00M, Peak:0.00M | Scene, ViewLayer | Initializing
Fra:1 Mem:9.04M (Peak 9.75M) | Time:00:00.00 | Mem:0.00M, Peak:0.00M | Scene, ViewLayer | Waiting for render to start
Fra:1 Mem:9.04M (Peak 9.75M) | Time:00:00.00 | Mem:0.00M, Peak:0.00M | Scene, ViewLayer | Updating Scene
Fra:1 Mem:9.04M (Peak 9.75M) | Time:00:00.00 | Mem:0.00M, Peak:0.00M | Scene, ViewLayer | Updating Shaders
Fra:1 Mem:9.04M (Peak 9.75M) | Time:00:00.00 | Mem:0.00M, Peak:0.00M | Scene, ViewLayer | Loading render kernels (may take a few minutes the first time)
Fra:1 Mem:9.13M (Peak 9.75M) | Time:00:00.00 | Mem:0.00M, Peak:0.00M | Scene, ViewLayer | Updating Procedurals
Fra:1 Mem:9.13M (Peak 9.75M) | Time:00:00.00 | Mem:0.00M, Peak:0.00M | Scene, ViewLayer | Updating Background
Fra:1 Mem:9.13M (Peak 9.75M) | Time:00:00.00 | Mem:0.00M, Peak:0.00M | Scene, ViewLayer | Updating Camera
Fra:1 Mem:9.13M (Peak 9.75M) | Time:00:00.00 | Mem:0.00M, Peak:0.00M | Scene, ViewLayer | Updating Meshes Flags
Fra:1 Mem:9.13M (Peak 9.75M) | Time:00:00.00 | Mem:0.00M, Peak:0.00M | Scene, ViewLayer | Updating Objects
Fra:1 Mem:9.13M (Peak 9.75M) | Time:00:00.00 | Mem:0.00M, Peak:0.00M | Scene, ViewLayer | Updating Objects | Copying Transformations to device
Fra:1 Mem:9.13M (Peak 9.75M) | Time:00:00.00 | Mem:0.01M, Peak:0.01M | Scene, ViewLayer | Updating Particle Systems
Fra:1 Mem:9.13M (Peak 9.75M) | Time:00:00.00 | Mem:0.01M, Peak:0.01M | Scene, ViewLayer | Updating Particle Systems | Copying Particles to device
Fra:1 Mem:9.13M (Peak 9.75M) | Time:00:00.00 | Mem:0.01M, Peak:0.01M | Scene, ViewLayer | Updating Meshes
Fra:1 Mem:9.13M (Peak 9.75M) | Time:00:00.00 | Mem:0.01M, Peak:0.01M | Scene, ViewLayer | Updating Objects | Applying Static Transformations
Fra:1 Mem:9.13M (Peak 9.75M) | Time:00:00.00 | Mem:0.01M, Peak:0.01M | Scene, ViewLayer | Updating Mesh | Computing attributes
Fra:1 Mem:9.13M (Peak 9.75M) | Time:00:00.00 | Mem:0.01M, Peak:0.01M | Scene, ViewLayer | Updating Mesh | Copying Attributes to device
Fra:1 Mem:9.13M (Peak 9.75M) | Time:00:00.00 | Mem:0.01M, Peak:0.01M | Scene, ViewLayer | Updating Scene BVH | Building
Fra:1 Mem:9.13M (Peak 9.75M) | Time:00:00.00 | Mem:0.01M, Peak:0.01M | Scene, ViewLayer | Updating Scene BVH | Building BVH
Fra:1 Mem:9.13M (Peak 9.75M) | Time:00:00.00 | Mem:0.02M, Peak:0.03M | Scene, ViewLayer | Updating Scene BVH | Copying BVH to device
Fra:1 Mem:9.13M (Peak 9.75M) | Time:00:00.00 | Mem:0.02M, Peak:0.03M | Scene, ViewLayer | Updating Mesh | Computing normals
Fra:1 Mem:9.14M (Peak 9.75M) | Time:00:00.00 | Mem:0.02M, Peak:0.03M | Scene, ViewLayer | Updating Mesh | Copying Mesh to device
Fra:1 Mem:9.14M (Peak 9.75M) | Time:00:00.00 | Mem:0.03M, Peak:0.03M | Scene, ViewLayer | Updating Objects Flags
Fra:1 Mem:9.14M (Peak 9.75M) | Time:00:00.00 | Mem:0.03M, Peak:0.03M | Scene, ViewLayer | Updating Primitive Offsets
Fra:1 Mem:9.14M (Peak 9.75M) | Time:00:00.00 | Mem:0.03M, Peak:0.03M | Scene, ViewLayer | Updating Images
Fra:1 Mem:9.14M (Peak 9.75M) | Time:00:00.00 | Mem:0.03M, Peak:0.03M | Scene, ViewLayer | Updating Camera Volume
Fra:1 Mem:9.14M (Peak 9.75M) | Time:00:00.00 | Mem:0.03M, Peak:0.03M | Scene, ViewLayer | Updating Lookup Tables
Fra:1 Mem:9.14M (Peak 9.75M) | Time:00:00.00 | Mem:0.11M, Peak:0.11M | Scene, ViewLayer | Updating Lights
Fra:1 Mem:9.14M (Peak 9.75M) | Time:00:00.00 | Mem:0.11M, Peak:0.11M | Scene, ViewLayer | Updating Lights | Computing tree
Fra:1 Mem:9.14M (Peak 9.75M) | Time:00:00.00 | Mem:0.12M, Peak:0.12M | Scene, ViewLayer | Updating Integrator
Fra:1 Mem:9.14M (Peak 9.75M) | Time:00:00.00 | Mem:0.12M, Peak:0.12M | Scene, ViewLayer | Updating Film
Fra:1 Mem:9.15M (Peak 9.75M) | Time:00:00.00 | Mem:0.04M, Peak:0.12M | Scene, ViewLayer | Updating Lookup Tables
Fra:1 Mem:9.15M (Peak 9.75M) | Time:00:00.00 | Mem:0.13M, Peak:0.13M | Scene, ViewLayer | Updating Baking
Fra:1 Mem:9.15M (Peak 9.75M) | Time:00:00.00 | Mem:0.13M, Peak:0.13M | Scene, ViewLayer | Updating Device | Writing constant memory
Fra:1 Mem:9.15M (Peak 9.75M) | Time:00:00.00 | Mem:0.13M, Peak:0.13M | Scene, ViewLayer | Sample 0/1
Fra:1 Mem:9.24M (Peak 9.75M) | Time:00:00.00 | Mem:0.16M, Peak:0.16M | Scene, ViewLayer | Sample 1/1
Fra:1 Mem:9.24M (Peak 9.75M) | Time:00:00.00 | Mem:0.16M, Peak:0.16M | Scene, ViewLayer | Finished
Saved: '/home/terence/Documents/Codex/2026-09-06/realtime-voice-chat-3/outputs/butterfly-method-comparison/blender-v2/raw/native32/view090_frame00.png'
Time: 00:00.00 (Saving: 00:00.00)

Fra:1 Mem:9.67M (Peak 9.67M) | Time:00:00.00 | Mem:0.00M, Peak:0.00M | Scene, ViewLayer | Synchronizing object | Thorax
Fra:1 Mem:9.67M (Peak 9.67M) | Time:00:00.00 | Mem:0.00M, Peak:0.00M | Scene, ViewLayer | Synchronizing object | Abdomen
Fra:1 Mem:9.67M (Peak 9.67M) | Time:00:00.00 | Mem:0.00M, Peak:0.00M | Scene, ViewLayer | Synchronizing object | Antenna.001
Fra:1 Mem:9.67M (Peak 9.67M) | Time:00:00.00 | Mem:0.00M, Peak:0.00M | Scene, ViewLayer | Synchronizing object | Antenna
Fra:1 Mem:9.68M (Peak 9.68M) | Time:00:00.00 | Mem:0.00M, Peak:0.00M | Scene, ViewLayer | Initializing
Fra:1 Mem:9.03M (Peak 9.68M) | Time:00:00.00 | Mem:0.00M, Peak:0.00M | Scene, ViewLayer | Waiting for render to start
Fra:1 Mem:9.03M (Peak 9.68M) | Time:00:00.00 | Mem:0.00M, Peak:0.00M | Scene, ViewLayer | Updating Scene
Fra:1 Mem:9.03M (Peak 9.68M) | Time:00:00.00 | Mem:0.00M, Peak:0.00M | Scene, ViewLayer | Updating Shaders
Fra:1 Mem:9.03M (Peak 9.68M) | Time:00:00.00 | Mem:0.00M, Peak:0.00M | Scene, ViewLayer | Loading render kernels (may take a few minutes the first time)
Fra:1 Mem:9.12M (Peak 9.68M) | Time:00:00.00 | Mem:0.00M, Peak:0.00M | Scene, ViewLayer | Updating Procedurals
Fra:1 Mem:9.12M (Peak 9.68M) | Time:00:00.00 | Mem:0.00M, Peak:0.00M | Scene, ViewLayer | Updating Background
Fra:1 Mem:9.12M (Peak 9.68M) | Time:00:00.00 | Mem:0.00M, Peak:0.00M | Scene, ViewLayer | Updating Camera
Fra:1 Mem:9.12M (Peak 9.68M) | Time:00:00.00 | Mem:0.00M, Peak:0.00M | Scene, ViewLayer | Updating Meshes Flags
Fra:1 Mem:9.12M (Peak 9.68M) | Time:00:00.00 | Mem:0.00M, Peak:0.00M | Scene, ViewLayer | Updating Objects
Fra:1 Mem:9.12M (Peak 9.68M) | Time:00:00.00 | Mem:0.00M, Peak:0.00M | Scene, ViewLayer | Updating Objects | Copying Transformations to device
Fra:1 Mem:9.12M (Peak 9.68M) | Time:00:00.00 | Mem:0.00M, Peak:0.00M | Scene, ViewLayer | Updating Particle Systems
Fra:1 Mem:9.12M (Peak 9.68M) | Time:00:00.00 | Mem:0.00M, Peak:0.00M | Scene, ViewLayer | Updating Particle Systems | Copying Particles to device
Fra:1 Mem:9.12M (Peak 9.68M) | Time:00:00.00 | Mem:0.00M, Peak:0.00M | Scene, ViewLayer | Updating Meshes
Fra:1 Mem:9.12M (Peak 9.68M) | Time:00:00.00 | Mem:0.00M, Peak:0.00M | Scene, ViewLayer | Updating Objects | Applying Static Transformations
Fra:1 Mem:9.12M (Peak 9.68M) | Time:00:00.00 | Mem:0.00M, Peak:0.00M | Scene, ViewLayer | Updating Mesh | Computing attributes
Fra:1 Mem:9.12M (Peak 9.68M) | Time:00:00.00 | Mem:0.01M, Peak:0.01M | Scene, ViewLayer | Updating Mesh | Copying Attributes to device
Fra:1 Mem:9.12M (Peak 9.68M) | Time:00:00.00 | Mem:0.01M, Peak:0.01M | Scene, ViewLayer | Updating Scene BVH | Building
Fra:1 Mem:9.12M (Peak 9.68M) | Time:00:00.00 | Mem:0.01M, Peak:0.01M | Scene, ViewLayer | Updating Scene BVH | Building BVH
Fra:1 Mem:9.12M (Peak 9.68M) | Time:00:00.00 | Mem:0.01M, Peak:0.01M | Scene, ViewLayer | Updating Scene BVH | Copying BVH to device
Fra:1 Mem:9.12M (Peak 9.68M) | Time:00:00.00 | Mem:0.01M, Peak:0.01M | Scene, ViewLayer | Updating Mesh | Computing normals
Fra:1 Mem:9.12M (Peak 9.68M) | Time:00:00.00 | Mem:0.01M, Peak:0.01M | Scene, ViewLayer | Updating Mesh | Copying Mesh to device
Fra:1 Mem:9.12M (Peak 9.68M) | Time:00:00.00 | Mem:0.01M, Peak:0.01M | Scene, ViewLayer | Updating Objects Flags
Fra:1 Mem:9.12M (Peak 9.68M) | Time:00:00.00 | Mem:0.01M, Peak:0.01M | Scene, ViewLayer | Updating Primitive Offsets
Fra:1 Mem:9.12M (Peak 9.68M) | Time:00:00.00 | Mem:0.01M, Peak:0.01M | Scene, ViewLayer | Updating Images
Fra:1 Mem:9.12M (Peak 9.68M) | Time:00:00.00 | Mem:0.01M, Peak:0.01M | Scene, ViewLayer | Updating Camera Volume
Fra:1 Mem:9.12M (Peak 9.68M) | Time:00:00.00 | Mem:0.01M, Peak:0.01M | Scene, ViewLayer | Updating Lookup Tables
Fra:1 Mem:9.12M (Peak 9.68M) | Time:00:00.00 | Mem:0.09M, Peak:0.09M | Scene, ViewLayer | Updating Lights
Fra:1 Mem:9.12M (Peak 9.68M) | Time:00:00.00 | Mem:0.09M, Peak:0.09M | Scene, ViewLayer | Updating Lights | Computing tree
Fra:1 Mem:9.12M (Peak 9.68M) | Time:00:00.00 | Mem:0.09M, Peak:0.09M | Scene, ViewLayer | Updating Integrator
Fra:1 Mem:9.12M (Peak 9.68M) | Time:00:00.00 | Mem:0.09M, Peak:0.09M | Scene, ViewLayer | Updating Film
Fra:1 Mem:9.13M (Peak 9.68M) | Time:00:00.00 | Mem:0.01M, Peak:0.09M | Scene, ViewLayer | Updating Lookup Tables
Fra:1 Mem:9.13M (Peak 9.68M) | Time:00:00.00 | Mem:0.10M, Peak:0.10M | Scene, ViewLayer | Updating Baking
Fra:1 Mem:9.13M (Peak 9.68M) | Time:00:00.00 | Mem:0.10M, Peak:0.10M | Scene, ViewLayer | Updating Device | Writing constant memory
Fra:1 Mem:9.13M (Peak 9.68M) | Time:00:00.00 | Mem:0.10M, Peak:0.10M | Scene, ViewLayer | Sample 0/1
Fra:1 Mem:9.18M (Peak 9.68M) | Time:00:00.00 | Mem:0.11M, Peak:0.11M | Scene, ViewLayer | Sample 1/1
Fra:1 Mem:9.18M (Peak 9.68M) | Time:00:00.00 | Mem:0.11M, Peak:0.11M | Scene, ViewLayer | Finished
Saved: '/home/terence/Documents/Codex/2026-09-06/realtime-voice-chat-3/outputs/butterfly-method-comparison/blender-v2/raw/body-only/view090_frame00.png'
Time: 00:00.00 (Saving: 00:00.00)

Fra:1 Mem:9.71M (Peak 9.71M) | Time:00:00.00 | Mem:0.00M, Peak:0.00M | Scene, ViewLayer | Synchronizing object | Thorax
Fra:1 Mem:9.71M (Peak 9.71M) | Time:00:00.00 | Mem:0.00M, Peak:0.00M | Scene, ViewLayer | Synchronizing object | Abdomen
Fra:1 Mem:9.71M (Peak 9.71M) | Time:00:00.00 | Mem:0.00M, Peak:0.00M | Scene, ViewLayer | Synchronizing object | Abdomen tip
Fra:1 Mem:9.71M (Peak 9.71M) | Time:00:00.00 | Mem:0.00M, Peak:0.00M | Scene, ViewLayer | Synchronizing object | Antenna
Fra:1 Mem:9.71M (Peak 9.71M) | Time:00:00.00 | Mem:0.00M, Peak:0.00M | Scene, ViewLayer | Synchronizing object | R continuous fore-hind wing
Fra:1 Mem:9.72M (Peak 9.72M) | Time:00:00.00 | Mem:0.00M, Peak:0.00M | Scene, ViewLayer | Initializing
Fra:1 Mem:9.03M (Peak 9.72M) | Time:00:00.00 | Mem:0.00M, Peak:0.00M | Scene, ViewLayer | Waiting for render to start
Fra:1 Mem:9.03M (Peak 9.72M) | Time:00:00.00 | Mem:0.00M, Peak:0.00M | Scene, ViewLayer | Updating Scene
Fra:1 Mem:9.03M (Peak 9.72M) | Time:00:00.00 | Mem:0.00M, Peak:0.00M | Scene, ViewLayer | Updating Shaders
Fra:1 Mem:9.03M (Peak 9.72M) | Time:00:00.00 | Mem:0.00M, Peak:0.00M | Scene, ViewLayer | Loading render kernels (may take a few minutes the first time)
Fra:1 Mem:9.11M (Peak 9.72M) | Time:00:00.00 | Mem:0.00M, Peak:0.00M | Scene, ViewLayer | Updating Procedurals
Fra:1 Mem:9.11M (Peak 9.72M) | Time:00:00.00 | Mem:0.00M, Peak:0.00M | Scene, ViewLayer | Updating Background
Fra:1 Mem:9.11M (Peak 9.72M) | Time:00:00.00 | Mem:0.00M, Peak:0.00M | Scene, ViewLayer | Updating Camera
Fra:1 Mem:9.11M (Peak 9.72M) | Time:00:00.00 | Mem:0.00M, Peak:0.00M | Scene, ViewLayer | Updating Meshes Flags
Fra:1 Mem:9.11M (Peak 9.72M) | Time:00:00.00 | Mem:0.00M, Peak:0.00M | Scene, ViewLayer | Updating Objects
Fra:1 Mem:9.11M (Peak 9.72M) | Time:00:00.00 | Mem:0.00M, Peak:0.00M | Scene, ViewLayer | Updating Objects | Copying Transformations to device
Fra:1 Mem:9.11M (Peak 9.72M) | Time:00:00.00 | Mem:0.01M, Peak:0.01M | Scene, ViewLayer | Updating Particle Systems
Fra:1 Mem:9.11M (Peak 9.72M) | Time:00:00.00 | Mem:0.01M, Peak:0.01M | Scene, ViewLayer | Updating Particle Systems | Copying Particles to device
Fra:1 Mem:9.11M (Peak 9.72M) | Time:00:00.00 | Mem:0.01M, Peak:0.01M | Scene, ViewLayer | Updating Meshes
Fra:1 Mem:9.11M (Peak 9.72M) | Time:00:00.00 | Mem:0.01M, Peak:0.01M | Scene, ViewLayer | Updating Objects | Applying Static Transformations
Fra:1 Mem:9.11M (Peak 9.72M) | Time:00:00.00 | Mem:0.01M, Peak:0.01M | Scene, ViewLayer | Updating Mesh | Computing attributes
Fra:1 Mem:9.12M (Peak 9.72M) | Time:00:00.00 | Mem:0.01M, Peak:0.01M | Scene, ViewLayer | Updating Mesh | Copying Attributes to device
Fra:1 Mem:9.12M (Peak 9.72M) | Time:00:00.00 | Mem:0.01M, Peak:0.01M | Scene, ViewLayer | Updating Scene BVH | Building
Fra:1 Mem:9.12M (Peak 9.72M) | Time:00:00.00 | Mem:0.01M, Peak:0.01M | Scene, ViewLayer | Updating Scene BVH | Building BVH
Fra:1 Mem:9.12M (Peak 9.72M) | Time:00:00.00 | Mem:0.02M, Peak:0.03M | Scene, ViewLayer | Updating Scene BVH | Copying BVH to device
Fra:1 Mem:9.12M (Peak 9.72M) | Time:00:00.00 | Mem:0.02M, Peak:0.03M | Scene, ViewLayer | Updating Mesh | Computing normals
Fra:1 Mem:9.12M (Peak 9.72M) | Time:00:00.00 | Mem:0.02M, Peak:0.03M | Scene, ViewLayer | Updating Mesh | Copying Mesh to device
Fra:1 Mem:9.12M (Peak 9.72M) | Time:00:00.00 | Mem:0.03M, Peak:0.03M | Scene, ViewLayer | Updating Objects Flags
Fra:1 Mem:9.12M (Peak 9.72M) | Time:00:00.00 | Mem:0.03M, Peak:0.03M | Scene, ViewLayer | Updating Primitive Offsets
Fra:1 Mem:9.12M (Peak 9.72M) | Time:00:00.00 | Mem:0.03M, Peak:0.03M | Scene, ViewLayer | Updating Images
Fra:1 Mem:9.12M (Peak 9.72M) | Time:00:00.00 | Mem:0.03M, Peak:0.03M | Scene, ViewLayer | Updating Camera Volume
Fra:1 Mem:9.12M (Peak 9.72M) | Time:00:00.00 | Mem:0.03M, Peak:0.03M | Scene, ViewLayer | Updating Lookup Tables
Fra:1 Mem:9.12M (Peak 9.72M) | Time:00:00.00 | Mem:0.11M, Peak:0.11M | Scene, ViewLayer | Updating Lights
Fra:1 Mem:9.12M (Peak 9.72M) | Time:00:00.00 | Mem:0.11M, Peak:0.11M | Scene, ViewLayer | Updating Lights | Computing tree
Fra:1 Mem:9.13M (Peak 9.72M) | Time:00:00.00 | Mem:0.12M, Peak:0.12M | Scene, ViewLayer | Updating Integrator
Fra:1 Mem:9.13M (Peak 9.72M) | Time:00:00.00 | Mem:0.12M, Peak:0.12M | Scene, ViewLayer | Updating Film
Fra:1 Mem:9.13M (Peak 9.72M) | Time:00:00.00 | Mem:0.04M, Peak:0.12M | Scene, ViewLayer | Updating Lookup Tables
Fra:1 Mem:9.13M (Peak 9.72M) | Time:00:00.00 | Mem:0.13M, Peak:0.13M | Scene, ViewLayer | Updating Baking
Fra:1 Mem:9.13M (Peak 9.72M) | Time:00:00.00 | Mem:0.13M, Peak:0.13M | Scene, ViewLayer | Updating Device | Writing constant memory
Fra:1 Mem:9.14M (Peak 9.72M) | Time:00:00.00 | Mem:0.13M, Peak:0.13M | Scene, ViewLayer | Sample 0/1
Fra:1 Mem:9.19M (Peak 9.72M) | Time:00:00.00 | Mem:0.13M, Peak:0.13M | Scene, ViewLayer | Sample 1/1
Fra:1 Mem:9.19M (Peak 9.72M) | Time:00:00.00 | Mem:0.13M, Peak:0.13M | Scene, ViewLayer | Finished
Saved: '/home/terence/Documents/Codex/2026-09-06/realtime-voice-chat-3/outputs/butterfly-method-comparison/blender-v2/raw/no-abdomen-lag/view090_frame00.png'
Time: 00:00.00 (Saving: 00:00.00)

Fra:1 Mem:9.69M (Peak 9.69M) | Time:00:00.00 | Mem:0.00M, Peak:0.00M | Scene, ViewLayer | Synchronizing object | Thorax
Fra:1 Mem:9.69M (Peak 9.69M) | Time:00:00.00 | Mem:0.00M, Peak:0.00M | Scene, ViewLayer | Synchronizing object | L continuous fore-hind wing
Fra:1 Mem:9.70M (Peak 9.70M) | Time:00:00.00 | Mem:0.00M, Peak:0.00M | Scene, ViewLayer | Synchronizing object | R continuous fore-hind wing
Fra:1 Mem:9.70M (Peak 9.70M) | Time:00:00.00 | Mem:0.00M, Peak:0.00M | Scene, ViewLayer | Synchronizing object | Abdomen tip
Fra:1 Mem:9.70M (Peak 9.70M) | Time:00:00.00 | Mem:0.00M, Peak:0.00M | Scene, ViewLayer | Synchronizing object | Antenna.001
Fra:1 Mem:9.70M (Peak 9.70M) | Time:00:00.00 | Mem:0.00M, Peak:0.00M | Scene, ViewLayer | Synchronizing object | Antenna
Fra:1 Mem:9.70M (Peak 9.70M) | Time:00:00.00 | Mem:0.00M, Peak:0.00M | Scene, ViewLayer | Initializing
Fra:1 Mem:9.02M (Peak 9.70M) | Time:00:00.00 | Mem:0.00M, Peak:0.00M | Scene, ViewLayer | Waiting for render to start
Fra:1 Mem:9.02M (Peak 9.70M) | Time:00:00.00 | Mem:0.00M, Peak:0.00M | Scene, ViewLayer | Updating Scene
Fra:1 Mem:9.02M (Peak 9.70M) | Time:00:00.00 | Mem:0.00M, Peak:0.00M | Scene, ViewLayer | Updating Shaders
Fra:1 Mem:9.02M (Peak 9.70M) | Time:00:00.00 | Mem:0.00M, Peak:0.00M | Scene, ViewLayer | Loading render kernels (may take a few minutes the first time)
Fra:1 Mem:9.10M (Peak 9.70M) | Time:00:00.00 | Mem:0.00M, Peak:0.00M | Scene, ViewLayer | Updating Procedurals
Fra:1 Mem:9.10M (Peak 9.70M) | Time:00:00.00 | Mem:0.00M, Peak:0.00M | Scene, ViewLayer | Updating Background
Fra:1 Mem:9.10M (Peak 9.70M) | Time:00:00.00 | Mem:0.00M, Peak:0.00M | Scene, ViewLayer | Updating Camera
Fra:1 Mem:9.10M (Peak 9.70M) | Time:00:00.00 | Mem:0.00M, Peak:0.00M | Scene, ViewLayer | Updating Meshes Flags
Fra:1 Mem:9.10M (Peak 9.70M) | Time:00:00.00 | Mem:0.00M, Peak:0.00M | Scene, ViewLayer | Updating Objects
Fra:1 Mem:9.10M (Peak 9.70M) | Time:00:00.00 | Mem:0.00M, Peak:0.00M | Scene, ViewLayer | Updating Objects | Copying Transformations to device
Fra:1 Mem:9.10M (Peak 9.70M) | Time:00:00.00 | Mem:0.01M, Peak:0.01M | Scene, ViewLayer | Updating Particle Systems
Fra:1 Mem:9.10M (Peak 9.70M) | Time:00:00.00 | Mem:0.01M, Peak:0.01M | Scene, ViewLayer | Updating Particle Systems | Copying Particles to device
Fra:1 Mem:9.10M (Peak 9.70M) | Time:00:00.00 | Mem:0.01M, Peak:0.01M | Scene, ViewLayer | Updating Meshes
Fra:1 Mem:9.10M (Peak 9.70M) | Time:00:00.00 | Mem:0.01M, Peak:0.01M | Scene, ViewLayer | Updating Objects | Applying Static Transformations
Fra:1 Mem:9.10M (Peak 9.70M) | Time:00:00.00 | Mem:0.01M, Peak:0.01M | Scene, ViewLayer | Updating Mesh | Computing attributes
Fra:1 Mem:9.11M (Peak 9.70M) | Time:00:00.00 | Mem:0.01M, Peak:0.01M | Scene, ViewLayer | Updating Mesh | Copying Attributes to device
Fra:1 Mem:9.11M (Peak 9.70M) | Time:00:00.00 | Mem:0.01M, Peak:0.01M | Scene, ViewLayer | Updating Scene BVH | Building
Fra:1 Mem:9.11M (Peak 9.70M) | Time:00:00.00 | Mem:0.01M, Peak:0.01M | Scene, ViewLayer | Updating Scene BVH | Building BVH
Fra:1 Mem:9.11M (Peak 9.70M) | Time:00:00.00 | Mem:0.02M, Peak:0.03M | Scene, ViewLayer | Updating Scene BVH | Copying BVH to device
Fra:1 Mem:9.11M (Peak 9.70M) | Time:00:00.00 | Mem:0.02M, Peak:0.03M | Scene, ViewLayer | Updating Mesh | Computing normals
Fra:1 Mem:9.11M (Peak 9.70M) | Time:00:00.00 | Mem:0.02M, Peak:0.03M | Scene, ViewLayer | Updating Mesh | Copying Mesh to device
Fra:1 Mem:9.11M (Peak 9.70M) | Time:00:00.00 | Mem:0.03M, Peak:0.03M | Scene, ViewLayer | Updating Objects Flags
Fra:1 Mem:9.11M (Peak 9.70M) | Time:00:00.00 | Mem:0.03M, Peak:0.03M | Scene, ViewLayer | Updating Primitive Offsets
Fra:1 Mem:9.11M (Peak 9.70M) | Time:00:00.00 | Mem:0.03M, Peak:0.03M | Scene, ViewLayer | Updating Images
Fra:1 Mem:9.11M (Peak 9.70M) | Time:00:00.00 | Mem:0.03M, Peak:0.03M | Scene, ViewLayer | Updating Camera Volume
Fra:1 Mem:9.11M (Peak 9.70M) | Time:00:00.00 | Mem:0.03M, Peak:0.03M | Scene, ViewLayer | Updating Lookup Tables
Fra:1 Mem:9.11M (Peak 9.70M) | Time:00:00.00 | Mem:0.11M, Peak:0.11M | Scene, ViewLayer | Updating Lights
Fra:1 Mem:9.11M (Peak 9.70M) | Time:00:00.00 | Mem:0.11M, Peak:0.11M | Scene, ViewLayer | Updating Lights | Computing tree
Fra:1 Mem:9.12M (Peak 9.70M) | Time:00:00.00 | Mem:0.12M, Peak:0.12M | Scene, ViewLayer | Updating Integrator
Fra:1 Mem:9.12M (Peak 9.70M) | Time:00:00.00 | Mem:0.12M, Peak:0.12M | Scene, ViewLayer | Updating Film
Fra:1 Mem:9.13M (Peak 9.70M) | Time:00:00.00 | Mem:0.04M, Peak:0.12M | Scene, ViewLayer | Updating Lookup Tables
Fra:1 Mem:9.13M (Peak 9.70M) | Time:00:00.00 | Mem:0.13M, Peak:0.13M | Scene, ViewLayer | Updating Baking
Fra:1 Mem:9.13M (Peak 9.70M) | Time:00:00.00 | Mem:0.13M, Peak:0.13M | Scene, ViewLayer | Updating Device | Writing constant memory
Fra:1 Mem:9.13M (Peak 9.70M) | Time:00:00.00 | Mem:0.13M, Peak:0.13M | Scene, ViewLayer | Sample 0/1
Fra:1 Mem:9.18M (Peak 9.70M) | Time:00:00.00 | Mem:0.13M, Peak:0.13M | Scene, ViewLayer | Sample 1/1
Fra:1 Mem:9.18M (Peak 9.70M) | Time:00:00.00 | Mem:0.13M, Peak:0.13M | Scene, ViewLayer | Finished
Saved: '/home/terence/Documents/Codex/2026-09-06/realtime-voice-chat-3/outputs/butterfly-method-comparison/blender-v2/raw/wing-only/view090_frame00.png'
Time: 00:00.00 (Saving: 00:00.00)

Fra:6 Mem:9.74M (Peak 9.74M) | Time:00:00.00 | Mem:0.00M, Peak:0.00M | Scene, ViewLayer | Synchronizing object | Thorax
Fra:6 Mem:9.74M (Peak 9.74M) | Time:00:00.00 | Mem:0.00M, Peak:0.00M | Scene, ViewLayer | Synchronizing object | Abdomen
Fra:6 Mem:9.74M (Peak 9.74M) | Time:00:00.00 | Mem:0.00M, Peak:0.00M | Scene, ViewLayer | Synchronizing object | Abdomen tip
Fra:6 Mem:9.74M (Peak 9.74M) | Time:00:00.00 | Mem:0.00M, Peak:0.00M | Scene, ViewLayer | Synchronizing object | Antenna
Fra:6 Mem:9.74M (Peak 9.74M) | Time:00:00.00 | Mem:0.00M, Peak:0.00M | Scene, ViewLayer | Synchronizing object | Antenna.001
Fra:6 Mem:9.74M (Peak 9.74M) | Time:00:00.00 | Mem:0.00M, Peak:0.00M | Scene, ViewLayer | Synchronizing object | R continuous fore-hind wing
Fra:6 Mem:9.75M (Peak 9.75M) | Time:00:00.00 | Mem:0.00M, Peak:0.00M | Scene, ViewLayer | Initializing
Fra:6 Mem:9.04M (Peak 9.75M) | Time:00:00.00 | Mem:0.00M, Peak:0.00M | Scene, ViewLayer | Waiting for render to start
Fra:6 Mem:9.04M (Peak 9.75M) | Time:00:00.00 | Mem:0.00M, Peak:0.00M | Scene, ViewLayer | Updating Scene
Fra:6 Mem:9.04M (Peak 9.75M) | Time:00:00.00 | Mem:0.00M, Peak:0.00M | Scene, ViewLayer | Updating Shaders
Fra:6 Mem:9.04M (Peak 9.75M) | Time:00:00.00 | Mem:0.00M, Peak:0.00M | Scene, ViewLayer | Loading render kernels (may take a few minutes the first time)
Fra:6 Mem:9.13M (Peak 9.75M) | Time:00:00.00 | Mem:0.00M, Peak:0.00M | Scene, ViewLayer | Updating Procedurals
Fra:6 Mem:9.13M (Peak 9.75M) | Time:00:00.00 | Mem:0.00M, Peak:0.00M | Scene, ViewLayer | Updating Background
Fra:6 Mem:9.13M (Peak 9.75M) | Time:00:00.00 | Mem:0.00M, Peak:0.00M | Scene, ViewLayer | Updating Camera
Fra:6 Mem:9.13M (Peak 9.75M) | Time:00:00.00 | Mem:0.00M, Peak:0.00M | Scene, ViewLayer | Updating Meshes Flags
Fra:6 Mem:9.13M (Peak 9.75M) | Time:00:00.00 | Mem:0.00M, Peak:0.00M | Scene, ViewLayer | Updating Objects
Fra:6 Mem:9.13M (Peak 9.75M) | Time:00:00.00 | Mem:0.00M, Peak:0.00M | Scene, ViewLayer | Updating Objects | Copying Transformations to device
Fra:6 Mem:9.13M (Peak 9.75M) | Time:00:00.00 | Mem:0.01M, Peak:0.01M | Scene, ViewLayer | Updating Particle Systems
Fra:6 Mem:9.13M (Peak 9.75M) | Time:00:00.00 | Mem:0.01M, Peak:0.01M | Scene, ViewLayer | Updating Particle Systems | Copying Particles to device
Fra:6 Mem:9.13M (Peak 9.75M) | Time:00:00.00 | Mem:0.01M, Peak:0.01M | Scene, ViewLayer | Updating Meshes
Fra:6 Mem:9.13M (Peak 9.75M) | Time:00:00.00 | Mem:0.01M, Peak:0.01M | Scene, ViewLayer | Updating Objects | Applying Static Transformations
Fra:6 Mem:9.13M (Peak 9.75M) | Time:00:00.00 | Mem:0.01M, Peak:0.01M | Scene, ViewLayer | Updating Mesh | Computing attributes
Fra:6 Mem:9.13M (Peak 9.75M) | Time:00:00.00 | Mem:0.01M, Peak:0.01M | Scene, ViewLayer | Updating Mesh | Copying Attributes to device
Fra:6 Mem:9.13M (Peak 9.75M) | Time:00:00.00 | Mem:0.01M, Peak:0.01M | Scene, ViewLayer | Updating Scene BVH | Building
Fra:6 Mem:9.13M (Peak 9.75M) | Time:00:00.00 | Mem:0.01M, Peak:0.01M | Scene, ViewLayer | Updating Scene BVH | Building BVH
Fra:6 Mem:9.13M (Peak 9.75M) | Time:00:00.00 | Mem:0.02M, Peak:0.03M | Scene, ViewLayer | Updating Scene BVH | Copying BVH to device
Fra:6 Mem:9.13M (Peak 9.75M) | Time:00:00.00 | Mem:0.02M, Peak:0.03M | Scene, ViewLayer | Updating Mesh | Computing normals
Fra:6 Mem:9.14M (Peak 9.75M) | Time:00:00.00 | Mem:0.02M, Peak:0.03M | Scene, ViewLayer | Updating Mesh | Copying Mesh to device
Fra:6 Mem:9.14M (Peak 9.75M) | Time:00:00.00 | Mem:0.03M, Peak:0.03M | Scene, ViewLayer | Updating Objects Flags
Fra:6 Mem:9.14M (Peak 9.75M) | Time:00:00.00 | Mem:0.03M, Peak:0.03M | Scene, ViewLayer | Updating Primitive Offsets
Fra:6 Mem:9.14M (Peak 9.75M) | Time:00:00.00 | Mem:0.03M, Peak:0.03M | Scene, ViewLayer | Updating Images
Fra:6 Mem:9.14M (Peak 9.75M) | Time:00:00.00 | Mem:0.03M, Peak:0.03M | Scene, ViewLayer | Updating Camera Volume
Fra:6 Mem:9.14M (Peak 9.75M) | Time:00:00.00 | Mem:0.03M, Peak:0.03M | Scene, ViewLayer | Updating Lookup Tables
Fra:6 Mem:9.14M (Peak 9.75M) | Time:00:00.00 | Mem:0.11M, Peak:0.11M | Scene, ViewLayer | Updating Lights
Fra:6 Mem:9.14M (Peak 9.75M) | Time:00:00.00 | Mem:0.11M, Peak:0.11M | Scene, ViewLayer | Updating Lights | Computing tree
Fra:6 Mem:9.14M (Peak 9.75M) | Time:00:00.00 | Mem:0.12M, Peak:0.12M | Scene, ViewLayer | Updating Integrator
Fra:6 Mem:9.14M (Peak 9.75M) | Time:00:00.00 | Mem:0.12M, Peak:0.12M | Scene, ViewLayer | Updating Film
Fra:6 Mem:9.15M (Peak 9.75M) | Time:00:00.00 | Mem:0.04M, Peak:0.12M | Scene, ViewLayer | Updating Lookup Tables
Fra:6 Mem:9.15M (Peak 9.75M) | Time:00:00.00 | Mem:0.12M, Peak:0.12M | Scene, ViewLayer | Updating Baking
Fra:6 Mem:9.15M (Peak 9.75M) | Time:00:00.00 | Mem:0.12M, Peak:0.12M | Scene, ViewLayer | Updating Device | Writing constant memory
Fra:6 Mem:9.15M (Peak 9.75M) | Time:00:00.00 | Mem:0.12M, Peak:0.12M | Scene, ViewLayer | Sample 0/8
Fra:6 Mem:9.75M (Peak 9.75M) | Time:00:00.00 | Remaining:00:00.01 | Mem:0.69M, Peak:0.69M | Scene, ViewLayer | Sample 1/8
Fra:6 Mem:10.00M (Peak 10.00M) | Time:00:00.02 | Mem:0.69M, Peak:0.69M | Scene, ViewLayer | Sample 8/8
Fra:6 Mem:10.00M (Peak 10.00M) | Time:00:00.02 | Mem:0.69M, Peak:0.69M | Scene, ViewLayer | Finished
Saved: '/home/terence/Documents/Codex/2026-09-06/realtime-voice-chat-3/outputs/butterfly-method-comparison/blender-v2/raw/view090_frame01.png'
Time: 00:00.02 (Saving: 00:00.00)

Fra:6 Mem:9.74M (Peak 9.74M) | Time:00:00.00 | Mem:0.00M, Peak:0.00M | Scene, ViewLayer | Synchronizing object | Thorax
Fra:6 Mem:9.74M (Peak 9.74M) | Time:00:00.00 | Mem:0.00M, Peak:0.00M | Scene, ViewLayer | Synchronizing object | Head
Fra:6 Mem:9.74M (Peak 9.74M) | Time:00:00.00 | Mem:0.00M, Peak:0.00M | Scene, ViewLayer | Synchronizing object | Abdomen
Fra:6 Mem:9.74M (Peak 9.74M) | Time:00:00.00 | Mem:0.00M, Peak:0.00M | Scene, ViewLayer | Synchronizing object | Antenna
Fra:6 Mem:9.74M (Peak 9.74M) | Time:00:00.00 | Mem:0.00M, Peak:0.00M | Scene, ViewLayer | Synchronizing object | Antenna.001
Fra:6 Mem:9.74M (Peak 9.74M) | Time:00:00.00 | Mem:0.00M, Peak:0.00M | Scene, ViewLayer | Synchronizing object | R continuous fore-hind wing
Fra:6 Mem:9.75M (Peak 9.75M) | Time:00:00.00 | Mem:0.00M, Peak:0.00M | Scene, ViewLayer | Initializing
Fra:6 Mem:9.04M (Peak 9.75M) | Time:00:00.00 | Mem:0.00M, Peak:0.00M | Scene, ViewLayer | Waiting for render to start
Fra:6 Mem:9.04M (Peak 9.75M) | Time:00:00.00 | Mem:0.00M, Peak:0.00M | Scene, ViewLayer | Updating Scene
Fra:6 Mem:9.04M (Peak 9.75M) | Time:00:00.00 | Mem:0.00M, Peak:0.00M | Scene, ViewLayer | Updating Shaders
Fra:6 Mem:9.04M (Peak 9.75M) | Time:00:00.00 | Mem:0.00M, Peak:0.00M | Scene, ViewLayer | Loading render kernels (may take a few minutes the first time)
Fra:6 Mem:9.13M (Peak 9.75M) | Time:00:00.00 | Mem:0.00M, Peak:0.00M | Scene, ViewLayer | Updating Procedurals
Fra:6 Mem:9.13M (Peak 9.75M) | Time:00:00.00 | Mem:0.00M, Peak:0.00M | Scene, ViewLayer | Updating Background
Fra:6 Mem:9.13M (Peak 9.75M) | Time:00:00.00 | Mem:0.00M, Peak:0.00M | Scene, ViewLayer | Updating Camera
Fra:6 Mem:9.13M (Peak 9.75M) | Time:00:00.00 | Mem:0.00M, Peak:0.00M | Scene, ViewLayer | Updating Meshes Flags
Fra:6 Mem:9.13M (Peak 9.75M) | Time:00:00.00 | Mem:0.00M, Peak:0.00M | Scene, ViewLayer | Updating Objects
Fra:6 Mem:9.13M (Peak 9.75M) | Time:00:00.00 | Mem:0.00M, Peak:0.00M | Scene, ViewLayer | Updating Objects | Copying Transformations to device
Fra:6 Mem:9.13M (Peak 9.75M) | Time:00:00.00 | Mem:0.01M, Peak:0.01M | Scene, ViewLayer | Updating Particle Systems
Fra:6 Mem:9.13M (Peak 9.75M) | Time:00:00.00 | Mem:0.01M, Peak:0.01M | Scene, ViewLayer | Updating Particle Systems | Copying Particles to device
Fra:6 Mem:9.13M (Peak 9.75M) | Time:00:00.00 | Mem:0.01M, Peak:0.01M | Scene, ViewLayer | Updating Meshes
Fra:6 Mem:9.13M (Peak 9.75M) | Time:00:00.00 | Mem:0.01M, Peak:0.01M | Scene, ViewLayer | Updating Objects | Applying Static Transformations
Fra:6 Mem:9.13M (Peak 9.75M) | Time:00:00.00 | Mem:0.01M, Peak:0.01M | Scene, ViewLayer | Updating Mesh | Computing attributes
Fra:6 Mem:9.13M (Peak 9.75M) | Time:00:00.00 | Mem:0.01M, Peak:0.01M | Scene, ViewLayer | Updating Mesh | Copying Attributes to device
Fra:6 Mem:9.13M (Peak 9.75M) | Time:00:00.00 | Mem:0.01M, Peak:0.01M | Scene, ViewLayer | Updating Scene BVH | Building
Fra:6 Mem:9.13M (Peak 9.75M) | Time:00:00.00 | Mem:0.01M, Peak:0.01M | Scene, ViewLayer | Updating Scene BVH | Building BVH
Fra:6 Mem:9.13M (Peak 9.75M) | Time:00:00.00 | Mem:0.01M, Peak:0.01M | Scene, ViewLayer | Updating Scene BVH | Building BVH 0%
Fra:6 Mem:9.13M (Peak 9.75M) | Time:00:00.00 | Mem:0.02M, Peak:0.03M | Scene, ViewLayer | Updating Scene BVH | Copying BVH to device
Fra:6 Mem:9.13M (Peak 9.75M) | Time:00:00.00 | Mem:0.02M, Peak:0.03M | Scene, ViewLayer | Updating Mesh | Computing normals
Fra:6 Mem:9.14M (Peak 9.75M) | Time:00:00.00 | Mem:0.02M, Peak:0.03M | Scene, ViewLayer | Updating Mesh | Copying Mesh to device
Fra:6 Mem:9.14M (Peak 9.75M) | Time:00:00.00 | Mem:0.03M, Peak:0.03M | Scene, ViewLayer | Updating Objects Flags
Fra:6 Mem:9.14M (Peak 9.75M) | Time:00:00.00 | Mem:0.03M, Peak:0.03M | Scene, ViewLayer | Updating Primitive Offsets
Fra:6 Mem:9.14M (Peak 9.75M) | Time:00:00.00 | Mem:0.03M, Peak:0.03M | Scene, ViewLayer | Updating Images
Fra:6 Mem:9.14M (Peak 9.75M) | Time:00:00.00 | Mem:0.03M, Peak:0.03M | Scene, ViewLayer | Updating Camera Volume
Fra:6 Mem:9.14M (Peak 9.75M) | Time:00:00.00 | Mem:0.03M, Peak:0.03M | Scene, ViewLayer | Updating Lookup Tables
Fra:6 Mem:9.14M (Peak 9.75M) | Time:00:00.00 | Mem:0.11M, Peak:0.11M | Scene, ViewLayer | Updating Lights
Fra:6 Mem:9.14M (Peak 9.75M) | Time:00:00.00 | Mem:0.11M, Peak:0.11M | Scene, ViewLayer | Updating Lights | Computing tree
Fra:6 Mem:9.14M (Peak 9.75M) | Time:00:00.00 | Mem:0.12M, Peak:0.12M | Scene, ViewLayer | Updating Integrator
Fra:6 Mem:9.14M (Peak 9.75M) | Time:00:00.00 | Mem:0.12M, Peak:0.12M | Scene, ViewLayer | Updating Film
Fra:6 Mem:9.15M (Peak 9.75M) | Time:00:00.00 | Mem:0.04M, Peak:0.12M | Scene, ViewLayer | Updating Lookup Tables
Fra:6 Mem:9.15M (Peak 9.75M) | Time:00:00.00 | Mem:0.12M, Peak:0.12M | Scene, ViewLayer | Updating Baking
Fra:6 Mem:9.15M (Peak 9.75M) | Time:00:00.00 | Mem:0.12M, Peak:0.12M | Scene, ViewLayer | Updating Device | Writing constant memory
Fra:6 Mem:9.15M (Peak 9.75M) | Time:00:00.00 | Mem:0.12M, Peak:0.12M | Scene, ViewLayer | Sample 0/1
Fra:6 Mem:9.20M (Peak 9.75M) | Time:00:00.00 | Mem:0.13M, Peak:0.13M | Scene, ViewLayer | Sample 1/1
Fra:6 Mem:9.20M (Peak 9.75M) | Time:00:00.00 | Mem:0.13M, Peak:0.13M | Scene, ViewLayer | Finished
Saved: '/home/terence/Documents/Codex/2026-09-06/realtime-voice-chat-3/outputs/butterfly-method-comparison/blender-v2/raw/native16/view090_frame01.png'
Time: 00:00.00 (Saving: 00:00.00)

Fra:6 Mem:9.74M (Peak 9.74M) | Time:00:00.00 | Mem:0.00M, Peak:0.00M | Scene, ViewLayer | Synchronizing object | Thorax
Fra:6 Mem:9.74M (Peak 9.74M) | Time:00:00.00 | Mem:0.00M, Peak:0.00M | Scene, ViewLayer | Synchronizing object | Abdomen
Fra:6 Mem:9.74M (Peak 9.74M) | Time:00:00.00 | Mem:0.00M, Peak:0.00M | Scene, ViewLayer | Synchronizing object | L continuous fore-hind wing
Fra:6 Mem:9.74M (Peak 9.74M) | Time:00:00.00 | Mem:0.00M, Peak:0.00M | Scene, ViewLayer | Synchronizing object | Antenna
Fra:6 Mem:9.74M (Peak 9.74M) | Time:00:00.00 | Mem:0.00M, Peak:0.00M | Scene, ViewLayer | Synchronizing object | Antenna.001
Fra:6 Mem:9.74M (Peak 9.74M) | Time:00:00.00 | Mem:0.00M, Peak:0.00M | Scene, ViewLayer | Synchronizing object | R continuous fore-hind wing
Fra:6 Mem:9.75M (Peak 9.75M) | Time:00:00.00 | Mem:0.00M, Peak:0.00M | Scene, ViewLayer | Initializing
Fra:6 Mem:9.04M (Peak 9.75M) | Time:00:00.00 | Mem:0.00M, Peak:0.00M | Scene, ViewLayer | Waiting for render to start
Fra:6 Mem:9.04M (Peak 9.75M) | Time:00:00.00 | Mem:0.00M, Peak:0.00M | Scene, ViewLayer | Updating Scene
Fra:6 Mem:9.04M (Peak 9.75M) | Time:00:00.00 | Mem:0.00M, Peak:0.00M | Scene, ViewLayer | Updating Shaders
Fra:6 Mem:9.04M (Peak 9.75M) | Time:00:00.00 | Mem:0.00M, Peak:0.00M | Scene, ViewLayer | Loading render kernels (may take a few minutes the first time)
Fra:6 Mem:9.13M (Peak 9.75M) | Time:00:00.00 | Mem:0.00M, Peak:0.00M | Scene, ViewLayer | Updating Procedurals
Fra:6 Mem:9.13M (Peak 9.75M) | Time:00:00.00 | Mem:0.00M, Peak:0.00M | Scene, ViewLayer | Updating Background
Fra:6 Mem:9.13M (Peak 9.75M) | Time:00:00.00 | Mem:0.00M, Peak:0.00M | Scene, ViewLayer | Updating Camera
Fra:6 Mem:9.13M (Peak 9.75M) | Time:00:00.00 | Mem:0.00M, Peak:0.00M | Scene, ViewLayer | Updating Meshes Flags
Fra:6 Mem:9.13M (Peak 9.75M) | Time:00:00.00 | Mem:0.00M, Peak:0.00M | Scene, ViewLayer | Updating Objects
Fra:6 Mem:9.13M (Peak 9.75M) | Time:00:00.00 | Mem:0.00M, Peak:0.00M | Scene, ViewLayer | Updating Objects | Copying Transformations to device
Fra:6 Mem:9.13M (Peak 9.75M) | Time:00:00.00 | Mem:0.01M, Peak:0.01M | Scene, ViewLayer | Updating Particle Systems
Fra:6 Mem:9.13M (Peak 9.75M) | Time:00:00.00 | Mem:0.01M, Peak:0.01M | Scene, ViewLayer | Updating Particle Systems | Copying Particles to device
Fra:6 Mem:9.13M (Peak 9.75M) | Time:00:00.00 | Mem:0.01M, Peak:0.01M | Scene, ViewLayer | Updating Meshes
Fra:6 Mem:9.13M (Peak 9.75M) | Time:00:00.00 | Mem:0.01M, Peak:0.01M | Scene, ViewLayer | Updating Objects | Applying Static Transformations
Fra:6 Mem:9.13M (Peak 9.75M) | Time:00:00.00 | Mem:0.01M, Peak:0.01M | Scene, ViewLayer | Updating Mesh | Computing attributes
Fra:6 Mem:9.13M (Peak 9.75M) | Time:00:00.00 | Mem:0.01M, Peak:0.01M | Scene, ViewLayer | Updating Mesh | Copying Attributes to device
Fra:6 Mem:9.13M (Peak 9.75M) | Time:00:00.00 | Mem:0.01M, Peak:0.01M | Scene, ViewLayer | Updating Scene BVH | Building
Fra:6 Mem:9.13M (Peak 9.75M) | Time:00:00.00 | Mem:0.01M, Peak:0.01M | Scene, ViewLayer | Updating Scene BVH | Building BVH
Fra:6 Mem:9.13M (Peak 9.75M) | Time:00:00.00 | Mem:0.02M, Peak:0.03M | Scene, ViewLayer | Updating Scene BVH | Copying BVH to device
Fra:6 Mem:9.13M (Peak 9.75M) | Time:00:00.00 | Mem:0.02M, Peak:0.03M | Scene, ViewLayer | Updating Mesh | Computing normals
Fra:6 Mem:9.14M (Peak 9.75M) | Time:00:00.00 | Mem:0.02M, Peak:0.03M | Scene, ViewLayer | Updating Mesh | Copying Mesh to device
Fra:6 Mem:9.14M (Peak 9.75M) | Time:00:00.00 | Mem:0.03M, Peak:0.03M | Scene, ViewLayer | Updating Objects Flags
Fra:6 Mem:9.14M (Peak 9.75M) | Time:00:00.00 | Mem:0.03M, Peak:0.03M | Scene, ViewLayer | Updating Primitive Offsets
Fra:6 Mem:9.14M (Peak 9.75M) | Time:00:00.00 | Mem:0.03M, Peak:0.03M | Scene, ViewLayer | Updating Images
Fra:6 Mem:9.14M (Peak 9.75M) | Time:00:00.00 | Mem:0.03M, Peak:0.03M | Scene, ViewLayer | Updating Camera Volume
Fra:6 Mem:9.14M (Peak 9.75M) | Time:00:00.00 | Mem:0.03M, Peak:0.03M | Scene, ViewLayer | Updating Lookup Tables
Fra:6 Mem:9.14M (Peak 9.75M) | Time:00:00.00 | Mem:0.11M, Peak:0.11M | Scene, ViewLayer | Updating Lights
Fra:6 Mem:9.14M (Peak 9.75M) | Time:00:00.00 | Mem:0.11M, Peak:0.11M | Scene, ViewLayer | Updating Lights | Computing tree
Fra:6 Mem:9.14M (Peak 9.75M) | Time:00:00.00 | Mem:0.12M, Peak:0.12M | Scene, ViewLayer | Updating Integrator
Fra:6 Mem:9.14M (Peak 9.75M) | Time:00:00.00 | Mem:0.12M, Peak:0.12M | Scene, ViewLayer | Updating Film
Fra:6 Mem:9.15M (Peak 9.75M) | Time:00:00.00 | Mem:0.04M, Peak:0.12M | Scene, ViewLayer | Updating Lookup Tables
Fra:6 Mem:9.15M (Peak 9.75M) | Time:00:00.00 | Mem:0.12M, Peak:0.12M | Scene, ViewLayer | Updating Baking
Fra:6 Mem:9.15M (Peak 9.75M) | Time:00:00.00 | Mem:0.12M, Peak:0.12M | Scene, ViewLayer | Updating Device | Writing constant memory
Fra:6 Mem:9.15M (Peak 9.75M) | Time:00:00.00 | Mem:0.12M, Peak:0.12M | Scene, ViewLayer | Sample 0/1
Fra:6 Mem:9.24M (Peak 9.75M) | Time:00:00.00 | Mem:0.16M, Peak:0.16M | Scene, ViewLayer | Sample 1/1
Fra:6 Mem:9.24M (Peak 9.75M) | Time:00:00.00 | Mem:0.16M, Peak:0.16M | Scene, ViewLayer | Finished
Saved: '/home/terence/Documents/Codex/2026-09-06/realtime-voice-chat-3/outputs/butterfly-method-comparison/blender-v2/raw/native32/view090_frame01.png'
Time: 00:00.00 (Saving: 00:00.00)

Fra:6 Mem:9.67M (Peak 9.67M) | Time:00:00.00 | Mem:0.00M, Peak:0.00M | Scene, ViewLayer | Synchronizing object | Thorax
Fra:6 Mem:9.67M (Peak 9.67M) | Time:00:00.00 | Mem:0.00M, Peak:0.00M | Scene, ViewLayer | Synchronizing object | Antenna.001
Fra:6 Mem:9.67M (Peak 9.67M) | Time:00:00.00 | Mem:0.00M, Peak:0.00M | Scene, ViewLayer | Synchronizing object | Abdomen
Fra:6 Mem:9.67M (Peak 9.67M) | Time:00:00.00 | Mem:0.00M, Peak:0.00M | Scene, ViewLayer | Synchronizing object | Antenna
Fra:6 Mem:9.68M (Peak 9.68M) | Time:00:00.00 | Mem:0.00M, Peak:0.00M | Scene, ViewLayer | Initializing
Fra:6 Mem:9.03M (Peak 9.68M) | Time:00:00.00 | Mem:0.00M, Peak:0.00M | Scene, ViewLayer | Waiting for render to start
Fra:6 Mem:9.03M (Peak 9.68M) | Time:00:00.00 | Mem:0.00M, Peak:0.00M | Scene, ViewLayer | Updating Scene
Fra:6 Mem:9.03M (Peak 9.68M) | Time:00:00.00 | Mem:0.00M, Peak:0.00M | Scene, ViewLayer | Updating Shaders
Fra:6 Mem:9.03M (Peak 9.68M) | Time:00:00.00 | Mem:0.00M, Peak:0.00M | Scene, ViewLayer | Loading render kernels (may take a few minutes the first time)
Fra:6 Mem:9.12M (Peak 9.68M) | Time:00:00.00 | Mem:0.00M, Peak:0.00M | Scene, ViewLayer | Updating Procedurals
Fra:6 Mem:9.12M (Peak 9.68M) | Time:00:00.00 | Mem:0.00M, Peak:0.00M | Scene, ViewLayer | Updating Background
Fra:6 Mem:9.12M (Peak 9.68M) | Time:00:00.00 | Mem:0.00M, Peak:0.00M | Scene, ViewLayer | Updating Camera
Fra:6 Mem:9.12M (Peak 9.68M) | Time:00:00.00 | Mem:0.00M, Peak:0.00M | Scene, ViewLayer | Updating Meshes Flags
Fra:6 Mem:9.12M (Peak 9.68M) | Time:00:00.00 | Mem:0.00M, Peak:0.00M | Scene, ViewLayer | Updating Objects
Fra:6 Mem:9.12M (Peak 9.68M) | Time:00:00.00 | Mem:0.00M, Peak:0.00M | Scene, ViewLayer | Updating Objects | Copying Transformations to device
Fra:6 Mem:9.12M (Peak 9.68M) | Time:00:00.00 | Mem:0.00M, Peak:0.00M | Scene, ViewLayer | Updating Particle Systems
Fra:6 Mem:9.12M (Peak 9.68M) | Time:00:00.00 | Mem:0.00M, Peak:0.00M | Scene, ViewLayer | Updating Particle Systems | Copying Particles to device
Fra:6 Mem:9.12M (Peak 9.68M) | Time:00:00.00 | Mem:0.00M, Peak:0.00M | Scene, ViewLayer | Updating Meshes
Fra:6 Mem:9.12M (Peak 9.68M) | Time:00:00.00 | Mem:0.00M, Peak:0.00M | Scene, ViewLayer | Updating Objects | Applying Static Transformations
Fra:6 Mem:9.12M (Peak 9.68M) | Time:00:00.00 | Mem:0.00M, Peak:0.00M | Scene, ViewLayer | Updating Mesh | Computing attributes
Fra:6 Mem:9.12M (Peak 9.68M) | Time:00:00.00 | Mem:0.01M, Peak:0.01M | Scene, ViewLayer | Updating Mesh | Copying Attributes to device
Fra:6 Mem:9.12M (Peak 9.68M) | Time:00:00.00 | Mem:0.01M, Peak:0.01M | Scene, ViewLayer | Updating Scene BVH | Building
Fra:6 Mem:9.12M (Peak 9.68M) | Time:00:00.00 | Mem:0.01M, Peak:0.01M | Scene, ViewLayer | Updating Scene BVH | Building BVH
Fra:6 Mem:9.12M (Peak 9.68M) | Time:00:00.00 | Mem:0.01M, Peak:0.01M | Scene, ViewLayer | Updating Scene BVH | Copying BVH to device
Fra:6 Mem:9.12M (Peak 9.68M) | Time:00:00.00 | Mem:0.01M, Peak:0.01M | Scene, ViewLayer | Updating Mesh | Computing normals
Fra:6 Mem:9.12M (Peak 9.68M) | Time:00:00.00 | Mem:0.01M, Peak:0.01M | Scene, ViewLayer | Updating Mesh | Copying Mesh to device
Fra:6 Mem:9.12M (Peak 9.68M) | Time:00:00.00 | Mem:0.01M, Peak:0.01M | Scene, ViewLayer | Updating Objects Flags
Fra:6 Mem:9.12M (Peak 9.68M) | Time:00:00.00 | Mem:0.01M, Peak:0.01M | Scene, ViewLayer | Updating Primitive Offsets
Fra:6 Mem:9.12M (Peak 9.68M) | Time:00:00.00 | Mem:0.01M, Peak:0.01M | Scene, ViewLayer | Updating Images
Fra:6 Mem:9.12M (Peak 9.68M) | Time:00:00.00 | Mem:0.01M, Peak:0.01M | Scene, ViewLayer | Updating Camera Volume
Fra:6 Mem:9.12M (Peak 9.68M) | Time:00:00.00 | Mem:0.01M, Peak:0.01M | Scene, ViewLayer | Updating Lookup Tables
Fra:6 Mem:9.12M (Peak 9.68M) | Time:00:00.00 | Mem:0.09M, Peak:0.09M | Scene, ViewLayer | Updating Lights
Fra:6 Mem:9.12M (Peak 9.68M) | Time:00:00.00 | Mem:0.09M, Peak:0.09M | Scene, ViewLayer | Updating Lights | Computing tree
Fra:6 Mem:9.12M (Peak 9.68M) | Time:00:00.00 | Mem:0.09M, Peak:0.09M | Scene, ViewLayer | Updating Integrator
Fra:6 Mem:9.12M (Peak 9.68M) | Time:00:00.00 | Mem:0.09M, Peak:0.09M | Scene, ViewLayer | Updating Film
Fra:6 Mem:9.13M (Peak 9.68M) | Time:00:00.00 | Mem:0.01M, Peak:0.09M | Scene, ViewLayer | Updating Lookup Tables
Fra:6 Mem:9.13M (Peak 9.68M) | Time:00:00.00 | Mem:0.10M, Peak:0.10M | Scene, ViewLayer | Updating Baking
Fra:6 Mem:9.13M (Peak 9.68M) | Time:00:00.00 | Mem:0.10M, Peak:0.10M | Scene, ViewLayer | Updating Device | Writing constant memory
Fra:6 Mem:9.13M (Peak 9.68M) | Time:00:00.00 | Mem:0.10M, Peak:0.10M | Scene, ViewLayer | Sample 0/1
Fra:6 Mem:9.18M (Peak 9.68M) | Time:00:00.00 | Mem:0.11M, Peak:0.11M | Scene, ViewLayer | Sample 1/1
Fra:6 Mem:9.18M (Peak 9.68M) | Time:00:00.00 | Mem:0.11M, Peak:0.11M | Scene, ViewLayer | Finished
Saved: '/home/terence/Documents/Codex/2026-09-06/realtime-voice-chat-3/outputs/butterfly-method-comparison/blender-v2/raw/body-only/view090_frame01.png'
Time: 00:00.00 (Saving: 00:00.00)

Fra:6 Mem:9.71M (Peak 9.71M) | Time:00:00.00 | Mem:0.00M, Peak:0.00M | Scene, ViewLayer | Synchronizing object | Thorax
Fra:6 Mem:9.71M (Peak 9.71M) | Time:00:00.00 | Mem:0.00M, Peak:0.00M | Scene, ViewLayer | Synchronizing object | Head
Fra:6 Mem:9.71M (Peak 9.71M) | Time:00:00.00 | Mem:0.00M, Peak:0.00M | Scene, ViewLayer | Synchronizing object | Abdomen
Fra:6 Mem:9.71M (Peak 9.71M) | Time:00:00.00 | Mem:0.00M, Peak:0.00M | Scene, ViewLayer | Synchronizing object | Antenna
Fra:6 Mem:9.72M (Peak 9.72M) | Time:00:00.00 | Mem:0.00M, Peak:0.00M | Scene, ViewLayer | Synchronizing object | Antenna.001
Fra:6 Mem:9.72M (Peak 9.72M) | Time:00:00.00 | Mem:0.00M, Peak:0.00M | Scene, ViewLayer | Synchronizing object | R continuous fore-hind wing
Fra:6 Mem:9.72M (Peak 9.72M) | Time:00:00.00 | Mem:0.00M, Peak:0.00M | Scene, ViewLayer | Initializing
Fra:6 Mem:9.03M (Peak 9.72M) | Time:00:00.00 | Mem:0.00M, Peak:0.00M | Scene, ViewLayer | Waiting for render to start
Fra:6 Mem:9.03M (Peak 9.72M) | Time:00:00.00 | Mem:0.00M, Peak:0.00M | Scene, ViewLayer | Updating Scene
Fra:6 Mem:9.03M (Peak 9.72M) | Time:00:00.00 | Mem:0.00M, Peak:0.00M | Scene, ViewLayer | Updating Shaders
Fra:6 Mem:9.03M (Peak 9.72M) | Time:00:00.00 | Mem:0.00M, Peak:0.00M | Scene, ViewLayer | Loading render kernels (may take a few minutes the first time)
Fra:6 Mem:9.11M (Peak 9.72M) | Time:00:00.00 | Mem:0.00M, Peak:0.00M | Scene, ViewLayer | Updating Procedurals
Fra:6 Mem:9.11M (Peak 9.72M) | Time:00:00.00 | Mem:0.00M, Peak:0.00M | Scene, ViewLayer | Updating Background
Fra:6 Mem:9.11M (Peak 9.72M) | Time:00:00.00 | Mem:0.00M, Peak:0.00M | Scene, ViewLayer | Updating Camera
Fra:6 Mem:9.11M (Peak 9.72M) | Time:00:00.00 | Mem:0.00M, Peak:0.00M | Scene, ViewLayer | Updating Meshes Flags
Fra:6 Mem:9.11M (Peak 9.72M) | Time:00:00.00 | Mem:0.00M, Peak:0.00M | Scene, ViewLayer | Updating Objects
Fra:6 Mem:9.11M (Peak 9.72M) | Time:00:00.00 | Mem:0.00M, Peak:0.00M | Scene, ViewLayer | Updating Objects | Copying Transformations to device
Fra:6 Mem:9.11M (Peak 9.72M) | Time:00:00.00 | Mem:0.01M, Peak:0.01M | Scene, ViewLayer | Updating Particle Systems
Fra:6 Mem:9.11M (Peak 9.72M) | Time:00:00.00 | Mem:0.01M, Peak:0.01M | Scene, ViewLayer | Updating Particle Systems | Copying Particles to device
Fra:6 Mem:9.11M (Peak 9.72M) | Time:00:00.00 | Mem:0.01M, Peak:0.01M | Scene, ViewLayer | Updating Meshes
Fra:6 Mem:9.11M (Peak 9.72M) | Time:00:00.00 | Mem:0.01M, Peak:0.01M | Scene, ViewLayer | Updating Objects | Applying Static Transformations
Fra:6 Mem:9.11M (Peak 9.72M) | Time:00:00.00 | Mem:0.01M, Peak:0.01M | Scene, ViewLayer | Updating Mesh | Computing attributes
Fra:6 Mem:9.12M (Peak 9.72M) | Time:00:00.00 | Mem:0.01M, Peak:0.01M | Scene, ViewLayer | Updating Mesh | Copying Attributes to device
Fra:6 Mem:9.12M (Peak 9.72M) | Time:00:00.00 | Mem:0.01M, Peak:0.01M | Scene, ViewLayer | Updating Scene BVH | Building
Fra:6 Mem:9.12M (Peak 9.72M) | Time:00:00.00 | Mem:0.01M, Peak:0.01M | Scene, ViewLayer | Updating Scene BVH | Building BVH
Fra:6 Mem:9.12M (Peak 9.72M) | Time:00:00.00 | Mem:0.02M, Peak:0.03M | Scene, ViewLayer | Updating Scene BVH | Copying BVH to device
Fra:6 Mem:9.12M (Peak 9.72M) | Time:00:00.00 | Mem:0.02M, Peak:0.03M | Scene, ViewLayer | Updating Mesh | Computing normals
Fra:6 Mem:9.12M (Peak 9.72M) | Time:00:00.00 | Mem:0.02M, Peak:0.03M | Scene, ViewLayer | Updating Mesh | Copying Mesh to device
Fra:6 Mem:9.12M (Peak 9.72M) | Time:00:00.00 | Mem:0.03M, Peak:0.03M | Scene, ViewLayer | Updating Objects Flags
Fra:6 Mem:9.12M (Peak 9.72M) | Time:00:00.00 | Mem:0.03M, Peak:0.03M | Scene, ViewLayer | Updating Primitive Offsets
Fra:6 Mem:9.12M (Peak 9.72M) | Time:00:00.00 | Mem:0.03M, Peak:0.03M | Scene, ViewLayer | Updating Images
Fra:6 Mem:9.12M (Peak 9.72M) | Time:00:00.00 | Mem:0.03M, Peak:0.03M | Scene, ViewLayer | Updating Camera Volume
Fra:6 Mem:9.12M (Peak 9.72M) | Time:00:00.00 | Mem:0.03M, Peak:0.03M | Scene, ViewLayer | Updating Lookup Tables
Fra:6 Mem:9.12M (Peak 9.72M) | Time:00:00.00 | Mem:0.11M, Peak:0.11M | Scene, ViewLayer | Updating Lights
Fra:6 Mem:9.12M (Peak 9.72M) | Time:00:00.00 | Mem:0.11M, Peak:0.11M | Scene, ViewLayer | Updating Lights | Computing tree
Fra:6 Mem:9.13M (Peak 9.72M) | Time:00:00.00 | Mem:0.12M, Peak:0.12M | Scene, ViewLayer | Updating Integrator
Fra:6 Mem:9.13M (Peak 9.72M) | Time:00:00.00 | Mem:0.12M, Peak:0.12M | Scene, ViewLayer | Updating Film
Fra:6 Mem:9.13M (Peak 9.72M) | Time:00:00.00 | Mem:0.04M, Peak:0.12M | Scene, ViewLayer | Updating Lookup Tables
Fra:6 Mem:9.13M (Peak 9.72M) | Time:00:00.00 | Mem:0.12M, Peak:0.12M | Scene, ViewLayer | Updating Baking
Fra:6 Mem:9.13M (Peak 9.72M) | Time:00:00.00 | Mem:0.12M, Peak:0.12M | Scene, ViewLayer | Updating Device | Writing constant memory
Fra:6 Mem:9.14M (Peak 9.72M) | Time:00:00.00 | Mem:0.12M, Peak:0.12M | Scene, ViewLayer | Sample 0/1
Fra:6 Mem:9.19M (Peak 9.72M) | Time:00:00.00 | Mem:0.13M, Peak:0.13M | Scene, ViewLayer | Sample 1/1
Fra:6 Mem:9.19M (Peak 9.72M) | Time:00:00.00 | Mem:0.13M, Peak:0.13M | Scene, ViewLayer | Finished
Saved: '/home/terence/Documents/Codex/2026-09-06/realtime-voice-chat-3/outputs/butterfly-method-comparison/blender-v2/raw/no-abdomen-lag/view090_frame01.png'
Time: 00:00.00 (Saving: 00:00.00)

Fra:6 Mem:9.69M (Peak 9.69M) | Time:00:00.00 | Mem:0.00M, Peak:0.00M | Scene, ViewLayer | Synchronizing object | Thorax
Fra:6 Mem:9.69M (Peak 9.69M) | Time:00:00.00 | Mem:0.00M, Peak:0.00M | Scene, ViewLayer | Synchronizing object | L continuous fore-hind wing
Fra:6 Mem:9.70M (Peak 9.70M) | Time:00:00.00 | Mem:0.00M, Peak:0.00M | Scene, ViewLayer | Synchronizing object | R continuous fore-hind wing
Fra:6 Mem:9.70M (Peak 9.70M) | Time:00:00.00 | Mem:0.00M, Peak:0.00M | Scene, ViewLayer | Synchronizing object | Antenna
Fra:6 Mem:9.70M (Peak 9.70M) | Time:00:00.00 | Mem:0.00M, Peak:0.00M | Scene, ViewLayer | Synchronizing object | Antenna.001
Fra:6 Mem:9.70M (Peak 9.70M) | Time:00:00.00 | Mem:0.00M, Peak:0.00M | Scene, ViewLayer | Initializing
Fra:6 Mem:9.02M (Peak 9.70M) | Time:00:00.00 | Mem:0.00M, Peak:0.00M | Scene, ViewLayer | Waiting for render to start
Fra:6 Mem:9.02M (Peak 9.70M) | Time:00:00.00 | Mem:0.00M, Peak:0.00M | Scene, ViewLayer | Updating Scene
Fra:6 Mem:9.02M (Peak 9.70M) | Time:00:00.00 | Mem:0.00M, Peak:0.00M | Scene, ViewLayer | Updating Shaders
Fra:6 Mem:9.02M (Peak 9.70M) | Time:00:00.00 | Mem:0.00M, Peak:0.00M | Scene, ViewLayer | Loading render kernels (may take a few minutes the first time)
Fra:6 Mem:9.10M (Peak 9.70M) | Time:00:00.00 | Mem:0.00M, Peak:0.00M | Scene, ViewLayer | Updating Procedurals
Fra:6 Mem:9.10M (Peak 9.70M) | Time:00:00.00 | Mem:0.00M, Peak:0.00M | Scene, ViewLayer | Updating Background
Fra:6 Mem:9.10M (Peak 9.70M) | Time:00:00.00 | Mem:0.00M, Peak:0.00M | Scene, ViewLayer | Updating Camera
Fra:6 Mem:9.10M (Peak 9.70M) | Time:00:00.00 | Mem:0.00M, Peak:0.00M | Scene, ViewLayer | Updating Meshes Flags
Fra:6 Mem:9.10M (Peak 9.70M) | Time:00:00.00 | Mem:0.00M, Peak:0.00M | Scene, ViewLayer | Updating Objects
Fra:6 Mem:9.10M (Peak 9.70M) | Time:00:00.00 | Mem:0.00M, Peak:0.00M | Scene, ViewLayer | Updating Objects | Copying Transformations to device
Fra:6 Mem:9.10M (Peak 9.70M) | Time:00:00.00 | Mem:0.01M, Peak:0.01M | Scene, ViewLayer | Updating Particle Systems
Fra:6 Mem:9.10M (Peak 9.70M) | Time:00:00.00 | Mem:0.01M, Peak:0.01M | Scene, ViewLayer | Updating Particle Systems | Copying Particles to device
Fra:6 Mem:9.10M (Peak 9.70M) | Time:00:00.00 | Mem:0.01M, Peak:0.01M | Scene, ViewLayer | Updating Meshes
Fra:6 Mem:9.10M (Peak 9.70M) | Time:00:00.00 | Mem:0.01M, Peak:0.01M | Scene, ViewLayer | Updating Objects | Applying Static Transformations
Fra:6 Mem:9.10M (Peak 9.70M) | Time:00:00.00 | Mem:0.01M, Peak:0.01M | Scene, ViewLayer | Updating Mesh | Computing attributes
Fra:6 Mem:9.11M (Peak 9.70M) | Time:00:00.00 | Mem:0.01M, Peak:0.01M | Scene, ViewLayer | Updating Mesh | Copying Attributes to device
Fra:6 Mem:9.11M (Peak 9.70M) | Time:00:00.00 | Mem:0.01M, Peak:0.01M | Scene, ViewLayer | Updating Scene BVH | Building
Fra:6 Mem:9.11M (Peak 9.70M) | Time:00:00.00 | Mem:0.01M, Peak:0.01M | Scene, ViewLayer | Updating Scene BVH | Building BVH
Fra:6 Mem:9.11M (Peak 9.70M) | Time:00:00.00 | Mem:0.02M, Peak:0.03M | Scene, ViewLayer | Updating Scene BVH | Copying BVH to device
Fra:6 Mem:9.11M (Peak 9.70M) | Time:00:00.00 | Mem:0.02M, Peak:0.03M | Scene, ViewLayer | Updating Mesh | Computing normals
Fra:6 Mem:9.11M (Peak 9.70M) | Time:00:00.00 | Mem:0.02M, Peak:0.03M | Scene, ViewLayer | Updating Mesh | Copying Mesh to device
Fra:6 Mem:9.11M (Peak 9.70M) | Time:00:00.00 | Mem:0.03M, Peak:0.03M | Scene, ViewLayer | Updating Objects Flags
Fra:6 Mem:9.11M (Peak 9.70M) | Time:00:00.00 | Mem:0.03M, Peak:0.03M | Scene, ViewLayer | Updating Primitive Offsets
Fra:6 Mem:9.11M (Peak 9.70M) | Time:00:00.00 | Mem:0.03M, Peak:0.03M | Scene, ViewLayer | Updating Images
Fra:6 Mem:9.11M (Peak 9.70M) | Time:00:00.00 | Mem:0.03M, Peak:0.03M | Scene, ViewLayer | Updating Camera Volume
Fra:6 Mem:9.11M (Peak 9.70M) | Time:00:00.00 | Mem:0.03M, Peak:0.03M | Scene, ViewLayer | Updating Lookup Tables
Fra:6 Mem:9.11M (Peak 9.70M) | Time:00:00.00 | Mem:0.11M, Peak:0.11M | Scene, ViewLayer | Updating Lights
Fra:6 Mem:9.11M (Peak 9.70M) | Time:00:00.00 | Mem:0.11M, Peak:0.11M | Scene, ViewLayer | Updating Lights | Computing tree
Fra:6 Mem:9.12M (Peak 9.70M) | Time:00:00.00 | Mem:0.12M, Peak:0.12M | Scene, ViewLayer | Updating Integrator
Fra:6 Mem:9.12M (Peak 9.70M) | Time:00:00.00 | Mem:0.12M, Peak:0.12M | Scene, ViewLayer | Updating Film
Fra:6 Mem:9.13M (Peak 9.70M) | Time:00:00.00 | Mem:0.04M, Peak:0.12M | Scene, ViewLayer | Updating Lookup Tables
Fra:6 Mem:9.13M (Peak 9.70M) | Time:00:00.00 | Mem:0.13M, Peak:0.13M | Scene, ViewLayer | Updating Baking
Fra:6 Mem:9.13M (Peak 9.70M) | Time:00:00.00 | Mem:0.13M, Peak:0.13M | Scene, ViewLayer | Updating Device | Writing constant memory
Fra:6 Mem:9.13M (Peak 9.70M) | Time:00:00.00 | Mem:0.13M, Peak:0.13M | Scene, ViewLayer | Sample 0/1
Fra:6 Mem:9.18M (Peak 9.70M) | Time:00:00.00 | Mem:0.13M, Peak:0.13M | Scene, ViewLayer | Sample 1/1
Fra:6 Mem:9.18M (Peak 9.70M) | Time:00:00.00 | Mem:0.13M, Peak:0.13M | Scene, ViewLayer | Finished
Saved: '/home/terence/Documents/Codex/2026-09-06/realtime-voice-chat-3/outputs/butterfly-method-comparison/blender-v2/raw/wing-only/view090_frame01.png'
Time: 00:00.00 (Saving: 00:00.00)

Fra:11 Mem:9.74M (Peak 9.74M) | Time:00:00.00 | Mem:0.00M, Peak:0.00M | Scene, ViewLayer | Synchronizing object | Thorax
Fra:11 Mem:9.74M (Peak 9.74M) | Time:00:00.00 | Mem:0.00M, Peak:0.00M | Scene, ViewLayer | Synchronizing object | Abdomen
Fra:11 Mem:9.74M (Peak 9.74M) | Time:00:00.00 | Mem:0.00M, Peak:0.00M | Scene, ViewLayer | Synchronizing object | L continuous fore-hind wing
Fra:11 Mem:9.74M (Peak 9.74M) | Time:00:00.00 | Mem:0.00M, Peak:0.00M | Scene, ViewLayer | Synchronizing object | Antenna
Fra:11 Mem:9.74M (Peak 9.74M) | Time:00:00.00 | Mem:0.00M, Peak:0.00M | Scene, ViewLayer | Synchronizing object | Antenna.001
Fra:11 Mem:9.74M (Peak 9.74M) | Time:00:00.00 | Mem:0.00M, Peak:0.00M | Scene, ViewLayer | Synchronizing object | R continuous fore-hind wing
Fra:11 Mem:9.75M (Peak 9.75M) | Time:00:00.00 | Mem:0.00M, Peak:0.00M | Scene, ViewLayer | Initializing
Fra:11 Mem:9.04M (Peak 9.75M) | Time:00:00.00 | Mem:0.00M, Peak:0.00M | Scene, ViewLayer | Waiting for render to start
Fra:11 Mem:9.04M (Peak 9.75M) | Time:00:00.00 | Mem:0.00M, Peak:0.00M | Scene, ViewLayer | Updating Scene
Fra:11 Mem:9.04M (Peak 9.75M) | Time:00:00.00 | Mem:0.00M, Peak:0.00M | Scene, ViewLayer | Updating Shaders
Fra:11 Mem:9.04M (Peak 9.75M) | Time:00:00.00 | Mem:0.00M, Peak:0.00M | Scene, ViewLayer | Loading render kernels (may take a few minutes the first time)
Fra:11 Mem:9.13M (Peak 9.75M) | Time:00:00.00 | Mem:0.00M, Peak:0.00M | Scene, ViewLayer | Updating Procedurals
Fra:11 Mem:9.13M (Peak 9.75M) | Time:00:00.00 | Mem:0.00M, Peak:0.00M | Scene, ViewLayer | Updating Background
Fra:11 Mem:9.13M (Peak 9.75M) | Time:00:00.00 | Mem:0.00M, Peak:0.00M | Scene, ViewLayer | Updating Camera
Fra:11 Mem:9.13M (Peak 9.75M) | Time:00:00.00 | Mem:0.00M, Peak:0.00M | Scene, ViewLayer | Updating Meshes Flags
Fra:11 Mem:9.13M (Peak 9.75M) | Time:00:00.00 | Mem:0.00M, Peak:0.00M | Scene, ViewLayer | Updating Objects
Fra:11 Mem:9.13M (Peak 9.75M) | Time:00:00.00 | Mem:0.00M, Peak:0.00M | Scene, ViewLayer | Updating Objects | Copying Transformations to device
Fra:11 Mem:9.13M (Peak 9.75M) | Time:00:00.00 | Mem:0.01M, Peak:0.01M | Scene, ViewLayer | Updating Particle Systems
Fra:11 Mem:9.13M (Peak 9.75M) | Time:00:00.00 | Mem:0.01M, Peak:0.01M | Scene, ViewLayer | Updating Particle Systems | Copying Particles to device
Fra:11 Mem:9.13M (Peak 9.75M) | Time:00:00.00 | Mem:0.01M, Peak:0.01M | Scene, ViewLayer | Updating Meshes
Fra:11 Mem:9.13M (Peak 9.75M) | Time:00:00.00 | Mem:0.01M, Peak:0.01M | Scene, ViewLayer | Updating Objects | Applying Static Transformations
Fra:11 Mem:9.13M (Peak 9.75M) | Time:00:00.00 | Mem:0.01M, Peak:0.01M | Scene, ViewLayer | Updating Mesh | Computing attributes
Fra:11 Mem:9.13M (Peak 9.75M) | Time:00:00.00 | Mem:0.01M, Peak:0.01M | Scene, ViewLayer | Updating Mesh | Copying Attributes to device
Fra:11 Mem:9.13M (Peak 9.75M) | Time:00:00.00 | Mem:0.01M, Peak:0.01M | Scene, ViewLayer | Updating Scene BVH | Building
Fra:11 Mem:9.13M (Peak 9.75M) | Time:00:00.00 | Mem:0.01M, Peak:0.01M | Scene, ViewLayer | Updating Scene BVH | Building BVH
Fra:11 Mem:9.13M (Peak 9.75M) | Time:00:00.00 | Mem:0.02M, Peak:0.03M | Scene, ViewLayer | Updating Scene BVH | Copying BVH to device
Fra:11 Mem:9.13M (Peak 9.75M) | Time:00:00.00 | Mem:0.02M, Peak:0.03M | Scene, ViewLayer | Updating Mesh | Computing normals
Fra:11 Mem:9.14M (Peak 9.75M) | Time:00:00.00 | Mem:0.02M, Peak:0.03M | Scene, ViewLayer | Updating Mesh | Copying Mesh to device
Fra:11 Mem:9.14M (Peak 9.75M) | Time:00:00.00 | Mem:0.03M, Peak:0.03M | Scene, ViewLayer | Updating Objects Flags
Fra:11 Mem:9.14M (Peak 9.75M) | Time:00:00.00 | Mem:0.03M, Peak:0.03M | Scene, ViewLayer | Updating Primitive Offsets
Fra:11 Mem:9.14M (Peak 9.75M) | Time:00:00.00 | Mem:0.03M, Peak:0.03M | Scene, ViewLayer | Updating Images
Fra:11 Mem:9.14M (Peak 9.75M) | Time:00:00.00 | Mem:0.03M, Peak:0.03M | Scene, ViewLayer | Updating Camera Volume
Fra:11 Mem:9.14M (Peak 9.75M) | Time:00:00.00 | Mem:0.03M, Peak:0.03M | Scene, ViewLayer | Updating Lookup Tables
Fra:11 Mem:9.14M (Peak 9.75M) | Time:00:00.00 | Mem:0.11M, Peak:0.11M | Scene, ViewLayer | Updating Lights
Fra:11 Mem:9.14M (Peak 9.75M) | Time:00:00.00 | Mem:0.11M, Peak:0.11M | Scene, ViewLayer | Updating Lights | Computing tree
Fra:11 Mem:9.14M (Peak 9.75M) | Time:00:00.00 | Mem:0.12M, Peak:0.12M | Scene, ViewLayer | Updating Integrator
Fra:11 Mem:9.14M (Peak 9.75M) | Time:00:00.00 | Mem:0.12M, Peak:0.12M | Scene, ViewLayer | Updating Film
Fra:11 Mem:9.15M (Peak 9.75M) | Time:00:00.00 | Mem:0.04M, Peak:0.12M | Scene, ViewLayer | Updating Lookup Tables
Fra:11 Mem:9.15M (Peak 9.75M) | Time:00:00.00 | Mem:0.12M, Peak:0.12M | Scene, ViewLayer | Updating Baking
Fra:11 Mem:9.15M (Peak 9.75M) | Time:00:00.00 | Mem:0.12M, Peak:0.12M | Scene, ViewLayer | Updating Device | Writing constant memory
Fra:11 Mem:9.15M (Peak 9.75M) | Time:00:00.00 | Mem:0.12M, Peak:0.12M | Scene, ViewLayer | Sample 0/8
Fra:11 Mem:9.75M (Peak 9.75M) | Time:00:00.00 | Remaining:00:00.01 | Mem:0.69M, Peak:0.69M | Scene, ViewLayer | Sample 1/8
Fra:11 Mem:10.00M (Peak 10.00M) | Time:00:00.02 | Mem:0.69M, Peak:0.69M | Scene, ViewLayer | Sample 8/8
Fra:11 Mem:10.00M (Peak 10.00M) | Time:00:00.02 | Mem:0.69M, Peak:0.69M | Scene, ViewLayer | Finished
Saved: '/home/terence/Documents/Codex/2026-09-06/realtime-voice-chat-3/outputs/butterfly-method-comparison/blender-v2/raw/view090_frame02.png'
Time: 00:00.02 (Saving: 00:00.00)

Fra:11 Mem:9.74M (Peak 9.74M) | Time:00:00.00 | Mem:0.00M, Peak:0.00M | Scene, ViewLayer | Synchronizing object | Thorax
Fra:11 Mem:9.74M (Peak 9.74M) | Time:00:00.00 | Mem:0.00M, Peak:0.00M | Scene, ViewLayer | Synchronizing object | L continuous fore-hind wing
Fra:11 Mem:9.74M (Peak 9.74M) | Time:00:00.00 | Mem:0.00M, Peak:0.00M | Scene, ViewLayer | Synchronizing object | Abdomen tip
Fra:11 Mem:9.74M (Peak 9.74M) | Time:00:00.00 | Mem:0.00M, Peak:0.00M | Scene, ViewLayer | Synchronizing object | R continuous fore-hind wing
Fra:11 Mem:9.74M (Peak 9.74M) | Time:00:00.00 | Mem:0.00M, Peak:0.00M | Scene, ViewLayer | Synchronizing object | Antenna.001
Fra:11 Mem:9.75M (Peak 9.75M) | Time:00:00.00 | Mem:0.00M, Peak:0.00M | Scene, ViewLayer | Initializing
Fra:11 Mem:9.04M (Peak 9.75M) | Time:00:00.00 | Mem:0.00M, Peak:0.00M | Scene, ViewLayer | Waiting for render to start
Fra:11 Mem:9.04M (Peak 9.75M) | Time:00:00.00 | Mem:0.00M, Peak:0.00M | Scene, ViewLayer | Updating Scene
Fra:11 Mem:9.04M (Peak 9.75M) | Time:00:00.00 | Mem:0.00M, Peak:0.00M | Scene, ViewLayer | Updating Shaders
Fra:11 Mem:9.04M (Peak 9.75M) | Time:00:00.00 | Mem:0.00M, Peak:0.00M | Scene, ViewLayer | Loading render kernels (may take a few minutes the first time)
Fra:11 Mem:9.13M (Peak 9.75M) | Time:00:00.00 | Mem:0.00M, Peak:0.00M | Scene, ViewLayer | Updating Procedurals
Fra:11 Mem:9.13M (Peak 9.75M) | Time:00:00.00 | Mem:0.00M, Peak:0.00M | Scene, ViewLayer | Updating Background
Fra:11 Mem:9.13M (Peak 9.75M) | Time:00:00.00 | Mem:0.00M, Peak:0.00M | Scene, ViewLayer | Updating Camera
Fra:11 Mem:9.13M (Peak 9.75M) | Time:00:00.00 | Mem:0.00M, Peak:0.00M | Scene, ViewLayer | Updating Meshes Flags
Fra:11 Mem:9.13M (Peak 9.75M) | Time:00:00.00 | Mem:0.00M, Peak:0.00M | Scene, ViewLayer | Updating Objects
Fra:11 Mem:9.13M (Peak 9.75M) | Time:00:00.00 | Mem:0.00M, Peak:0.00M | Scene, ViewLayer | Updating Objects | Copying Transformations to device
Fra:11 Mem:9.13M (Peak 9.75M) | Time:00:00.00 | Mem:0.01M, Peak:0.01M | Scene, ViewLayer | Updating Particle Systems
Fra:11 Mem:9.13M (Peak 9.75M) | Time:00:00.00 | Mem:0.01M, Peak:0.01M | Scene, ViewLayer | Updating Particle Systems | Copying Particles to device
Fra:11 Mem:9.13M (Peak 9.75M) | Time:00:00.00 | Mem:0.01M, Peak:0.01M | Scene, ViewLayer | Updating Meshes
Fra:11 Mem:9.13M (Peak 9.75M) | Time:00:00.00 | Mem:0.01M, Peak:0.01M | Scene, ViewLayer | Updating Objects | Applying Static Transformations
Fra:11 Mem:9.13M (Peak 9.75M) | Time:00:00.00 | Mem:0.01M, Peak:0.01M | Scene, ViewLayer | Updating Mesh | Computing attributes
Fra:11 Mem:9.13M (Peak 9.75M) | Time:00:00.00 | Mem:0.01M, Peak:0.01M | Scene, ViewLayer | Updating Mesh | Copying Attributes to device
Fra:11 Mem:9.13M (Peak 9.75M) | Time:00:00.00 | Mem:0.01M, Peak:0.01M | Scene, ViewLayer | Updating Scene BVH | Building
Fra:11 Mem:9.13M (Peak 9.75M) | Time:00:00.00 | Mem:0.01M, Peak:0.01M | Scene, ViewLayer | Updating Scene BVH | Building BVH
Fra:11 Mem:9.13M (Peak 9.75M) | Time:00:00.00 | Mem:0.02M, Peak:0.03M | Scene, ViewLayer | Updating Scene BVH | Copying BVH to device
Fra:11 Mem:9.13M (Peak 9.75M) | Time:00:00.00 | Mem:0.02M, Peak:0.03M | Scene, ViewLayer | Updating Mesh | Computing normals
Fra:11 Mem:9.14M (Peak 9.75M) | Time:00:00.00 | Mem:0.02M, Peak:0.03M | Scene, ViewLayer | Updating Mesh | Copying Mesh to device
Fra:11 Mem:9.14M (Peak 9.75M) | Time:00:00.00 | Mem:0.03M, Peak:0.03M | Scene, ViewLayer | Updating Objects Flags
Fra:11 Mem:9.14M (Peak 9.75M) | Time:00:00.00 | Mem:0.03M, Peak:0.03M | Scene, ViewLayer | Updating Primitive Offsets
Fra:11 Mem:9.14M (Peak 9.75M) | Time:00:00.00 | Mem:0.03M, Peak:0.03M | Scene, ViewLayer | Updating Images
Fra:11 Mem:9.14M (Peak 9.75M) | Time:00:00.00 | Mem:0.03M, Peak:0.03M | Scene, ViewLayer | Updating Camera Volume
Fra:11 Mem:9.14M (Peak 9.75M) | Time:00:00.00 | Mem:0.03M, Peak:0.03M | Scene, ViewLayer | Updating Lookup Tables
Fra:11 Mem:9.14M (Peak 9.75M) | Time:00:00.00 | Mem:0.11M, Peak:0.11M | Scene, ViewLayer | Updating Lights
Fra:11 Mem:9.14M (Peak 9.75M) | Time:00:00.00 | Mem:0.11M, Peak:0.11M | Scene, ViewLayer | Updating Lights | Computing tree
Fra:11 Mem:9.14M (Peak 9.75M) | Time:00:00.00 | Mem:0.12M, Peak:0.12M | Scene, ViewLayer | Updating Integrator
Fra:11 Mem:9.14M (Peak 9.75M) | Time:00:00.00 | Mem:0.12M, Peak:0.12M | Scene, ViewLayer | Updating Film
Fra:11 Mem:9.15M (Peak 9.75M) | Time:00:00.00 | Mem:0.04M, Peak:0.12M | Scene, ViewLayer | Updating Lookup Tables
Fra:11 Mem:9.15M (Peak 9.75M) | Time:00:00.00 | Mem:0.12M, Peak:0.12M | Scene, ViewLayer | Updating Baking
Fra:11 Mem:9.15M (Peak 9.75M) | Time:00:00.00 | Mem:0.12M, Peak:0.12M | Scene, ViewLayer | Updating Device | Writing constant memory
Fra:11 Mem:9.15M (Peak 9.75M) | Time:00:00.00 | Mem:0.12M, Peak:0.12M | Scene, ViewLayer | Sample 0/1
Fra:11 Mem:9.20M (Peak 9.75M) | Time:00:00.00 | Mem:0.13M, Peak:0.13M | Scene, ViewLayer | Sample 1/1
Fra:11 Mem:9.20M (Peak 9.75M) | Time:00:00.00 | Mem:0.13M, Peak:0.13M | Scene, ViewLayer | Finished
Saved: '/home/terence/Documents/Codex/2026-09-06/realtime-voice-chat-3/outputs/butterfly-method-comparison/blender-v2/raw/native16/view090_frame02.png'
Time: 00:00.00 (Saving: 00:00.00)

Fra:11 Mem:9.74M (Peak 9.74M) | Time:00:00.00 | Mem:0.00M, Peak:0.00M | Scene, ViewLayer | Synchronizing object | Thorax
Fra:11 Mem:9.74M (Peak 9.74M) | Time:00:00.00 | Mem:0.00M, Peak:0.00M | Scene, ViewLayer | Synchronizing object | Head
Fra:11 Mem:9.74M (Peak 9.74M) | Time:00:00.00 | Mem:0.00M, Peak:0.00M | Scene, ViewLayer | Synchronizing object | L continuous fore-hind wing
Fra:11 Mem:9.74M (Peak 9.74M) | Time:00:00.00 | Mem:0.00M, Peak:0.00M | Scene, ViewLayer | Synchronizing object | Abdomen tip
Fra:11 Mem:9.74M (Peak 9.74M) | Time:00:00.00 | Mem:0.00M, Peak:0.00M | Scene, ViewLayer | Synchronizing object | Antenna
Fra:11 Mem:9.74M (Peak 9.74M) | Time:00:00.00 | Mem:0.00M, Peak:0.00M | Scene, ViewLayer | Synchronizing object | R continuous fore-hind wing
Fra:11 Mem:9.75M (Peak 9.75M) | Time:00:00.00 | Mem:0.00M, Peak:0.00M | Scene, ViewLayer | Synchronizing object | Antenna.001
Fra:11 Mem:9.75M (Peak 9.75M) | Time:00:00.00 | Mem:0.00M, Peak:0.00M | Scene, ViewLayer | Initializing
Fra:11 Mem:9.04M (Peak 9.75M) | Time:00:00.00 | Mem:0.00M, Peak:0.00M | Scene, ViewLayer | Waiting for render to start
Fra:11 Mem:9.04M (Peak 9.75M) | Time:00:00.00 | Mem:0.00M, Peak:0.00M | Scene, ViewLayer | Updating Scene
Fra:11 Mem:9.04M (Peak 9.75M) | Time:00:00.00 | Mem:0.00M, Peak:0.00M | Scene, ViewLayer | Updating Shaders
Fra:11 Mem:9.04M (Peak 9.75M) | Time:00:00.00 | Mem:0.00M, Peak:0.00M | Scene, ViewLayer | Loading render kernels (may take a few minutes the first time)
Fra:11 Mem:9.13M (Peak 9.75M) | Time:00:00.00 | Mem:0.00M, Peak:0.00M | Scene, ViewLayer | Updating Procedurals
Fra:11 Mem:9.13M (Peak 9.75M) | Time:00:00.00 | Mem:0.00M, Peak:0.00M | Scene, ViewLayer | Updating Background
Fra:11 Mem:9.13M (Peak 9.75M) | Time:00:00.00 | Mem:0.00M, Peak:0.00M | Scene, ViewLayer | Updating Camera
Fra:11 Mem:9.13M (Peak 9.75M) | Time:00:00.00 | Mem:0.00M, Peak:0.00M | Scene, ViewLayer | Updating Meshes Flags
Fra:11 Mem:9.13M (Peak 9.75M) | Time:00:00.00 | Mem:0.00M, Peak:0.00M | Scene, ViewLayer | Updating Objects
Fra:11 Mem:9.13M (Peak 9.75M) | Time:00:00.00 | Mem:0.00M, Peak:0.00M | Scene, ViewLayer | Updating Objects | Copying Transformations to device
Fra:11 Mem:9.13M (Peak 9.75M) | Time:00:00.00 | Mem:0.01M, Peak:0.01M | Scene, ViewLayer | Updating Particle Systems
Fra:11 Mem:9.13M (Peak 9.75M) | Time:00:00.00 | Mem:0.01M, Peak:0.01M | Scene, ViewLayer | Updating Particle Systems | Copying Particles to device
Fra:11 Mem:9.13M (Peak 9.75M) | Time:00:00.00 | Mem:0.01M, Peak:0.01M | Scene, ViewLayer | Updating Meshes
Fra:11 Mem:9.13M (Peak 9.75M) | Time:00:00.00 | Mem:0.01M, Peak:0.01M | Scene, ViewLayer | Updating Objects | Applying Static Transformations
Fra:11 Mem:9.13M (Peak 9.75M) | Time:00:00.00 | Mem:0.01M, Peak:0.01M | Scene, ViewLayer | Updating Mesh | Computing attributes
Fra:11 Mem:9.13M (Peak 9.75M) | Time:00:00.00 | Mem:0.01M, Peak:0.01M | Scene, ViewLayer | Updating Mesh | Copying Attributes to device
Fra:11 Mem:9.13M (Peak 9.75M) | Time:00:00.00 | Mem:0.01M, Peak:0.01M | Scene, ViewLayer | Updating Scene BVH | Building
Fra:11 Mem:9.13M (Peak 9.75M) | Time:00:00.00 | Mem:0.01M, Peak:0.01M | Scene, ViewLayer | Updating Scene BVH | Building BVH
Fra:11 Mem:9.13M (Peak 9.75M) | Time:00:00.00 | Mem:0.02M, Peak:0.03M | Scene, ViewLayer | Updating Scene BVH | Copying BVH to device
Fra:11 Mem:9.13M (Peak 9.75M) | Time:00:00.00 | Mem:0.02M, Peak:0.03M | Scene, ViewLayer | Updating Mesh | Computing normals
Fra:11 Mem:9.14M (Peak 9.75M) | Time:00:00.00 | Mem:0.02M, Peak:0.03M | Scene, ViewLayer | Updating Mesh | Copying Mesh to device
Fra:11 Mem:9.14M (Peak 9.75M) | Time:00:00.00 | Mem:0.03M, Peak:0.03M | Scene, ViewLayer | Updating Objects Flags
Fra:11 Mem:9.14M (Peak 9.75M) | Time:00:00.00 | Mem:0.03M, Peak:0.03M | Scene, ViewLayer | Updating Primitive Offsets
Fra:11 Mem:9.14M (Peak 9.75M) | Time:00:00.00 | Mem:0.03M, Peak:0.03M | Scene, ViewLayer | Updating Images
Fra:11 Mem:9.14M (Peak 9.75M) | Time:00:00.00 | Mem:0.03M, Peak:0.03M | Scene, ViewLayer | Updating Camera Volume
Fra:11 Mem:9.14M (Peak 9.75M) | Time:00:00.00 | Mem:0.03M, Peak:0.03M | Scene, ViewLayer | Updating Lookup Tables
Fra:11 Mem:9.14M (Peak 9.75M) | Time:00:00.00 | Mem:0.11M, Peak:0.11M | Scene, ViewLayer | Updating Lights
Fra:11 Mem:9.14M (Peak 9.75M) | Time:00:00.00 | Mem:0.11M, Peak:0.11M | Scene, ViewLayer | Updating Lights | Computing tree
Fra:11 Mem:9.14M (Peak 9.75M) | Time:00:00.00 | Mem:0.12M, Peak:0.12M | Scene, ViewLayer | Updating Integrator
Fra:11 Mem:9.14M (Peak 9.75M) | Time:00:00.00 | Mem:0.12M, Peak:0.12M | Scene, ViewLayer | Updating Film
Fra:11 Mem:9.15M (Peak 9.75M) | Time:00:00.00 | Mem:0.04M, Peak:0.12M | Scene, ViewLayer | Updating Lookup Tables
Fra:11 Mem:9.15M (Peak 9.75M) | Time:00:00.00 | Mem:0.12M, Peak:0.12M | Scene, ViewLayer | Updating Baking
Fra:11 Mem:9.15M (Peak 9.75M) | Time:00:00.00 | Mem:0.12M, Peak:0.12M | Scene, ViewLayer | Updating Device | Writing constant memory
Fra:11 Mem:9.15M (Peak 9.75M) | Time:00:00.00 | Mem:0.12M, Peak:0.12M | Scene, ViewLayer | Sample 0/1
Fra:11 Mem:9.24M (Peak 9.75M) | Time:00:00.00 | Mem:0.16M, Peak:0.16M | Scene, ViewLayer | Sample 1/1
Fra:11 Mem:9.24M (Peak 9.75M) | Time:00:00.00 | Mem:0.16M, Peak:0.16M | Scene, ViewLayer | Finished
Saved: '/home/terence/Documents/Codex/2026-09-06/realtime-voice-chat-3/outputs/butterfly-method-comparison/blender-v2/raw/native32/view090_frame02.png'
Time: 00:00.00 (Saving: 00:00.00)

Fra:11 Mem:9.67M (Peak 9.67M) | Time:00:00.00 | Mem:0.00M, Peak:0.00M | Scene, ViewLayer | Synchronizing object | Thorax
Fra:11 Mem:9.67M (Peak 9.67M) | Time:00:00.00 | Mem:0.00M, Peak:0.00M | Scene, ViewLayer | Synchronizing object | Abdomen
Fra:11 Mem:9.67M (Peak 9.67M) | Time:00:00.00 | Mem:0.00M, Peak:0.00M | Scene, ViewLayer | Synchronizing object | Antenna.001
Fra:11 Mem:9.67M (Peak 9.67M) | Time:00:00.00 | Mem:0.00M, Peak:0.00M | Scene, ViewLayer | Synchronizing object | Antenna
Fra:11 Mem:9.68M (Peak 9.68M) | Time:00:00.00 | Mem:0.00M, Peak:0.00M | Scene, ViewLayer | Initializing
Fra:11 Mem:9.03M (Peak 9.68M) | Time:00:00.00 | Mem:0.00M, Peak:0.00M | Scene, ViewLayer | Waiting for render to start
Fra:11 Mem:9.03M (Peak 9.68M) | Time:00:00.00 | Mem:0.00M, Peak:0.00M | Scene, ViewLayer | Updating Scene
Fra:11 Mem:9.03M (Peak 9.68M) | Time:00:00.00 | Mem:0.00M, Peak:0.00M | Scene, ViewLayer | Updating Shaders
Fra:11 Mem:9.03M (Peak 9.68M) | Time:00:00.00 | Mem:0.00M, Peak:0.00M | Scene, ViewLayer | Loading render kernels (may take a few minutes the first time)
Fra:11 Mem:9.12M (Peak 9.68M) | Time:00:00.00 | Mem:0.00M, Peak:0.00M | Scene, ViewLayer | Updating Procedurals
Fra:11 Mem:9.12M (Peak 9.68M) | Time:00:00.00 | Mem:0.00M, Peak:0.00M | Scene, ViewLayer | Updating Background
Fra:11 Mem:9.12M (Peak 9.68M) | Time:00:00.00 | Mem:0.00M, Peak:0.00M | Scene, ViewLayer | Updating Camera
Fra:11 Mem:9.12M (Peak 9.68M) | Time:00:00.00 | Mem:0.00M, Peak:0.00M | Scene, ViewLayer | Updating Meshes Flags
Fra:11 Mem:9.12M (Peak 9.68M) | Time:00:00.00 | Mem:0.00M, Peak:0.00M | Scene, ViewLayer | Updating Objects
Fra:11 Mem:9.12M (Peak 9.68M) | Time:00:00.00 | Mem:0.00M, Peak:0.00M | Scene, ViewLayer | Updating Objects | Copying Transformations to device
Fra:11 Mem:9.12M (Peak 9.68M) | Time:00:00.00 | Mem:0.00M, Peak:0.00M | Scene, ViewLayer | Updating Particle Systems
Fra:11 Mem:9.12M (Peak 9.68M) | Time:00:00.00 | Mem:0.00M, Peak:0.00M | Scene, ViewLayer | Updating Particle Systems | Copying Particles to device
Fra:11 Mem:9.12M (Peak 9.68M) | Time:00:00.00 | Mem:0.00M, Peak:0.00M | Scene, ViewLayer | Updating Meshes
Fra:11 Mem:9.12M (Peak 9.68M) | Time:00:00.00 | Mem:0.00M, Peak:0.00M | Scene, ViewLayer | Updating Objects | Applying Static Transformations
Fra:11 Mem:9.12M (Peak 9.68M) | Time:00:00.00 | Mem:0.00M, Peak:0.00M | Scene, ViewLayer | Updating Mesh | Computing attributes
Fra:11 Mem:9.12M (Peak 9.68M) | Time:00:00.00 | Mem:0.01M, Peak:0.01M | Scene, ViewLayer | Updating Mesh | Copying Attributes to device
Fra:11 Mem:9.12M (Peak 9.68M) | Time:00:00.00 | Mem:0.01M, Peak:0.01M | Scene, ViewLayer | Updating Scene BVH | Building
Fra:11 Mem:9.12M (Peak 9.68M) | Time:00:00.00 | Mem:0.01M, Peak:0.01M | Scene, ViewLayer | Updating Scene BVH | Building BVH
Fra:11 Mem:9.12M (Peak 9.68M) | Time:00:00.00 | Mem:0.01M, Peak:0.01M | Scene, ViewLayer | Updating Scene BVH | Copying BVH to device
Fra:11 Mem:9.12M (Peak 9.68M) | Time:00:00.00 | Mem:0.01M, Peak:0.01M | Scene, ViewLayer | Updating Mesh | Computing normals
Fra:11 Mem:9.12M (Peak 9.68M) | Time:00:00.00 | Mem:0.01M, Peak:0.01M | Scene, ViewLayer | Updating Mesh | Copying Mesh to device
Fra:11 Mem:9.12M (Peak 9.68M) | Time:00:00.00 | Mem:0.01M, Peak:0.01M | Scene, ViewLayer | Updating Objects Flags
Fra:11 Mem:9.12M (Peak 9.68M) | Time:00:00.00 | Mem:0.01M, Peak:0.01M | Scene, ViewLayer | Updating Primitive Offsets
Fra:11 Mem:9.12M (Peak 9.68M) | Time:00:00.00 | Mem:0.01M, Peak:0.01M | Scene, ViewLayer | Updating Images
Fra:11 Mem:9.12M (Peak 9.68M) | Time:00:00.00 | Mem:0.01M, Peak:0.01M | Scene, ViewLayer | Updating Camera Volume
Fra:11 Mem:9.12M (Peak 9.68M) | Time:00:00.00 | Mem:0.01M, Peak:0.01M | Scene, ViewLayer | Updating Lookup Tables
Fra:11 Mem:9.12M (Peak 9.68M) | Time:00:00.00 | Mem:0.09M, Peak:0.09M | Scene, ViewLayer | Updating Lights
Fra:11 Mem:9.12M (Peak 9.68M) | Time:00:00.00 | Mem:0.09M, Peak:0.09M | Scene, ViewLayer | Updating Lights | Computing tree
Fra:11 Mem:9.12M (Peak 9.68M) | Time:00:00.00 | Mem:0.09M, Peak:0.09M | Scene, ViewLayer | Updating Integrator
Fra:11 Mem:9.12M (Peak 9.68M) | Time:00:00.00 | Mem:0.09M, Peak:0.09M | Scene, ViewLayer | Updating Film
Fra:11 Mem:9.13M (Peak 9.68M) | Time:00:00.00 | Mem:0.01M, Peak:0.09M | Scene, ViewLayer | Updating Lookup Tables
Fra:11 Mem:9.13M (Peak 9.68M) | Time:00:00.00 | Mem:0.10M, Peak:0.10M | Scene, ViewLayer | Updating Baking
Fra:11 Mem:9.13M (Peak 9.68M) | Time:00:00.00 | Mem:0.10M, Peak:0.10M | Scene, ViewLayer | Updating Device | Writing constant memory
Fra:11 Mem:9.13M (Peak 9.68M) | Time:00:00.00 | Mem:0.10M, Peak:0.10M | Scene, ViewLayer | Sample 0/1
Fra:11 Mem:9.18M (Peak 9.68M) | Time:00:00.00 | Mem:0.11M, Peak:0.11M | Scene, ViewLayer | Sample 1/1
Fra:11 Mem:9.18M (Peak 9.68M) | Time:00:00.00 | Mem:0.11M, Peak:0.11M | Scene, ViewLayer | Finished
Saved: '/home/terence/Documents/Codex/2026-09-06/realtime-voice-chat-3/outputs/butterfly-method-comparison/blender-v2/raw/body-only/view090_frame02.png'
Time: 00:00.00 (Saving: 00:00.00)

Fra:11 Mem:9.71M (Peak 9.71M) | Time:00:00.00 | Mem:0.00M, Peak:0.00M | Scene, ViewLayer | Synchronizing object | Thorax
Fra:11 Mem:9.71M (Peak 9.71M) | Time:00:00.00 | Mem:0.00M, Peak:0.00M | Scene, ViewLayer | Synchronizing object | Abdomen
Fra:11 Mem:9.71M (Peak 9.71M) | Time:00:00.00 | Mem:0.00M, Peak:0.00M | Scene, ViewLayer | Synchronizing object | L continuous fore-hind wing
Fra:11 Mem:9.71M (Peak 9.71M) | Time:00:00.00 | Mem:0.00M, Peak:0.00M | Scene, ViewLayer | Synchronizing object | Abdomen tip
Fra:11 Mem:9.71M (Peak 9.71M) | Time:00:00.00 | Mem:0.00M, Peak:0.00M | Scene, ViewLayer | Synchronizing object | Antenna.001
Fra:11 Mem:9.72M (Peak 9.72M) | Time:00:00.00 | Mem:0.00M, Peak:0.00M | Scene, ViewLayer | Synchronizing object | R continuous fore-hind wing
Fra:11 Mem:9.72M (Peak 9.72M) | Time:00:00.00 | Mem:0.00M, Peak:0.00M | Scene, ViewLayer | Initializing
Fra:11 Mem:9.03M (Peak 9.72M) | Time:00:00.00 | Mem:0.00M, Peak:0.00M | Scene, ViewLayer | Waiting for render to start
Fra:11 Mem:9.03M (Peak 9.72M) | Time:00:00.00 | Mem:0.00M, Peak:0.00M | Scene, ViewLayer | Updating Scene
Fra:11 Mem:9.03M (Peak 9.72M) | Time:00:00.00 | Mem:0.00M, Peak:0.00M | Scene, ViewLayer | Updating Shaders
Fra:11 Mem:9.03M (Peak 9.72M) | Time:00:00.00 | Mem:0.00M, Peak:0.00M | Scene, ViewLayer | Loading render kernels (may take a few minutes the first time)
Fra:11 Mem:9.11M (Peak 9.72M) | Time:00:00.00 | Mem:0.00M, Peak:0.00M | Scene, ViewLayer | Updating Procedurals
Fra:11 Mem:9.11M (Peak 9.72M) | Time:00:00.00 | Mem:0.00M, Peak:0.00M | Scene, ViewLayer | Updating Background
Fra:11 Mem:9.11M (Peak 9.72M) | Time:00:00.00 | Mem:0.00M, Peak:0.00M | Scene, ViewLayer | Updating Camera
Fra:11 Mem:9.11M (Peak 9.72M) | Time:00:00.00 | Mem:0.00M, Peak:0.00M | Scene, ViewLayer | Updating Meshes Flags
Fra:11 Mem:9.11M (Peak 9.72M) | Time:00:00.00 | Mem:0.00M, Peak:0.00M | Scene, ViewLayer | Updating Objects
Fra:11 Mem:9.11M (Peak 9.72M) | Time:00:00.00 | Mem:0.00M, Peak:0.00M | Scene, ViewLayer | Updating Objects | Copying Transformations to device
Fra:11 Mem:9.11M (Peak 9.72M) | Time:00:00.00 | Mem:0.01M, Peak:0.01M | Scene, ViewLayer | Updating Particle Systems
Fra:11 Mem:9.11M (Peak 9.72M) | Time:00:00.00 | Mem:0.01M, Peak:0.01M | Scene, ViewLayer | Updating Particle Systems | Copying Particles to device
Fra:11 Mem:9.11M (Peak 9.72M) | Time:00:00.00 | Mem:0.01M, Peak:0.01M | Scene, ViewLayer | Updating Meshes
Fra:11 Mem:9.11M (Peak 9.72M) | Time:00:00.00 | Mem:0.01M, Peak:0.01M | Scene, ViewLayer | Updating Objects | Applying Static Transformations
Fra:11 Mem:9.11M (Peak 9.72M) | Time:00:00.00 | Mem:0.01M, Peak:0.01M | Scene, ViewLayer | Updating Mesh | Computing attributes
Fra:11 Mem:9.12M (Peak 9.72M) | Time:00:00.00 | Mem:0.01M, Peak:0.01M | Scene, ViewLayer | Updating Mesh | Copying Attributes to device
Fra:11 Mem:9.12M (Peak 9.72M) | Time:00:00.00 | Mem:0.01M, Peak:0.01M | Scene, ViewLayer | Updating Scene BVH | Building
Fra:11 Mem:9.12M (Peak 9.72M) | Time:00:00.00 | Mem:0.01M, Peak:0.01M | Scene, ViewLayer | Updating Scene BVH | Building BVH
Fra:11 Mem:9.12M (Peak 9.72M) | Time:00:00.00 | Mem:0.02M, Peak:0.03M | Scene, ViewLayer | Updating Scene BVH | Copying BVH to device
Fra:11 Mem:9.12M (Peak 9.72M) | Time:00:00.00 | Mem:0.02M, Peak:0.03M | Scene, ViewLayer | Updating Mesh | Computing normals
Fra:11 Mem:9.12M (Peak 9.72M) | Time:00:00.00 | Mem:0.02M, Peak:0.03M | Scene, ViewLayer | Updating Mesh | Copying Mesh to device
Fra:11 Mem:9.12M (Peak 9.72M) | Time:00:00.00 | Mem:0.03M, Peak:0.03M | Scene, ViewLayer | Updating Objects Flags
Fra:11 Mem:9.12M (Peak 9.72M) | Time:00:00.00 | Mem:0.03M, Peak:0.03M | Scene, ViewLayer | Updating Primitive Offsets
Fra:11 Mem:9.12M (Peak 9.72M) | Time:00:00.00 | Mem:0.03M, Peak:0.03M | Scene, ViewLayer | Updating Images
Fra:11 Mem:9.12M (Peak 9.72M) | Time:00:00.00 | Mem:0.03M, Peak:0.03M | Scene, ViewLayer | Updating Camera Volume
Fra:11 Mem:9.12M (Peak 9.72M) | Time:00:00.00 | Mem:0.03M, Peak:0.03M | Scene, ViewLayer | Updating Lookup Tables
Fra:11 Mem:9.12M (Peak 9.72M) | Time:00:00.00 | Mem:0.11M, Peak:0.11M | Scene, ViewLayer | Updating Lights
Fra:11 Mem:9.12M (Peak 9.72M) | Time:00:00.00 | Mem:0.11M, Peak:0.11M | Scene, ViewLayer | Updating Lights | Computing tree
Fra:11 Mem:9.13M (Peak 9.72M) | Time:00:00.00 | Mem:0.12M, Peak:0.12M | Scene, ViewLayer | Updating Integrator
Fra:11 Mem:9.13M (Peak 9.72M) | Time:00:00.00 | Mem:0.12M, Peak:0.12M | Scene, ViewLayer | Updating Film
Fra:11 Mem:9.13M (Peak 9.72M) | Time:00:00.00 | Mem:0.04M, Peak:0.12M | Scene, ViewLayer | Updating Lookup Tables
Fra:11 Mem:9.13M (Peak 9.72M) | Time:00:00.00 | Mem:0.12M, Peak:0.12M | Scene, ViewLayer | Updating Baking
Fra:11 Mem:9.13M (Peak 9.72M) | Time:00:00.00 | Mem:0.12M, Peak:0.12M | Scene, ViewLayer | Updating Device | Writing constant memory
Fra:11 Mem:9.14M (Peak 9.72M) | Time:00:00.00 | Mem:0.12M, Peak:0.12M | Scene, ViewLayer | Sample 0/1
Fra:11 Mem:9.19M (Peak 9.72M) | Time:00:00.00 | Mem:0.13M, Peak:0.13M | Scene, ViewLayer | Sample 1/1
Fra:11 Mem:9.19M (Peak 9.72M) | Time:00:00.00 | Mem:0.13M, Peak:0.13M | Scene, ViewLayer | Finished
Saved: '/home/terence/Documents/Codex/2026-09-06/realtime-voice-chat-3/outputs/butterfly-method-comparison/blender-v2/raw/no-abdomen-lag/view090_frame02.png'
Time: 00:00.00 (Saving: 00:00.00)

Fra:11 Mem:9.69M (Peak 9.69M) | Time:00:00.00 | Mem:0.00M, Peak:0.00M | Scene, ViewLayer | Synchronizing object | Thorax
Fra:11 Mem:9.69M (Peak 9.69M) | Time:00:00.00 | Mem:0.00M, Peak:0.00M | Scene, ViewLayer | Synchronizing object | L continuous fore-hind wing
Fra:11 Mem:9.69M (Peak 9.69M) | Time:00:00.00 | Mem:0.00M, Peak:0.00M | Scene, ViewLayer | Synchronizing object | Abdomen
Fra:11 Mem:9.70M (Peak 9.70M) | Time:00:00.00 | Mem:0.00M, Peak:0.00M | Scene, ViewLayer | Synchronizing object | R continuous fore-hind wing
Fra:11 Mem:9.70M (Peak 9.70M) | Time:00:00.00 | Mem:0.00M, Peak:0.00M | Scene, ViewLayer | Synchronizing object | Antenna.001
Fra:11 Mem:9.70M (Peak 9.70M) | Time:00:00.00 | Mem:0.00M, Peak:0.00M | Scene, ViewLayer | Initializing
Fra:11 Mem:9.02M (Peak 9.70M) | Time:00:00.00 | Mem:0.00M, Peak:0.00M | Scene, ViewLayer | Waiting for render to start
Fra:11 Mem:9.02M (Peak 9.70M) | Time:00:00.00 | Mem:0.00M, Peak:0.00M | Scene, ViewLayer | Updating Scene
Fra:11 Mem:9.02M (Peak 9.70M) | Time:00:00.00 | Mem:0.00M, Peak:0.00M | Scene, ViewLayer | Updating Shaders
Fra:11 Mem:9.02M (Peak 9.70M) | Time:00:00.00 | Mem:0.00M, Peak:0.00M | Scene, ViewLayer | Loading render kernels (may take a few minutes the first time)
Fra:11 Mem:9.10M (Peak 9.70M) | Time:00:00.00 | Mem:0.00M, Peak:0.00M | Scene, ViewLayer | Updating Procedurals
Fra:11 Mem:9.10M (Peak 9.70M) | Time:00:00.00 | Mem:0.00M, Peak:0.00M | Scene, ViewLayer | Updating Background
Fra:11 Mem:9.10M (Peak 9.70M) | Time:00:00.00 | Mem:0.00M, Peak:0.00M | Scene, ViewLayer | Updating Camera
Fra:11 Mem:9.10M (Peak 9.70M) | Time:00:00.00 | Mem:0.00M, Peak:0.00M | Scene, ViewLayer | Updating Meshes Flags
Fra:11 Mem:9.10M (Peak 9.70M) | Time:00:00.00 | Mem:0.00M, Peak:0.00M | Scene, ViewLayer | Updating Objects
Fra:11 Mem:9.10M (Peak 9.70M) | Time:00:00.00 | Mem:0.00M, Peak:0.00M | Scene, ViewLayer | Updating Objects | Copying Transformations to device
Fra:11 Mem:9.10M (Peak 9.70M) | Time:00:00.00 | Mem:0.01M, Peak:0.01M | Scene, ViewLayer | Updating Particle Systems
Fra:11 Mem:9.10M (Peak 9.70M) | Time:00:00.00 | Mem:0.01M, Peak:0.01M | Scene, ViewLayer | Updating Particle Systems | Copying Particles to device
Fra:11 Mem:9.10M (Peak 9.70M) | Time:00:00.00 | Mem:0.01M, Peak:0.01M | Scene, ViewLayer | Updating Meshes
Fra:11 Mem:9.10M (Peak 9.70M) | Time:00:00.00 | Mem:0.01M, Peak:0.01M | Scene, ViewLayer | Updating Objects | Applying Static Transformations
Fra:11 Mem:9.10M (Peak 9.70M) | Time:00:00.00 | Mem:0.01M, Peak:0.01M | Scene, ViewLayer | Updating Mesh | Computing attributes
Fra:11 Mem:9.11M (Peak 9.70M) | Time:00:00.00 | Mem:0.01M, Peak:0.01M | Scene, ViewLayer | Updating Mesh | Copying Attributes to device
Fra:11 Mem:9.11M (Peak 9.70M) | Time:00:00.00 | Mem:0.01M, Peak:0.01M | Scene, ViewLayer | Updating Scene BVH | Building
Fra:11 Mem:9.11M (Peak 9.70M) | Time:00:00.00 | Mem:0.01M, Peak:0.01M | Scene, ViewLayer | Updating Scene BVH | Building BVH
Fra:11 Mem:9.11M (Peak 9.70M) | Time:00:00.00 | Mem:0.02M, Peak:0.03M | Scene, ViewLayer | Updating Scene BVH | Copying BVH to device
Fra:11 Mem:9.11M (Peak 9.70M) | Time:00:00.00 | Mem:0.02M, Peak:0.03M | Scene, ViewLayer | Updating Mesh | Computing normals
Fra:11 Mem:9.11M (Peak 9.70M) | Time:00:00.00 | Mem:0.02M, Peak:0.03M | Scene, ViewLayer | Updating Mesh | Copying Mesh to device
Fra:11 Mem:9.11M (Peak 9.70M) | Time:00:00.00 | Mem:0.03M, Peak:0.03M | Scene, ViewLayer | Updating Objects Flags
Fra:11 Mem:9.11M (Peak 9.70M) | Time:00:00.00 | Mem:0.03M, Peak:0.03M | Scene, ViewLayer | Updating Primitive Offsets
Fra:11 Mem:9.11M (Peak 9.70M) | Time:00:00.00 | Mem:0.03M, Peak:0.03M | Scene, ViewLayer | Updating Images
Fra:11 Mem:9.11M (Peak 9.70M) | Time:00:00.00 | Mem:0.03M, Peak:0.03M | Scene, ViewLayer | Updating Camera Volume
Fra:11 Mem:9.11M (Peak 9.70M) | Time:00:00.00 | Mem:0.03M, Peak:0.03M | Scene, ViewLayer | Updating Lookup Tables
Fra:11 Mem:9.11M (Peak 9.70M) | Time:00:00.00 | Mem:0.11M, Peak:0.11M | Scene, ViewLayer | Updating Lights
Fra:11 Mem:9.11M (Peak 9.70M) | Time:00:00.00 | Mem:0.11M, Peak:0.11M | Scene, ViewLayer | Updating Lights | Computing tree
Fra:11 Mem:9.12M (Peak 9.70M) | Time:00:00.00 | Mem:0.12M, Peak:0.12M | Scene, ViewLayer | Updating Integrator
Fra:11 Mem:9.12M (Peak 9.70M) | Time:00:00.00 | Mem:0.12M, Peak:0.12M | Scene, ViewLayer | Updating Film
Fra:11 Mem:9.13M (Peak 9.70M) | Time:00:00.00 | Mem:0.04M, Peak:0.12M | Scene, ViewLayer | Updating Lookup Tables
Fra:11 Mem:9.13M (Peak 9.70M) | Time:00:00.00 | Mem:0.12M, Peak:0.12M | Scene, ViewLayer | Updating Baking
Fra:11 Mem:9.13M (Peak 9.70M) | Time:00:00.00 | Mem:0.12M, Peak:0.12M | Scene, ViewLayer | Updating Device | Writing constant memory
Fra:11 Mem:9.13M (Peak 9.70M) | Time:00:00.00 | Mem:0.12M, Peak:0.12M | Scene, ViewLayer | Sample 0/1
Fra:11 Mem:9.18M (Peak 9.70M) | Time:00:00.00 | Mem:0.13M, Peak:0.13M | Scene, ViewLayer | Sample 1/1
Fra:11 Mem:9.18M (Peak 9.70M) | Time:00:00.00 | Mem:0.13M, Peak:0.13M | Scene, ViewLayer | Finished
Saved: '/home/terence/Documents/Codex/2026-09-06/realtime-voice-chat-3/outputs/butterfly-method-comparison/blender-v2/raw/wing-only/view090_frame02.png'
Time: 00:00.00 (Saving: 00:00.00)

Fra:16 Mem:9.74M (Peak 9.74M) | Time:00:00.00 | Mem:0.00M, Peak:0.00M | Scene, ViewLayer | Synchronizing object | Thorax
Fra:16 Mem:9.74M (Peak 9.74M) | Time:00:00.00 | Mem:0.00M, Peak:0.00M | Scene, ViewLayer | Synchronizing object | L continuous fore-hind wing
Fra:16 Mem:9.74M (Peak 9.74M) | Time:00:00.00 | Mem:0.00M, Peak:0.00M | Scene, ViewLayer | Synchronizing object | Abdomen tip
Fra:16 Mem:9.74M (Peak 9.74M) | Time:00:00.00 | Mem:0.00M, Peak:0.00M | Scene, ViewLayer | Synchronizing object | Antenna.001
Fra:16 Mem:9.74M (Peak 9.74M) | Time:00:00.00 | Mem:0.00M, Peak:0.00M | Scene, ViewLayer | Synchronizing object | R continuous fore-hind wing
Fra:16 Mem:9.75M (Peak 9.75M) | Time:00:00.00 | Mem:0.00M, Peak:0.00M | Scene, ViewLayer | Initializing
Fra:16 Mem:9.04M (Peak 9.75M) | Time:00:00.00 | Mem:0.00M, Peak:0.00M | Scene, ViewLayer | Waiting for render to start
Fra:16 Mem:9.04M (Peak 9.75M) | Time:00:00.00 | Mem:0.00M, Peak:0.00M | Scene, ViewLayer | Updating Scene
Fra:16 Mem:9.04M (Peak 9.75M) | Time:00:00.00 | Mem:0.00M, Peak:0.00M | Scene, ViewLayer | Updating Shaders
Fra:16 Mem:9.04M (Peak 9.75M) | Time:00:00.00 | Mem:0.00M, Peak:0.00M | Scene, ViewLayer | Loading render kernels (may take a few minutes the first time)
Fra:16 Mem:9.13M (Peak 9.75M) | Time:00:00.00 | Mem:0.00M, Peak:0.00M | Scene, ViewLayer | Updating Procedurals
Fra:16 Mem:9.13M (Peak 9.75M) | Time:00:00.00 | Mem:0.00M, Peak:0.00M | Scene, ViewLayer | Updating Background
Fra:16 Mem:9.13M (Peak 9.75M) | Time:00:00.00 | Mem:0.00M, Peak:0.00M | Scene, ViewLayer | Updating Camera
Fra:16 Mem:9.13M (Peak 9.75M) | Time:00:00.00 | Mem:0.00M, Peak:0.00M | Scene, ViewLayer | Updating Meshes Flags
Fra:16 Mem:9.13M (Peak 9.75M) | Time:00:00.00 | Mem:0.00M, Peak:0.00M | Scene, ViewLayer | Updating Objects
Fra:16 Mem:9.13M (Peak 9.75M) | Time:00:00.00 | Mem:0.00M, Peak:0.00M | Scene, ViewLayer | Updating Objects | Copying Transformations to device
Fra:16 Mem:9.13M (Peak 9.75M) | Time:00:00.00 | Mem:0.01M, Peak:0.01M | Scene, ViewLayer | Updating Particle Systems
Fra:16 Mem:9.13M (Peak 9.75M) | Time:00:00.00 | Mem:0.01M, Peak:0.01M | Scene, ViewLayer | Updating Particle Systems | Copying Particles to device
Fra:16 Mem:9.13M (Peak 9.75M) | Time:00:00.00 | Mem:0.01M, Peak:0.01M | Scene, ViewLayer | Updating Meshes
Fra:16 Mem:9.13M (Peak 9.75M) | Time:00:00.00 | Mem:0.01M, Peak:0.01M | Scene, ViewLayer | Updating Objects | Applying Static Transformations
Fra:16 Mem:9.13M (Peak 9.75M) | Time:00:00.00 | Mem:0.01M, Peak:0.01M | Scene, ViewLayer | Updating Mesh | Computing attributes
Fra:16 Mem:9.13M (Peak 9.75M) | Time:00:00.00 | Mem:0.01M, Peak:0.01M | Scene, ViewLayer | Updating Mesh | Copying Attributes to device
Fra:16 Mem:9.13M (Peak 9.75M) | Time:00:00.00 | Mem:0.01M, Peak:0.01M | Scene, ViewLayer | Updating Scene BVH | Building
Fra:16 Mem:9.13M (Peak 9.75M) | Time:00:00.00 | Mem:0.01M, Peak:0.01M | Scene, ViewLayer | Updating Scene BVH | Building BVH
Fra:16 Mem:9.13M (Peak 9.75M) | Time:00:00.00 | Mem:0.02M, Peak:0.03M | Scene, ViewLayer | Updating Scene BVH | Copying BVH to device
Fra:16 Mem:9.13M (Peak 9.75M) | Time:00:00.00 | Mem:0.02M, Peak:0.03M | Scene, ViewLayer | Updating Mesh | Computing normals
Fra:16 Mem:9.14M (Peak 9.75M) | Time:00:00.00 | Mem:0.02M, Peak:0.03M | Scene, ViewLayer | Updating Mesh | Copying Mesh to device
Fra:16 Mem:9.14M (Peak 9.75M) | Time:00:00.00 | Mem:0.03M, Peak:0.03M | Scene, ViewLayer | Updating Objects Flags
Fra:16 Mem:9.14M (Peak 9.75M) | Time:00:00.00 | Mem:0.03M, Peak:0.03M | Scene, ViewLayer | Updating Primitive Offsets
Fra:16 Mem:9.14M (Peak 9.75M) | Time:00:00.00 | Mem:0.03M, Peak:0.03M | Scene, ViewLayer | Updating Images
Fra:16 Mem:9.14M (Peak 9.75M) | Time:00:00.00 | Mem:0.03M, Peak:0.03M | Scene, ViewLayer | Updating Camera Volume
Fra:16 Mem:9.14M (Peak 9.75M) | Time:00:00.00 | Mem:0.03M, Peak:0.03M | Scene, ViewLayer | Updating Lookup Tables
Fra:16 Mem:9.14M (Peak 9.75M) | Time:00:00.00 | Mem:0.11M, Peak:0.11M | Scene, ViewLayer | Updating Lights
Fra:16 Mem:9.14M (Peak 9.75M) | Time:00:00.00 | Mem:0.11M, Peak:0.11M | Scene, ViewLayer | Updating Lights | Computing tree
Fra:16 Mem:9.14M (Peak 9.75M) | Time:00:00.00 | Mem:0.12M, Peak:0.12M | Scene, ViewLayer | Updating Integrator
Fra:16 Mem:9.14M (Peak 9.75M) | Time:00:00.00 | Mem:0.12M, Peak:0.12M | Scene, ViewLayer | Updating Film
Fra:16 Mem:9.15M (Peak 9.75M) | Time:00:00.00 | Mem:0.04M, Peak:0.12M | Scene, ViewLayer | Updating Lookup Tables
Fra:16 Mem:9.15M (Peak 9.75M) | Time:00:00.00 | Mem:0.12M, Peak:0.12M | Scene, ViewLayer | Updating Baking
Fra:16 Mem:9.15M (Peak 9.75M) | Time:00:00.00 | Mem:0.12M, Peak:0.12M | Scene, ViewLayer | Updating Device | Writing constant memory
Fra:16 Mem:9.15M (Peak 9.75M) | Time:00:00.00 | Mem:0.12M, Peak:0.12M | Scene, ViewLayer | Sample 0/8
Fra:16 Mem:9.75M (Peak 9.75M) | Time:00:00.00 | Remaining:00:00.01 | Mem:0.69M, Peak:0.69M | Scene, ViewLayer | Sample 1/8
Fra:16 Mem:10.00M (Peak 10.00M) | Time:00:00.01 | Mem:0.69M, Peak:0.69M | Scene, ViewLayer | Sample 8/8
Fra:16 Mem:10.00M (Peak 10.00M) | Time:00:00.01 | Mem:0.69M, Peak:0.69M | Scene, ViewLayer | Finished
Saved: '/home/terence/Documents/Codex/2026-09-06/realtime-voice-chat-3/outputs/butterfly-method-comparison/blender-v2/raw/view090_frame03.png'
Time: 00:00.01 (Saving: 00:00.00)

Fra:16 Mem:9.74M (Peak 9.74M) | Time:00:00.00 | Mem:0.00M, Peak:0.00M | Scene, ViewLayer | Synchronizing object | Thorax
Fra:16 Mem:9.74M (Peak 9.74M) | Time:00:00.00 | Mem:0.00M, Peak:0.00M | Scene, ViewLayer | Synchronizing object | Abdomen
Fra:16 Mem:9.74M (Peak 9.74M) | Time:00:00.00 | Mem:0.00M, Peak:0.00M | Scene, ViewLayer | Synchronizing object | L continuous fore-hind wing
Fra:16 Mem:9.74M (Peak 9.74M) | Time:00:00.00 | Mem:0.00M, Peak:0.00M | Scene, ViewLayer | Synchronizing object | Abdomen tip
Fra:16 Mem:9.74M (Peak 9.74M) | Time:00:00.00 | Mem:0.00M, Peak:0.00M | Scene, ViewLayer | Synchronizing object | Antenna.001
Fra:16 Mem:9.74M (Peak 9.74M) | Time:00:00.00 | Mem:0.00M, Peak:0.00M | Scene, ViewLayer | Synchronizing object | R continuous fore-hind wing
Fra:16 Mem:9.75M (Peak 9.75M) | Time:00:00.00 | Mem:0.00M, Peak:0.00M | Scene, ViewLayer | Initializing
Fra:16 Mem:9.04M (Peak 9.75M) | Time:00:00.00 | Mem:0.00M, Peak:0.00M | Scene, ViewLayer | Waiting for render to start
Fra:16 Mem:9.04M (Peak 9.75M) | Time:00:00.00 | Mem:0.00M, Peak:0.00M | Scene, ViewLayer | Updating Scene
Fra:16 Mem:9.04M (Peak 9.75M) | Time:00:00.00 | Mem:0.00M, Peak:0.00M | Scene, ViewLayer | Updating Shaders
Fra:16 Mem:9.04M (Peak 9.75M) | Time:00:00.00 | Mem:0.00M, Peak:0.00M | Scene, ViewLayer | Loading render kernels (may take a few minutes the first time)
Fra:16 Mem:9.13M (Peak 9.75M) | Time:00:00.00 | Mem:0.00M, Peak:0.00M | Scene, ViewLayer | Updating Procedurals
Fra:16 Mem:9.13M (Peak 9.75M) | Time:00:00.00 | Mem:0.00M, Peak:0.00M | Scene, ViewLayer | Updating Background
Fra:16 Mem:9.13M (Peak 9.75M) | Time:00:00.00 | Mem:0.00M, Peak:0.00M | Scene, ViewLayer | Updating Camera
Fra:16 Mem:9.13M (Peak 9.75M) | Time:00:00.00 | Mem:0.00M, Peak:0.00M | Scene, ViewLayer | Updating Meshes Flags
Fra:16 Mem:9.13M (Peak 9.75M) | Time:00:00.00 | Mem:0.00M, Peak:0.00M | Scene, ViewLayer | Updating Objects
Fra:16 Mem:9.13M (Peak 9.75M) | Time:00:00.00 | Mem:0.00M, Peak:0.00M | Scene, ViewLayer | Updating Objects | Copying Transformations to device
Fra:16 Mem:9.13M (Peak 9.75M) | Time:00:00.00 | Mem:0.01M, Peak:0.01M | Scene, ViewLayer | Updating Particle Systems
Fra:16 Mem:9.13M (Peak 9.75M) | Time:00:00.00 | Mem:0.01M, Peak:0.01M | Scene, ViewLayer | Updating Particle Systems | Copying Particles to device
Fra:16 Mem:9.13M (Peak 9.75M) | Time:00:00.00 | Mem:0.01M, Peak:0.01M | Scene, ViewLayer | Updating Meshes
Fra:16 Mem:9.13M (Peak 9.75M) | Time:00:00.00 | Mem:0.01M, Peak:0.01M | Scene, ViewLayer | Updating Objects | Applying Static Transformations
Fra:16 Mem:9.13M (Peak 9.75M) | Time:00:00.00 | Mem:0.01M, Peak:0.01M | Scene, ViewLayer | Updating Mesh | Computing attributes
Fra:16 Mem:9.13M (Peak 9.75M) | Time:00:00.00 | Mem:0.01M, Peak:0.01M | Scene, ViewLayer | Updating Mesh | Copying Attributes to device
Fra:16 Mem:9.13M (Peak 9.75M) | Time:00:00.00 | Mem:0.01M, Peak:0.01M | Scene, ViewLayer | Updating Scene BVH | Building
Fra:16 Mem:9.13M (Peak 9.75M) | Time:00:00.00 | Mem:0.01M, Peak:0.01M | Scene, ViewLayer | Updating Scene BVH | Building BVH
Fra:16 Mem:9.13M (Peak 9.75M) | Time:00:00.00 | Mem:0.02M, Peak:0.03M | Scene, ViewLayer | Updating Scene BVH | Copying BVH to device
Fra:16 Mem:9.13M (Peak 9.75M) | Time:00:00.00 | Mem:0.02M, Peak:0.03M | Scene, ViewLayer | Updating Mesh | Computing normals
Fra:16 Mem:9.14M (Peak 9.75M) | Time:00:00.00 | Mem:0.02M, Peak:0.03M | Scene, ViewLayer | Updating Mesh | Copying Mesh to device
Fra:16 Mem:9.14M (Peak 9.75M) | Time:00:00.00 | Mem:0.03M, Peak:0.03M | Scene, ViewLayer | Updating Objects Flags
Fra:16 Mem:9.14M (Peak 9.75M) | Time:00:00.00 | Mem:0.03M, Peak:0.03M | Scene, ViewLayer | Updating Primitive Offsets
Fra:16 Mem:9.14M (Peak 9.75M) | Time:00:00.00 | Mem:0.03M, Peak:0.03M | Scene, ViewLayer | Updating Images
Fra:16 Mem:9.14M (Peak 9.75M) | Time:00:00.00 | Mem:0.03M, Peak:0.03M | Scene, ViewLayer | Updating Camera Volume
Fra:16 Mem:9.14M (Peak 9.75M) | Time:00:00.00 | Mem:0.03M, Peak:0.03M | Scene, ViewLayer | Updating Lookup Tables
Fra:16 Mem:9.14M (Peak 9.75M) | Time:00:00.00 | Mem:0.11M, Peak:0.11M | Scene, ViewLayer | Updating Lights
Fra:16 Mem:9.14M (Peak 9.75M) | Time:00:00.00 | Mem:0.11M, Peak:0.11M | Scene, ViewLayer | Updating Lights | Computing tree
Fra:16 Mem:9.14M (Peak 9.75M) | Time:00:00.00 | Mem:0.12M, Peak:0.12M | Scene, ViewLayer | Updating Integrator
Fra:16 Mem:9.14M (Peak 9.75M) | Time:00:00.00 | Mem:0.12M, Peak:0.12M | Scene, ViewLayer | Updating Film
Fra:16 Mem:9.15M (Peak 9.75M) | Time:00:00.00 | Mem:0.04M, Peak:0.12M | Scene, ViewLayer | Updating Lookup Tables
Fra:16 Mem:9.15M (Peak 9.75M) | Time:00:00.00 | Mem:0.12M, Peak:0.12M | Scene, ViewLayer | Updating Baking
Fra:16 Mem:9.15M (Peak 9.75M) | Time:00:00.00 | Mem:0.12M, Peak:0.12M | Scene, ViewLayer | Updating Device | Writing constant memory
Fra:16 Mem:9.15M (Peak 9.75M) | Time:00:00.00 | Mem:0.12M, Peak:0.12M | Scene, ViewLayer | Sample 0/1
Fra:16 Mem:9.20M (Peak 9.75M) | Time:00:00.00 | Mem:0.13M, Peak:0.13M | Scene, ViewLayer | Sample 1/1
Fra:16 Mem:9.20M (Peak 9.75M) | Time:00:00.00 | Mem:0.13M, Peak:0.13M | Scene, ViewLayer | Finished
Saved: '/home/terence/Documents/Codex/2026-09-06/realtime-voice-chat-3/outputs/butterfly-method-comparison/blender-v2/raw/native16/view090_frame03.png'
Time: 00:00.00 (Saving: 00:00.00)

Fra:16 Mem:9.74M (Peak 9.74M) | Time:00:00.00 | Mem:0.00M, Peak:0.00M | Scene, ViewLayer | Synchronizing object | Thorax
Fra:16 Mem:9.74M (Peak 9.74M) | Time:00:00.00 | Mem:0.00M, Peak:0.00M | Scene, ViewLayer | Synchronizing object | L continuous fore-hind wing
Fra:16 Mem:9.74M (Peak 9.74M) | Time:00:00.00 | Mem:0.00M, Peak:0.00M | Scene, ViewLayer | Synchronizing object | Abdomen
Fra:16 Mem:9.74M (Peak 9.74M) | Time:00:00.00 | Mem:0.00M, Peak:0.00M | Scene, ViewLayer | Synchronizing object | Abdomen tip
Fra:16 Mem:9.74M (Peak 9.74M) | Time:00:00.00 | Mem:0.00M, Peak:0.00M | Scene, ViewLayer | Synchronizing object | R continuous fore-hind wing
Fra:16 Mem:9.75M (Peak 9.75M) | Time:00:00.00 | Mem:0.00M, Peak:0.00M | Scene, ViewLayer | Synchronizing object | Antenna
Fra:16 Mem:9.75M (Peak 9.75M) | Time:00:00.00 | Mem:0.00M, Peak:0.00M | Scene, ViewLayer | Synchronizing object | Antenna.001
Fra:16 Mem:9.75M (Peak 9.75M) | Time:00:00.00 | Mem:0.00M, Peak:0.00M | Scene, ViewLayer | Initializing
Fra:16 Mem:9.04M (Peak 9.75M) | Time:00:00.00 | Mem:0.00M, Peak:0.00M | Scene, ViewLayer | Waiting for render to start
Fra:16 Mem:9.04M (Peak 9.75M) | Time:00:00.00 | Mem:0.00M, Peak:0.00M | Scene, ViewLayer | Updating Scene
Fra:16 Mem:9.04M (Peak 9.75M) | Time:00:00.00 | Mem:0.00M, Peak:0.00M | Scene, ViewLayer | Updating Shaders
Fra:16 Mem:9.04M (Peak 9.75M) | Time:00:00.00 | Mem:0.00M, Peak:0.00M | Scene, ViewLayer | Loading render kernels (may take a few minutes the first time)
Fra:16 Mem:9.13M (Peak 9.75M) | Time:00:00.00 | Mem:0.00M, Peak:0.00M | Scene, ViewLayer | Updating Procedurals
Fra:16 Mem:9.13M (Peak 9.75M) | Time:00:00.00 | Mem:0.00M, Peak:0.00M | Scene, ViewLayer | Updating Background
Fra:16 Mem:9.13M (Peak 9.75M) | Time:00:00.00 | Mem:0.00M, Peak:0.00M | Scene, ViewLayer | Updating Camera
Fra:16 Mem:9.13M (Peak 9.75M) | Time:00:00.00 | Mem:0.00M, Peak:0.00M | Scene, ViewLayer | Updating Meshes Flags
Fra:16 Mem:9.13M (Peak 9.75M) | Time:00:00.00 | Mem:0.00M, Peak:0.00M | Scene, ViewLayer | Updating Objects
Fra:16 Mem:9.13M (Peak 9.75M) | Time:00:00.00 | Mem:0.00M, Peak:0.00M | Scene, ViewLayer | Updating Objects | Copying Transformations to device
Fra:16 Mem:9.13M (Peak 9.75M) | Time:00:00.00 | Mem:0.01M, Peak:0.01M | Scene, ViewLayer | Updating Particle Systems
Fra:16 Mem:9.13M (Peak 9.75M) | Time:00:00.00 | Mem:0.01M, Peak:0.01M | Scene, ViewLayer | Updating Particle Systems | Copying Particles to device
Fra:16 Mem:9.13M (Peak 9.75M) | Time:00:00.00 | Mem:0.01M, Peak:0.01M | Scene, ViewLayer | Updating Meshes
Fra:16 Mem:9.13M (Peak 9.75M) | Time:00:00.00 | Mem:0.01M, Peak:0.01M | Scene, ViewLayer | Updating Objects | Applying Static Transformations
Fra:16 Mem:9.13M (Peak 9.75M) | Time:00:00.00 | Mem:0.01M, Peak:0.01M | Scene, ViewLayer | Updating Mesh | Computing attributes
Fra:16 Mem:9.13M (Peak 9.75M) | Time:00:00.00 | Mem:0.01M, Peak:0.01M | Scene, ViewLayer | Updating Mesh | Copying Attributes to device
Fra:16 Mem:9.13M (Peak 9.75M) | Time:00:00.00 | Mem:0.01M, Peak:0.01M | Scene, ViewLayer | Updating Scene BVH | Building
Fra:16 Mem:9.13M (Peak 9.75M) | Time:00:00.00 | Mem:0.01M, Peak:0.01M | Scene, ViewLayer | Updating Scene BVH | Building BVH
Fra:16 Mem:9.13M (Peak 9.75M) | Time:00:00.00 | Mem:0.02M, Peak:0.03M | Scene, ViewLayer | Updating Scene BVH | Copying BVH to device
Fra:16 Mem:9.13M (Peak 9.75M) | Time:00:00.00 | Mem:0.02M, Peak:0.03M | Scene, ViewLayer | Updating Mesh | Computing normals
Fra:16 Mem:9.14M (Peak 9.75M) | Time:00:00.00 | Mem:0.02M, Peak:0.03M | Scene, ViewLayer | Updating Mesh | Copying Mesh to device
Fra:16 Mem:9.14M (Peak 9.75M) | Time:00:00.00 | Mem:0.03M, Peak:0.03M | Scene, ViewLayer | Updating Objects Flags
Fra:16 Mem:9.14M (Peak 9.75M) | Time:00:00.00 | Mem:0.03M, Peak:0.03M | Scene, ViewLayer | Updating Primitive Offsets
Fra:16 Mem:9.14M (Peak 9.75M) | Time:00:00.00 | Mem:0.03M, Peak:0.03M | Scene, ViewLayer | Updating Images
Fra:16 Mem:9.14M (Peak 9.75M) | Time:00:00.00 | Mem:0.03M, Peak:0.03M | Scene, ViewLayer | Updating Camera Volume
Fra:16 Mem:9.14M (Peak 9.75M) | Time:00:00.00 | Mem:0.03M, Peak:0.03M | Scene, ViewLayer | Updating Lookup Tables
Fra:16 Mem:9.14M (Peak 9.75M) | Time:00:00.00 | Mem:0.11M, Peak:0.11M | Scene, ViewLayer | Updating Lights
Fra:16 Mem:9.14M (Peak 9.75M) | Time:00:00.00 | Mem:0.11M, Peak:0.11M | Scene, ViewLayer | Updating Lights | Computing tree
Fra:16 Mem:9.14M (Peak 9.75M) | Time:00:00.00 | Mem:0.12M, Peak:0.12M | Scene, ViewLayer | Updating Integrator
Fra:16 Mem:9.14M (Peak 9.75M) | Time:00:00.00 | Mem:0.12M, Peak:0.12M | Scene, ViewLayer | Updating Film
Fra:16 Mem:9.15M (Peak 9.75M) | Time:00:00.00 | Mem:0.04M, Peak:0.12M | Scene, ViewLayer | Updating Lookup Tables
Fra:16 Mem:9.15M (Peak 9.75M) | Time:00:00.00 | Mem:0.12M, Peak:0.12M | Scene, ViewLayer | Updating Baking
Fra:16 Mem:9.15M (Peak 9.75M) | Time:00:00.00 | Mem:0.12M, Peak:0.12M | Scene, ViewLayer | Updating Device | Writing constant memory
Fra:16 Mem:9.15M (Peak 9.75M) | Time:00:00.00 | Mem:0.12M, Peak:0.12M | Scene, ViewLayer | Sample 0/1
Fra:16 Mem:9.24M (Peak 9.75M) | Time:00:00.00 | Mem:0.16M, Peak:0.16M | Scene, ViewLayer | Sample 1/1
Fra:16 Mem:9.24M (Peak 9.75M) | Time:00:00.00 | Mem:0.16M, Peak:0.16M | Scene, ViewLayer | Finished
Saved: '/home/terence/Documents/Codex/2026-09-06/realtime-voice-chat-3/outputs/butterfly-method-comparison/blender-v2/raw/native32/view090_frame03.png'
Time: 00:00.00 (Saving: 00:00.00)

Fra:16 Mem:9.67M (Peak 9.67M) | Time:00:00.00 | Mem:0.00M, Peak:0.00M | Scene, ViewLayer | Synchronizing object | Thorax
Fra:16 Mem:9.67M (Peak 9.67M) | Time:00:00.00 | Mem:0.00M, Peak:0.00M | Scene, ViewLayer | Synchronizing object | Antenna.001
Fra:16 Mem:9.67M (Peak 9.67M) | Time:00:00.00 | Mem:0.00M, Peak:0.00M | Scene, ViewLayer | Synchronizing object | Antenna
Fra:16 Mem:9.68M (Peak 9.68M) | Time:00:00.00 | Mem:0.00M, Peak:0.00M | Scene, ViewLayer | Initializing
Fra:16 Mem:9.03M (Peak 9.68M) | Time:00:00.00 | Mem:0.00M, Peak:0.00M | Scene, ViewLayer | Waiting for render to start
Fra:16 Mem:9.03M (Peak 9.68M) | Time:00:00.00 | Mem:0.00M, Peak:0.00M | Scene, ViewLayer | Updating Scene
Fra:16 Mem:9.03M (Peak 9.68M) | Time:00:00.00 | Mem:0.00M, Peak:0.00M | Scene, ViewLayer | Updating Shaders
Fra:16 Mem:9.03M (Peak 9.68M) | Time:00:00.00 | Mem:0.00M, Peak:0.00M | Scene, ViewLayer | Loading render kernels (may take a few minutes the first time)
Fra:16 Mem:9.12M (Peak 9.68M) | Time:00:00.00 | Mem:0.00M, Peak:0.00M | Scene, ViewLayer | Updating Procedurals
Fra:16 Mem:9.12M (Peak 9.68M) | Time:00:00.00 | Mem:0.00M, Peak:0.00M | Scene, ViewLayer | Updating Background
Fra:16 Mem:9.12M (Peak 9.68M) | Time:00:00.00 | Mem:0.00M, Peak:0.00M | Scene, ViewLayer | Updating Camera
Fra:16 Mem:9.12M (Peak 9.68M) | Time:00:00.00 | Mem:0.00M, Peak:0.00M | Scene, ViewLayer | Updating Meshes Flags
Fra:16 Mem:9.12M (Peak 9.68M) | Time:00:00.00 | Mem:0.00M, Peak:0.00M | Scene, ViewLayer | Updating Objects
Fra:16 Mem:9.12M (Peak 9.68M) | Time:00:00.00 | Mem:0.00M, Peak:0.00M | Scene, ViewLayer | Updating Objects | Copying Transformations to device
Fra:16 Mem:9.12M (Peak 9.68M) | Time:00:00.00 | Mem:0.00M, Peak:0.00M | Scene, ViewLayer | Updating Particle Systems
Fra:16 Mem:9.12M (Peak 9.68M) | Time:00:00.00 | Mem:0.00M, Peak:0.00M | Scene, ViewLayer | Updating Particle Systems | Copying Particles to device
Fra:16 Mem:9.12M (Peak 9.68M) | Time:00:00.00 | Mem:0.00M, Peak:0.00M | Scene, ViewLayer | Updating Meshes
Fra:16 Mem:9.12M (Peak 9.68M) | Time:00:00.00 | Mem:0.00M, Peak:0.00M | Scene, ViewLayer | Updating Objects | Applying Static Transformations
Fra:16 Mem:9.12M (Peak 9.68M) | Time:00:00.00 | Mem:0.00M, Peak:0.00M | Scene, ViewLayer | Updating Mesh | Computing attributes
Fra:16 Mem:9.12M (Peak 9.68M) | Time:00:00.00 | Mem:0.01M, Peak:0.01M | Scene, ViewLayer | Updating Mesh | Copying Attributes to device
Fra:16 Mem:9.12M (Peak 9.68M) | Time:00:00.00 | Mem:0.01M, Peak:0.01M | Scene, ViewLayer | Updating Scene BVH | Building
Fra:16 Mem:9.12M (Peak 9.68M) | Time:00:00.00 | Mem:0.01M, Peak:0.01M | Scene, ViewLayer | Updating Scene BVH | Building BVH
Fra:16 Mem:9.12M (Peak 9.68M) | Time:00:00.00 | Mem:0.01M, Peak:0.01M | Scene, ViewLayer | Updating Scene BVH | Copying BVH to device
Fra:16 Mem:9.12M (Peak 9.68M) | Time:00:00.00 | Mem:0.01M, Peak:0.01M | Scene, ViewLayer | Updating Mesh | Computing normals
Fra:16 Mem:9.12M (Peak 9.68M) | Time:00:00.00 | Mem:0.01M, Peak:0.01M | Scene, ViewLayer | Updating Mesh | Copying Mesh to device
Fra:16 Mem:9.12M (Peak 9.68M) | Time:00:00.00 | Mem:0.01M, Peak:0.01M | Scene, ViewLayer | Updating Objects Flags
Fra:16 Mem:9.12M (Peak 9.68M) | Time:00:00.00 | Mem:0.01M, Peak:0.01M | Scene, ViewLayer | Updating Primitive Offsets
Fra:16 Mem:9.12M (Peak 9.68M) | Time:00:00.00 | Mem:0.01M, Peak:0.01M | Scene, ViewLayer | Updating Images
Fra:16 Mem:9.12M (Peak 9.68M) | Time:00:00.00 | Mem:0.01M, Peak:0.01M | Scene, ViewLayer | Updating Camera Volume
Fra:16 Mem:9.12M (Peak 9.68M) | Time:00:00.00 | Mem:0.01M, Peak:0.01M | Scene, ViewLayer | Updating Lookup Tables
Fra:16 Mem:9.12M (Peak 9.68M) | Time:00:00.00 | Mem:0.09M, Peak:0.09M | Scene, ViewLayer | Updating Lights
Fra:16 Mem:9.12M (Peak 9.68M) | Time:00:00.00 | Mem:0.09M, Peak:0.09M | Scene, ViewLayer | Updating Lights | Computing tree
Fra:16 Mem:9.12M (Peak 9.68M) | Time:00:00.00 | Mem:0.09M, Peak:0.09M | Scene, ViewLayer | Updating Integrator
Fra:16 Mem:9.12M (Peak 9.68M) | Time:00:00.00 | Mem:0.09M, Peak:0.09M | Scene, ViewLayer | Updating Film
Fra:16 Mem:9.13M (Peak 9.68M) | Time:00:00.00 | Mem:0.01M, Peak:0.09M | Scene, ViewLayer | Updating Lookup Tables
Fra:16 Mem:9.13M (Peak 9.68M) | Time:00:00.00 | Mem:0.10M, Peak:0.10M | Scene, ViewLayer | Updating Baking
Fra:16 Mem:9.13M (Peak 9.68M) | Time:00:00.00 | Mem:0.10M, Peak:0.10M | Scene, ViewLayer | Updating Device | Writing constant memory
Fra:16 Mem:9.13M (Peak 9.68M) | Time:00:00.00 | Mem:0.10M, Peak:0.10M | Scene, ViewLayer | Sample 0/1
Fra:16 Mem:9.18M (Peak 9.68M) | Time:00:00.00 | Mem:0.11M, Peak:0.11M | Scene, ViewLayer | Sample 1/1
Fra:16 Mem:9.18M (Peak 9.68M) | Time:00:00.00 | Mem:0.11M, Peak:0.11M | Scene, ViewLayer | Finished
Saved: '/home/terence/Documents/Codex/2026-09-06/realtime-voice-chat-3/outputs/butterfly-method-comparison/blender-v2/raw/body-only/view090_frame03.png'
Time: 00:00.00 (Saving: 00:00.00)

Fra:16 Mem:9.71M (Peak 9.71M) | Time:00:00.00 | Mem:0.00M, Peak:0.00M | Scene, ViewLayer | Synchronizing object | Thorax
Fra:16 Mem:9.71M (Peak 9.71M) | Time:00:00.00 | Mem:0.00M, Peak:0.00M | Scene, ViewLayer | Synchronizing object | L continuous fore-hind wing
Fra:16 Mem:9.71M (Peak 9.71M) | Time:00:00.00 | Mem:0.00M, Peak:0.00M | Scene, ViewLayer | Synchronizing object | R continuous fore-hind wing
Fra:16 Mem:9.72M (Peak 9.72M) | Time:00:00.00 | Mem:0.00M, Peak:0.00M | Scene, ViewLayer | Synchronizing object | Antenna.001
Fra:16 Mem:9.72M (Peak 9.72M) | Time:00:00.00 | Mem:0.00M, Peak:0.00M | Scene, ViewLayer | Synchronizing object | Antenna
Fra:16 Mem:9.72M (Peak 9.72M) | Time:00:00.00 | Mem:0.00M, Peak:0.00M | Scene, ViewLayer | Initializing
Fra:16 Mem:9.03M (Peak 9.72M) | Time:00:00.00 | Mem:0.00M, Peak:0.00M | Scene, ViewLayer | Waiting for render to start
Fra:16 Mem:9.03M (Peak 9.72M) | Time:00:00.00 | Mem:0.00M, Peak:0.00M | Scene, ViewLayer | Updating Scene
Fra:16 Mem:9.03M (Peak 9.72M) | Time:00:00.00 | Mem:0.00M, Peak:0.00M | Scene, ViewLayer | Updating Shaders
Fra:16 Mem:9.03M (Peak 9.72M) | Time:00:00.00 | Mem:0.00M, Peak:0.00M | Scene, ViewLayer | Loading render kernels (may take a few minutes the first time)
Fra:16 Mem:9.11M (Peak 9.72M) | Time:00:00.00 | Mem:0.00M, Peak:0.00M | Scene, ViewLayer | Updating Procedurals
Fra:16 Mem:9.11M (Peak 9.72M) | Time:00:00.00 | Mem:0.00M, Peak:0.00M | Scene, ViewLayer | Updating Background
Fra:16 Mem:9.11M (Peak 9.72M) | Time:00:00.00 | Mem:0.00M, Peak:0.00M | Scene, ViewLayer | Updating Camera
Fra:16 Mem:9.11M (Peak 9.72M) | Time:00:00.00 | Mem:0.00M, Peak:0.00M | Scene, ViewLayer | Updating Meshes Flags
Fra:16 Mem:9.11M (Peak 9.72M) | Time:00:00.00 | Mem:0.00M, Peak:0.00M | Scene, ViewLayer | Updating Objects
Fra:16 Mem:9.11M (Peak 9.72M) | Time:00:00.00 | Mem:0.00M, Peak:0.00M | Scene, ViewLayer | Updating Objects | Copying Transformations to device
Fra:16 Mem:9.11M (Peak 9.72M) | Time:00:00.00 | Mem:0.01M, Peak:0.01M | Scene, ViewLayer | Updating Particle Systems
Fra:16 Mem:9.11M (Peak 9.72M) | Time:00:00.00 | Mem:0.01M, Peak:0.01M | Scene, ViewLayer | Updating Particle Systems | Copying Particles to device
Fra:16 Mem:9.11M (Peak 9.72M) | Time:00:00.00 | Mem:0.01M, Peak:0.01M | Scene, ViewLayer | Updating Meshes
Fra:16 Mem:9.11M (Peak 9.72M) | Time:00:00.00 | Mem:0.01M, Peak:0.01M | Scene, ViewLayer | Updating Objects | Applying Static Transformations
Fra:16 Mem:9.11M (Peak 9.72M) | Time:00:00.00 | Mem:0.01M, Peak:0.01M | Scene, ViewLayer | Updating Mesh | Computing attributes
Fra:16 Mem:9.12M (Peak 9.72M) | Time:00:00.00 | Mem:0.01M, Peak:0.01M | Scene, ViewLayer | Updating Mesh | Copying Attributes to device
Fra:16 Mem:9.12M (Peak 9.72M) | Time:00:00.00 | Mem:0.01M, Peak:0.01M | Scene, ViewLayer | Updating Scene BVH | Building
Fra:16 Mem:9.12M (Peak 9.72M) | Time:00:00.00 | Mem:0.01M, Peak:0.01M | Scene, ViewLayer | Updating Scene BVH | Building BVH
Fra:16 Mem:9.12M (Peak 9.72M) | Time:00:00.00 | Mem:0.02M, Peak:0.03M | Scene, ViewLayer | Updating Scene BVH | Copying BVH to device
Fra:16 Mem:9.12M (Peak 9.72M) | Time:00:00.00 | Mem:0.02M, Peak:0.03M | Scene, ViewLayer | Updating Mesh | Computing normals
Fra:16 Mem:9.12M (Peak 9.72M) | Time:00:00.00 | Mem:0.02M, Peak:0.03M | Scene, ViewLayer | Updating Mesh | Copying Mesh to device
Fra:16 Mem:9.12M (Peak 9.72M) | Time:00:00.00 | Mem:0.03M, Peak:0.03M | Scene, ViewLayer | Updating Objects Flags
Fra:16 Mem:9.12M (Peak 9.72M) | Time:00:00.00 | Mem:0.03M, Peak:0.03M | Scene, ViewLayer | Updating Primitive Offsets
Fra:16 Mem:9.12M (Peak 9.72M) | Time:00:00.00 | Mem:0.03M, Peak:0.03M | Scene, ViewLayer | Updating Images
Fra:16 Mem:9.12M (Peak 9.72M) | Time:00:00.00 | Mem:0.03M, Peak:0.03M | Scene, ViewLayer | Updating Camera Volume
Fra:16 Mem:9.12M (Peak 9.72M) | Time:00:00.00 | Mem:0.03M, Peak:0.03M | Scene, ViewLayer | Updating Lookup Tables
Fra:16 Mem:9.12M (Peak 9.72M) | Time:00:00.00 | Mem:0.11M, Peak:0.11M | Scene, ViewLayer | Updating Lights
Fra:16 Mem:9.12M (Peak 9.72M) | Time:00:00.00 | Mem:0.11M, Peak:0.11M | Scene, ViewLayer | Updating Lights | Computing tree
Fra:16 Mem:9.13M (Peak 9.72M) | Time:00:00.00 | Mem:0.12M, Peak:0.12M | Scene, ViewLayer | Updating Integrator
Fra:16 Mem:9.13M (Peak 9.72M) | Time:00:00.00 | Mem:0.12M, Peak:0.12M | Scene, ViewLayer | Updating Film
Fra:16 Mem:9.13M (Peak 9.72M) | Time:00:00.00 | Mem:0.04M, Peak:0.12M | Scene, ViewLayer | Updating Lookup Tables
Fra:16 Mem:9.13M (Peak 9.72M) | Time:00:00.00 | Mem:0.12M, Peak:0.12M | Scene, ViewLayer | Updating Baking
Fra:16 Mem:9.13M (Peak 9.72M) | Time:00:00.00 | Mem:0.12M, Peak:0.12M | Scene, ViewLayer | Updating Device | Writing constant memory
Fra:16 Mem:9.14M (Peak 9.72M) | Time:00:00.00 | Mem:0.12M, Peak:0.12M | Scene, ViewLayer | Sample 0/1
Fra:16 Mem:9.19M (Peak 9.72M) | Time:00:00.00 | Mem:0.13M, Peak:0.13M | Scene, ViewLayer | Sample 1/1
Fra:16 Mem:9.19M (Peak 9.72M) | Time:00:00.00 | Mem:0.13M, Peak:0.13M | Scene, ViewLayer | Finished
Saved: '/home/terence/Documents/Codex/2026-09-06/realtime-voice-chat-3/outputs/butterfly-method-comparison/blender-v2/raw/no-abdomen-lag/view090_frame03.png'
Time: 00:00.00 (Saving: 00:00.00)

Fra:16 Mem:9.69M (Peak 9.69M) | Time:00:00.00 | Mem:0.00M, Peak:0.00M | Scene, ViewLayer | Synchronizing object | Thorax
Fra:16 Mem:9.69M (Peak 9.69M) | Time:00:00.00 | Mem:0.00M, Peak:0.00M | Scene, ViewLayer | Synchronizing object | Head
Fra:16 Mem:9.69M (Peak 9.69M) | Time:00:00.00 | Mem:0.00M, Peak:0.00M | Scene, ViewLayer | Synchronizing object | L continuous fore-hind wing
Fra:16 Mem:9.69M (Peak 9.69M) | Time:00:00.00 | Mem:0.00M, Peak:0.00M | Scene, ViewLayer | Synchronizing object | Abdomen tip
Fra:16 Mem:9.70M (Peak 9.70M) | Time:00:00.00 | Mem:0.00M, Peak:0.00M | Scene, ViewLayer | Synchronizing object | R continuous fore-hind wing
Fra:16 Mem:9.70M (Peak 9.70M) | Time:00:00.00 | Mem:0.00M, Peak:0.00M | Scene, ViewLayer | Synchronizing object | Antenna
Fra:16 Mem:9.70M (Peak 9.70M) | Time:00:00.00 | Mem:0.00M, Peak:0.00M | Scene, ViewLayer | Synchronizing object | Antenna.001
Fra:16 Mem:9.70M (Peak 9.70M) | Time:00:00.00 | Mem:0.00M, Peak:0.00M | Scene, ViewLayer | Initializing
Fra:16 Mem:9.02M (Peak 9.70M) | Time:00:00.00 | Mem:0.00M, Peak:0.00M | Scene, ViewLayer | Waiting for render to start
Fra:16 Mem:9.02M (Peak 9.70M) | Time:00:00.00 | Mem:0.00M, Peak:0.00M | Scene, ViewLayer | Updating Scene
Fra:16 Mem:9.02M (Peak 9.70M) | Time:00:00.00 | Mem:0.00M, Peak:0.00M | Scene, ViewLayer | Updating Shaders
Fra:16 Mem:9.02M (Peak 9.70M) | Time:00:00.00 | Mem:0.00M, Peak:0.00M | Scene, ViewLayer | Loading render kernels (may take a few minutes the first time)
Fra:16 Mem:9.10M (Peak 9.70M) | Time:00:00.00 | Mem:0.00M, Peak:0.00M | Scene, ViewLayer | Updating Procedurals
Fra:16 Mem:9.10M (Peak 9.70M) | Time:00:00.00 | Mem:0.00M, Peak:0.00M | Scene, ViewLayer | Updating Background
Fra:16 Mem:9.10M (Peak 9.70M) | Time:00:00.00 | Mem:0.00M, Peak:0.00M | Scene, ViewLayer | Updating Camera
Fra:16 Mem:9.10M (Peak 9.70M) | Time:00:00.00 | Mem:0.00M, Peak:0.00M | Scene, ViewLayer | Updating Meshes Flags
Fra:16 Mem:9.10M (Peak 9.70M) | Time:00:00.00 | Mem:0.00M, Peak:0.00M | Scene, ViewLayer | Updating Objects
Fra:16 Mem:9.10M (Peak 9.70M) | Time:00:00.00 | Mem:0.00M, Peak:0.00M | Scene, ViewLayer | Updating Objects | Copying Transformations to device
Fra:16 Mem:9.10M (Peak 9.70M) | Time:00:00.00 | Mem:0.01M, Peak:0.01M | Scene, ViewLayer | Updating Particle Systems
Fra:16 Mem:9.10M (Peak 9.70M) | Time:00:00.00 | Mem:0.01M, Peak:0.01M | Scene, ViewLayer | Updating Particle Systems | Copying Particles to device
Fra:16 Mem:9.10M (Peak 9.70M) | Time:00:00.00 | Mem:0.01M, Peak:0.01M | Scene, ViewLayer | Updating Meshes
Fra:16 Mem:9.10M (Peak 9.70M) | Time:00:00.00 | Mem:0.01M, Peak:0.01M | Scene, ViewLayer | Updating Objects | Applying Static Transformations
Fra:16 Mem:9.10M (Peak 9.70M) | Time:00:00.00 | Mem:0.01M, Peak:0.01M | Scene, ViewLayer | Updating Mesh | Computing attributes
Fra:16 Mem:9.11M (Peak 9.70M) | Time:00:00.00 | Mem:0.01M, Peak:0.01M | Scene, ViewLayer | Updating Mesh | Copying Attributes to device
Fra:16 Mem:9.11M (Peak 9.70M) | Time:00:00.00 | Mem:0.01M, Peak:0.01M | Scene, ViewLayer | Updating Scene BVH | Building
Fra:16 Mem:9.11M (Peak 9.70M) | Time:00:00.00 | Mem:0.01M, Peak:0.01M | Scene, ViewLayer | Updating Scene BVH | Building BVH
Fra:16 Mem:9.11M (Peak 9.70M) | Time:00:00.00 | Mem:0.02M, Peak:0.03M | Scene, ViewLayer | Updating Scene BVH | Copying BVH to device
Fra:16 Mem:9.11M (Peak 9.70M) | Time:00:00.00 | Mem:0.02M, Peak:0.03M | Scene, ViewLayer | Updating Mesh | Computing normals
Fra:16 Mem:9.11M (Peak 9.70M) | Time:00:00.00 | Mem:0.02M, Peak:0.03M | Scene, ViewLayer | Updating Mesh | Copying Mesh to device
Fra:16 Mem:9.11M (Peak 9.70M) | Time:00:00.00 | Mem:0.03M, Peak:0.03M | Scene, ViewLayer | Updating Objects Flags
Fra:16 Mem:9.11M (Peak 9.70M) | Time:00:00.00 | Mem:0.03M, Peak:0.03M | Scene, ViewLayer | Updating Primitive Offsets
Fra:16 Mem:9.11M (Peak 9.70M) | Time:00:00.00 | Mem:0.03M, Peak:0.03M | Scene, ViewLayer | Updating Images
Fra:16 Mem:9.11M (Peak 9.70M) | Time:00:00.00 | Mem:0.03M, Peak:0.03M | Scene, ViewLayer | Updating Camera Volume
Fra:16 Mem:9.11M (Peak 9.70M) | Time:00:00.00 | Mem:0.03M, Peak:0.03M | Scene, ViewLayer | Updating Lookup Tables
Fra:16 Mem:9.11M (Peak 9.70M) | Time:00:00.00 | Mem:0.11M, Peak:0.11M | Scene, ViewLayer | Updating Lights
Fra:16 Mem:9.11M (Peak 9.70M) | Time:00:00.00 | Mem:0.11M, Peak:0.11M | Scene, ViewLayer | Updating Lights | Computing tree
Fra:16 Mem:9.12M (Peak 9.70M) | Time:00:00.00 | Mem:0.12M, Peak:0.12M | Scene, ViewLayer | Updating Integrator
Fra:16 Mem:9.12M (Peak 9.70M) | Time:00:00.00 | Mem:0.12M, Peak:0.12M | Scene, ViewLayer | Updating Film
Fra:16 Mem:9.13M (Peak 9.70M) | Time:00:00.00 | Mem:0.04M, Peak:0.12M | Scene, ViewLayer | Updating Lookup Tables
Fra:16 Mem:9.13M (Peak 9.70M) | Time:00:00.00 | Mem:0.13M, Peak:0.13M | Scene, ViewLayer | Updating Baking
Fra:16 Mem:9.13M (Peak 9.70M) | Time:00:00.00 | Mem:0.13M, Peak:0.13M | Scene, ViewLayer | Updating Device | Writing constant memory
Fra:16 Mem:9.13M (Peak 9.70M) | Time:00:00.00 | Mem:0.13M, Peak:0.13M | Scene, ViewLayer | Sample 0/1
Fra:16 Mem:9.18M (Peak 9.70M) | Time:00:00.00 | Mem:0.13M, Peak:0.13M | Scene, ViewLayer | Sample 1/1
Fra:16 Mem:9.18M (Peak 9.70M) | Time:00:00.00 | Mem:0.13M, Peak:0.13M | Scene, ViewLayer | Finished
Saved: '/home/terence/Documents/Codex/2026-09-06/realtime-voice-chat-3/outputs/butterfly-method-comparison/blender-v2/raw/wing-only/view090_frame03.png'
Time: 00:00.00 (Saving: 00:00.00)

Fra:21 Mem:9.74M (Peak 9.74M) | Time:00:00.00 | Mem:0.00M, Peak:0.00M | Scene, ViewLayer | Synchronizing object | Thorax
Fra:21 Mem:9.74M (Peak 9.74M) | Time:00:00.00 | Mem:0.00M, Peak:0.00M | Scene, ViewLayer | Synchronizing object | Head
Fra:21 Mem:9.74M (Peak 9.74M) | Time:00:00.00 | Mem:0.00M, Peak:0.00M | Scene, ViewLayer | Synchronizing object | L continuous fore-hind wing
Fra:21 Mem:9.74M (Peak 9.74M) | Time:00:00.00 | Mem:0.00M, Peak:0.00M | Scene, ViewLayer | Synchronizing object | Abdomen
Fra:21 Mem:9.74M (Peak 9.74M) | Time:00:00.00 | Mem:0.00M, Peak:0.00M | Scene, ViewLayer | Synchronizing object | R continuous fore-hind wing
Fra:21 Mem:9.75M (Peak 9.75M) | Time:00:00.00 | Mem:0.00M, Peak:0.00M | Scene, ViewLayer | Synchronizing object | Antenna
Fra:21 Mem:9.75M (Peak 9.75M) | Time:00:00.00 | Mem:0.00M, Peak:0.00M | Scene, ViewLayer | Synchronizing object | Antenna.001
Fra:21 Mem:9.75M (Peak 9.75M) | Time:00:00.00 | Mem:0.00M, Peak:0.00M | Scene, ViewLayer | Initializing
Fra:21 Mem:9.04M (Peak 9.75M) | Time:00:00.00 | Mem:0.00M, Peak:0.00M | Scene, ViewLayer | Waiting for render to start
Fra:21 Mem:9.04M (Peak 9.75M) | Time:00:00.00 | Mem:0.00M, Peak:0.00M | Scene, ViewLayer | Updating Scene
Fra:21 Mem:9.04M (Peak 9.75M) | Time:00:00.00 | Mem:0.00M, Peak:0.00M | Scene, ViewLayer | Updating Shaders
Fra:21 Mem:9.04M (Peak 9.75M) | Time:00:00.00 | Mem:0.00M, Peak:0.00M | Scene, ViewLayer | Loading render kernels (may take a few minutes the first time)
Fra:21 Mem:9.13M (Peak 9.75M) | Time:00:00.00 | Mem:0.00M, Peak:0.00M | Scene, ViewLayer | Updating Procedurals
Fra:21 Mem:9.13M (Peak 9.75M) | Time:00:00.00 | Mem:0.00M, Peak:0.00M | Scene, ViewLayer | Updating Background
Fra:21 Mem:9.13M (Peak 9.75M) | Time:00:00.00 | Mem:0.00M, Peak:0.00M | Scene, ViewLayer | Updating Camera
Fra:21 Mem:9.13M (Peak 9.75M) | Time:00:00.00 | Mem:0.00M, Peak:0.00M | Scene, ViewLayer | Updating Meshes Flags
Fra:21 Mem:9.13M (Peak 9.75M) | Time:00:00.00 | Mem:0.00M, Peak:0.00M | Scene, ViewLayer | Updating Objects
Fra:21 Mem:9.13M (Peak 9.75M) | Time:00:00.00 | Mem:0.00M, Peak:0.00M | Scene, ViewLayer | Updating Objects | Copying Transformations to device
Fra:21 Mem:9.13M (Peak 9.75M) | Time:00:00.00 | Mem:0.01M, Peak:0.01M | Scene, ViewLayer | Updating Particle Systems
Fra:21 Mem:9.13M (Peak 9.75M) | Time:00:00.00 | Mem:0.01M, Peak:0.01M | Scene, ViewLayer | Updating Particle Systems | Copying Particles to device
Fra:21 Mem:9.13M (Peak 9.75M) | Time:00:00.00 | Mem:0.01M, Peak:0.01M | Scene, ViewLayer | Updating Meshes
Fra:21 Mem:9.13M (Peak 9.75M) | Time:00:00.00 | Mem:0.01M, Peak:0.01M | Scene, ViewLayer | Updating Objects | Applying Static Transformations
Fra:21 Mem:9.13M (Peak 9.75M) | Time:00:00.00 | Mem:0.01M, Peak:0.01M | Scene, ViewLayer | Updating Mesh | Computing attributes
Fra:21 Mem:9.13M (Peak 9.75M) | Time:00:00.00 | Mem:0.01M, Peak:0.01M | Scene, ViewLayer | Updating Mesh | Copying Attributes to device
Fra:21 Mem:9.13M (Peak 9.75M) | Time:00:00.00 | Mem:0.01M, Peak:0.01M | Scene, ViewLayer | Updating Scene BVH | Building
Fra:21 Mem:9.13M (Peak 9.75M) | Time:00:00.00 | Mem:0.01M, Peak:0.01M | Scene, ViewLayer | Updating Scene BVH | Building BVH
Fra:21 Mem:9.13M (Peak 9.75M) | Time:00:00.00 | Mem:0.02M, Peak:0.03M | Scene, ViewLayer | Updating Scene BVH | Copying BVH to device
Fra:21 Mem:9.13M (Peak 9.75M) | Time:00:00.00 | Mem:0.02M, Peak:0.03M | Scene, ViewLayer | Updating Mesh | Computing normals
Fra:21 Mem:9.14M (Peak 9.75M) | Time:00:00.00 | Mem:0.02M, Peak:0.03M | Scene, ViewLayer | Updating Mesh | Copying Mesh to device
Fra:21 Mem:9.14M (Peak 9.75M) | Time:00:00.00 | Mem:0.03M, Peak:0.03M | Scene, ViewLayer | Updating Objects Flags
Fra:21 Mem:9.14M (Peak 9.75M) | Time:00:00.00 | Mem:0.03M, Peak:0.03M | Scene, ViewLayer | Updating Primitive Offsets
Fra:21 Mem:9.14M (Peak 9.75M) | Time:00:00.00 | Mem:0.03M, Peak:0.03M | Scene, ViewLayer | Updating Images
Fra:21 Mem:9.14M (Peak 9.75M) | Time:00:00.00 | Mem:0.03M, Peak:0.03M | Scene, ViewLayer | Updating Camera Volume
Fra:21 Mem:9.14M (Peak 9.75M) | Time:00:00.00 | Mem:0.03M, Peak:0.03M | Scene, ViewLayer | Updating Lookup Tables
Fra:21 Mem:9.14M (Peak 9.75M) | Time:00:00.00 | Mem:0.11M, Peak:0.11M | Scene, ViewLayer | Updating Lights
Fra:21 Mem:9.14M (Peak 9.75M) | Time:00:00.00 | Mem:0.11M, Peak:0.11M | Scene, ViewLayer | Updating Lights | Computing tree
Fra:21 Mem:9.14M (Peak 9.75M) | Time:00:00.00 | Mem:0.12M, Peak:0.12M | Scene, ViewLayer | Updating Integrator
Fra:21 Mem:9.14M (Peak 9.75M) | Time:00:00.00 | Mem:0.12M, Peak:0.12M | Scene, ViewLayer | Updating Film
Fra:21 Mem:9.15M (Peak 9.75M) | Time:00:00.00 | Mem:0.04M, Peak:0.12M | Scene, ViewLayer | Updating Lookup Tables
Fra:21 Mem:9.15M (Peak 9.75M) | Time:00:00.00 | Mem:0.12M, Peak:0.12M | Scene, ViewLayer | Updating Baking
Fra:21 Mem:9.15M (Peak 9.75M) | Time:00:00.00 | Mem:0.12M, Peak:0.12M | Scene, ViewLayer | Updating Device | Writing constant memory
Fra:21 Mem:9.15M (Peak 9.75M) | Time:00:00.00 | Mem:0.12M, Peak:0.12M | Scene, ViewLayer | Sample 0/8
Fra:21 Mem:9.75M (Peak 9.75M) | Time:00:00.00 | Remaining:00:00.01 | Mem:0.69M, Peak:0.69M | Scene, ViewLayer | Sample 1/8
Fra:21 Mem:10.00M (Peak 10.00M) | Time:00:00.02 | Mem:0.69M, Peak:0.69M | Scene, ViewLayer | Sample 8/8
Fra:21 Mem:10.00M (Peak 10.00M) | Time:00:00.02 | Mem:0.69M, Peak:0.69M | Scene, ViewLayer | Finished
Saved: '/home/terence/Documents/Codex/2026-09-06/realtime-voice-chat-3/outputs/butterfly-method-comparison/blender-v2/raw/view090_frame04.png'
Time: 00:00.02 (Saving: 00:00.00)

Fra:21 Mem:9.74M (Peak 9.74M) | Time:00:00.00 | Mem:0.00M, Peak:0.00M | Scene, ViewLayer | Synchronizing object | Thorax
Fra:21 Mem:9.74M (Peak 9.74M) | Time:00:00.00 | Mem:0.00M, Peak:0.00M | Scene, ViewLayer | Synchronizing object | Abdomen
Fra:21 Mem:9.74M (Peak 9.74M) | Time:00:00.00 | Mem:0.00M, Peak:0.00M | Scene, ViewLayer | Synchronizing object | L continuous fore-hind wing
Fra:21 Mem:9.74M (Peak 9.74M) | Time:00:00.00 | Mem:0.00M, Peak:0.00M | Scene, ViewLayer | Synchronizing object | Abdomen tip
Fra:21 Mem:9.74M (Peak 9.74M) | Time:00:00.00 | Mem:0.00M, Peak:0.00M | Scene, ViewLayer | Synchronizing object | Antenna.001
Fra:21 Mem:9.74M (Peak 9.74M) | Time:00:00.00 | Mem:0.00M, Peak:0.00M | Scene, ViewLayer | Synchronizing object | R continuous fore-hind wing
Fra:21 Mem:9.75M (Peak 9.75M) | Time:00:00.00 | Mem:0.00M, Peak:0.00M | Scene, ViewLayer | Initializing
Fra:21 Mem:9.04M (Peak 9.75M) | Time:00:00.00 | Mem:0.00M, Peak:0.00M | Scene, ViewLayer | Waiting for render to start
Fra:21 Mem:9.04M (Peak 9.75M) | Time:00:00.00 | Mem:0.00M, Peak:0.00M | Scene, ViewLayer | Updating Scene
Fra:21 Mem:9.04M (Peak 9.75M) | Time:00:00.00 | Mem:0.00M, Peak:0.00M | Scene, ViewLayer | Updating Shaders
Fra:21 Mem:9.04M (Peak 9.75M) | Time:00:00.00 | Mem:0.00M, Peak:0.00M | Scene, ViewLayer | Loading render kernels (may take a few minutes the first time)
Fra:21 Mem:9.13M (Peak 9.75M) | Time:00:00.00 | Mem:0.00M, Peak:0.00M | Scene, ViewLayer | Updating Procedurals
Fra:21 Mem:9.13M (Peak 9.75M) | Time:00:00.00 | Mem:0.00M, Peak:0.00M | Scene, ViewLayer | Updating Background
Fra:21 Mem:9.13M (Peak 9.75M) | Time:00:00.00 | Mem:0.00M, Peak:0.00M | Scene, ViewLayer | Updating Camera
Fra:21 Mem:9.13M (Peak 9.75M) | Time:00:00.00 | Mem:0.00M, Peak:0.00M | Scene, ViewLayer | Updating Meshes Flags
Fra:21 Mem:9.13M (Peak 9.75M) | Time:00:00.00 | Mem:0.00M, Peak:0.00M | Scene, ViewLayer | Updating Objects
Fra:21 Mem:9.13M (Peak 9.75M) | Time:00:00.00 | Mem:0.00M, Peak:0.00M | Scene, ViewLayer | Updating Objects | Copying Transformations to device
Fra:21 Mem:9.13M (Peak 9.75M) | Time:00:00.00 | Mem:0.01M, Peak:0.01M | Scene, ViewLayer | Updating Particle Systems
Fra:21 Mem:9.13M (Peak 9.75M) | Time:00:00.00 | Mem:0.01M, Peak:0.01M | Scene, ViewLayer | Updating Particle Systems | Copying Particles to device
Fra:21 Mem:9.13M (Peak 9.75M) | Time:00:00.00 | Mem:0.01M, Peak:0.01M | Scene, ViewLayer | Updating Meshes
Fra:21 Mem:9.13M (Peak 9.75M) | Time:00:00.00 | Mem:0.01M, Peak:0.01M | Scene, ViewLayer | Updating Objects | Applying Static Transformations
Fra:21 Mem:9.13M (Peak 9.75M) | Time:00:00.00 | Mem:0.01M, Peak:0.01M | Scene, ViewLayer | Updating Mesh | Computing attributes
Fra:21 Mem:9.13M (Peak 9.75M) | Time:00:00.00 | Mem:0.01M, Peak:0.01M | Scene, ViewLayer | Updating Mesh | Copying Attributes to device
Fra:21 Mem:9.13M (Peak 9.75M) | Time:00:00.00 | Mem:0.01M, Peak:0.01M | Scene, ViewLayer | Updating Scene BVH | Building
Fra:21 Mem:9.13M (Peak 9.75M) | Time:00:00.00 | Mem:0.01M, Peak:0.01M | Scene, ViewLayer | Updating Scene BVH | Building BVH
Fra:21 Mem:9.13M (Peak 9.75M) | Time:00:00.00 | Mem:0.02M, Peak:0.03M | Scene, ViewLayer | Updating Scene BVH | Copying BVH to device
Fra:21 Mem:9.13M (Peak 9.75M) | Time:00:00.00 | Mem:0.02M, Peak:0.03M | Scene, ViewLayer | Updating Mesh | Computing normals
Fra:21 Mem:9.14M (Peak 9.75M) | Time:00:00.00 | Mem:0.02M, Peak:0.03M | Scene, ViewLayer | Updating Mesh | Copying Mesh to device
Fra:21 Mem:9.14M (Peak 9.75M) | Time:00:00.00 | Mem:0.03M, Peak:0.03M | Scene, ViewLayer | Updating Objects Flags
Fra:21 Mem:9.14M (Peak 9.75M) | Time:00:00.00 | Mem:0.03M, Peak:0.03M | Scene, ViewLayer | Updating Primitive Offsets
Fra:21 Mem:9.14M (Peak 9.75M) | Time:00:00.00 | Mem:0.03M, Peak:0.03M | Scene, ViewLayer | Updating Images
Fra:21 Mem:9.14M (Peak 9.75M) | Time:00:00.00 | Mem:0.03M, Peak:0.03M | Scene, ViewLayer | Updating Camera Volume
Fra:21 Mem:9.14M (Peak 9.75M) | Time:00:00.00 | Mem:0.03M, Peak:0.03M | Scene, ViewLayer | Updating Lookup Tables
Fra:21 Mem:9.14M (Peak 9.75M) | Time:00:00.00 | Mem:0.11M, Peak:0.11M | Scene, ViewLayer | Updating Lights
Fra:21 Mem:9.14M (Peak 9.75M) | Time:00:00.00 | Mem:0.11M, Peak:0.11M | Scene, ViewLayer | Updating Lights | Computing tree
Fra:21 Mem:9.14M (Peak 9.75M) | Time:00:00.00 | Mem:0.12M, Peak:0.12M | Scene, ViewLayer | Updating Integrator
Fra:21 Mem:9.14M (Peak 9.75M) | Time:00:00.00 | Mem:0.12M, Peak:0.12M | Scene, ViewLayer | Updating Film
Fra:21 Mem:9.15M (Peak 9.75M) | Time:00:00.00 | Mem:0.04M, Peak:0.12M | Scene, ViewLayer | Updating Lookup Tables
Fra:21 Mem:9.15M (Peak 9.75M) | Time:00:00.00 | Mem:0.12M, Peak:0.12M | Scene, ViewLayer | Updating Baking
Fra:21 Mem:9.15M (Peak 9.75M) | Time:00:00.00 | Mem:0.12M, Peak:0.12M | Scene, ViewLayer | Updating Device | Writing constant memory
Fra:21 Mem:9.15M (Peak 9.75M) | Time:00:00.00 | Mem:0.12M, Peak:0.12M | Scene, ViewLayer | Sample 0/1
Fra:21 Mem:9.20M (Peak 9.75M) | Time:00:00.00 | Mem:0.13M, Peak:0.13M | Scene, ViewLayer | Sample 1/1
Fra:21 Mem:9.20M (Peak 9.75M) | Time:00:00.00 | Mem:0.13M, Peak:0.13M | Scene, ViewLayer | Finished
Saved: '/home/terence/Documents/Codex/2026-09-06/realtime-voice-chat-3/outputs/butterfly-method-comparison/blender-v2/raw/native16/view090_frame04.png'
Time: 00:00.00 (Saving: 00:00.00)

Fra:21 Mem:9.74M (Peak 9.74M) | Time:00:00.00 | Mem:0.00M, Peak:0.00M | Scene, ViewLayer | Synchronizing object | Thorax
Fra:21 Mem:9.74M (Peak 9.74M) | Time:00:00.00 | Mem:0.00M, Peak:0.00M | Scene, ViewLayer | Synchronizing object | L continuous fore-hind wing
Fra:21 Mem:9.74M (Peak 9.74M) | Time:00:00.00 | Mem:0.00M, Peak:0.00M | Scene, ViewLayer | Synchronizing object | Abdomen tip
Fra:21 Mem:9.74M (Peak 9.74M) | Time:00:00.00 | Mem:0.00M, Peak:0.00M | Scene, ViewLayer | Synchronizing object | R continuous fore-hind wing
Fra:21 Mem:9.74M (Peak 9.74M) | Time:00:00.00 | Mem:0.00M, Peak:0.00M | Scene, ViewLayer | Synchronizing object | Antenna.001
Fra:21 Mem:9.75M (Peak 9.75M) | Time:00:00.00 | Mem:0.00M, Peak:0.00M | Scene, ViewLayer | Initializing
Fra:21 Mem:9.04M (Peak 9.75M) | Time:00:00.00 | Mem:0.00M, Peak:0.00M | Scene, ViewLayer | Waiting for render to start
Fra:21 Mem:9.04M (Peak 9.75M) | Time:00:00.00 | Mem:0.00M, Peak:0.00M | Scene, ViewLayer | Updating Scene
Fra:21 Mem:9.04M (Peak 9.75M) | Time:00:00.00 | Mem:0.00M, Peak:0.00M | Scene, ViewLayer | Updating Shaders
Fra:21 Mem:9.04M (Peak 9.75M) | Time:00:00.00 | Mem:0.00M, Peak:0.00M | Scene, ViewLayer | Loading render kernels (may take a few minutes the first time)
Fra:21 Mem:9.13M (Peak 9.75M) | Time:00:00.00 | Mem:0.00M, Peak:0.00M | Scene, ViewLayer | Updating Procedurals
Fra:21 Mem:9.13M (Peak 9.75M) | Time:00:00.00 | Mem:0.00M, Peak:0.00M | Scene, ViewLayer | Updating Background
Fra:21 Mem:9.13M (Peak 9.75M) | Time:00:00.00 | Mem:0.00M, Peak:0.00M | Scene, ViewLayer | Updating Camera
Fra:21 Mem:9.13M (Peak 9.75M) | Time:00:00.00 | Mem:0.00M, Peak:0.00M | Scene, ViewLayer | Updating Meshes Flags
Fra:21 Mem:9.13M (Peak 9.75M) | Time:00:00.00 | Mem:0.00M, Peak:0.00M | Scene, ViewLayer | Updating Objects
Fra:21 Mem:9.13M (Peak 9.75M) | Time:00:00.00 | Mem:0.00M, Peak:0.00M | Scene, ViewLayer | Updating Objects | Copying Transformations to device
Fra:21 Mem:9.13M (Peak 9.75M) | Time:00:00.00 | Mem:0.01M, Peak:0.01M | Scene, ViewLayer | Updating Particle Systems
Fra:21 Mem:9.13M (Peak 9.75M) | Time:00:00.00 | Mem:0.01M, Peak:0.01M | Scene, ViewLayer | Updating Particle Systems | Copying Particles to device
Fra:21 Mem:9.13M (Peak 9.75M) | Time:00:00.00 | Mem:0.01M, Peak:0.01M | Scene, ViewLayer | Updating Meshes
Fra:21 Mem:9.13M (Peak 9.75M) | Time:00:00.00 | Mem:0.01M, Peak:0.01M | Scene, ViewLayer | Updating Objects | Applying Static Transformations
Fra:21 Mem:9.13M (Peak 9.75M) | Time:00:00.00 | Mem:0.01M, Peak:0.01M | Scene, ViewLayer | Updating Mesh | Computing attributes
Fra:21 Mem:9.13M (Peak 9.75M) | Time:00:00.00 | Mem:0.01M, Peak:0.01M | Scene, ViewLayer | Updating Mesh | Copying Attributes to device
Fra:21 Mem:9.13M (Peak 9.75M) | Time:00:00.00 | Mem:0.01M, Peak:0.01M | Scene, ViewLayer | Updating Scene BVH | Building
Fra:21 Mem:9.13M (Peak 9.75M) | Time:00:00.00 | Mem:0.01M, Peak:0.01M | Scene, ViewLayer | Updating Scene BVH | Building BVH
Fra:21 Mem:9.13M (Peak 9.75M) | Time:00:00.00 | Mem:0.02M, Peak:0.03M | Scene, ViewLayer | Updating Scene BVH | Copying BVH to device
Fra:21 Mem:9.13M (Peak 9.75M) | Time:00:00.00 | Mem:0.02M, Peak:0.03M | Scene, ViewLayer | Updating Mesh | Computing normals
Fra:21 Mem:9.14M (Peak 9.75M) | Time:00:00.00 | Mem:0.02M, Peak:0.03M | Scene, ViewLayer | Updating Mesh | Copying Mesh to device
Fra:21 Mem:9.14M (Peak 9.75M) | Time:00:00.00 | Mem:0.03M, Peak:0.03M | Scene, ViewLayer | Updating Objects Flags
Fra:21 Mem:9.14M (Peak 9.75M) | Time:00:00.00 | Mem:0.03M, Peak:0.03M | Scene, ViewLayer | Updating Primitive Offsets
Fra:21 Mem:9.14M (Peak 9.75M) | Time:00:00.00 | Mem:0.03M, Peak:0.03M | Scene, ViewLayer | Updating Images
Fra:21 Mem:9.14M (Peak 9.75M) | Time:00:00.00 | Mem:0.03M, Peak:0.03M | Scene, ViewLayer | Updating Camera Volume
Fra:21 Mem:9.14M (Peak 9.75M) | Time:00:00.00 | Mem:0.03M, Peak:0.03M | Scene, ViewLayer | Updating Lookup Tables
Fra:21 Mem:9.14M (Peak 9.75M) | Time:00:00.00 | Mem:0.11M, Peak:0.11M | Scene, ViewLayer | Updating Lights
Fra:21 Mem:9.14M (Peak 9.75M) | Time:00:00.00 | Mem:0.11M, Peak:0.11M | Scene, ViewLayer | Updating Lights | Computing tree
Fra:21 Mem:9.14M (Peak 9.75M) | Time:00:00.00 | Mem:0.12M, Peak:0.12M | Scene, ViewLayer | Updating Integrator
Fra:21 Mem:9.14M (Peak 9.75M) | Time:00:00.00 | Mem:0.12M, Peak:0.12M | Scene, ViewLayer | Updating Film
Fra:21 Mem:9.15M (Peak 9.75M) | Time:00:00.00 | Mem:0.04M, Peak:0.12M | Scene, ViewLayer | Updating Lookup Tables
Fra:21 Mem:9.15M (Peak 9.75M) | Time:00:00.00 | Mem:0.12M, Peak:0.12M | Scene, ViewLayer | Updating Baking
Fra:21 Mem:9.15M (Peak 9.75M) | Time:00:00.00 | Mem:0.12M, Peak:0.12M | Scene, ViewLayer | Updating Device | Writing constant memory
Fra:21 Mem:9.15M (Peak 9.75M) | Time:00:00.00 | Mem:0.12M, Peak:0.12M | Scene, ViewLayer | Sample 0/1
Fra:21 Mem:9.24M (Peak 9.75M) | Time:00:00.00 | Mem:0.16M, Peak:0.16M | Scene, ViewLayer | Sample 1/1
Fra:21 Mem:9.24M (Peak 9.75M) | Time:00:00.00 | Mem:0.16M, Peak:0.16M | Scene, ViewLayer | Finished
Saved: '/home/terence/Documents/Codex/2026-09-06/realtime-voice-chat-3/outputs/butterfly-method-comparison/blender-v2/raw/native32/view090_frame04.png'
Time: 00:00.00 (Saving: 00:00.00)

Fra:21 Mem:9.67M (Peak 9.67M) | Time:00:00.00 | Mem:0.00M, Peak:0.00M | Scene, ViewLayer | Synchronizing object | Thorax
Fra:21 Mem:9.67M (Peak 9.67M) | Time:00:00.00 | Mem:0.00M, Peak:0.00M | Scene, ViewLayer | Synchronizing object | Antenna.001
Fra:21 Mem:9.67M (Peak 9.67M) | Time:00:00.00 | Mem:0.00M, Peak:0.00M | Scene, ViewLayer | Synchronizing object | Abdomen tip
Fra:21 Mem:9.67M (Peak 9.67M) | Time:00:00.00 | Mem:0.00M, Peak:0.00M | Scene, ViewLayer | Synchronizing object | Antenna
Fra:21 Mem:9.68M (Peak 9.68M) | Time:00:00.00 | Mem:0.00M, Peak:0.00M | Scene, ViewLayer | Initializing
Fra:21 Mem:9.03M (Peak 9.68M) | Time:00:00.00 | Mem:0.00M, Peak:0.00M | Scene, ViewLayer | Waiting for render to start
Fra:21 Mem:9.03M (Peak 9.68M) | Time:00:00.00 | Mem:0.00M, Peak:0.00M | Scene, ViewLayer | Updating Scene
Fra:21 Mem:9.03M (Peak 9.68M) | Time:00:00.00 | Mem:0.00M, Peak:0.00M | Scene, ViewLayer | Updating Shaders
Fra:21 Mem:9.03M (Peak 9.68M) | Time:00:00.00 | Mem:0.00M, Peak:0.00M | Scene, ViewLayer | Loading render kernels (may take a few minutes the first time)
Fra:21 Mem:9.12M (Peak 9.68M) | Time:00:00.00 | Mem:0.00M, Peak:0.00M | Scene, ViewLayer | Updating Procedurals
Fra:21 Mem:9.12M (Peak 9.68M) | Time:00:00.00 | Mem:0.00M, Peak:0.00M | Scene, ViewLayer | Updating Background
Fra:21 Mem:9.12M (Peak 9.68M) | Time:00:00.00 | Mem:0.00M, Peak:0.00M | Scene, ViewLayer | Updating Camera
Fra:21 Mem:9.12M (Peak 9.68M) | Time:00:00.00 | Mem:0.00M, Peak:0.00M | Scene, ViewLayer | Updating Meshes Flags
Fra:21 Mem:9.12M (Peak 9.68M) | Time:00:00.00 | Mem:0.00M, Peak:0.00M | Scene, ViewLayer | Updating Objects
Fra:21 Mem:9.12M (Peak 9.68M) | Time:00:00.00 | Mem:0.00M, Peak:0.00M | Scene, ViewLayer | Updating Objects | Copying Transformations to device
Fra:21 Mem:9.12M (Peak 9.68M) | Time:00:00.00 | Mem:0.00M, Peak:0.00M | Scene, ViewLayer | Updating Particle Systems
Fra:21 Mem:9.12M (Peak 9.68M) | Time:00:00.00 | Mem:0.00M, Peak:0.00M | Scene, ViewLayer | Updating Particle Systems | Copying Particles to device
Fra:21 Mem:9.12M (Peak 9.68M) | Time:00:00.00 | Mem:0.00M, Peak:0.00M | Scene, ViewLayer | Updating Meshes
Fra:21 Mem:9.12M (Peak 9.68M) | Time:00:00.00 | Mem:0.00M, Peak:0.00M | Scene, ViewLayer | Updating Objects | Applying Static Transformations
Fra:21 Mem:9.12M (Peak 9.68M) | Time:00:00.00 | Mem:0.00M, Peak:0.00M | Scene, ViewLayer | Updating Mesh | Computing attributes
Fra:21 Mem:9.12M (Peak 9.68M) | Time:00:00.00 | Mem:0.01M, Peak:0.01M | Scene, ViewLayer | Updating Mesh | Copying Attributes to device
Fra:21 Mem:9.12M (Peak 9.68M) | Time:00:00.00 | Mem:0.01M, Peak:0.01M | Scene, ViewLayer | Updating Scene BVH | Building
Fra:21 Mem:9.12M (Peak 9.68M) | Time:00:00.00 | Mem:0.01M, Peak:0.01M | Scene, ViewLayer | Updating Scene BVH | Building BVH
Fra:21 Mem:9.12M (Peak 9.68M) | Time:00:00.00 | Mem:0.01M, Peak:0.01M | Scene, ViewLayer | Updating Scene BVH | Copying BVH to device
Fra:21 Mem:9.12M (Peak 9.68M) | Time:00:00.00 | Mem:0.01M, Peak:0.01M | Scene, ViewLayer | Updating Mesh | Computing normals
Fra:21 Mem:9.12M (Peak 9.68M) | Time:00:00.00 | Mem:0.01M, Peak:0.01M | Scene, ViewLayer | Updating Mesh | Copying Mesh to device
Fra:21 Mem:9.12M (Peak 9.68M) | Time:00:00.00 | Mem:0.01M, Peak:0.01M | Scene, ViewLayer | Updating Objects Flags
Fra:21 Mem:9.12M (Peak 9.68M) | Time:00:00.00 | Mem:0.01M, Peak:0.01M | Scene, ViewLayer | Updating Primitive Offsets
Fra:21 Mem:9.12M (Peak 9.68M) | Time:00:00.00 | Mem:0.01M, Peak:0.01M | Scene, ViewLayer | Updating Images
Fra:21 Mem:9.12M (Peak 9.68M) | Time:00:00.00 | Mem:0.01M, Peak:0.01M | Scene, ViewLayer | Updating Camera Volume
Fra:21 Mem:9.12M (Peak 9.68M) | Time:00:00.00 | Mem:0.01M, Peak:0.01M | Scene, ViewLayer | Updating Lookup Tables
Fra:21 Mem:9.12M (Peak 9.68M) | Time:00:00.00 | Mem:0.09M, Peak:0.09M | Scene, ViewLayer | Updating Lights
Fra:21 Mem:9.12M (Peak 9.68M) | Time:00:00.00 | Mem:0.09M, Peak:0.09M | Scene, ViewLayer | Updating Lights | Computing tree
Fra:21 Mem:9.12M (Peak 9.68M) | Time:00:00.00 | Mem:0.09M, Peak:0.09M | Scene, ViewLayer | Updating Integrator
Fra:21 Mem:9.12M (Peak 9.68M) | Time:00:00.00 | Mem:0.09M, Peak:0.09M | Scene, ViewLayer | Updating Film
Fra:21 Mem:9.13M (Peak 9.68M) | Time:00:00.00 | Mem:0.01M, Peak:0.09M | Scene, ViewLayer | Updating Lookup Tables
Fra:21 Mem:9.13M (Peak 9.68M) | Time:00:00.00 | Mem:0.10M, Peak:0.10M | Scene, ViewLayer | Updating Baking
Fra:21 Mem:9.13M (Peak 9.68M) | Time:00:00.00 | Mem:0.10M, Peak:0.10M | Scene, ViewLayer | Updating Device | Writing constant memory
Fra:21 Mem:9.13M (Peak 9.68M) | Time:00:00.00 | Mem:0.10M, Peak:0.10M | Scene, ViewLayer | Sample 0/1
Fra:21 Mem:9.18M (Peak 9.68M) | Time:00:00.00 | Mem:0.11M, Peak:0.11M | Scene, ViewLayer | Sample 1/1
Fra:21 Mem:9.18M (Peak 9.68M) | Time:00:00.00 | Mem:0.11M, Peak:0.11M | Scene, ViewLayer | Finished
Saved: '/home/terence/Documents/Codex/2026-09-06/realtime-voice-chat-3/outputs/butterfly-method-comparison/blender-v2/raw/body-only/view090_frame04.png'
Time: 00:00.00 (Saving: 00:00.00)

Fra:21 Mem:9.71M (Peak 9.71M) | Time:00:00.00 | Mem:0.00M, Peak:0.00M | Scene, ViewLayer | Synchronizing object | Thorax
Fra:21 Mem:9.71M (Peak 9.71M) | Time:00:00.00 | Mem:0.00M, Peak:0.00M | Scene, ViewLayer | Synchronizing object | L continuous fore-hind wing
Fra:21 Mem:9.71M (Peak 9.71M) | Time:00:00.00 | Mem:0.00M, Peak:0.00M | Scene, ViewLayer | Synchronizing object | Abdomen
Fra:21 Mem:9.71M (Peak 9.71M) | Time:00:00.00 | Mem:0.00M, Peak:0.00M | Scene, ViewLayer | Synchronizing object | Abdomen tip
Fra:21 Mem:9.71M (Peak 9.71M) | Time:00:00.00 | Mem:0.00M, Peak:0.00M | Scene, ViewLayer | Synchronizing object | R continuous fore-hind wing
Fra:21 Mem:9.71M (Peak 9.71M) | Time:00:00.00 | Mem:0.00M, Peak:0.00M | Scene, ViewLayer | Synchronizing object | Antenna.001
Fra:21 Mem:9.72M (Peak 9.72M) | Time:00:00.00 | Mem:0.00M, Peak:0.00M | Scene, ViewLayer | Initializing
Fra:21 Mem:9.03M (Peak 9.72M) | Time:00:00.00 | Mem:0.00M, Peak:0.00M | Scene, ViewLayer | Waiting for render to start
Fra:21 Mem:9.03M (Peak 9.72M) | Time:00:00.00 | Mem:0.00M, Peak:0.00M | Scene, ViewLayer | Updating Scene
Fra:21 Mem:9.03M (Peak 9.72M) | Time:00:00.00 | Mem:0.00M, Peak:0.00M | Scene, ViewLayer | Updating Shaders
Fra:21 Mem:9.03M (Peak 9.72M) | Time:00:00.00 | Mem:0.00M, Peak:0.00M | Scene, ViewLayer | Loading render kernels (may take a few minutes the first time)
Fra:21 Mem:9.11M (Peak 9.72M) | Time:00:00.00 | Mem:0.00M, Peak:0.00M | Scene, ViewLayer | Updating Procedurals
Fra:21 Mem:9.11M (Peak 9.72M) | Time:00:00.00 | Mem:0.00M, Peak:0.00M | Scene, ViewLayer | Updating Background
Fra:21 Mem:9.11M (Peak 9.72M) | Time:00:00.00 | Mem:0.00M, Peak:0.00M | Scene, ViewLayer | Updating Camera
Fra:21 Mem:9.11M (Peak 9.72M) | Time:00:00.00 | Mem:0.00M, Peak:0.00M | Scene, ViewLayer | Updating Meshes Flags
Fra:21 Mem:9.11M (Peak 9.72M) | Time:00:00.00 | Mem:0.00M, Peak:0.00M | Scene, ViewLayer | Updating Objects
Fra:21 Mem:9.11M (Peak 9.72M) | Time:00:00.00 | Mem:0.00M, Peak:0.00M | Scene, ViewLayer | Updating Objects | Copying Transformations to device
Fra:21 Mem:9.11M (Peak 9.72M) | Time:00:00.00 | Mem:0.01M, Peak:0.01M | Scene, ViewLayer | Updating Particle Systems
Fra:21 Mem:9.11M (Peak 9.72M) | Time:00:00.00 | Mem:0.01M, Peak:0.01M | Scene, ViewLayer | Updating Particle Systems | Copying Particles to device
Fra:21 Mem:9.11M (Peak 9.72M) | Time:00:00.00 | Mem:0.01M, Peak:0.01M | Scene, ViewLayer | Updating Meshes
Fra:21 Mem:9.11M (Peak 9.72M) | Time:00:00.00 | Mem:0.01M, Peak:0.01M | Scene, ViewLayer | Updating Objects | Applying Static Transformations
Fra:21 Mem:9.11M (Peak 9.72M) | Time:00:00.00 | Mem:0.01M, Peak:0.01M | Scene, ViewLayer | Updating Mesh | Computing attributes
Fra:21 Mem:9.12M (Peak 9.72M) | Time:00:00.00 | Mem:0.01M, Peak:0.01M | Scene, ViewLayer | Updating Mesh | Copying Attributes to device
Fra:21 Mem:9.12M (Peak 9.72M) | Time:00:00.00 | Mem:0.01M, Peak:0.01M | Scene, ViewLayer | Updating Scene BVH | Building
Fra:21 Mem:9.12M (Peak 9.72M) | Time:00:00.00 | Mem:0.01M, Peak:0.01M | Scene, ViewLayer | Updating Scene BVH | Building BVH
Fra:21 Mem:9.12M (Peak 9.72M) | Time:00:00.00 | Mem:0.02M, Peak:0.03M | Scene, ViewLayer | Updating Scene BVH | Copying BVH to device
Fra:21 Mem:9.12M (Peak 9.72M) | Time:00:00.00 | Mem:0.02M, Peak:0.03M | Scene, ViewLayer | Updating Mesh | Computing normals
Fra:21 Mem:9.12M (Peak 9.72M) | Time:00:00.00 | Mem:0.02M, Peak:0.03M | Scene, ViewLayer | Updating Mesh | Copying Mesh to device
Fra:21 Mem:9.12M (Peak 9.72M) | Time:00:00.00 | Mem:0.03M, Peak:0.03M | Scene, ViewLayer | Updating Objects Flags
Fra:21 Mem:9.12M (Peak 9.72M) | Time:00:00.00 | Mem:0.03M, Peak:0.03M | Scene, ViewLayer | Updating Primitive Offsets
Fra:21 Mem:9.12M (Peak 9.72M) | Time:00:00.00 | Mem:0.03M, Peak:0.03M | Scene, ViewLayer | Updating Images
Fra:21 Mem:9.12M (Peak 9.72M) | Time:00:00.00 | Mem:0.03M, Peak:0.03M | Scene, ViewLayer | Updating Camera Volume
Fra:21 Mem:9.12M (Peak 9.72M) | Time:00:00.00 | Mem:0.03M, Peak:0.03M | Scene, ViewLayer | Updating Lookup Tables
Fra:21 Mem:9.12M (Peak 9.72M) | Time:00:00.00 | Mem:0.11M, Peak:0.11M | Scene, ViewLayer | Updating Lights
Fra:21 Mem:9.12M (Peak 9.72M) | Time:00:00.00 | Mem:0.11M, Peak:0.11M | Scene, ViewLayer | Updating Lights | Computing tree
Fra:21 Mem:9.13M (Peak 9.72M) | Time:00:00.00 | Mem:0.12M, Peak:0.12M | Scene, ViewLayer | Updating Integrator
Fra:21 Mem:9.13M (Peak 9.72M) | Time:00:00.00 | Mem:0.12M, Peak:0.12M | Scene, ViewLayer | Updating Film
Fra:21 Mem:9.13M (Peak 9.72M) | Time:00:00.00 | Mem:0.04M, Peak:0.12M | Scene, ViewLayer | Updating Lookup Tables
Fra:21 Mem:9.13M (Peak 9.72M) | Time:00:00.00 | Mem:0.12M, Peak:0.12M | Scene, ViewLayer | Updating Baking
Fra:21 Mem:9.13M (Peak 9.72M) | Time:00:00.00 | Mem:0.12M, Peak:0.12M | Scene, ViewLayer | Updating Device | Writing constant memory
Fra:21 Mem:9.14M (Peak 9.72M) | Time:00:00.00 | Mem:0.12M, Peak:0.12M | Scene, ViewLayer | Sample 0/1
Fra:21 Mem:9.19M (Peak 9.72M) | Time:00:00.00 | Mem:0.13M, Peak:0.13M | Scene, ViewLayer | Sample 1/1
Fra:21 Mem:9.19M (Peak 9.72M) | Time:00:00.00 | Mem:0.13M, Peak:0.13M | Scene, ViewLayer | Finished
Saved: '/home/terence/Documents/Codex/2026-09-06/realtime-voice-chat-3/outputs/butterfly-method-comparison/blender-v2/raw/no-abdomen-lag/view090_frame04.png'
Time: 00:00.00 (Saving: 00:00.00)

Fra:21 Mem:9.69M (Peak 9.69M) | Time:00:00.00 | Mem:0.00M, Peak:0.00M | Scene, ViewLayer | Synchronizing object | Thorax
Fra:21 Mem:9.69M (Peak 9.69M) | Time:00:00.00 | Mem:0.00M, Peak:0.00M | Scene, ViewLayer | Synchronizing object | Abdomen
Fra:21 Mem:9.69M (Peak 9.69M) | Time:00:00.00 | Mem:0.00M, Peak:0.00M | Scene, ViewLayer | Synchronizing object | L continuous fore-hind wing
Fra:21 Mem:9.69M (Peak 9.69M) | Time:00:00.00 | Mem:0.00M, Peak:0.00M | Scene, ViewLayer | Synchronizing object | Abdomen tip
Fra:21 Mem:9.69M (Peak 9.69M) | Time:00:00.00 | Mem:0.00M, Peak:0.00M | Scene, ViewLayer | Synchronizing object | Antenna.001
Fra:21 Mem:9.70M (Peak 9.70M) | Time:00:00.00 | Mem:0.00M, Peak:0.00M | Scene, ViewLayer | Synchronizing object | R continuous fore-hind wing
Fra:21 Mem:9.70M (Peak 9.70M) | Time:00:00.00 | Mem:0.00M, Peak:0.00M | Scene, ViewLayer | Initializing
Fra:21 Mem:9.02M (Peak 9.70M) | Time:00:00.00 | Mem:0.00M, Peak:0.00M | Scene, ViewLayer | Waiting for render to start
Fra:21 Mem:9.02M (Peak 9.70M) | Time:00:00.00 | Mem:0.00M, Peak:0.00M | Scene, ViewLayer | Updating Scene
Fra:21 Mem:9.02M (Peak 9.70M) | Time:00:00.00 | Mem:0.00M, Peak:0.00M | Scene, ViewLayer | Updating Shaders
Fra:21 Mem:9.02M (Peak 9.70M) | Time:00:00.00 | Mem:0.00M, Peak:0.00M | Scene, ViewLayer | Loading render kernels (may take a few minutes the first time)
Fra:21 Mem:9.10M (Peak 9.70M) | Time:00:00.00 | Mem:0.00M, Peak:0.00M | Scene, ViewLayer | Updating Procedurals
Fra:21 Mem:9.10M (Peak 9.70M) | Time:00:00.00 | Mem:0.00M, Peak:0.00M | Scene, ViewLayer | Updating Background
Fra:21 Mem:9.10M (Peak 9.70M) | Time:00:00.00 | Mem:0.00M, Peak:0.00M | Scene, ViewLayer | Updating Camera
Fra:21 Mem:9.10M (Peak 9.70M) | Time:00:00.00 | Mem:0.00M, Peak:0.00M | Scene, ViewLayer | Updating Meshes Flags
Fra:21 Mem:9.10M (Peak 9.70M) | Time:00:00.00 | Mem:0.00M, Peak:0.00M | Scene, ViewLayer | Updating Objects
Fra:21 Mem:9.10M (Peak 9.70M) | Time:00:00.00 | Mem:0.00M, Peak:0.00M | Scene, ViewLayer | Updating Objects | Copying Transformations to device
Fra:21 Mem:9.10M (Peak 9.70M) | Time:00:00.00 | Mem:0.01M, Peak:0.01M | Scene, ViewLayer | Updating Particle Systems
Fra:21 Mem:9.10M (Peak 9.70M) | Time:00:00.00 | Mem:0.01M, Peak:0.01M | Scene, ViewLayer | Updating Particle Systems | Copying Particles to device
Fra:21 Mem:9.10M (Peak 9.70M) | Time:00:00.00 | Mem:0.01M, Peak:0.01M | Scene, ViewLayer | Updating Meshes
Fra:21 Mem:9.10M (Peak 9.70M) | Time:00:00.00 | Mem:0.01M, Peak:0.01M | Scene, ViewLayer | Updating Objects | Applying Static Transformations
Fra:21 Mem:9.10M (Peak 9.70M) | Time:00:00.00 | Mem:0.01M, Peak:0.01M | Scene, ViewLayer | Updating Mesh | Computing attributes
Fra:21 Mem:9.11M (Peak 9.70M) | Time:00:00.00 | Mem:0.01M, Peak:0.01M | Scene, ViewLayer | Updating Mesh | Copying Attributes to device
Fra:21 Mem:9.11M (Peak 9.70M) | Time:00:00.00 | Mem:0.01M, Peak:0.01M | Scene, ViewLayer | Updating Scene BVH | Building
Fra:21 Mem:9.11M (Peak 9.70M) | Time:00:00.00 | Mem:0.01M, Peak:0.01M | Scene, ViewLayer | Updating Scene BVH | Building BVH
Fra:21 Mem:9.11M (Peak 9.70M) | Time:00:00.00 | Mem:0.02M, Peak:0.03M | Scene, ViewLayer | Updating Scene BVH | Copying BVH to device
Fra:21 Mem:9.11M (Peak 9.70M) | Time:00:00.00 | Mem:0.02M, Peak:0.03M | Scene, ViewLayer | Updating Mesh | Computing normals
Fra:21 Mem:9.11M (Peak 9.70M) | Time:00:00.00 | Mem:0.02M, Peak:0.03M | Scene, ViewLayer | Updating Mesh | Copying Mesh to device
Fra:21 Mem:9.11M (Peak 9.70M) | Time:00:00.00 | Mem:0.03M, Peak:0.03M | Scene, ViewLayer | Updating Objects Flags
Fra:21 Mem:9.11M (Peak 9.70M) | Time:00:00.00 | Mem:0.03M, Peak:0.03M | Scene, ViewLayer | Updating Primitive Offsets
Fra:21 Mem:9.11M (Peak 9.70M) | Time:00:00.00 | Mem:0.03M, Peak:0.03M | Scene, ViewLayer | Updating Images
Fra:21 Mem:9.11M (Peak 9.70M) | Time:00:00.00 | Mem:0.03M, Peak:0.03M | Scene, ViewLayer | Updating Camera Volume
Fra:21 Mem:9.11M (Peak 9.70M) | Time:00:00.00 | Mem:0.03M, Peak:0.03M | Scene, ViewLayer | Updating Lookup Tables
Fra:21 Mem:9.11M (Peak 9.70M) | Time:00:00.00 | Mem:0.11M, Peak:0.11M | Scene, ViewLayer | Updating Lights
Fra:21 Mem:9.11M (Peak 9.70M) | Time:00:00.00 | Mem:0.11M, Peak:0.11M | Scene, ViewLayer | Updating Lights | Computing tree
Fra:21 Mem:9.12M (Peak 9.70M) | Time:00:00.00 | Mem:0.12M, Peak:0.12M | Scene, ViewLayer | Updating Integrator
Fra:21 Mem:9.12M (Peak 9.70M) | Time:00:00.00 | Mem:0.12M, Peak:0.12M | Scene, ViewLayer | Updating Film
Fra:21 Mem:9.13M (Peak 9.70M) | Time:00:00.00 | Mem:0.04M, Peak:0.12M | Scene, ViewLayer | Updating Lookup Tables
Fra:21 Mem:9.13M (Peak 9.70M) | Time:00:00.00 | Mem:0.12M, Peak:0.12M | Scene, ViewLayer | Updating Baking
Fra:21 Mem:9.13M (Peak 9.70M) | Time:00:00.00 | Mem:0.12M, Peak:0.12M | Scene, ViewLayer | Updating Device | Writing constant memory
Fra:21 Mem:9.13M (Peak 9.70M) | Time:00:00.00 | Mem:0.12M, Peak:0.12M | Scene, ViewLayer | Sample 0/1
Fra:21 Mem:9.18M (Peak 9.70M) | Time:00:00.00 | Mem:0.13M, Peak:0.13M | Scene, ViewLayer | Sample 1/1
Fra:21 Mem:9.18M (Peak 9.70M) | Time:00:00.00 | Mem:0.13M, Peak:0.13M | Scene, ViewLayer | Finished
Saved: '/home/terence/Documents/Codex/2026-09-06/realtime-voice-chat-3/outputs/butterfly-method-comparison/blender-v2/raw/wing-only/view090_frame04.png'
Time: 00:00.00 (Saving: 00:00.00)

Fra:1 Mem:9.74M (Peak 9.74M) | Time:00:00.00 | Mem:0.00M, Peak:0.00M | Scene, ViewLayer | Synchronizing object | Thorax
Fra:1 Mem:9.74M (Peak 9.74M) | Time:00:00.00 | Mem:0.00M, Peak:0.00M | Scene, ViewLayer | Synchronizing object | L continuous fore-hind wing
Fra:1 Mem:9.74M (Peak 9.74M) | Time:00:00.00 | Mem:0.00M, Peak:0.00M | Scene, ViewLayer | Synchronizing object | R continuous fore-hind wing
Fra:1 Mem:9.75M (Peak 9.75M) | Time:00:00.00 | Mem:0.00M, Peak:0.00M | Scene, ViewLayer | Synchronizing object | Antenna.001
Fra:1 Mem:9.75M (Peak 9.75M) | Time:00:00.00 | Mem:0.00M, Peak:0.00M | Scene, ViewLayer | Initializing
Fra:1 Mem:9.04M (Peak 9.75M) | Time:00:00.00 | Mem:0.00M, Peak:0.00M | Scene, ViewLayer | Waiting for render to start
Fra:1 Mem:9.04M (Peak 9.75M) | Time:00:00.00 | Mem:0.00M, Peak:0.00M | Scene, ViewLayer | Updating Scene
Fra:1 Mem:9.04M (Peak 9.75M) | Time:00:00.00 | Mem:0.00M, Peak:0.00M | Scene, ViewLayer | Updating Shaders
Fra:1 Mem:9.04M (Peak 9.75M) | Time:00:00.00 | Mem:0.00M, Peak:0.00M | Scene, ViewLayer | Loading render kernels (may take a few minutes the first time)
Fra:1 Mem:9.13M (Peak 9.75M) | Time:00:00.00 | Mem:0.00M, Peak:0.00M | Scene, ViewLayer | Updating Procedurals
Fra:1 Mem:9.13M (Peak 9.75M) | Time:00:00.00 | Mem:0.00M, Peak:0.00M | Scene, ViewLayer | Updating Background
Fra:1 Mem:9.13M (Peak 9.75M) | Time:00:00.00 | Mem:0.00M, Peak:0.00M | Scene, ViewLayer | Updating Camera
Fra:1 Mem:9.13M (Peak 9.75M) | Time:00:00.00 | Mem:0.00M, Peak:0.00M | Scene, ViewLayer | Updating Meshes Flags
Fra:1 Mem:9.13M (Peak 9.75M) | Time:00:00.00 | Mem:0.00M, Peak:0.00M | Scene, ViewLayer | Updating Objects
Fra:1 Mem:9.13M (Peak 9.75M) | Time:00:00.00 | Mem:0.00M, Peak:0.00M | Scene, ViewLayer | Updating Objects | Copying Transformations to device
Fra:1 Mem:9.13M (Peak 9.75M) | Time:00:00.00 | Mem:0.01M, Peak:0.01M | Scene, ViewLayer | Updating Particle Systems
Fra:1 Mem:9.13M (Peak 9.75M) | Time:00:00.00 | Mem:0.01M, Peak:0.01M | Scene, ViewLayer | Updating Particle Systems | Copying Particles to device
Fra:1 Mem:9.13M (Peak 9.75M) | Time:00:00.00 | Mem:0.01M, Peak:0.01M | Scene, ViewLayer | Updating Meshes
Fra:1 Mem:9.13M (Peak 9.75M) | Time:00:00.00 | Mem:0.01M, Peak:0.01M | Scene, ViewLayer | Updating Objects | Applying Static Transformations
Fra:1 Mem:9.13M (Peak 9.75M) | Time:00:00.00 | Mem:0.01M, Peak:0.01M | Scene, ViewLayer | Updating Mesh | Computing attributes
Fra:1 Mem:9.13M (Peak 9.75M) | Time:00:00.00 | Mem:0.01M, Peak:0.01M | Scene, ViewLayer | Updating Mesh | Copying Attributes to device
Fra:1 Mem:9.13M (Peak 9.75M) | Time:00:00.00 | Mem:0.01M, Peak:0.01M | Scene, ViewLayer | Updating Scene BVH | Building
Fra:1 Mem:9.13M (Peak 9.75M) | Time:00:00.00 | Mem:0.01M, Peak:0.01M | Scene, ViewLayer | Updating Scene BVH | Building BVH
Fra:1 Mem:9.13M (Peak 9.75M) | Time:00:00.00 | Mem:0.02M, Peak:0.03M | Scene, ViewLayer | Updating Scene BVH | Copying BVH to device
Fra:1 Mem:9.13M (Peak 9.75M) | Time:00:00.00 | Mem:0.02M, Peak:0.03M | Scene, ViewLayer | Updating Mesh | Computing normals
Fra:1 Mem:9.14M (Peak 9.75M) | Time:00:00.00 | Mem:0.02M, Peak:0.03M | Scene, ViewLayer | Updating Mesh | Copying Mesh to device
Fra:1 Mem:9.14M (Peak 9.75M) | Time:00:00.00 | Mem:0.03M, Peak:0.03M | Scene, ViewLayer | Updating Objects Flags
Fra:1 Mem:9.14M (Peak 9.75M) | Time:00:00.00 | Mem:0.03M, Peak:0.03M | Scene, ViewLayer | Updating Primitive Offsets
Fra:1 Mem:9.14M (Peak 9.75M) | Time:00:00.00 | Mem:0.03M, Peak:0.03M | Scene, ViewLayer | Updating Images
Fra:1 Mem:9.14M (Peak 9.75M) | Time:00:00.00 | Mem:0.03M, Peak:0.03M | Scene, ViewLayer | Updating Camera Volume
Fra:1 Mem:9.14M (Peak 9.75M) | Time:00:00.00 | Mem:0.03M, Peak:0.03M | Scene, ViewLayer | Updating Lookup Tables
Fra:1 Mem:9.14M (Peak 9.75M) | Time:00:00.00 | Mem:0.11M, Peak:0.11M | Scene, ViewLayer | Updating Lights
Fra:1 Mem:9.14M (Peak 9.75M) | Time:00:00.00 | Mem:0.11M, Peak:0.11M | Scene, ViewLayer | Updating Lights | Computing tree
Fra:1 Mem:9.14M (Peak 9.75M) | Time:00:00.00 | Mem:0.12M, Peak:0.12M | Scene, ViewLayer | Updating Integrator
Fra:1 Mem:9.14M (Peak 9.75M) | Time:00:00.00 | Mem:0.12M, Peak:0.12M | Scene, ViewLayer | Updating Film
Fra:1 Mem:9.15M (Peak 9.75M) | Time:00:00.00 | Mem:0.04M, Peak:0.12M | Scene, ViewLayer | Updating Lookup Tables
Fra:1 Mem:9.15M (Peak 9.75M) | Time:00:00.00 | Mem:0.13M, Peak:0.13M | Scene, ViewLayer | Updating Baking
Fra:1 Mem:9.15M (Peak 9.75M) | Time:00:00.00 | Mem:0.13M, Peak:0.13M | Scene, ViewLayer | Updating Device | Writing constant memory
Fra:1 Mem:9.15M (Peak 9.75M) | Time:00:00.00 | Mem:0.13M, Peak:0.13M | Scene, ViewLayer | Sample 0/8
Fra:1 Mem:9.75M (Peak 9.75M) | Time:00:00.00 | Remaining:00:00.01 | Mem:0.69M, Peak:0.69M | Scene, ViewLayer | Sample 1/8
Fra:1 Mem:10.00M (Peak 10.00M) | Time:00:00.02 | Mem:0.69M, Peak:0.69M | Scene, ViewLayer | Sample 8/8
Fra:1 Mem:10.00M (Peak 10.00M) | Time:00:00.02 | Mem:0.69M, Peak:0.69M | Scene, ViewLayer | Finished
Saved: '/home/terence/Documents/Codex/2026-09-06/realtime-voice-chat-3/outputs/butterfly-method-comparison/blender-v2/raw/view135_frame00.png'
Time: 00:00.02 (Saving: 00:00.00)

Fra:1 Mem:9.74M (Peak 9.74M) | Time:00:00.00 | Mem:0.00M, Peak:0.00M | Scene, ViewLayer | Synchronizing object | Thorax
Fra:1 Mem:9.74M (Peak 9.74M) | Time:00:00.00 | Mem:0.00M, Peak:0.00M | Scene, ViewLayer | Synchronizing object | L continuous fore-hind wing
Fra:1 Mem:9.74M (Peak 9.74M) | Time:00:00.00 | Mem:0.00M, Peak:0.00M | Scene, ViewLayer | Synchronizing object | Abdomen
Fra:1 Mem:9.74M (Peak 9.74M) | Time:00:00.00 | Mem:0.00M, Peak:0.00M | Scene, ViewLayer | Synchronizing object | Abdomen tip
Fra:1 Mem:9.74M (Peak 9.74M) | Time:00:00.00 | Mem:0.00M, Peak:0.00M | Scene, ViewLayer | Synchronizing object | Antenna
Fra:1 Mem:9.75M (Peak 9.75M) | Time:00:00.00 | Mem:0.00M, Peak:0.00M | Scene, ViewLayer | Initializing
Fra:1 Mem:9.04M (Peak 9.75M) | Time:00:00.00 | Mem:0.00M, Peak:0.00M | Scene, ViewLayer | Waiting for render to start
Fra:1 Mem:9.04M (Peak 9.75M) | Time:00:00.00 | Mem:0.00M, Peak:0.00M | Scene, ViewLayer | Updating Scene
Fra:1 Mem:9.04M (Peak 9.75M) | Time:00:00.00 | Mem:0.00M, Peak:0.00M | Scene, ViewLayer | Updating Shaders
Fra:1 Mem:9.04M (Peak 9.75M) | Time:00:00.00 | Mem:0.00M, Peak:0.00M | Scene, ViewLayer | Loading render kernels (may take a few minutes the first time)
Fra:1 Mem:9.13M (Peak 9.75M) | Time:00:00.00 | Mem:0.00M, Peak:0.00M | Scene, ViewLayer | Updating Procedurals
Fra:1 Mem:9.13M (Peak 9.75M) | Time:00:00.00 | Mem:0.00M, Peak:0.00M | Scene, ViewLayer | Updating Background
Fra:1 Mem:9.13M (Peak 9.75M) | Time:00:00.00 | Mem:0.00M, Peak:0.00M | Scene, ViewLayer | Updating Camera
Fra:1 Mem:9.13M (Peak 9.75M) | Time:00:00.00 | Mem:0.00M, Peak:0.00M | Scene, ViewLayer | Updating Meshes Flags
Fra:1 Mem:9.13M (Peak 9.75M) | Time:00:00.00 | Mem:0.00M, Peak:0.00M | Scene, ViewLayer | Updating Objects
Fra:1 Mem:9.13M (Peak 9.75M) | Time:00:00.00 | Mem:0.00M, Peak:0.00M | Scene, ViewLayer | Updating Objects | Copying Transformations to device
Fra:1 Mem:9.13M (Peak 9.75M) | Time:00:00.00 | Mem:0.01M, Peak:0.01M | Scene, ViewLayer | Updating Particle Systems
Fra:1 Mem:9.13M (Peak 9.75M) | Time:00:00.00 | Mem:0.01M, Peak:0.01M | Scene, ViewLayer | Updating Particle Systems | Copying Particles to device
Fra:1 Mem:9.13M (Peak 9.75M) | Time:00:00.00 | Mem:0.01M, Peak:0.01M | Scene, ViewLayer | Updating Meshes
Fra:1 Mem:9.13M (Peak 9.75M) | Time:00:00.00 | Mem:0.01M, Peak:0.01M | Scene, ViewLayer | Updating Objects | Applying Static Transformations
Fra:1 Mem:9.13M (Peak 9.75M) | Time:00:00.00 | Mem:0.01M, Peak:0.01M | Scene, ViewLayer | Updating Mesh | Computing attributes
Fra:1 Mem:9.13M (Peak 9.75M) | Time:00:00.00 | Mem:0.01M, Peak:0.01M | Scene, ViewLayer | Updating Mesh | Copying Attributes to device
Fra:1 Mem:9.13M (Peak 9.75M) | Time:00:00.00 | Mem:0.01M, Peak:0.01M | Scene, ViewLayer | Updating Scene BVH | Building
Fra:1 Mem:9.13M (Peak 9.75M) | Time:00:00.00 | Mem:0.01M, Peak:0.01M | Scene, ViewLayer | Updating Scene BVH | Building BVH
Fra:1 Mem:9.13M (Peak 9.75M) | Time:00:00.00 | Mem:0.02M, Peak:0.03M | Scene, ViewLayer | Updating Scene BVH | Copying BVH to device
Fra:1 Mem:9.13M (Peak 9.75M) | Time:00:00.00 | Mem:0.02M, Peak:0.03M | Scene, ViewLayer | Updating Mesh | Computing normals
Fra:1 Mem:9.14M (Peak 9.75M) | Time:00:00.00 | Mem:0.02M, Peak:0.03M | Scene, ViewLayer | Updating Mesh | Copying Mesh to device
Fra:1 Mem:9.14M (Peak 9.75M) | Time:00:00.00 | Mem:0.03M, Peak:0.03M | Scene, ViewLayer | Updating Objects Flags
Fra:1 Mem:9.14M (Peak 9.75M) | Time:00:00.00 | Mem:0.03M, Peak:0.03M | Scene, ViewLayer | Updating Primitive Offsets
Fra:1 Mem:9.14M (Peak 9.75M) | Time:00:00.00 | Mem:0.03M, Peak:0.03M | Scene, ViewLayer | Updating Images
Fra:1 Mem:9.14M (Peak 9.75M) | Time:00:00.00 | Mem:0.03M, Peak:0.03M | Scene, ViewLayer | Updating Camera Volume
Fra:1 Mem:9.14M (Peak 9.75M) | Time:00:00.00 | Mem:0.03M, Peak:0.03M | Scene, ViewLayer | Updating Lookup Tables
Fra:1 Mem:9.14M (Peak 9.75M) | Time:00:00.00 | Mem:0.11M, Peak:0.11M | Scene, ViewLayer | Updating Lights
Fra:1 Mem:9.14M (Peak 9.75M) | Time:00:00.00 | Mem:0.11M, Peak:0.11M | Scene, ViewLayer | Updating Lights | Computing tree
Fra:1 Mem:9.14M (Peak 9.75M) | Time:00:00.00 | Mem:0.12M, Peak:0.12M | Scene, ViewLayer | Updating Integrator
Fra:1 Mem:9.14M (Peak 9.75M) | Time:00:00.00 | Mem:0.12M, Peak:0.12M | Scene, ViewLayer | Updating Film
Fra:1 Mem:9.15M (Peak 9.75M) | Time:00:00.00 | Mem:0.04M, Peak:0.12M | Scene, ViewLayer | Updating Lookup Tables
Fra:1 Mem:9.15M (Peak 9.75M) | Time:00:00.00 | Mem:0.13M, Peak:0.13M | Scene, ViewLayer | Updating Baking
Fra:1 Mem:9.15M (Peak 9.75M) | Time:00:00.00 | Mem:0.13M, Peak:0.13M | Scene, ViewLayer | Updating Device | Writing constant memory
Fra:1 Mem:9.15M (Peak 9.75M) | Time:00:00.00 | Mem:0.13M, Peak:0.13M | Scene, ViewLayer | Sample 0/1
Fra:1 Mem:9.20M (Peak 9.75M) | Time:00:00.00 | Mem:0.13M, Peak:0.13M | Scene, ViewLayer | Sample 1/1
Fra:1 Mem:9.20M (Peak 9.75M) | Time:00:00.00 | Mem:0.13M, Peak:0.13M | Scene, ViewLayer | Finished
Saved: '/home/terence/Documents/Codex/2026-09-06/realtime-voice-chat-3/outputs/butterfly-method-comparison/blender-v2/raw/native16/view135_frame00.png'
Time: 00:00.00 (Saving: 00:00.00)

Fra:1 Mem:9.74M (Peak 9.74M) | Time:00:00.00 | Mem:0.00M, Peak:0.00M | Scene, ViewLayer | Synchronizing object | Thorax
Fra:1 Mem:9.74M (Peak 9.74M) | Time:00:00.00 | Mem:0.00M, Peak:0.00M | Scene, ViewLayer | Synchronizing object | L continuous fore-hind wing
Fra:1 Mem:9.74M (Peak 9.74M) | Time:00:00.00 | Mem:0.00M, Peak:0.00M | Scene, ViewLayer | Synchronizing object | Abdomen
Fra:1 Mem:9.74M (Peak 9.74M) | Time:00:00.00 | Mem:0.00M, Peak:0.00M | Scene, ViewLayer | Synchronizing object | R continuous fore-hind wing
Fra:1 Mem:9.74M (Peak 9.74M) | Time:00:00.00 | Mem:0.00M, Peak:0.00M | Scene, ViewLayer | Synchronizing object | Abdomen tip
Fra:1 Mem:9.75M (Peak 9.75M) | Time:00:00.00 | Mem:0.00M, Peak:0.00M | Scene, ViewLayer | Synchronizing object | Antenna.001
Fra:1 Mem:9.75M (Peak 9.75M) | Time:00:00.00 | Mem:0.00M, Peak:0.00M | Scene, ViewLayer | Initializing
Fra:1 Mem:9.04M (Peak 9.75M) | Time:00:00.00 | Mem:0.00M, Peak:0.00M | Scene, ViewLayer | Waiting for render to start
Fra:1 Mem:9.04M (Peak 9.75M) | Time:00:00.00 | Mem:0.00M, Peak:0.00M | Scene, ViewLayer | Updating Scene
Fra:1 Mem:9.04M (Peak 9.75M) | Time:00:00.00 | Mem:0.00M, Peak:0.00M | Scene, ViewLayer | Updating Shaders
Fra:1 Mem:9.04M (Peak 9.75M) | Time:00:00.00 | Mem:0.00M, Peak:0.00M | Scene, ViewLayer | Loading render kernels (may take a few minutes the first time)
Fra:1 Mem:9.13M (Peak 9.75M) | Time:00:00.00 | Mem:0.00M, Peak:0.00M | Scene, ViewLayer | Updating Procedurals
Fra:1 Mem:9.13M (Peak 9.75M) | Time:00:00.00 | Mem:0.00M, Peak:0.00M | Scene, ViewLayer | Updating Background
Fra:1 Mem:9.13M (Peak 9.75M) | Time:00:00.00 | Mem:0.00M, Peak:0.00M | Scene, ViewLayer | Updating Camera
Fra:1 Mem:9.13M (Peak 9.75M) | Time:00:00.00 | Mem:0.00M, Peak:0.00M | Scene, ViewLayer | Updating Meshes Flags
Fra:1 Mem:9.13M (Peak 9.75M) | Time:00:00.00 | Mem:0.00M, Peak:0.00M | Scene, ViewLayer | Updating Objects
Fra:1 Mem:9.13M (Peak 9.75M) | Time:00:00.00 | Mem:0.00M, Peak:0.00M | Scene, ViewLayer | Updating Objects | Copying Transformations to device
Fra:1 Mem:9.13M (Peak 9.75M) | Time:00:00.00 | Mem:0.01M, Peak:0.01M | Scene, ViewLayer | Updating Particle Systems
Fra:1 Mem:9.13M (Peak 9.75M) | Time:00:00.00 | Mem:0.01M, Peak:0.01M | Scene, ViewLayer | Updating Particle Systems | Copying Particles to device
Fra:1 Mem:9.13M (Peak 9.75M) | Time:00:00.00 | Mem:0.01M, Peak:0.01M | Scene, ViewLayer | Updating Meshes
Fra:1 Mem:9.13M (Peak 9.75M) | Time:00:00.00 | Mem:0.01M, Peak:0.01M | Scene, ViewLayer | Updating Objects | Applying Static Transformations
Fra:1 Mem:9.13M (Peak 9.75M) | Time:00:00.00 | Mem:0.01M, Peak:0.01M | Scene, ViewLayer | Updating Mesh | Computing attributes
Fra:1 Mem:9.13M (Peak 9.75M) | Time:00:00.00 | Mem:0.01M, Peak:0.01M | Scene, ViewLayer | Updating Mesh | Copying Attributes to device
Fra:1 Mem:9.13M (Peak 9.75M) | Time:00:00.00 | Mem:0.01M, Peak:0.01M | Scene, ViewLayer | Updating Scene BVH | Building
Fra:1 Mem:9.13M (Peak 9.75M) | Time:00:00.00 | Mem:0.01M, Peak:0.01M | Scene, ViewLayer | Updating Scene BVH | Building BVH
Fra:1 Mem:9.13M (Peak 9.75M) | Time:00:00.00 | Mem:0.02M, Peak:0.03M | Scene, ViewLayer | Updating Scene BVH | Copying BVH to device
Fra:1 Mem:9.13M (Peak 9.75M) | Time:00:00.00 | Mem:0.02M, Peak:0.03M | Scene, ViewLayer | Updating Mesh | Computing normals
Fra:1 Mem:9.14M (Peak 9.75M) | Time:00:00.00 | Mem:0.02M, Peak:0.03M | Scene, ViewLayer | Updating Mesh | Copying Mesh to device
Fra:1 Mem:9.14M (Peak 9.75M) | Time:00:00.00 | Mem:0.03M, Peak:0.03M | Scene, ViewLayer | Updating Objects Flags
Fra:1 Mem:9.14M (Peak 9.75M) | Time:00:00.00 | Mem:0.03M, Peak:0.03M | Scene, ViewLayer | Updating Primitive Offsets
Fra:1 Mem:9.14M (Peak 9.75M) | Time:00:00.00 | Mem:0.03M, Peak:0.03M | Scene, ViewLayer | Updating Images
Fra:1 Mem:9.14M (Peak 9.75M) | Time:00:00.00 | Mem:0.03M, Peak:0.03M | Scene, ViewLayer | Updating Camera Volume
Fra:1 Mem:9.14M (Peak 9.75M) | Time:00:00.00 | Mem:0.03M, Peak:0.03M | Scene, ViewLayer | Updating Lookup Tables
Fra:1 Mem:9.14M (Peak 9.75M) | Time:00:00.00 | Mem:0.11M, Peak:0.11M | Scene, ViewLayer | Updating Lights
Fra:1 Mem:9.14M (Peak 9.75M) | Time:00:00.00 | Mem:0.11M, Peak:0.11M | Scene, ViewLayer | Updating Lights | Computing tree
Fra:1 Mem:9.14M (Peak 9.75M) | Time:00:00.00 | Mem:0.12M, Peak:0.12M | Scene, ViewLayer | Updating Integrator
Fra:1 Mem:9.14M (Peak 9.75M) | Time:00:00.00 | Mem:0.12M, Peak:0.12M | Scene, ViewLayer | Updating Film
Fra:1 Mem:9.15M (Peak 9.75M) | Time:00:00.00 | Mem:0.04M, Peak:0.12M | Scene, ViewLayer | Updating Lookup Tables
Fra:1 Mem:9.15M (Peak 9.75M) | Time:00:00.00 | Mem:0.13M, Peak:0.13M | Scene, ViewLayer | Updating Baking
Fra:1 Mem:9.15M (Peak 9.75M) | Time:00:00.00 | Mem:0.13M, Peak:0.13M | Scene, ViewLayer | Updating Device | Writing constant memory
Fra:1 Mem:9.15M (Peak 9.75M) | Time:00:00.00 | Mem:0.13M, Peak:0.13M | Scene, ViewLayer | Sample 0/1
Fra:1 Mem:9.24M (Peak 9.75M) | Time:00:00.00 | Mem:0.16M, Peak:0.16M | Scene, ViewLayer | Sample 1/1
Fra:1 Mem:9.24M (Peak 9.75M) | Time:00:00.00 | Mem:0.16M, Peak:0.16M | Scene, ViewLayer | Finished
Saved: '/home/terence/Documents/Codex/2026-09-06/realtime-voice-chat-3/outputs/butterfly-method-comparison/blender-v2/raw/native32/view135_frame00.png'
Time: 00:00.00 (Saving: 00:00.00)

Fra:1 Mem:9.67M (Peak 9.67M) | Time:00:00.00 | Mem:0.00M, Peak:0.00M | Scene, ViewLayer | Synchronizing object | Thorax
Fra:1 Mem:9.67M (Peak 9.67M) | Time:00:00.00 | Mem:0.00M, Peak:0.00M | Scene, ViewLayer | Synchronizing object | Antenna.001
Fra:1 Mem:9.67M (Peak 9.67M) | Time:00:00.00 | Mem:0.00M, Peak:0.00M | Scene, ViewLayer | Synchronizing object | Abdomen tip
Fra:1 Mem:9.67M (Peak 9.67M) | Time:00:00.00 | Mem:0.00M, Peak:0.00M | Scene, ViewLayer | Synchronizing object | Antenna
Fra:1 Mem:9.68M (Peak 9.68M) | Time:00:00.00 | Mem:0.00M, Peak:0.00M | Scene, ViewLayer | Initializing
Fra:1 Mem:9.03M (Peak 9.68M) | Time:00:00.00 | Mem:0.00M, Peak:0.00M | Scene, ViewLayer | Waiting for render to start
Fra:1 Mem:9.03M (Peak 9.68M) | Time:00:00.00 | Mem:0.00M, Peak:0.00M | Scene, ViewLayer | Updating Scene
Fra:1 Mem:9.03M (Peak 9.68M) | Time:00:00.00 | Mem:0.00M, Peak:0.00M | Scene, ViewLayer | Updating Shaders
Fra:1 Mem:9.03M (Peak 9.68M) | Time:00:00.00 | Mem:0.00M, Peak:0.00M | Scene, ViewLayer | Loading render kernels (may take a few minutes the first time)
Fra:1 Mem:9.12M (Peak 9.68M) | Time:00:00.00 | Mem:0.00M, Peak:0.00M | Scene, ViewLayer | Updating Procedurals
Fra:1 Mem:9.12M (Peak 9.68M) | Time:00:00.00 | Mem:0.00M, Peak:0.00M | Scene, ViewLayer | Updating Background
Fra:1 Mem:9.12M (Peak 9.68M) | Time:00:00.00 | Mem:0.00M, Peak:0.00M | Scene, ViewLayer | Updating Camera
Fra:1 Mem:9.12M (Peak 9.68M) | Time:00:00.00 | Mem:0.00M, Peak:0.00M | Scene, ViewLayer | Updating Meshes Flags
Fra:1 Mem:9.12M (Peak 9.68M) | Time:00:00.00 | Mem:0.00M, Peak:0.00M | Scene, ViewLayer | Updating Objects
Fra:1 Mem:9.12M (Peak 9.68M) | Time:00:00.00 | Mem:0.00M, Peak:0.00M | Scene, ViewLayer | Updating Objects | Copying Transformations to device
Fra:1 Mem:9.12M (Peak 9.68M) | Time:00:00.00 | Mem:0.00M, Peak:0.00M | Scene, ViewLayer | Updating Particle Systems
Fra:1 Mem:9.12M (Peak 9.68M) | Time:00:00.00 | Mem:0.00M, Peak:0.00M | Scene, ViewLayer | Updating Particle Systems | Copying Particles to device
Fra:1 Mem:9.12M (Peak 9.68M) | Time:00:00.00 | Mem:0.00M, Peak:0.00M | Scene, ViewLayer | Updating Meshes
Fra:1 Mem:9.12M (Peak 9.68M) | Time:00:00.00 | Mem:0.00M, Peak:0.00M | Scene, ViewLayer | Updating Objects | Applying Static Transformations
Fra:1 Mem:9.12M (Peak 9.68M) | Time:00:00.00 | Mem:0.00M, Peak:0.00M | Scene, ViewLayer | Updating Mesh | Computing attributes
Fra:1 Mem:9.12M (Peak 9.68M) | Time:00:00.00 | Mem:0.01M, Peak:0.01M | Scene, ViewLayer | Updating Mesh | Copying Attributes to device
Fra:1 Mem:9.12M (Peak 9.68M) | Time:00:00.00 | Mem:0.01M, Peak:0.01M | Scene, ViewLayer | Updating Scene BVH | Building
Fra:1 Mem:9.12M (Peak 9.68M) | Time:00:00.00 | Mem:0.01M, Peak:0.01M | Scene, ViewLayer | Updating Scene BVH | Building BVH
Fra:1 Mem:9.12M (Peak 9.68M) | Time:00:00.00 | Mem:0.01M, Peak:0.01M | Scene, ViewLayer | Updating Scene BVH | Copying BVH to device
Fra:1 Mem:9.12M (Peak 9.68M) | Time:00:00.00 | Mem:0.01M, Peak:0.01M | Scene, ViewLayer | Updating Mesh | Computing normals
Fra:1 Mem:9.12M (Peak 9.68M) | Time:00:00.00 | Mem:0.01M, Peak:0.01M | Scene, ViewLayer | Updating Mesh | Copying Mesh to device
Fra:1 Mem:9.12M (Peak 9.68M) | Time:00:00.00 | Mem:0.01M, Peak:0.01M | Scene, ViewLayer | Updating Objects Flags
Fra:1 Mem:9.12M (Peak 9.68M) | Time:00:00.00 | Mem:0.01M, Peak:0.01M | Scene, ViewLayer | Updating Primitive Offsets
Fra:1 Mem:9.12M (Peak 9.68M) | Time:00:00.00 | Mem:0.01M, Peak:0.01M | Scene, ViewLayer | Updating Images
Fra:1 Mem:9.12M (Peak 9.68M) | Time:00:00.00 | Mem:0.01M, Peak:0.01M | Scene, ViewLayer | Updating Camera Volume
Fra:1 Mem:9.12M (Peak 9.68M) | Time:00:00.00 | Mem:0.01M, Peak:0.01M | Scene, ViewLayer | Updating Lookup Tables
Fra:1 Mem:9.12M (Peak 9.68M) | Time:00:00.00 | Mem:0.09M, Peak:0.09M | Scene, ViewLayer | Updating Lights
Fra:1 Mem:9.12M (Peak 9.68M) | Time:00:00.00 | Mem:0.09M, Peak:0.09M | Scene, ViewLayer | Updating Lights | Computing tree
Fra:1 Mem:9.12M (Peak 9.68M) | Time:00:00.00 | Mem:0.09M, Peak:0.09M | Scene, ViewLayer | Updating Integrator
Fra:1 Mem:9.12M (Peak 9.68M) | Time:00:00.00 | Mem:0.09M, Peak:0.09M | Scene, ViewLayer | Updating Film
Fra:1 Mem:9.13M (Peak 9.68M) | Time:00:00.00 | Mem:0.01M, Peak:0.09M | Scene, ViewLayer | Updating Lookup Tables
Fra:1 Mem:9.13M (Peak 9.68M) | Time:00:00.00 | Mem:0.10M, Peak:0.10M | Scene, ViewLayer | Updating Baking
Fra:1 Mem:9.13M (Peak 9.68M) | Time:00:00.00 | Mem:0.10M, Peak:0.10M | Scene, ViewLayer | Updating Device | Writing constant memory
Fra:1 Mem:9.13M (Peak 9.68M) | Time:00:00.00 | Mem:0.10M, Peak:0.10M | Scene, ViewLayer | Sample 0/1
Fra:1 Mem:9.18M (Peak 9.68M) | Time:00:00.00 | Mem:0.11M, Peak:0.11M | Scene, ViewLayer | Sample 1/1
Fra:1 Mem:9.18M (Peak 9.68M) | Time:00:00.00 | Mem:0.11M, Peak:0.11M | Scene, ViewLayer | Finished
Saved: '/home/terence/Documents/Codex/2026-09-06/realtime-voice-chat-3/outputs/butterfly-method-comparison/blender-v2/raw/body-only/view135_frame00.png'
Time: 00:00.00 (Saving: 00:00.00)

Fra:1 Mem:9.71M (Peak 9.71M) | Time:00:00.00 | Mem:0.00M, Peak:0.00M | Scene, ViewLayer | Synchronizing object | Thorax
Fra:1 Mem:9.71M (Peak 9.71M) | Time:00:00.00 | Mem:0.00M, Peak:0.00M | Scene, ViewLayer | Synchronizing object | Abdomen
Fra:1 Mem:9.71M (Peak 9.71M) | Time:00:00.00 | Mem:0.00M, Peak:0.00M | Scene, ViewLayer | Synchronizing object | Abdomen tip
Fra:1 Mem:9.71M (Peak 9.71M) | Time:00:00.00 | Mem:0.00M, Peak:0.00M | Scene, ViewLayer | Synchronizing object | Antenna
Fra:1 Mem:9.71M (Peak 9.71M) | Time:00:00.00 | Mem:0.00M, Peak:0.00M | Scene, ViewLayer | Synchronizing object | R continuous fore-hind wing
Fra:1 Mem:9.72M (Peak 9.72M) | Time:00:00.00 | Mem:0.00M, Peak:0.00M | Scene, ViewLayer | Initializing
Fra:1 Mem:9.03M (Peak 9.72M) | Time:00:00.00 | Mem:0.00M, Peak:0.00M | Scene, ViewLayer | Waiting for render to start
Fra:1 Mem:9.03M (Peak 9.72M) | Time:00:00.00 | Mem:0.00M, Peak:0.00M | Scene, ViewLayer | Updating Scene
Fra:1 Mem:9.03M (Peak 9.72M) | Time:00:00.00 | Mem:0.00M, Peak:0.00M | Scene, ViewLayer | Updating Shaders
Fra:1 Mem:9.03M (Peak 9.72M) | Time:00:00.00 | Mem:0.00M, Peak:0.00M | Scene, ViewLayer | Loading render kernels (may take a few minutes the first time)
Fra:1 Mem:9.11M (Peak 9.72M) | Time:00:00.00 | Mem:0.00M, Peak:0.00M | Scene, ViewLayer | Updating Procedurals
Fra:1 Mem:9.11M (Peak 9.72M) | Time:00:00.00 | Mem:0.00M, Peak:0.00M | Scene, ViewLayer | Updating Background
Fra:1 Mem:9.11M (Peak 9.72M) | Time:00:00.00 | Mem:0.00M, Peak:0.00M | Scene, ViewLayer | Updating Camera
Fra:1 Mem:9.11M (Peak 9.72M) | Time:00:00.00 | Mem:0.00M, Peak:0.00M | Scene, ViewLayer | Updating Meshes Flags
Fra:1 Mem:9.11M (Peak 9.72M) | Time:00:00.00 | Mem:0.00M, Peak:0.00M | Scene, ViewLayer | Updating Objects
Fra:1 Mem:9.11M (Peak 9.72M) | Time:00:00.00 | Mem:0.00M, Peak:0.00M | Scene, ViewLayer | Updating Objects | Copying Transformations to device
Fra:1 Mem:9.11M (Peak 9.72M) | Time:00:00.00 | Mem:0.01M, Peak:0.01M | Scene, ViewLayer | Updating Particle Systems
Fra:1 Mem:9.11M (Peak 9.72M) | Time:00:00.00 | Mem:0.01M, Peak:0.01M | Scene, ViewLayer | Updating Particle Systems | Copying Particles to device
Fra:1 Mem:9.11M (Peak 9.72M) | Time:00:00.00 | Mem:0.01M, Peak:0.01M | Scene, ViewLayer | Updating Meshes
Fra:1 Mem:9.11M (Peak 9.72M) | Time:00:00.00 | Mem:0.01M, Peak:0.01M | Scene, ViewLayer | Updating Objects | Applying Static Transformations
Fra:1 Mem:9.11M (Peak 9.72M) | Time:00:00.00 | Mem:0.01M, Peak:0.01M | Scene, ViewLayer | Updating Mesh | Computing attributes
Fra:1 Mem:9.12M (Peak 9.72M) | Time:00:00.00 | Mem:0.01M, Peak:0.01M | Scene, ViewLayer | Updating Mesh | Copying Attributes to device
Fra:1 Mem:9.12M (Peak 9.72M) | Time:00:00.00 | Mem:0.01M, Peak:0.01M | Scene, ViewLayer | Updating Scene BVH | Building
Fra:1 Mem:9.12M (Peak 9.72M) | Time:00:00.00 | Mem:0.01M, Peak:0.01M | Scene, ViewLayer | Updating Scene BVH | Building BVH
Fra:1 Mem:9.12M (Peak 9.72M) | Time:00:00.00 | Mem:0.02M, Peak:0.03M | Scene, ViewLayer | Updating Scene BVH | Copying BVH to device
Fra:1 Mem:9.12M (Peak 9.72M) | Time:00:00.00 | Mem:0.02M, Peak:0.03M | Scene, ViewLayer | Updating Mesh | Computing normals
Fra:1 Mem:9.12M (Peak 9.72M) | Time:00:00.00 | Mem:0.02M, Peak:0.03M | Scene, ViewLayer | Updating Mesh | Copying Mesh to device
Fra:1 Mem:9.12M (Peak 9.72M) | Time:00:00.00 | Mem:0.03M, Peak:0.03M | Scene, ViewLayer | Updating Objects Flags
Fra:1 Mem:9.12M (Peak 9.72M) | Time:00:00.00 | Mem:0.03M, Peak:0.03M | Scene, ViewLayer | Updating Primitive Offsets
Fra:1 Mem:9.12M (Peak 9.72M) | Time:00:00.00 | Mem:0.03M, Peak:0.03M | Scene, ViewLayer | Updating Images
Fra:1 Mem:9.12M (Peak 9.72M) | Time:00:00.00 | Mem:0.03M, Peak:0.03M | Scene, ViewLayer | Updating Camera Volume
Fra:1 Mem:9.12M (Peak 9.72M) | Time:00:00.00 | Mem:0.03M, Peak:0.03M | Scene, ViewLayer | Updating Lookup Tables
Fra:1 Mem:9.12M (Peak 9.72M) | Time:00:00.00 | Mem:0.11M, Peak:0.11M | Scene, ViewLayer | Updating Lights
Fra:1 Mem:9.12M (Peak 9.72M) | Time:00:00.00 | Mem:0.11M, Peak:0.11M | Scene, ViewLayer | Updating Lights | Computing tree
Fra:1 Mem:9.13M (Peak 9.72M) | Time:00:00.00 | Mem:0.12M, Peak:0.12M | Scene, ViewLayer | Updating Integrator
Fra:1 Mem:9.13M (Peak 9.72M) | Time:00:00.00 | Mem:0.12M, Peak:0.12M | Scene, ViewLayer | Updating Film
Fra:1 Mem:9.13M (Peak 9.72M) | Time:00:00.00 | Mem:0.04M, Peak:0.12M | Scene, ViewLayer | Updating Lookup Tables
Fra:1 Mem:9.13M (Peak 9.72M) | Time:00:00.00 | Mem:0.13M, Peak:0.13M | Scene, ViewLayer | Updating Baking
Fra:1 Mem:9.13M (Peak 9.72M) | Time:00:00.00 | Mem:0.13M, Peak:0.13M | Scene, ViewLayer | Updating Device | Writing constant memory
Fra:1 Mem:9.14M (Peak 9.72M) | Time:00:00.00 | Mem:0.13M, Peak:0.13M | Scene, ViewLayer | Sample 0/1
Fra:1 Mem:9.19M (Peak 9.72M) | Time:00:00.00 | Mem:0.13M, Peak:0.13M | Scene, ViewLayer | Sample 1/1
Fra:1 Mem:9.19M (Peak 9.72M) | Time:00:00.00 | Mem:0.13M, Peak:0.13M | Scene, ViewLayer | Finished
Saved: '/home/terence/Documents/Codex/2026-09-06/realtime-voice-chat-3/outputs/butterfly-method-comparison/blender-v2/raw/no-abdomen-lag/view135_frame00.png'
Time: 00:00.00 (Saving: 00:00.00)

Fra:1 Mem:9.69M (Peak 9.69M) | Time:00:00.00 | Mem:0.00M, Peak:0.00M | Scene, ViewLayer | Synchronizing object | Thorax
Fra:1 Mem:9.69M (Peak 9.69M) | Time:00:00.00 | Mem:0.00M, Peak:0.00M | Scene, ViewLayer | Synchronizing object | Abdomen
Fra:1 Mem:9.69M (Peak 9.69M) | Time:00:00.00 | Mem:0.00M, Peak:0.00M | Scene, ViewLayer | Synchronizing object | L continuous fore-hind wing
Fra:1 Mem:9.69M (Peak 9.69M) | Time:00:00.00 | Mem:0.00M, Peak:0.00M | Scene, ViewLayer | Synchronizing object | Antenna
Fra:1 Mem:9.70M (Peak 9.70M) | Time:00:00.00 | Mem:0.00M, Peak:0.00M | Scene, ViewLayer | Synchronizing object | R continuous fore-hind wing
Fra:1 Mem:9.70M (Peak 9.70M) | Time:00:00.00 | Mem:0.00M, Peak:0.00M | Scene, ViewLayer | Initializing
Fra:1 Mem:9.02M (Peak 9.70M) | Time:00:00.00 | Mem:0.00M, Peak:0.00M | Scene, ViewLayer | Waiting for render to start
Fra:1 Mem:9.02M (Peak 9.70M) | Time:00:00.00 | Mem:0.00M, Peak:0.00M | Scene, ViewLayer | Updating Scene
Fra:1 Mem:9.02M (Peak 9.70M) | Time:00:00.00 | Mem:0.00M, Peak:0.00M | Scene, ViewLayer | Updating Shaders
Fra:1 Mem:9.02M (Peak 9.70M) | Time:00:00.00 | Mem:0.00M, Peak:0.00M | Scene, ViewLayer | Loading render kernels (may take a few minutes the first time)
Fra:1 Mem:9.10M (Peak 9.70M) | Time:00:00.00 | Mem:0.00M, Peak:0.00M | Scene, ViewLayer | Updating Procedurals
Fra:1 Mem:9.10M (Peak 9.70M) | Time:00:00.00 | Mem:0.00M, Peak:0.00M | Scene, ViewLayer | Updating Background
Fra:1 Mem:9.10M (Peak 9.70M) | Time:00:00.00 | Mem:0.00M, Peak:0.00M | Scene, ViewLayer | Updating Camera
Fra:1 Mem:9.10M (Peak 9.70M) | Time:00:00.00 | Mem:0.00M, Peak:0.00M | Scene, ViewLayer | Updating Meshes Flags
Fra:1 Mem:9.10M (Peak 9.70M) | Time:00:00.00 | Mem:0.00M, Peak:0.00M | Scene, ViewLayer | Updating Objects
Fra:1 Mem:9.10M (Peak 9.70M) | Time:00:00.00 | Mem:0.00M, Peak:0.00M | Scene, ViewLayer | Updating Objects | Copying Transformations to device
Fra:1 Mem:9.10M (Peak 9.70M) | Time:00:00.00 | Mem:0.01M, Peak:0.01M | Scene, ViewLayer | Updating Particle Systems
Fra:1 Mem:9.10M (Peak 9.70M) | Time:00:00.00 | Mem:0.01M, Peak:0.01M | Scene, ViewLayer | Updating Particle Systems | Copying Particles to device
Fra:1 Mem:9.10M (Peak 9.70M) | Time:00:00.00 | Mem:0.01M, Peak:0.01M | Scene, ViewLayer | Updating Meshes
Fra:1 Mem:9.10M (Peak 9.70M) | Time:00:00.00 | Mem:0.01M, Peak:0.01M | Scene, ViewLayer | Updating Objects | Applying Static Transformations
Fra:1 Mem:9.10M (Peak 9.70M) | Time:00:00.00 | Mem:0.01M, Peak:0.01M | Scene, ViewLayer | Updating Mesh | Computing attributes
Fra:1 Mem:9.11M (Peak 9.70M) | Time:00:00.00 | Mem:0.01M, Peak:0.01M | Scene, ViewLayer | Updating Mesh | Copying Attributes to device
Fra:1 Mem:9.11M (Peak 9.70M) | Time:00:00.00 | Mem:0.01M, Peak:0.01M | Scene, ViewLayer | Updating Scene BVH | Building
Fra:1 Mem:9.11M (Peak 9.70M) | Time:00:00.00 | Mem:0.01M, Peak:0.01M | Scene, ViewLayer | Updating Scene BVH | Building BVH
Fra:1 Mem:9.11M (Peak 9.70M) | Time:00:00.00 | Mem:0.02M, Peak:0.03M | Scene, ViewLayer | Updating Scene BVH | Copying BVH to device
Fra:1 Mem:9.11M (Peak 9.70M) | Time:00:00.00 | Mem:0.02M, Peak:0.03M | Scene, ViewLayer | Updating Mesh | Computing normals
Fra:1 Mem:9.11M (Peak 9.70M) | Time:00:00.00 | Mem:0.02M, Peak:0.03M | Scene, ViewLayer | Updating Mesh | Copying Mesh to device
Fra:1 Mem:9.11M (Peak 9.70M) | Time:00:00.00 | Mem:0.03M, Peak:0.03M | Scene, ViewLayer | Updating Objects Flags
Fra:1 Mem:9.11M (Peak 9.70M) | Time:00:00.00 | Mem:0.03M, Peak:0.03M | Scene, ViewLayer | Updating Primitive Offsets
Fra:1 Mem:9.11M (Peak 9.70M) | Time:00:00.00 | Mem:0.03M, Peak:0.03M | Scene, ViewLayer | Updating Images
Fra:1 Mem:9.11M (Peak 9.70M) | Time:00:00.00 | Mem:0.03M, Peak:0.03M | Scene, ViewLayer | Updating Camera Volume
Fra:1 Mem:9.11M (Peak 9.70M) | Time:00:00.00 | Mem:0.03M, Peak:0.03M | Scene, ViewLayer | Updating Lookup Tables
Fra:1 Mem:9.11M (Peak 9.70M) | Time:00:00.00 | Mem:0.11M, Peak:0.11M | Scene, ViewLayer | Updating Lights
Fra:1 Mem:9.11M (Peak 9.70M) | Time:00:00.00 | Mem:0.11M, Peak:0.11M | Scene, ViewLayer | Updating Lights | Computing tree
Fra:1 Mem:9.12M (Peak 9.70M) | Time:00:00.00 | Mem:0.12M, Peak:0.12M | Scene, ViewLayer | Updating Integrator
Fra:1 Mem:9.12M (Peak 9.70M) | Time:00:00.00 | Mem:0.12M, Peak:0.12M | Scene, ViewLayer | Updating Film
Fra:1 Mem:9.13M (Peak 9.70M) | Time:00:00.00 | Mem:0.04M, Peak:0.12M | Scene, ViewLayer | Updating Lookup Tables
Fra:1 Mem:9.13M (Peak 9.70M) | Time:00:00.00 | Mem:0.13M, Peak:0.13M | Scene, ViewLayer | Updating Baking
Fra:1 Mem:9.13M (Peak 9.70M) | Time:00:00.00 | Mem:0.13M, Peak:0.13M | Scene, ViewLayer | Updating Device | Writing constant memory
Fra:1 Mem:9.13M (Peak 9.70M) | Time:00:00.00 | Mem:0.13M, Peak:0.13M | Scene, ViewLayer | Sample 0/1
Fra:1 Mem:9.18M (Peak 9.70M) | Time:00:00.00 | Mem:0.13M, Peak:0.13M | Scene, ViewLayer | Sample 1/1
Fra:1 Mem:9.18M (Peak 9.70M) | Time:00:00.00 | Mem:0.13M, Peak:0.13M | Scene, ViewLayer | Finished
Saved: '/home/terence/Documents/Codex/2026-09-06/realtime-voice-chat-3/outputs/butterfly-method-comparison/blender-v2/raw/wing-only/view135_frame00.png'
Time: 00:00.00 (Saving: 00:00.00)

Fra:6 Mem:9.74M (Peak 9.74M) | Time:00:00.00 | Mem:0.00M, Peak:0.00M | Scene, ViewLayer | Synchronizing object | Thorax
Fra:6 Mem:9.74M (Peak 9.74M) | Time:00:00.00 | Mem:0.00M, Peak:0.00M | Scene, ViewLayer | Synchronizing object | L continuous fore-hind wing
Fra:6 Mem:9.74M (Peak 9.74M) | Time:00:00.00 | Mem:0.00M, Peak:0.00M | Scene, ViewLayer | Synchronizing object | Abdomen tip
Fra:6 Mem:9.74M (Peak 9.74M) | Time:00:00.00 | Mem:0.00M, Peak:0.00M | Scene, ViewLayer | Synchronizing object | Antenna.001
Fra:6 Mem:9.74M (Peak 9.74M) | Time:00:00.00 | Mem:0.00M, Peak:0.00M | Scene, ViewLayer | Synchronizing object | R continuous fore-hind wing
Fra:6 Mem:9.75M (Peak 9.75M) | Time:00:00.00 | Mem:0.00M, Peak:0.00M | Scene, ViewLayer | Initializing
Fra:6 Mem:9.04M (Peak 9.75M) | Time:00:00.00 | Mem:0.00M, Peak:0.00M | Scene, ViewLayer | Waiting for render to start
Fra:6 Mem:9.04M (Peak 9.75M) | Time:00:00.00 | Mem:0.00M, Peak:0.00M | Scene, ViewLayer | Updating Scene
Fra:6 Mem:9.04M (Peak 9.75M) | Time:00:00.00 | Mem:0.00M, Peak:0.00M | Scene, ViewLayer | Updating Shaders
Fra:6 Mem:9.04M (Peak 9.75M) | Time:00:00.00 | Mem:0.00M, Peak:0.00M | Scene, ViewLayer | Loading render kernels (may take a few minutes the first time)
Fra:6 Mem:9.13M (Peak 9.75M) | Time:00:00.00 | Mem:0.00M, Peak:0.00M | Scene, ViewLayer | Updating Procedurals
Fra:6 Mem:9.13M (Peak 9.75M) | Time:00:00.00 | Mem:0.00M, Peak:0.00M | Scene, ViewLayer | Updating Background
Fra:6 Mem:9.13M (Peak 9.75M) | Time:00:00.00 | Mem:0.00M, Peak:0.00M | Scene, ViewLayer | Updating Camera
Fra:6 Mem:9.13M (Peak 9.75M) | Time:00:00.00 | Mem:0.00M, Peak:0.00M | Scene, ViewLayer | Updating Meshes Flags
Fra:6 Mem:9.13M (Peak 9.75M) | Time:00:00.00 | Mem:0.00M, Peak:0.00M | Scene, ViewLayer | Updating Objects
Fra:6 Mem:9.13M (Peak 9.75M) | Time:00:00.00 | Mem:0.00M, Peak:0.00M | Scene, ViewLayer | Updating Objects | Copying Transformations to device
Fra:6 Mem:9.13M (Peak 9.75M) | Time:00:00.00 | Mem:0.01M, Peak:0.01M | Scene, ViewLayer | Updating Particle Systems
Fra:6 Mem:9.13M (Peak 9.75M) | Time:00:00.00 | Mem:0.01M, Peak:0.01M | Scene, ViewLayer | Updating Particle Systems | Copying Particles to device
Fra:6 Mem:9.13M (Peak 9.75M) | Time:00:00.00 | Mem:0.01M, Peak:0.01M | Scene, ViewLayer | Updating Meshes
Fra:6 Mem:9.13M (Peak 9.75M) | Time:00:00.00 | Mem:0.01M, Peak:0.01M | Scene, ViewLayer | Updating Objects | Applying Static Transformations
Fra:6 Mem:9.13M (Peak 9.75M) | Time:00:00.00 | Mem:0.01M, Peak:0.01M | Scene, ViewLayer | Updating Mesh | Computing attributes
Fra:6 Mem:9.13M (Peak 9.75M) | Time:00:00.00 | Mem:0.01M, Peak:0.01M | Scene, ViewLayer | Updating Mesh | Copying Attributes to device
Fra:6 Mem:9.13M (Peak 9.75M) | Time:00:00.00 | Mem:0.01M, Peak:0.01M | Scene, ViewLayer | Updating Scene BVH | Building
Fra:6 Mem:9.13M (Peak 9.75M) | Time:00:00.00 | Mem:0.01M, Peak:0.01M | Scene, ViewLayer | Updating Scene BVH | Building BVH
Fra:6 Mem:9.13M (Peak 9.75M) | Time:00:00.00 | Mem:0.02M, Peak:0.03M | Scene, ViewLayer | Updating Scene BVH | Copying BVH to device
Fra:6 Mem:9.13M (Peak 9.75M) | Time:00:00.00 | Mem:0.02M, Peak:0.03M | Scene, ViewLayer | Updating Mesh | Computing normals
Fra:6 Mem:9.14M (Peak 9.75M) | Time:00:00.00 | Mem:0.02M, Peak:0.03M | Scene, ViewLayer | Updating Mesh | Copying Mesh to device
Fra:6 Mem:9.14M (Peak 9.75M) | Time:00:00.00 | Mem:0.03M, Peak:0.03M | Scene, ViewLayer | Updating Objects Flags
Fra:6 Mem:9.14M (Peak 9.75M) | Time:00:00.00 | Mem:0.03M, Peak:0.03M | Scene, ViewLayer | Updating Primitive Offsets
Fra:6 Mem:9.14M (Peak 9.75M) | Time:00:00.00 | Mem:0.03M, Peak:0.03M | Scene, ViewLayer | Updating Images
Fra:6 Mem:9.14M (Peak 9.75M) | Time:00:00.00 | Mem:0.03M, Peak:0.03M | Scene, ViewLayer | Updating Camera Volume
Fra:6 Mem:9.14M (Peak 9.75M) | Time:00:00.00 | Mem:0.03M, Peak:0.03M | Scene, ViewLayer | Updating Lookup Tables
Fra:6 Mem:9.14M (Peak 9.75M) | Time:00:00.00 | Mem:0.11M, Peak:0.11M | Scene, ViewLayer | Updating Lights
Fra:6 Mem:9.14M (Peak 9.75M) | Time:00:00.00 | Mem:0.11M, Peak:0.11M | Scene, ViewLayer | Updating Lights | Computing tree
Fra:6 Mem:9.14M (Peak 9.75M) | Time:00:00.00 | Mem:0.12M, Peak:0.12M | Scene, ViewLayer | Updating Integrator
Fra:6 Mem:9.14M (Peak 9.75M) | Time:00:00.00 | Mem:0.12M, Peak:0.12M | Scene, ViewLayer | Updating Film
Fra:6 Mem:9.15M (Peak 9.75M) | Time:00:00.00 | Mem:0.04M, Peak:0.12M | Scene, ViewLayer | Updating Lookup Tables
Fra:6 Mem:9.15M (Peak 9.75M) | Time:00:00.00 | Mem:0.12M, Peak:0.12M | Scene, ViewLayer | Updating Baking
Fra:6 Mem:9.15M (Peak 9.75M) | Time:00:00.00 | Mem:0.12M, Peak:0.12M | Scene, ViewLayer | Updating Device | Writing constant memory
Fra:6 Mem:9.15M (Peak 9.75M) | Time:00:00.00 | Mem:0.12M, Peak:0.12M | Scene, ViewLayer | Sample 0/8
Fra:6 Mem:9.75M (Peak 9.75M) | Time:00:00.00 | Remaining:00:00.01 | Mem:0.69M, Peak:0.69M | Scene, ViewLayer | Sample 1/8
Fra:6 Mem:10.00M (Peak 10.00M) | Time:00:00.01 | Mem:0.69M, Peak:0.69M | Scene, ViewLayer | Sample 8/8
Fra:6 Mem:10.00M (Peak 10.00M) | Time:00:00.01 | Mem:0.69M, Peak:0.69M | Scene, ViewLayer | Finished
Saved: '/home/terence/Documents/Codex/2026-09-06/realtime-voice-chat-3/outputs/butterfly-method-comparison/blender-v2/raw/view135_frame01.png'
Time: 00:00.02 (Saving: 00:00.00)

Fra:6 Mem:9.74M (Peak 9.74M) | Time:00:00.00 | Mem:0.00M, Peak:0.00M | Scene, ViewLayer | Synchronizing object | Thorax
Fra:6 Mem:9.74M (Peak 9.74M) | Time:00:00.00 | Mem:0.00M, Peak:0.00M | Scene, ViewLayer | Synchronizing object | Abdomen
Fra:6 Mem:9.74M (Peak 9.74M) | Time:00:00.00 | Mem:0.00M, Peak:0.00M | Scene, ViewLayer | Synchronizing object | Abdomen tip
Fra:6 Mem:9.74M (Peak 9.74M) | Time:00:00.00 | Mem:0.00M, Peak:0.00M | Scene, ViewLayer | Synchronizing object | Antenna
Fra:6 Mem:9.74M (Peak 9.74M) | Time:00:00.00 | Mem:0.00M, Peak:0.00M | Scene, ViewLayer | Synchronizing object | Antenna.001
Fra:6 Mem:9.74M (Peak 9.74M) | Time:00:00.00 | Mem:0.00M, Peak:0.00M | Scene, ViewLayer | Synchronizing object | R continuous fore-hind wing
Fra:6 Mem:9.75M (Peak 9.75M) | Time:00:00.00 | Mem:0.00M, Peak:0.00M | Scene, ViewLayer | Initializing
Fra:6 Mem:9.04M (Peak 9.75M) | Time:00:00.00 | Mem:0.00M, Peak:0.00M | Scene, ViewLayer | Waiting for render to start
Fra:6 Mem:9.04M (Peak 9.75M) | Time:00:00.00 | Mem:0.00M, Peak:0.00M | Scene, ViewLayer | Updating Scene
Fra:6 Mem:9.04M (Peak 9.75M) | Time:00:00.00 | Mem:0.00M, Peak:0.00M | Scene, ViewLayer | Updating Shaders
Fra:6 Mem:9.04M (Peak 9.75M) | Time:00:00.00 | Mem:0.00M, Peak:0.00M | Scene, ViewLayer | Loading render kernels (may take a few minutes the first time)
Fra:6 Mem:9.13M (Peak 9.75M) | Time:00:00.00 | Mem:0.00M, Peak:0.00M | Scene, ViewLayer | Updating Procedurals
Fra:6 Mem:9.13M (Peak 9.75M) | Time:00:00.00 | Mem:0.00M, Peak:0.00M | Scene, ViewLayer | Updating Background
Fra:6 Mem:9.13M (Peak 9.75M) | Time:00:00.00 | Mem:0.00M, Peak:0.00M | Scene, ViewLayer | Updating Camera
Fra:6 Mem:9.13M (Peak 9.75M) | Time:00:00.00 | Mem:0.00M, Peak:0.00M | Scene, ViewLayer | Updating Meshes Flags
Fra:6 Mem:9.13M (Peak 9.75M) | Time:00:00.00 | Mem:0.00M, Peak:0.00M | Scene, ViewLayer | Updating Objects
Fra:6 Mem:9.13M (Peak 9.75M) | Time:00:00.00 | Mem:0.00M, Peak:0.00M | Scene, ViewLayer | Updating Objects | Copying Transformations to device
Fra:6 Mem:9.13M (Peak 9.75M) | Time:00:00.00 | Mem:0.01M, Peak:0.01M | Scene, ViewLayer | Updating Particle Systems
Fra:6 Mem:9.13M (Peak 9.75M) | Time:00:00.00 | Mem:0.01M, Peak:0.01M | Scene, ViewLayer | Updating Particle Systems | Copying Particles to device
Fra:6 Mem:9.13M (Peak 9.75M) | Time:00:00.00 | Mem:0.01M, Peak:0.01M | Scene, ViewLayer | Updating Meshes
Fra:6 Mem:9.13M (Peak 9.75M) | Time:00:00.00 | Mem:0.01M, Peak:0.01M | Scene, ViewLayer | Updating Objects | Applying Static Transformations
Fra:6 Mem:9.13M (Peak 9.75M) | Time:00:00.00 | Mem:0.01M, Peak:0.01M | Scene, ViewLayer | Updating Mesh | Computing attributes
Fra:6 Mem:9.13M (Peak 9.75M) | Time:00:00.00 | Mem:0.01M, Peak:0.01M | Scene, ViewLayer | Updating Mesh | Copying Attributes to device
Fra:6 Mem:9.13M (Peak 9.75M) | Time:00:00.00 | Mem:0.01M, Peak:0.01M | Scene, ViewLayer | Updating Scene BVH | Building
Fra:6 Mem:9.13M (Peak 9.75M) | Time:00:00.00 | Mem:0.01M, Peak:0.01M | Scene, ViewLayer | Updating Scene BVH | Building BVH
Fra:6 Mem:9.13M (Peak 9.75M) | Time:00:00.00 | Mem:0.02M, Peak:0.03M | Scene, ViewLayer | Updating Scene BVH | Copying BVH to device
Fra:6 Mem:9.13M (Peak 9.75M) | Time:00:00.00 | Mem:0.02M, Peak:0.03M | Scene, ViewLayer | Updating Mesh | Computing normals
Fra:6 Mem:9.14M (Peak 9.75M) | Time:00:00.00 | Mem:0.02M, Peak:0.03M | Scene, ViewLayer | Updating Mesh | Copying Mesh to device
Fra:6 Mem:9.14M (Peak 9.75M) | Time:00:00.00 | Mem:0.03M, Peak:0.03M | Scene, ViewLayer | Updating Objects Flags
Fra:6 Mem:9.14M (Peak 9.75M) | Time:00:00.00 | Mem:0.03M, Peak:0.03M | Scene, ViewLayer | Updating Primitive Offsets
Fra:6 Mem:9.14M (Peak 9.75M) | Time:00:00.00 | Mem:0.03M, Peak:0.03M | Scene, ViewLayer | Updating Images
Fra:6 Mem:9.14M (Peak 9.75M) | Time:00:00.00 | Mem:0.03M, Peak:0.03M | Scene, ViewLayer | Updating Camera Volume
Fra:6 Mem:9.14M (Peak 9.75M) | Time:00:00.00 | Mem:0.03M, Peak:0.03M | Scene, ViewLayer | Updating Lookup Tables
Fra:6 Mem:9.14M (Peak 9.75M) | Time:00:00.00 | Mem:0.11M, Peak:0.11M | Scene, ViewLayer | Updating Lights
Fra:6 Mem:9.14M (Peak 9.75M) | Time:00:00.00 | Mem:0.11M, Peak:0.11M | Scene, ViewLayer | Updating Lights | Computing tree
Fra:6 Mem:9.14M (Peak 9.75M) | Time:00:00.00 | Mem:0.12M, Peak:0.12M | Scene, ViewLayer | Updating Integrator
Fra:6 Mem:9.14M (Peak 9.75M) | Time:00:00.00 | Mem:0.12M, Peak:0.12M | Scene, ViewLayer | Updating Film
Fra:6 Mem:9.15M (Peak 9.75M) | Time:00:00.00 | Mem:0.04M, Peak:0.12M | Scene, ViewLayer | Updating Lookup Tables
Fra:6 Mem:9.15M (Peak 9.75M) | Time:00:00.00 | Mem:0.12M, Peak:0.12M | Scene, ViewLayer | Updating Baking
Fra:6 Mem:9.15M (Peak 9.75M) | Time:00:00.00 | Mem:0.12M, Peak:0.12M | Scene, ViewLayer | Updating Device | Writing constant memory
Fra:6 Mem:9.15M (Peak 9.75M) | Time:00:00.00 | Mem:0.12M, Peak:0.12M | Scene, ViewLayer | Sample 0/1
Fra:6 Mem:9.20M (Peak 9.75M) | Time:00:00.00 | Mem:0.13M, Peak:0.13M | Scene, ViewLayer | Sample 1/1
Fra:6 Mem:9.20M (Peak 9.75M) | Time:00:00.00 | Mem:0.13M, Peak:0.13M | Scene, ViewLayer | Finished
Saved: '/home/terence/Documents/Codex/2026-09-06/realtime-voice-chat-3/outputs/butterfly-method-comparison/blender-v2/raw/native16/view135_frame01.png'
Time: 00:00.00 (Saving: 00:00.00)

Fra:6 Mem:9.74M (Peak 9.74M) | Time:00:00.00 | Mem:0.00M, Peak:0.00M | Scene, ViewLayer | Synchronizing object | Thorax
Fra:6 Mem:9.74M (Peak 9.74M) | Time:00:00.00 | Mem:0.00M, Peak:0.00M | Scene, ViewLayer | Synchronizing object | L continuous fore-hind wing
Fra:6 Mem:9.74M (Peak 9.74M) | Time:00:00.00 | Mem:0.00M, Peak:0.00M | Scene, ViewLayer | Synchronizing object | Abdomen
Fra:6 Mem:9.74M (Peak 9.74M) | Time:00:00.00 | Mem:0.00M, Peak:0.00M | Scene, ViewLayer | Synchronizing object | R continuous fore-hind wing
Fra:6 Mem:9.74M (Peak 9.74M) | Time:00:00.00 | Mem:0.00M, Peak:0.00M | Scene, ViewLayer | Synchronizing object | Antenna
Fra:6 Mem:9.75M (Peak 9.75M) | Time:00:00.00 | Mem:0.00M, Peak:0.00M | Scene, ViewLayer | Synchronizing object | Antenna.001
Fra:6 Mem:9.75M (Peak 9.75M) | Time:00:00.00 | Mem:0.00M, Peak:0.00M | Scene, ViewLayer | Initializing
Fra:6 Mem:9.04M (Peak 9.75M) | Time:00:00.00 | Mem:0.00M, Peak:0.00M | Scene, ViewLayer | Waiting for render to start
Fra:6 Mem:9.04M (Peak 9.75M) | Time:00:00.00 | Mem:0.00M, Peak:0.00M | Scene, ViewLayer | Updating Scene
Fra:6 Mem:9.04M (Peak 9.75M) | Time:00:00.00 | Mem:0.00M, Peak:0.00M | Scene, ViewLayer | Updating Shaders
Fra:6 Mem:9.04M (Peak 9.75M) | Time:00:00.00 | Mem:0.00M, Peak:0.00M | Scene, ViewLayer | Loading render kernels (may take a few minutes the first time)
Fra:6 Mem:9.13M (Peak 9.75M) | Time:00:00.00 | Mem:0.00M, Peak:0.00M | Scene, ViewLayer | Updating Procedurals
Fra:6 Mem:9.13M (Peak 9.75M) | Time:00:00.00 | Mem:0.00M, Peak:0.00M | Scene, ViewLayer | Updating Background
Fra:6 Mem:9.13M (Peak 9.75M) | Time:00:00.00 | Mem:0.00M, Peak:0.00M | Scene, ViewLayer | Updating Camera
Fra:6 Mem:9.13M (Peak 9.75M) | Time:00:00.00 | Mem:0.00M, Peak:0.00M | Scene, ViewLayer | Updating Meshes Flags
Fra:6 Mem:9.13M (Peak 9.75M) | Time:00:00.00 | Mem:0.00M, Peak:0.00M | Scene, ViewLayer | Updating Objects
Fra:6 Mem:9.13M (Peak 9.75M) | Time:00:00.00 | Mem:0.00M, Peak:0.00M | Scene, ViewLayer | Updating Objects | Copying Transformations to device
Fra:6 Mem:9.13M (Peak 9.75M) | Time:00:00.00 | Mem:0.01M, Peak:0.01M | Scene, ViewLayer | Updating Particle Systems
Fra:6 Mem:9.13M (Peak 9.75M) | Time:00:00.00 | Mem:0.01M, Peak:0.01M | Scene, ViewLayer | Updating Particle Systems | Copying Particles to device
Fra:6 Mem:9.13M (Peak 9.75M) | Time:00:00.00 | Mem:0.01M, Peak:0.01M | Scene, ViewLayer | Updating Meshes
Fra:6 Mem:9.13M (Peak 9.75M) | Time:00:00.00 | Mem:0.01M, Peak:0.01M | Scene, ViewLayer | Updating Objects | Applying Static Transformations
Fra:6 Mem:9.13M (Peak 9.75M) | Time:00:00.00 | Mem:0.01M, Peak:0.01M | Scene, ViewLayer | Updating Mesh | Computing attributes
Fra:6 Mem:9.13M (Peak 9.75M) | Time:00:00.00 | Mem:0.01M, Peak:0.01M | Scene, ViewLayer | Updating Mesh | Copying Attributes to device
Fra:6 Mem:9.13M (Peak 9.75M) | Time:00:00.00 | Mem:0.01M, Peak:0.01M | Scene, ViewLayer | Updating Scene BVH | Building
Fra:6 Mem:9.13M (Peak 9.75M) | Time:00:00.00 | Mem:0.01M, Peak:0.01M | Scene, ViewLayer | Updating Scene BVH | Building BVH
Fra:6 Mem:9.13M (Peak 9.75M) | Time:00:00.00 | Mem:0.02M, Peak:0.03M | Scene, ViewLayer | Updating Scene BVH | Copying BVH to device
Fra:6 Mem:9.13M (Peak 9.75M) | Time:00:00.00 | Mem:0.02M, Peak:0.03M | Scene, ViewLayer | Updating Mesh | Computing normals
Fra:6 Mem:9.14M (Peak 9.75M) | Time:00:00.00 | Mem:0.02M, Peak:0.03M | Scene, ViewLayer | Updating Mesh | Copying Mesh to device
Fra:6 Mem:9.14M (Peak 9.75M) | Time:00:00.00 | Mem:0.03M, Peak:0.03M | Scene, ViewLayer | Updating Objects Flags
Fra:6 Mem:9.14M (Peak 9.75M) | Time:00:00.00 | Mem:0.03M, Peak:0.03M | Scene, ViewLayer | Updating Primitive Offsets
Fra:6 Mem:9.14M (Peak 9.75M) | Time:00:00.00 | Mem:0.03M, Peak:0.03M | Scene, ViewLayer | Updating Images
Fra:6 Mem:9.14M (Peak 9.75M) | Time:00:00.00 | Mem:0.03M, Peak:0.03M | Scene, ViewLayer | Updating Camera Volume
Fra:6 Mem:9.14M (Peak 9.75M) | Time:00:00.00 | Mem:0.03M, Peak:0.03M | Scene, ViewLayer | Updating Lookup Tables
Fra:6 Mem:9.14M (Peak 9.75M) | Time:00:00.00 | Mem:0.11M, Peak:0.11M | Scene, ViewLayer | Updating Lights
Fra:6 Mem:9.14M (Peak 9.75M) | Time:00:00.00 | Mem:0.11M, Peak:0.11M | Scene, ViewLayer | Updating Lights | Computing tree
Fra:6 Mem:9.14M (Peak 9.75M) | Time:00:00.00 | Mem:0.12M, Peak:0.12M | Scene, ViewLayer | Updating Integrator
Fra:6 Mem:9.14M (Peak 9.75M) | Time:00:00.00 | Mem:0.12M, Peak:0.12M | Scene, ViewLayer | Updating Film
Fra:6 Mem:9.15M (Peak 9.75M) | Time:00:00.00 | Mem:0.04M, Peak:0.12M | Scene, ViewLayer | Updating Lookup Tables
Fra:6 Mem:9.15M (Peak 9.75M) | Time:00:00.00 | Mem:0.12M, Peak:0.12M | Scene, ViewLayer | Updating Baking
Fra:6 Mem:9.15M (Peak 9.75M) | Time:00:00.00 | Mem:0.12M, Peak:0.12M | Scene, ViewLayer | Updating Device | Writing constant memory
Fra:6 Mem:9.15M (Peak 9.75M) | Time:00:00.00 | Mem:0.12M, Peak:0.12M | Scene, ViewLayer | Sample 0/1
Fra:6 Mem:9.24M (Peak 9.75M) | Time:00:00.00 | Mem:0.16M, Peak:0.16M | Scene, ViewLayer | Sample 1/1
Fra:6 Mem:9.24M (Peak 9.75M) | Time:00:00.00 | Mem:0.16M, Peak:0.16M | Scene, ViewLayer | Finished
Saved: '/home/terence/Documents/Codex/2026-09-06/realtime-voice-chat-3/outputs/butterfly-method-comparison/blender-v2/raw/native32/view135_frame01.png'
Time: 00:00.00 (Saving: 00:00.00)

Fra:6 Mem:9.67M (Peak 9.67M) | Time:00:00.00 | Mem:0.00M, Peak:0.00M | Scene, ViewLayer | Synchronizing object | Thorax
Fra:6 Mem:9.67M (Peak 9.67M) | Time:00:00.00 | Mem:0.00M, Peak:0.00M | Scene, ViewLayer | Synchronizing object | Antenna.001
Fra:6 Mem:9.67M (Peak 9.67M) | Time:00:00.00 | Mem:0.00M, Peak:0.00M | Scene, ViewLayer | Synchronizing object | Abdomen
Fra:6 Mem:9.67M (Peak 9.67M) | Time:00:00.00 | Mem:0.00M, Peak:0.00M | Scene, ViewLayer | Synchronizing object | Abdomen tip
Fra:6 Mem:9.68M (Peak 9.68M) | Time:00:00.00 | Mem:0.00M, Peak:0.00M | Scene, ViewLayer | Synchronizing object | Antenna
Fra:6 Mem:9.68M (Peak 9.68M) | Time:00:00.00 | Mem:0.00M, Peak:0.00M | Scene, ViewLayer | Initializing
Fra:6 Mem:9.03M (Peak 9.68M) | Time:00:00.00 | Mem:0.00M, Peak:0.00M | Scene, ViewLayer | Waiting for render to start
Fra:6 Mem:9.03M (Peak 9.68M) | Time:00:00.00 | Mem:0.00M, Peak:0.00M | Scene, ViewLayer | Updating Scene
Fra:6 Mem:9.03M (Peak 9.68M) | Time:00:00.00 | Mem:0.00M, Peak:0.00M | Scene, ViewLayer | Updating Shaders
Fra:6 Mem:9.03M (Peak 9.68M) | Time:00:00.00 | Mem:0.00M, Peak:0.00M | Scene, ViewLayer | Loading render kernels (may take a few minutes the first time)
Fra:6 Mem:9.12M (Peak 9.68M) | Time:00:00.00 | Mem:0.00M, Peak:0.00M | Scene, ViewLayer | Updating Procedurals
Fra:6 Mem:9.12M (Peak 9.68M) | Time:00:00.00 | Mem:0.00M, Peak:0.00M | Scene, ViewLayer | Updating Background
Fra:6 Mem:9.12M (Peak 9.68M) | Time:00:00.00 | Mem:0.00M, Peak:0.00M | Scene, ViewLayer | Updating Camera
Fra:6 Mem:9.12M (Peak 9.68M) | Time:00:00.00 | Mem:0.00M, Peak:0.00M | Scene, ViewLayer | Updating Meshes Flags
Fra:6 Mem:9.12M (Peak 9.68M) | Time:00:00.00 | Mem:0.00M, Peak:0.00M | Scene, ViewLayer | Updating Objects
Fra:6 Mem:9.12M (Peak 9.68M) | Time:00:00.00 | Mem:0.00M, Peak:0.00M | Scene, ViewLayer | Updating Objects | Copying Transformations to device
Fra:6 Mem:9.12M (Peak 9.68M) | Time:00:00.00 | Mem:0.00M, Peak:0.00M | Scene, ViewLayer | Updating Particle Systems
Fra:6 Mem:9.12M (Peak 9.68M) | Time:00:00.00 | Mem:0.00M, Peak:0.00M | Scene, ViewLayer | Updating Particle Systems | Copying Particles to device
Fra:6 Mem:9.12M (Peak 9.68M) | Time:00:00.00 | Mem:0.00M, Peak:0.00M | Scene, ViewLayer | Updating Meshes
Fra:6 Mem:9.12M (Peak 9.68M) | Time:00:00.00 | Mem:0.00M, Peak:0.00M | Scene, ViewLayer | Updating Objects | Applying Static Transformations
Fra:6 Mem:9.12M (Peak 9.68M) | Time:00:00.00 | Mem:0.00M, Peak:0.00M | Scene, ViewLayer | Updating Mesh | Computing attributes
Fra:6 Mem:9.12M (Peak 9.68M) | Time:00:00.00 | Mem:0.01M, Peak:0.01M | Scene, ViewLayer | Updating Mesh | Copying Attributes to device
Fra:6 Mem:9.12M (Peak 9.68M) | Time:00:00.00 | Mem:0.01M, Peak:0.01M | Scene, ViewLayer | Updating Scene BVH | Building
Fra:6 Mem:9.12M (Peak 9.68M) | Time:00:00.00 | Mem:0.01M, Peak:0.01M | Scene, ViewLayer | Updating Scene BVH | Building BVH
Fra:6 Mem:9.12M (Peak 9.68M) | Time:00:00.00 | Mem:0.01M, Peak:0.01M | Scene, ViewLayer | Updating Scene BVH | Copying BVH to device
Fra:6 Mem:9.12M (Peak 9.68M) | Time:00:00.00 | Mem:0.01M, Peak:0.01M | Scene, ViewLayer | Updating Mesh | Computing normals
Fra:6 Mem:9.12M (Peak 9.68M) | Time:00:00.00 | Mem:0.01M, Peak:0.01M | Scene, ViewLayer | Updating Mesh | Copying Mesh to device
Fra:6 Mem:9.12M (Peak 9.68M) | Time:00:00.00 | Mem:0.01M, Peak:0.01M | Scene, ViewLayer | Updating Objects Flags
Fra:6 Mem:9.12M (Peak 9.68M) | Time:00:00.00 | Mem:0.01M, Peak:0.01M | Scene, ViewLayer | Updating Primitive Offsets
Fra:6 Mem:9.12M (Peak 9.68M) | Time:00:00.00 | Mem:0.01M, Peak:0.01M | Scene, ViewLayer | Updating Images
Fra:6 Mem:9.12M (Peak 9.68M) | Time:00:00.00 | Mem:0.01M, Peak:0.01M | Scene, ViewLayer | Updating Camera Volume
Fra:6 Mem:9.12M (Peak 9.68M) | Time:00:00.00 | Mem:0.01M, Peak:0.01M | Scene, ViewLayer | Updating Lookup Tables
Fra:6 Mem:9.12M (Peak 9.68M) | Time:00:00.00 | Mem:0.09M, Peak:0.09M | Scene, ViewLayer | Updating Lights
Fra:6 Mem:9.12M (Peak 9.68M) | Time:00:00.00 | Mem:0.09M, Peak:0.09M | Scene, ViewLayer | Updating Lights | Computing tree
Fra:6 Mem:9.12M (Peak 9.68M) | Time:00:00.00 | Mem:0.09M, Peak:0.09M | Scene, ViewLayer | Updating Integrator
Fra:6 Mem:9.12M (Peak 9.68M) | Time:00:00.00 | Mem:0.09M, Peak:0.09M | Scene, ViewLayer | Updating Film
Fra:6 Mem:9.13M (Peak 9.68M) | Time:00:00.00 | Mem:0.01M, Peak:0.09M | Scene, ViewLayer | Updating Lookup Tables
Fra:6 Mem:9.13M (Peak 9.68M) | Time:00:00.00 | Mem:0.10M, Peak:0.10M | Scene, ViewLayer | Updating Baking
Fra:6 Mem:9.13M (Peak 9.68M) | Time:00:00.00 | Mem:0.10M, Peak:0.10M | Scene, ViewLayer | Updating Device | Writing constant memory
Fra:6 Mem:9.13M (Peak 9.68M) | Time:00:00.00 | Mem:0.10M, Peak:0.10M | Scene, ViewLayer | Sample 0/1
Fra:6 Mem:9.18M (Peak 9.68M) | Time:00:00.00 | Mem:0.11M, Peak:0.11M | Scene, ViewLayer | Sample 1/1
Fra:6 Mem:9.18M (Peak 9.68M) | Time:00:00.00 | Mem:0.11M, Peak:0.11M | Scene, ViewLayer | Finished
Saved: '/home/terence/Documents/Codex/2026-09-06/realtime-voice-chat-3/outputs/butterfly-method-comparison/blender-v2/raw/body-only/view135_frame01.png'
Time: 00:00.00 (Saving: 00:00.00)

Fra:6 Mem:9.71M (Peak 9.71M) | Time:00:00.00 | Mem:0.00M, Peak:0.00M | Scene, ViewLayer | Synchronizing object | Thorax
Fra:6 Mem:9.71M (Peak 9.71M) | Time:00:00.00 | Mem:0.00M, Peak:0.00M | Scene, ViewLayer | Synchronizing object | Abdomen
Fra:6 Mem:9.71M (Peak 9.71M) | Time:00:00.00 | Mem:0.00M, Peak:0.00M | Scene, ViewLayer | Synchronizing object | L continuous fore-hind wing
Fra:6 Mem:9.71M (Peak 9.71M) | Time:00:00.00 | Mem:0.00M, Peak:0.00M | Scene, ViewLayer | Synchronizing object | Antenna
Fra:6 Mem:9.71M (Peak 9.71M) | Time:00:00.00 | Mem:0.00M, Peak:0.00M | Scene, ViewLayer | Synchronizing object | Antenna.001
Fra:6 Mem:9.72M (Peak 9.72M) | Time:00:00.00 | Mem:0.00M, Peak:0.00M | Scene, ViewLayer | Synchronizing object | R continuous fore-hind wing
Fra:6 Mem:9.72M (Peak 9.72M) | Time:00:00.00 | Mem:0.00M, Peak:0.00M | Scene, ViewLayer | Initializing
Fra:6 Mem:9.03M (Peak 9.72M) | Time:00:00.00 | Mem:0.00M, Peak:0.00M | Scene, ViewLayer | Waiting for render to start
Fra:6 Mem:9.03M (Peak 9.72M) | Time:00:00.00 | Mem:0.00M, Peak:0.00M | Scene, ViewLayer | Updating Scene
Fra:6 Mem:9.03M (Peak 9.72M) | Time:00:00.00 | Mem:0.00M, Peak:0.00M | Scene, ViewLayer | Updating Shaders
Fra:6 Mem:9.03M (Peak 9.72M) | Time:00:00.00 | Mem:0.00M, Peak:0.00M | Scene, ViewLayer | Loading render kernels (may take a few minutes the first time)
Fra:6 Mem:9.11M (Peak 9.72M) | Time:00:00.00 | Mem:0.00M, Peak:0.00M | Scene, ViewLayer | Updating Procedurals
Fra:6 Mem:9.11M (Peak 9.72M) | Time:00:00.00 | Mem:0.00M, Peak:0.00M | Scene, ViewLayer | Updating Background
Fra:6 Mem:9.11M (Peak 9.72M) | Time:00:00.00 | Mem:0.00M, Peak:0.00M | Scene, ViewLayer | Updating Camera
Fra:6 Mem:9.11M (Peak 9.72M) | Time:00:00.00 | Mem:0.00M, Peak:0.00M | Scene, ViewLayer | Updating Meshes Flags
Fra:6 Mem:9.11M (Peak 9.72M) | Time:00:00.00 | Mem:0.00M, Peak:0.00M | Scene, ViewLayer | Updating Objects
Fra:6 Mem:9.11M (Peak 9.72M) | Time:00:00.00 | Mem:0.00M, Peak:0.00M | Scene, ViewLayer | Updating Objects | Copying Transformations to device
Fra:6 Mem:9.11M (Peak 9.72M) | Time:00:00.00 | Mem:0.01M, Peak:0.01M | Scene, ViewLayer | Updating Particle Systems
Fra:6 Mem:9.11M (Peak 9.72M) | Time:00:00.00 | Mem:0.01M, Peak:0.01M | Scene, ViewLayer | Updating Particle Systems | Copying Particles to device
Fra:6 Mem:9.11M (Peak 9.72M) | Time:00:00.00 | Mem:0.01M, Peak:0.01M | Scene, ViewLayer | Updating Meshes
Fra:6 Mem:9.11M (Peak 9.72M) | Time:00:00.00 | Mem:0.01M, Peak:0.01M | Scene, ViewLayer | Updating Objects | Applying Static Transformations
Fra:6 Mem:9.11M (Peak 9.72M) | Time:00:00.00 | Mem:0.01M, Peak:0.01M | Scene, ViewLayer | Updating Mesh | Computing attributes
Fra:6 Mem:9.12M (Peak 9.72M) | Time:00:00.00 | Mem:0.01M, Peak:0.01M | Scene, ViewLayer | Updating Mesh | Copying Attributes to device
Fra:6 Mem:9.12M (Peak 9.72M) | Time:00:00.00 | Mem:0.01M, Peak:0.01M | Scene, ViewLayer | Updating Scene BVH | Building
Fra:6 Mem:9.12M (Peak 9.72M) | Time:00:00.00 | Mem:0.01M, Peak:0.01M | Scene, ViewLayer | Updating Scene BVH | Building BVH
Fra:6 Mem:9.12M (Peak 9.72M) | Time:00:00.00 | Mem:0.02M, Peak:0.03M | Scene, ViewLayer | Updating Scene BVH | Copying BVH to device
Fra:6 Mem:9.12M (Peak 9.72M) | Time:00:00.00 | Mem:0.02M, Peak:0.03M | Scene, ViewLayer | Updating Mesh | Computing normals
Fra:6 Mem:9.12M (Peak 9.72M) | Time:00:00.00 | Mem:0.02M, Peak:0.03M | Scene, ViewLayer | Updating Mesh | Copying Mesh to device
Fra:6 Mem:9.12M (Peak 9.72M) | Time:00:00.00 | Mem:0.03M, Peak:0.03M | Scene, ViewLayer | Updating Objects Flags
Fra:6 Mem:9.12M (Peak 9.72M) | Time:00:00.00 | Mem:0.03M, Peak:0.03M | Scene, ViewLayer | Updating Primitive Offsets
Fra:6 Mem:9.12M (Peak 9.72M) | Time:00:00.00 | Mem:0.03M, Peak:0.03M | Scene, ViewLayer | Updating Images
Fra:6 Mem:9.12M (Peak 9.72M) | Time:00:00.00 | Mem:0.03M, Peak:0.03M | Scene, ViewLayer | Updating Camera Volume
Fra:6 Mem:9.12M (Peak 9.72M) | Time:00:00.00 | Mem:0.03M, Peak:0.03M | Scene, ViewLayer | Updating Lookup Tables
Fra:6 Mem:9.12M (Peak 9.72M) | Time:00:00.00 | Mem:0.11M, Peak:0.11M | Scene, ViewLayer | Updating Lights
Fra:6 Mem:9.12M (Peak 9.72M) | Time:00:00.00 | Mem:0.11M, Peak:0.11M | Scene, ViewLayer | Updating Lights | Computing tree
Fra:6 Mem:9.13M (Peak 9.72M) | Time:00:00.00 | Mem:0.12M, Peak:0.12M | Scene, ViewLayer | Updating Integrator
Fra:6 Mem:9.13M (Peak 9.72M) | Time:00:00.00 | Mem:0.12M, Peak:0.12M | Scene, ViewLayer | Updating Film
Fra:6 Mem:9.13M (Peak 9.72M) | Time:00:00.00 | Mem:0.04M, Peak:0.12M | Scene, ViewLayer | Updating Lookup Tables
Fra:6 Mem:9.13M (Peak 9.72M) | Time:00:00.00 | Mem:0.12M, Peak:0.12M | Scene, ViewLayer | Updating Baking
Fra:6 Mem:9.13M (Peak 9.72M) | Time:00:00.00 | Mem:0.12M, Peak:0.12M | Scene, ViewLayer | Updating Device | Writing constant memory
Fra:6 Mem:9.14M (Peak 9.72M) | Time:00:00.00 | Mem:0.12M, Peak:0.12M | Scene, ViewLayer | Sample 0/1
Fra:6 Mem:9.19M (Peak 9.72M) | Time:00:00.00 | Mem:0.13M, Peak:0.13M | Scene, ViewLayer | Sample 1/1
Fra:6 Mem:9.19M (Peak 9.72M) | Time:00:00.00 | Mem:0.13M, Peak:0.13M | Scene, ViewLayer | Finished
Saved: '/home/terence/Documents/Codex/2026-09-06/realtime-voice-chat-3/outputs/butterfly-method-comparison/blender-v2/raw/no-abdomen-lag/view135_frame01.png'
Time: 00:00.00 (Saving: 00:00.00)

Fra:6 Mem:9.69M (Peak 9.69M) | Time:00:00.00 | Mem:0.00M, Peak:0.00M | Scene, ViewLayer | Synchronizing object | Thorax
Fra:6 Mem:9.69M (Peak 9.69M) | Time:00:00.00 | Mem:0.00M, Peak:0.00M | Scene, ViewLayer | Synchronizing object | L continuous fore-hind wing
Fra:6 Mem:9.69M (Peak 9.69M) | Time:00:00.00 | Mem:0.00M, Peak:0.00M | Scene, ViewLayer | Synchronizing object | Abdomen
Fra:6 Mem:9.70M (Peak 9.70M) | Time:00:00.00 | Mem:0.00M, Peak:0.00M | Scene, ViewLayer | Synchronizing object | Abdomen tip
Fra:6 Mem:9.70M (Peak 9.70M) | Time:00:00.00 | Mem:0.00M, Peak:0.00M | Scene, ViewLayer | Synchronizing object | R continuous fore-hind wing
Fra:6 Mem:9.70M (Peak 9.70M) | Time:00:00.00 | Mem:0.00M, Peak:0.00M | Scene, ViewLayer | Synchronizing object | Antenna.001
Fra:6 Mem:9.70M (Peak 9.70M) | Time:00:00.00 | Mem:0.00M, Peak:0.00M | Scene, ViewLayer | Initializing
Fra:6 Mem:9.02M (Peak 9.70M) | Time:00:00.00 | Mem:0.00M, Peak:0.00M | Scene, ViewLayer | Waiting for render to start
Fra:6 Mem:9.02M (Peak 9.70M) | Time:00:00.00 | Mem:0.00M, Peak:0.00M | Scene, ViewLayer | Updating Scene
Fra:6 Mem:9.02M (Peak 9.70M) | Time:00:00.00 | Mem:0.00M, Peak:0.00M | Scene, ViewLayer | Updating Shaders
Fra:6 Mem:9.02M (Peak 9.70M) | Time:00:00.00 | Mem:0.00M, Peak:0.00M | Scene, ViewLayer | Loading render kernels (may take a few minutes the first time)
Fra:6 Mem:9.10M (Peak 9.70M) | Time:00:00.00 | Mem:0.00M, Peak:0.00M | Scene, ViewLayer | Updating Procedurals
Fra:6 Mem:9.10M (Peak 9.70M) | Time:00:00.00 | Mem:0.00M, Peak:0.00M | Scene, ViewLayer | Updating Background
Fra:6 Mem:9.10M (Peak 9.70M) | Time:00:00.00 | Mem:0.00M, Peak:0.00M | Scene, ViewLayer | Updating Camera
Fra:6 Mem:9.10M (Peak 9.70M) | Time:00:00.00 | Mem:0.00M, Peak:0.00M | Scene, ViewLayer | Updating Meshes Flags
Fra:6 Mem:9.10M (Peak 9.70M) | Time:00:00.00 | Mem:0.00M, Peak:0.00M | Scene, ViewLayer | Updating Objects
Fra:6 Mem:9.10M (Peak 9.70M) | Time:00:00.00 | Mem:0.00M, Peak:0.00M | Scene, ViewLayer | Updating Objects | Copying Transformations to device
Fra:6 Mem:9.10M (Peak 9.70M) | Time:00:00.00 | Mem:0.01M, Peak:0.01M | Scene, ViewLayer | Updating Particle Systems
Fra:6 Mem:9.10M (Peak 9.70M) | Time:00:00.00 | Mem:0.01M, Peak:0.01M | Scene, ViewLayer | Updating Particle Systems | Copying Particles to device
Fra:6 Mem:9.10M (Peak 9.70M) | Time:00:00.00 | Mem:0.01M, Peak:0.01M | Scene, ViewLayer | Updating Meshes
Fra:6 Mem:9.10M (Peak 9.70M) | Time:00:00.00 | Mem:0.01M, Peak:0.01M | Scene, ViewLayer | Updating Objects | Applying Static Transformations
Fra:6 Mem:9.10M (Peak 9.70M) | Time:00:00.00 | Mem:0.01M, Peak:0.01M | Scene, ViewLayer | Updating Mesh | Computing attributes
Fra:6 Mem:9.11M (Peak 9.70M) | Time:00:00.00 | Mem:0.01M, Peak:0.01M | Scene, ViewLayer | Updating Mesh | Copying Attributes to device
Fra:6 Mem:9.11M (Peak 9.70M) | Time:00:00.00 | Mem:0.01M, Peak:0.01M | Scene, ViewLayer | Updating Scene BVH | Building
Fra:6 Mem:9.11M (Peak 9.70M) | Time:00:00.00 | Mem:0.01M, Peak:0.01M | Scene, ViewLayer | Updating Scene BVH | Building BVH
Fra:6 Mem:9.11M (Peak 9.70M) | Time:00:00.00 | Mem:0.02M, Peak:0.03M | Scene, ViewLayer | Updating Scene BVH | Copying BVH to device
Fra:6 Mem:9.11M (Peak 9.70M) | Time:00:00.00 | Mem:0.02M, Peak:0.03M | Scene, ViewLayer | Updating Mesh | Computing normals
Fra:6 Mem:9.11M (Peak 9.70M) | Time:00:00.00 | Mem:0.02M, Peak:0.03M | Scene, ViewLayer | Updating Mesh | Copying Mesh to device
Fra:6 Mem:9.11M (Peak 9.70M) | Time:00:00.00 | Mem:0.03M, Peak:0.03M | Scene, ViewLayer | Updating Objects Flags
Fra:6 Mem:9.11M (Peak 9.70M) | Time:00:00.00 | Mem:0.03M, Peak:0.03M | Scene, ViewLayer | Updating Primitive Offsets
Fra:6 Mem:9.11M (Peak 9.70M) | Time:00:00.00 | Mem:0.03M, Peak:0.03M | Scene, ViewLayer | Updating Images
Fra:6 Mem:9.11M (Peak 9.70M) | Time:00:00.00 | Mem:0.03M, Peak:0.03M | Scene, ViewLayer | Updating Camera Volume
Fra:6 Mem:9.11M (Peak 9.70M) | Time:00:00.00 | Mem:0.03M, Peak:0.03M | Scene, ViewLayer | Updating Lookup Tables
Fra:6 Mem:9.11M (Peak 9.70M) | Time:00:00.00 | Mem:0.11M, Peak:0.11M | Scene, ViewLayer | Updating Lights
Fra:6 Mem:9.11M (Peak 9.70M) | Time:00:00.00 | Mem:0.11M, Peak:0.11M | Scene, ViewLayer | Updating Lights | Computing tree
Fra:6 Mem:9.12M (Peak 9.70M) | Time:00:00.00 | Mem:0.12M, Peak:0.12M | Scene, ViewLayer | Updating Integrator
Fra:6 Mem:9.12M (Peak 9.70M) | Time:00:00.00 | Mem:0.12M, Peak:0.12M | Scene, ViewLayer | Updating Film
Fra:6 Mem:9.13M (Peak 9.70M) | Time:00:00.00 | Mem:0.04M, Peak:0.12M | Scene, ViewLayer | Updating Lookup Tables
Fra:6 Mem:9.13M (Peak 9.70M) | Time:00:00.00 | Mem:0.13M, Peak:0.13M | Scene, ViewLayer | Updating Baking
Fra:6 Mem:9.13M (Peak 9.70M) | Time:00:00.00 | Mem:0.13M, Peak:0.13M | Scene, ViewLayer | Updating Device | Writing constant memory
Fra:6 Mem:9.13M (Peak 9.70M) | Time:00:00.00 | Mem:0.13M, Peak:0.13M | Scene, ViewLayer | Sample 0/1
Fra:6 Mem:9.18M (Peak 9.70M) | Time:00:00.00 | Mem:0.13M, Peak:0.13M | Scene, ViewLayer | Sample 1/1
Fra:6 Mem:9.18M (Peak 9.70M) | Time:00:00.00 | Mem:0.13M, Peak:0.13M | Scene, ViewLayer | Finished
Saved: '/home/terence/Documents/Codex/2026-09-06/realtime-voice-chat-3/outputs/butterfly-method-comparison/blender-v2/raw/wing-only/view135_frame01.png'
Time: 00:00.00 (Saving: 00:00.00)

Fra:11 Mem:9.74M (Peak 9.74M) | Time:00:00.00 | Mem:0.00M, Peak:0.00M | Scene, ViewLayer | Synchronizing object | Thorax
Fra:11 Mem:9.74M (Peak 9.74M) | Time:00:00.00 | Mem:0.00M, Peak:0.00M | Scene, ViewLayer | Synchronizing object | Abdomen
Fra:11 Mem:9.74M (Peak 9.74M) | Time:00:00.00 | Mem:0.00M, Peak:0.00M | Scene, ViewLayer | Synchronizing object | Abdomen tip
Fra:11 Mem:9.74M (Peak 9.74M) | Time:00:00.00 | Mem:0.00M, Peak:0.00M | Scene, ViewLayer | Synchronizing object | Antenna
Fra:11 Mem:9.74M (Peak 9.74M) | Time:00:00.00 | Mem:0.00M, Peak:0.00M | Scene, ViewLayer | Synchronizing object | Antenna.001
Fra:11 Mem:9.75M (Peak 9.75M) | Time:00:00.00 | Mem:0.00M, Peak:0.00M | Scene, ViewLayer | Initializing
Fra:11 Mem:9.04M (Peak 9.75M) | Time:00:00.00 | Mem:0.00M, Peak:0.00M | Scene, ViewLayer | Waiting for render to start
Fra:11 Mem:9.04M (Peak 9.75M) | Time:00:00.00 | Mem:0.00M, Peak:0.00M | Scene, ViewLayer | Updating Scene
Fra:11 Mem:9.04M (Peak 9.75M) | Time:00:00.00 | Mem:0.00M, Peak:0.00M | Scene, ViewLayer | Updating Shaders
Fra:11 Mem:9.04M (Peak 9.75M) | Time:00:00.00 | Mem:0.00M, Peak:0.00M | Scene, ViewLayer | Loading render kernels (may take a few minutes the first time)
Fra:11 Mem:9.13M (Peak 9.75M) | Time:00:00.00 | Mem:0.00M, Peak:0.00M | Scene, ViewLayer | Updating Procedurals
Fra:11 Mem:9.13M (Peak 9.75M) | Time:00:00.00 | Mem:0.00M, Peak:0.00M | Scene, ViewLayer | Updating Background
Fra:11 Mem:9.13M (Peak 9.75M) | Time:00:00.00 | Mem:0.00M, Peak:0.00M | Scene, ViewLayer | Updating Camera
Fra:11 Mem:9.13M (Peak 9.75M) | Time:00:00.00 | Mem:0.00M, Peak:0.00M | Scene, ViewLayer | Updating Meshes Flags
Fra:11 Mem:9.13M (Peak 9.75M) | Time:00:00.00 | Mem:0.00M, Peak:0.00M | Scene, ViewLayer | Updating Objects
Fra:11 Mem:9.13M (Peak 9.75M) | Time:00:00.00 | Mem:0.00M, Peak:0.00M | Scene, ViewLayer | Updating Objects | Copying Transformations to device
Fra:11 Mem:9.13M (Peak 9.75M) | Time:00:00.00 | Mem:0.01M, Peak:0.01M | Scene, ViewLayer | Updating Particle Systems
Fra:11 Mem:9.13M (Peak 9.75M) | Time:00:00.00 | Mem:0.01M, Peak:0.01M | Scene, ViewLayer | Updating Particle Systems | Copying Particles to device
Fra:11 Mem:9.13M (Peak 9.75M) | Time:00:00.00 | Mem:0.01M, Peak:0.01M | Scene, ViewLayer | Updating Meshes
Fra:11 Mem:9.13M (Peak 9.75M) | Time:00:00.00 | Mem:0.01M, Peak:0.01M | Scene, ViewLayer | Updating Objects | Applying Static Transformations
Fra:11 Mem:9.13M (Peak 9.75M) | Time:00:00.00 | Mem:0.01M, Peak:0.01M | Scene, ViewLayer | Updating Mesh | Computing attributes
Fra:11 Mem:9.13M (Peak 9.75M) | Time:00:00.00 | Mem:0.01M, Peak:0.01M | Scene, ViewLayer | Updating Mesh | Copying Attributes to device
Fra:11 Mem:9.13M (Peak 9.75M) | Time:00:00.00 | Mem:0.01M, Peak:0.01M | Scene, ViewLayer | Updating Scene BVH | Building
Fra:11 Mem:9.13M (Peak 9.75M) | Time:00:00.00 | Mem:0.01M, Peak:0.01M | Scene, ViewLayer | Updating Scene BVH | Building BVH
Fra:11 Mem:9.13M (Peak 9.75M) | Time:00:00.00 | Mem:0.02M, Peak:0.03M | Scene, ViewLayer | Updating Scene BVH | Copying BVH to device
Fra:11 Mem:9.13M (Peak 9.75M) | Time:00:00.00 | Mem:0.02M, Peak:0.03M | Scene, ViewLayer | Updating Mesh | Computing normals
Fra:11 Mem:9.14M (Peak 9.75M) | Time:00:00.00 | Mem:0.02M, Peak:0.03M | Scene, ViewLayer | Updating Mesh | Copying Mesh to device
Fra:11 Mem:9.14M (Peak 9.75M) | Time:00:00.00 | Mem:0.03M, Peak:0.03M | Scene, ViewLayer | Updating Objects Flags
Fra:11 Mem:9.14M (Peak 9.75M) | Time:00:00.00 | Mem:0.03M, Peak:0.03M | Scene, ViewLayer | Updating Primitive Offsets
Fra:11 Mem:9.14M (Peak 9.75M) | Time:00:00.00 | Mem:0.03M, Peak:0.03M | Scene, ViewLayer | Updating Images
Fra:11 Mem:9.14M (Peak 9.75M) | Time:00:00.00 | Mem:0.03M, Peak:0.03M | Scene, ViewLayer | Updating Camera Volume
Fra:11 Mem:9.14M (Peak 9.75M) | Time:00:00.00 | Mem:0.03M, Peak:0.03M | Scene, ViewLayer | Updating Lookup Tables
Fra:11 Mem:9.14M (Peak 9.75M) | Time:00:00.00 | Mem:0.11M, Peak:0.11M | Scene, ViewLayer | Updating Lights
Fra:11 Mem:9.14M (Peak 9.75M) | Time:00:00.00 | Mem:0.11M, Peak:0.11M | Scene, ViewLayer | Updating Lights | Computing tree
Fra:11 Mem:9.14M (Peak 9.75M) | Time:00:00.00 | Mem:0.12M, Peak:0.12M | Scene, ViewLayer | Updating Integrator
Fra:11 Mem:9.14M (Peak 9.75M) | Time:00:00.00 | Mem:0.12M, Peak:0.12M | Scene, ViewLayer | Updating Film
Fra:11 Mem:9.15M (Peak 9.75M) | Time:00:00.00 | Mem:0.04M, Peak:0.12M | Scene, ViewLayer | Updating Lookup Tables
Fra:11 Mem:9.15M (Peak 9.75M) | Time:00:00.00 | Mem:0.12M, Peak:0.12M | Scene, ViewLayer | Updating Baking
Fra:11 Mem:9.15M (Peak 9.75M) | Time:00:00.00 | Mem:0.12M, Peak:0.12M | Scene, ViewLayer | Updating Device | Writing constant memory
Fra:11 Mem:9.15M (Peak 9.75M) | Time:00:00.00 | Mem:0.12M, Peak:0.12M | Scene, ViewLayer | Sample 0/8
Fra:11 Mem:9.75M (Peak 9.75M) | Time:00:00.00 | Remaining:00:00.02 | Mem:0.69M, Peak:0.69M | Scene, ViewLayer | Sample 1/8
Fra:11 Mem:10.00M (Peak 10.00M) | Time:00:00.02 | Mem:0.69M, Peak:0.69M | Scene, ViewLayer | Sample 8/8
Fra:11 Mem:10.00M (Peak 10.00M) | Time:00:00.02 | Mem:0.69M, Peak:0.69M | Scene, ViewLayer | Finished
Saved: '/home/terence/Documents/Codex/2026-09-06/realtime-voice-chat-3/outputs/butterfly-method-comparison/blender-v2/raw/view135_frame02.png'
Time: 00:00.02 (Saving: 00:00.00)

Fra:11 Mem:9.74M (Peak 9.74M) | Time:00:00.00 | Mem:0.00M, Peak:0.00M | Scene, ViewLayer | Synchronizing object | Thorax
Fra:11 Mem:9.74M (Peak 9.74M) | Time:00:00.00 | Mem:0.00M, Peak:0.00M | Scene, ViewLayer | Synchronizing object | Head
Fra:11 Mem:9.74M (Peak 9.74M) | Time:00:00.00 | Mem:0.00M, Peak:0.00M | Scene, ViewLayer | Synchronizing object | Abdomen
Fra:11 Mem:9.74M (Peak 9.74M) | Time:00:00.00 | Mem:0.00M, Peak:0.00M | Scene, ViewLayer | Synchronizing object | Abdomen tip
Fra:11 Mem:9.74M (Peak 9.74M) | Time:00:00.00 | Mem:0.00M, Peak:0.00M | Scene, ViewLayer | Synchronizing object | R continuous fore-hind wing
Fra:11 Mem:9.75M (Peak 9.75M) | Time:00:00.00 | Mem:0.00M, Peak:0.00M | Scene, ViewLayer | Synchronizing object | Antenna
Fra:11 Mem:9.75M (Peak 9.75M) | Time:00:00.00 | Mem:0.00M, Peak:0.00M | Scene, ViewLayer | Synchronizing object | Antenna.001
Fra:11 Mem:9.75M (Peak 9.75M) | Time:00:00.00 | Mem:0.00M, Peak:0.00M | Scene, ViewLayer | Initializing
Fra:11 Mem:9.04M (Peak 9.75M) | Time:00:00.00 | Mem:0.00M, Peak:0.00M | Scene, ViewLayer | Waiting for render to start
Fra:11 Mem:9.04M (Peak 9.75M) | Time:00:00.00 | Mem:0.00M, Peak:0.00M | Scene, ViewLayer | Updating Scene
Fra:11 Mem:9.04M (Peak 9.75M) | Time:00:00.00 | Mem:0.00M, Peak:0.00M | Scene, ViewLayer | Updating Shaders
Fra:11 Mem:9.04M (Peak 9.75M) | Time:00:00.00 | Mem:0.00M, Peak:0.00M | Scene, ViewLayer | Loading render kernels (may take a few minutes the first time)
Fra:11 Mem:9.13M (Peak 9.75M) | Time:00:00.00 | Mem:0.00M, Peak:0.00M | Scene, ViewLayer | Updating Procedurals
Fra:11 Mem:9.13M (Peak 9.75M) | Time:00:00.00 | Mem:0.00M, Peak:0.00M | Scene, ViewLayer | Updating Background
Fra:11 Mem:9.13M (Peak 9.75M) | Time:00:00.00 | Mem:0.00M, Peak:0.00M | Scene, ViewLayer | Updating Camera
Fra:11 Mem:9.13M (Peak 9.75M) | Time:00:00.00 | Mem:0.00M, Peak:0.00M | Scene, ViewLayer | Updating Meshes Flags
Fra:11 Mem:9.13M (Peak 9.75M) | Time:00:00.00 | Mem:0.00M, Peak:0.00M | Scene, ViewLayer | Updating Objects
Fra:11 Mem:9.13M (Peak 9.75M) | Time:00:00.00 | Mem:0.00M, Peak:0.00M | Scene, ViewLayer | Updating Objects | Copying Transformations to device
Fra:11 Mem:9.13M (Peak 9.75M) | Time:00:00.00 | Mem:0.01M, Peak:0.01M | Scene, ViewLayer | Updating Particle Systems
Fra:11 Mem:9.13M (Peak 9.75M) | Time:00:00.00 | Mem:0.01M, Peak:0.01M | Scene, ViewLayer | Updating Particle Systems | Copying Particles to device
Fra:11 Mem:9.13M (Peak 9.75M) | Time:00:00.00 | Mem:0.01M, Peak:0.01M | Scene, ViewLayer | Updating Meshes
Fra:11 Mem:9.13M (Peak 9.75M) | Time:00:00.00 | Mem:0.01M, Peak:0.01M | Scene, ViewLayer | Updating Objects | Applying Static Transformations
Fra:11 Mem:9.13M (Peak 9.75M) | Time:00:00.00 | Mem:0.01M, Peak:0.01M | Scene, ViewLayer | Updating Mesh | Computing attributes
Fra:11 Mem:9.13M (Peak 9.75M) | Time:00:00.00 | Mem:0.01M, Peak:0.01M | Scene, ViewLayer | Updating Mesh | Copying Attributes to device
Fra:11 Mem:9.13M (Peak 9.75M) | Time:00:00.00 | Mem:0.01M, Peak:0.01M | Scene, ViewLayer | Updating Scene BVH | Building
Fra:11 Mem:9.13M (Peak 9.75M) | Time:00:00.00 | Mem:0.01M, Peak:0.01M | Scene, ViewLayer | Updating Scene BVH | Building BVH
Fra:11 Mem:9.13M (Peak 9.75M) | Time:00:00.00 | Mem:0.02M, Peak:0.03M | Scene, ViewLayer | Updating Scene BVH | Copying BVH to device
Fra:11 Mem:9.13M (Peak 9.75M) | Time:00:00.00 | Mem:0.02M, Peak:0.03M | Scene, ViewLayer | Updating Mesh | Computing normals
Fra:11 Mem:9.14M (Peak 9.75M) | Time:00:00.00 | Mem:0.02M, Peak:0.03M | Scene, ViewLayer | Updating Mesh | Copying Mesh to device
Fra:11 Mem:9.14M (Peak 9.75M) | Time:00:00.00 | Mem:0.03M, Peak:0.03M | Scene, ViewLayer | Updating Objects Flags
Fra:11 Mem:9.14M (Peak 9.75M) | Time:00:00.00 | Mem:0.03M, Peak:0.03M | Scene, ViewLayer | Updating Primitive Offsets
Fra:11 Mem:9.14M (Peak 9.75M) | Time:00:00.00 | Mem:0.03M, Peak:0.03M | Scene, ViewLayer | Updating Images
Fra:11 Mem:9.14M (Peak 9.75M) | Time:00:00.00 | Mem:0.03M, Peak:0.03M | Scene, ViewLayer | Updating Camera Volume
Fra:11 Mem:9.14M (Peak 9.75M) | Time:00:00.00 | Mem:0.03M, Peak:0.03M | Scene, ViewLayer | Updating Lookup Tables
Fra:11 Mem:9.14M (Peak 9.75M) | Time:00:00.00 | Mem:0.11M, Peak:0.11M | Scene, ViewLayer | Updating Lights
Fra:11 Mem:9.14M (Peak 9.75M) | Time:00:00.00 | Mem:0.11M, Peak:0.11M | Scene, ViewLayer | Updating Lights | Computing tree
Fra:11 Mem:9.14M (Peak 9.75M) | Time:00:00.00 | Mem:0.12M, Peak:0.12M | Scene, ViewLayer | Updating Integrator
Fra:11 Mem:9.14M (Peak 9.75M) | Time:00:00.00 | Mem:0.12M, Peak:0.12M | Scene, ViewLayer | Updating Film
Fra:11 Mem:9.15M (Peak 9.75M) | Time:00:00.00 | Mem:0.04M, Peak:0.12M | Scene, ViewLayer | Updating Lookup Tables
Fra:11 Mem:9.15M (Peak 9.75M) | Time:00:00.00 | Mem:0.12M, Peak:0.12M | Scene, ViewLayer | Updating Baking
Fra:11 Mem:9.15M (Peak 9.75M) | Time:00:00.00 | Mem:0.12M, Peak:0.12M | Scene, ViewLayer | Updating Device | Writing constant memory
Fra:11 Mem:9.15M (Peak 9.75M) | Time:00:00.00 | Mem:0.12M, Peak:0.12M | Scene, ViewLayer | Sample 0/1
Fra:11 Mem:9.20M (Peak 9.75M) | Time:00:00.00 | Mem:0.13M, Peak:0.13M | Scene, ViewLayer | Sample 1/1
Fra:11 Mem:9.20M (Peak 9.75M) | Time:00:00.00 | Mem:0.13M, Peak:0.13M | Scene, ViewLayer | Finished
Saved: '/home/terence/Documents/Codex/2026-09-06/realtime-voice-chat-3/outputs/butterfly-method-comparison/blender-v2/raw/native16/view135_frame02.png'
Time: 00:00.00 (Saving: 00:00.00)

Fra:11 Mem:9.74M (Peak 9.74M) | Time:00:00.00 | Mem:0.00M, Peak:0.00M | Scene, ViewLayer | Synchronizing object | Thorax
Fra:11 Mem:9.74M (Peak 9.74M) | Time:00:00.00 | Mem:0.00M, Peak:0.00M | Scene, ViewLayer | Synchronizing object | L continuous fore-hind wing
Fra:11 Mem:9.74M (Peak 9.74M) | Time:00:00.00 | Mem:0.00M, Peak:0.00M | Scene, ViewLayer | Synchronizing object | Abdomen tip
Fra:11 Mem:9.74M (Peak 9.74M) | Time:00:00.00 | Mem:0.00M, Peak:0.00M | Scene, ViewLayer | Synchronizing object | R continuous fore-hind wing
Fra:11 Mem:9.75M (Peak 9.75M) | Time:00:00.00 | Mem:0.00M, Peak:0.00M | Scene, ViewLayer | Synchronizing object | Antenna.001
Fra:11 Mem:9.75M (Peak 9.75M) | Time:00:00.00 | Mem:0.00M, Peak:0.00M | Scene, ViewLayer | Initializing
Fra:11 Mem:9.04M (Peak 9.75M) | Time:00:00.00 | Mem:0.00M, Peak:0.00M | Scene, ViewLayer | Waiting for render to start
Fra:11 Mem:9.04M (Peak 9.75M) | Time:00:00.00 | Mem:0.00M, Peak:0.00M | Scene, ViewLayer | Updating Scene
Fra:11 Mem:9.04M (Peak 9.75M) | Time:00:00.00 | Mem:0.00M, Peak:0.00M | Scene, ViewLayer | Updating Shaders
Fra:11 Mem:9.04M (Peak 9.75M) | Time:00:00.00 | Mem:0.00M, Peak:0.00M | Scene, ViewLayer | Loading render kernels (may take a few minutes the first time)
Fra:11 Mem:9.13M (Peak 9.75M) | Time:00:00.00 | Mem:0.00M, Peak:0.00M | Scene, ViewLayer | Updating Procedurals
Fra:11 Mem:9.13M (Peak 9.75M) | Time:00:00.00 | Mem:0.00M, Peak:0.00M | Scene, ViewLayer | Updating Background
Fra:11 Mem:9.13M (Peak 9.75M) | Time:00:00.00 | Mem:0.00M, Peak:0.00M | Scene, ViewLayer | Updating Camera
Fra:11 Mem:9.13M (Peak 9.75M) | Time:00:00.00 | Mem:0.00M, Peak:0.00M | Scene, ViewLayer | Updating Meshes Flags
Fra:11 Mem:9.13M (Peak 9.75M) | Time:00:00.00 | Mem:0.00M, Peak:0.00M | Scene, ViewLayer | Updating Objects
Fra:11 Mem:9.13M (Peak 9.75M) | Time:00:00.00 | Mem:0.00M, Peak:0.00M | Scene, ViewLayer | Updating Objects | Copying Transformations to device
Fra:11 Mem:9.13M (Peak 9.75M) | Time:00:00.00 | Mem:0.01M, Peak:0.01M | Scene, ViewLayer | Updating Particle Systems
Fra:11 Mem:9.13M (Peak 9.75M) | Time:00:00.00 | Mem:0.01M, Peak:0.01M | Scene, ViewLayer | Updating Particle Systems | Copying Particles to device
Fra:11 Mem:9.13M (Peak 9.75M) | Time:00:00.00 | Mem:0.01M, Peak:0.01M | Scene, ViewLayer | Updating Meshes
Fra:11 Mem:9.13M (Peak 9.75M) | Time:00:00.00 | Mem:0.01M, Peak:0.01M | Scene, ViewLayer | Updating Objects | Applying Static Transformations
Fra:11 Mem:9.13M (Peak 9.75M) | Time:00:00.00 | Mem:0.01M, Peak:0.01M | Scene, ViewLayer | Updating Mesh | Computing attributes
Fra:11 Mem:9.13M (Peak 9.75M) | Time:00:00.00 | Mem:0.01M, Peak:0.01M | Scene, ViewLayer | Updating Mesh | Copying Attributes to device
Fra:11 Mem:9.13M (Peak 9.75M) | Time:00:00.00 | Mem:0.01M, Peak:0.01M | Scene, ViewLayer | Updating Scene BVH | Building
Fra:11 Mem:9.13M (Peak 9.75M) | Time:00:00.00 | Mem:0.01M, Peak:0.01M | Scene, ViewLayer | Updating Scene BVH | Building BVH
Fra:11 Mem:9.13M (Peak 9.75M) | Time:00:00.00 | Mem:0.02M, Peak:0.03M | Scene, ViewLayer | Updating Scene BVH | Copying BVH to device
Fra:11 Mem:9.13M (Peak 9.75M) | Time:00:00.00 | Mem:0.02M, Peak:0.03M | Scene, ViewLayer | Updating Mesh | Computing normals
Fra:11 Mem:9.14M (Peak 9.75M) | Time:00:00.00 | Mem:0.02M, Peak:0.03M | Scene, ViewLayer | Updating Mesh | Copying Mesh to device
Fra:11 Mem:9.14M (Peak 9.75M) | Time:00:00.00 | Mem:0.03M, Peak:0.03M | Scene, ViewLayer | Updating Objects Flags
Fra:11 Mem:9.14M (Peak 9.75M) | Time:00:00.00 | Mem:0.03M, Peak:0.03M | Scene, ViewLayer | Updating Primitive Offsets
Fra:11 Mem:9.14M (Peak 9.75M) | Time:00:00.00 | Mem:0.03M, Peak:0.03M | Scene, ViewLayer | Updating Images
Fra:11 Mem:9.14M (Peak 9.75M) | Time:00:00.00 | Mem:0.03M, Peak:0.03M | Scene, ViewLayer | Updating Camera Volume
Fra:11 Mem:9.14M (Peak 9.75M) | Time:00:00.00 | Mem:0.03M, Peak:0.03M | Scene, ViewLayer | Updating Lookup Tables
Fra:11 Mem:9.14M (Peak 9.75M) | Time:00:00.00 | Mem:0.11M, Peak:0.11M | Scene, ViewLayer | Updating Lights
Fra:11 Mem:9.14M (Peak 9.75M) | Time:00:00.00 | Mem:0.11M, Peak:0.11M | Scene, ViewLayer | Updating Lights | Computing tree
Fra:11 Mem:9.14M (Peak 9.75M) | Time:00:00.00 | Mem:0.12M, Peak:0.12M | Scene, ViewLayer | Updating Integrator
Fra:11 Mem:9.14M (Peak 9.75M) | Time:00:00.00 | Mem:0.12M, Peak:0.12M | Scene, ViewLayer | Updating Film
Fra:11 Mem:9.15M (Peak 9.75M) | Time:00:00.00 | Mem:0.04M, Peak:0.12M | Scene, ViewLayer | Updating Lookup Tables
Fra:11 Mem:9.15M (Peak 9.75M) | Time:00:00.00 | Mem:0.12M, Peak:0.12M | Scene, ViewLayer | Updating Baking
Fra:11 Mem:9.15M (Peak 9.75M) | Time:00:00.00 | Mem:0.12M, Peak:0.12M | Scene, ViewLayer | Updating Device | Writing constant memory
Fra:11 Mem:9.15M (Peak 9.75M) | Time:00:00.00 | Mem:0.12M, Peak:0.12M | Scene, ViewLayer | Sample 0/1
Fra:11 Mem:9.24M (Peak 9.75M) | Time:00:00.00 | Mem:0.16M, Peak:0.16M | Scene, ViewLayer | Sample 1/1
Fra:11 Mem:9.24M (Peak 9.75M) | Time:00:00.00 | Mem:0.16M, Peak:0.16M | Scene, ViewLayer | Finished
Saved: '/home/terence/Documents/Codex/2026-09-06/realtime-voice-chat-3/outputs/butterfly-method-comparison/blender-v2/raw/native32/view135_frame02.png'
Time: 00:00.00 (Saving: 00:00.00)

Fra:11 Mem:9.67M (Peak 9.67M) | Time:00:00.00 | Mem:0.00M, Peak:0.00M | Scene, ViewLayer | Synchronizing object | Thorax
Fra:11 Mem:9.67M (Peak 9.67M) | Time:00:00.00 | Mem:0.00M, Peak:0.00M | Scene, ViewLayer | Synchronizing object | Antenna.001
Fra:11 Mem:9.67M (Peak 9.67M) | Time:00:00.00 | Mem:0.00M, Peak:0.00M | Scene, ViewLayer | Synchronizing object | Abdomen tip
Fra:11 Mem:9.67M (Peak 9.67M) | Time:00:00.00 | Mem:0.00M, Peak:0.00M | Scene, ViewLayer | Synchronizing object | Antenna
Fra:11 Mem:9.68M (Peak 9.68M) | Time:00:00.00 | Mem:0.00M, Peak:0.00M | Scene, ViewLayer | Initializing
Fra:11 Mem:9.03M (Peak 9.68M) | Time:00:00.00 | Mem:0.00M, Peak:0.00M | Scene, ViewLayer | Waiting for render to start
Fra:11 Mem:9.03M (Peak 9.68M) | Time:00:00.00 | Mem:0.00M, Peak:0.00M | Scene, ViewLayer | Updating Scene
Fra:11 Mem:9.03M (Peak 9.68M) | Time:00:00.00 | Mem:0.00M, Peak:0.00M | Scene, ViewLayer | Updating Shaders
Fra:11 Mem:9.03M (Peak 9.68M) | Time:00:00.00 | Mem:0.00M, Peak:0.00M | Scene, ViewLayer | Loading render kernels (may take a few minutes the first time)
Fra:11 Mem:9.12M (Peak 9.68M) | Time:00:00.00 | Mem:0.00M, Peak:0.00M | Scene, ViewLayer | Updating Procedurals
Fra:11 Mem:9.12M (Peak 9.68M) | Time:00:00.00 | Mem:0.00M, Peak:0.00M | Scene, ViewLayer | Updating Background
Fra:11 Mem:9.12M (Peak 9.68M) | Time:00:00.00 | Mem:0.00M, Peak:0.00M | Scene, ViewLayer | Updating Camera
Fra:11 Mem:9.12M (Peak 9.68M) | Time:00:00.00 | Mem:0.00M, Peak:0.00M | Scene, ViewLayer | Updating Meshes Flags
Fra:11 Mem:9.12M (Peak 9.68M) | Time:00:00.00 | Mem:0.00M, Peak:0.00M | Scene, ViewLayer | Updating Objects
Fra:11 Mem:9.12M (Peak 9.68M) | Time:00:00.00 | Mem:0.00M, Peak:0.00M | Scene, ViewLayer | Updating Objects | Copying Transformations to device
Fra:11 Mem:9.12M (Peak 9.68M) | Time:00:00.00 | Mem:0.00M, Peak:0.00M | Scene, ViewLayer | Updating Particle Systems
Fra:11 Mem:9.12M (Peak 9.68M) | Time:00:00.00 | Mem:0.00M, Peak:0.00M | Scene, ViewLayer | Updating Particle Systems | Copying Particles to device
Fra:11 Mem:9.12M (Peak 9.68M) | Time:00:00.00 | Mem:0.00M, Peak:0.00M | Scene, ViewLayer | Updating Meshes
Fra:11 Mem:9.12M (Peak 9.68M) | Time:00:00.00 | Mem:0.00M, Peak:0.00M | Scene, ViewLayer | Updating Objects | Applying Static Transformations
Fra:11 Mem:9.12M (Peak 9.68M) | Time:00:00.00 | Mem:0.00M, Peak:0.00M | Scene, ViewLayer | Updating Mesh | Computing attributes
Fra:11 Mem:9.12M (Peak 9.68M) | Time:00:00.00 | Mem:0.01M, Peak:0.01M | Scene, ViewLayer | Updating Mesh | Copying Attributes to device
Fra:11 Mem:9.12M (Peak 9.68M) | Time:00:00.00 | Mem:0.01M, Peak:0.01M | Scene, ViewLayer | Updating Scene BVH | Building
Fra:11 Mem:9.12M (Peak 9.68M) | Time:00:00.00 | Mem:0.01M, Peak:0.01M | Scene, ViewLayer | Updating Scene BVH | Building BVH
Fra:11 Mem:9.12M (Peak 9.68M) | Time:00:00.00 | Mem:0.01M, Peak:0.01M | Scene, ViewLayer | Updating Scene BVH | Building BVH 0%
Fra:11 Mem:9.12M (Peak 9.68M) | Time:00:00.00 | Mem:0.01M, Peak:0.01M | Scene, ViewLayer | Updating Scene BVH | Copying BVH to device
Fra:11 Mem:9.12M (Peak 9.68M) | Time:00:00.00 | Mem:0.01M, Peak:0.01M | Scene, ViewLayer | Updating Mesh | Computing normals
Fra:11 Mem:9.12M (Peak 9.68M) | Time:00:00.00 | Mem:0.01M, Peak:0.01M | Scene, ViewLayer | Updating Mesh | Copying Mesh to device
Fra:11 Mem:9.12M (Peak 9.68M) | Time:00:00.00 | Mem:0.01M, Peak:0.01M | Scene, ViewLayer | Updating Objects Flags
Fra:11 Mem:9.12M (Peak 9.68M) | Time:00:00.00 | Mem:0.01M, Peak:0.01M | Scene, ViewLayer | Updating Primitive Offsets
Fra:11 Mem:9.12M (Peak 9.68M) | Time:00:00.00 | Mem:0.01M, Peak:0.01M | Scene, ViewLayer | Updating Images
Fra:11 Mem:9.12M (Peak 9.68M) | Time:00:00.00 | Mem:0.01M, Peak:0.01M | Scene, ViewLayer | Updating Camera Volume
Fra:11 Mem:9.12M (Peak 9.68M) | Time:00:00.00 | Mem:0.01M, Peak:0.01M | Scene, ViewLayer | Updating Lookup Tables
Fra:11 Mem:9.12M (Peak 9.68M) | Time:00:00.00 | Mem:0.09M, Peak:0.09M | Scene, ViewLayer | Updating Lights
Fra:11 Mem:9.12M (Peak 9.68M) | Time:00:00.00 | Mem:0.09M, Peak:0.09M | Scene, ViewLayer | Updating Lights | Computing tree
Fra:11 Mem:9.12M (Peak 9.68M) | Time:00:00.00 | Mem:0.09M, Peak:0.09M | Scene, ViewLayer | Updating Integrator
Fra:11 Mem:9.12M (Peak 9.68M) | Time:00:00.00 | Mem:0.09M, Peak:0.09M | Scene, ViewLayer | Updating Film
Fra:11 Mem:9.13M (Peak 9.68M) | Time:00:00.00 | Mem:0.01M, Peak:0.09M | Scene, ViewLayer | Updating Lookup Tables
Fra:11 Mem:9.13M (Peak 9.68M) | Time:00:00.00 | Mem:0.10M, Peak:0.10M | Scene, ViewLayer | Updating Baking
Fra:11 Mem:9.13M (Peak 9.68M) | Time:00:00.00 | Mem:0.10M, Peak:0.10M | Scene, ViewLayer | Updating Device | Writing constant memory
Fra:11 Mem:9.13M (Peak 9.68M) | Time:00:00.00 | Mem:0.10M, Peak:0.10M | Scene, ViewLayer | Sample 0/1
Fra:11 Mem:9.18M (Peak 9.68M) | Time:00:00.00 | Mem:0.11M, Peak:0.11M | Scene, ViewLayer | Sample 1/1
Fra:11 Mem:9.18M (Peak 9.68M) | Time:00:00.00 | Mem:0.11M, Peak:0.11M | Scene, ViewLayer | Finished
Saved: '/home/terence/Documents/Codex/2026-09-06/realtime-voice-chat-3/outputs/butterfly-method-comparison/blender-v2/raw/body-only/view135_frame02.png'
Time: 00:00.00 (Saving: 00:00.00)

Fra:11 Mem:9.71M (Peak 9.71M) | Time:00:00.00 | Mem:0.00M, Peak:0.00M | Scene, ViewLayer | Synchronizing object | Thorax
Fra:11 Mem:9.71M (Peak 9.71M) | Time:00:00.00 | Mem:0.00M, Peak:0.00M | Scene, ViewLayer | Synchronizing object | Abdomen
Fra:11 Mem:9.71M (Peak 9.71M) | Time:00:00.00 | Mem:0.00M, Peak:0.00M | Scene, ViewLayer | Synchronizing object | Abdomen tip
Fra:11 Mem:9.71M (Peak 9.71M) | Time:00:00.00 | Mem:0.00M, Peak:0.00M | Scene, ViewLayer | Synchronizing object | R continuous fore-hind wing
Fra:11 Mem:9.72M (Peak 9.72M) | Time:00:00.00 | Mem:0.00M, Peak:0.00M | Scene, ViewLayer | Synchronizing object | Antenna.001
Fra:11 Mem:9.72M (Peak 9.72M) | Time:00:00.00 | Mem:0.00M, Peak:0.00M | Scene, ViewLayer | Initializing
Fra:11 Mem:9.03M (Peak 9.72M) | Time:00:00.00 | Mem:0.00M, Peak:0.00M | Scene, ViewLayer | Waiting for render to start
Fra:11 Mem:9.03M (Peak 9.72M) | Time:00:00.00 | Mem:0.00M, Peak:0.00M | Scene, ViewLayer | Updating Scene
Fra:11 Mem:9.03M (Peak 9.72M) | Time:00:00.00 | Mem:0.00M, Peak:0.00M | Scene, ViewLayer | Updating Shaders
Fra:11 Mem:9.03M (Peak 9.72M) | Time:00:00.00 | Mem:0.00M, Peak:0.00M | Scene, ViewLayer | Loading render kernels (may take a few minutes the first time)
Fra:11 Mem:9.11M (Peak 9.72M) | Time:00:00.00 | Mem:0.00M, Peak:0.00M | Scene, ViewLayer | Updating Procedurals
Fra:11 Mem:9.11M (Peak 9.72M) | Time:00:00.00 | Mem:0.00M, Peak:0.00M | Scene, ViewLayer | Updating Background
Fra:11 Mem:9.11M (Peak 9.72M) | Time:00:00.00 | Mem:0.00M, Peak:0.00M | Scene, ViewLayer | Updating Camera
Fra:11 Mem:9.11M (Peak 9.72M) | Time:00:00.00 | Mem:0.00M, Peak:0.00M | Scene, ViewLayer | Updating Meshes Flags
Fra:11 Mem:9.11M (Peak 9.72M) | Time:00:00.00 | Mem:0.00M, Peak:0.00M | Scene, ViewLayer | Updating Objects
Fra:11 Mem:9.11M (Peak 9.72M) | Time:00:00.00 | Mem:0.00M, Peak:0.00M | Scene, ViewLayer | Updating Objects | Copying Transformations to device
Fra:11 Mem:9.11M (Peak 9.72M) | Time:00:00.00 | Mem:0.01M, Peak:0.01M | Scene, ViewLayer | Updating Particle Systems
Fra:11 Mem:9.11M (Peak 9.72M) | Time:00:00.00 | Mem:0.01M, Peak:0.01M | Scene, ViewLayer | Updating Particle Systems | Copying Particles to device
Fra:11 Mem:9.11M (Peak 9.72M) | Time:00:00.00 | Mem:0.01M, Peak:0.01M | Scene, ViewLayer | Updating Meshes
Fra:11 Mem:9.11M (Peak 9.72M) | Time:00:00.00 | Mem:0.01M, Peak:0.01M | Scene, ViewLayer | Updating Objects | Applying Static Transformations
Fra:11 Mem:9.11M (Peak 9.72M) | Time:00:00.00 | Mem:0.01M, Peak:0.01M | Scene, ViewLayer | Updating Mesh | Computing attributes
Fra:11 Mem:9.12M (Peak 9.72M) | Time:00:00.00 | Mem:0.01M, Peak:0.01M | Scene, ViewLayer | Updating Mesh | Copying Attributes to device
Fra:11 Mem:9.12M (Peak 9.72M) | Time:00:00.00 | Mem:0.01M, Peak:0.01M | Scene, ViewLayer | Updating Scene BVH | Building
Fra:11 Mem:9.12M (Peak 9.72M) | Time:00:00.00 | Mem:0.01M, Peak:0.01M | Scene, ViewLayer | Updating Scene BVH | Building BVH
Fra:11 Mem:9.12M (Peak 9.72M) | Time:00:00.00 | Mem:0.02M, Peak:0.03M | Scene, ViewLayer | Updating Scene BVH | Copying BVH to device
Fra:11 Mem:9.12M (Peak 9.72M) | Time:00:00.00 | Mem:0.02M, Peak:0.03M | Scene, ViewLayer | Updating Mesh | Computing normals
Fra:11 Mem:9.12M (Peak 9.72M) | Time:00:00.00 | Mem:0.02M, Peak:0.03M | Scene, ViewLayer | Updating Mesh | Copying Mesh to device
Fra:11 Mem:9.12M (Peak 9.72M) | Time:00:00.00 | Mem:0.03M, Peak:0.03M | Scene, ViewLayer | Updating Objects Flags
Fra:11 Mem:9.12M (Peak 9.72M) | Time:00:00.00 | Mem:0.03M, Peak:0.03M | Scene, ViewLayer | Updating Primitive Offsets
Fra:11 Mem:9.12M (Peak 9.72M) | Time:00:00.00 | Mem:0.03M, Peak:0.03M | Scene, ViewLayer | Updating Images
Fra:11 Mem:9.12M (Peak 9.72M) | Time:00:00.00 | Mem:0.03M, Peak:0.03M | Scene, ViewLayer | Updating Camera Volume
Fra:11 Mem:9.12M (Peak 9.72M) | Time:00:00.00 | Mem:0.03M, Peak:0.03M | Scene, ViewLayer | Updating Lookup Tables
Fra:11 Mem:9.12M (Peak 9.72M) | Time:00:00.00 | Mem:0.11M, Peak:0.11M | Scene, ViewLayer | Updating Lights
Fra:11 Mem:9.12M (Peak 9.72M) | Time:00:00.00 | Mem:0.11M, Peak:0.11M | Scene, ViewLayer | Updating Lights | Computing tree
Fra:11 Mem:9.13M (Peak 9.72M) | Time:00:00.00 | Mem:0.12M, Peak:0.12M | Scene, ViewLayer | Updating Integrator
Fra:11 Mem:9.13M (Peak 9.72M) | Time:00:00.00 | Mem:0.12M, Peak:0.12M | Scene, ViewLayer | Updating Film
Fra:11 Mem:9.13M (Peak 9.72M) | Time:00:00.00 | Mem:0.04M, Peak:0.12M | Scene, ViewLayer | Updating Lookup Tables
Fra:11 Mem:9.13M (Peak 9.72M) | Time:00:00.00 | Mem:0.12M, Peak:0.12M | Scene, ViewLayer | Updating Baking
Fra:11 Mem:9.13M (Peak 9.72M) | Time:00:00.00 | Mem:0.12M, Peak:0.12M | Scene, ViewLayer | Updating Device | Writing constant memory
Fra:11 Mem:9.14M (Peak 9.72M) | Time:00:00.00 | Mem:0.12M, Peak:0.12M | Scene, ViewLayer | Sample 0/1
Fra:11 Mem:9.19M (Peak 9.72M) | Time:00:00.00 | Mem:0.13M, Peak:0.13M | Scene, ViewLayer | Sample 1/1
Fra:11 Mem:9.19M (Peak 9.72M) | Time:00:00.00 | Mem:0.13M, Peak:0.13M | Scene, ViewLayer | Finished
Saved: '/home/terence/Documents/Codex/2026-09-06/realtime-voice-chat-3/outputs/butterfly-method-comparison/blender-v2/raw/no-abdomen-lag/view135_frame02.png'
Time: 00:00.00 (Saving: 00:00.00)

Fra:11 Mem:9.69M (Peak 9.69M) | Time:00:00.00 | Mem:0.00M, Peak:0.00M | Scene, ViewLayer | Synchronizing object | Thorax
Fra:11 Mem:9.69M (Peak 9.69M) | Time:00:00.00 | Mem:0.00M, Peak:0.00M | Scene, ViewLayer | Synchronizing object | Abdomen
Fra:11 Mem:9.69M (Peak 9.69M) | Time:00:00.00 | Mem:0.00M, Peak:0.00M | Scene, ViewLayer | Synchronizing object | L continuous fore-hind wing
Fra:11 Mem:9.69M (Peak 9.69M) | Time:00:00.00 | Mem:0.00M, Peak:0.00M | Scene, ViewLayer | Synchronizing object | Antenna
Fra:11 Mem:9.70M (Peak 9.70M) | Time:00:00.00 | Mem:0.00M, Peak:0.00M | Scene, ViewLayer | Synchronizing object | Antenna.001
Fra:11 Mem:9.70M (Peak 9.70M) | Time:00:00.00 | Mem:0.00M, Peak:0.00M | Scene, ViewLayer | Synchronizing object | R continuous fore-hind wing
Fra:11 Mem:9.70M (Peak 9.70M) | Time:00:00.00 | Mem:0.00M, Peak:0.00M | Scene, ViewLayer | Initializing
Fra:11 Mem:9.02M (Peak 9.70M) | Time:00:00.00 | Mem:0.00M, Peak:0.00M | Scene, ViewLayer | Waiting for render to start
Fra:11 Mem:9.02M (Peak 9.70M) | Time:00:00.00 | Mem:0.00M, Peak:0.00M | Scene, ViewLayer | Updating Scene
Fra:11 Mem:9.02M (Peak 9.70M) | Time:00:00.00 | Mem:0.00M, Peak:0.00M | Scene, ViewLayer | Updating Shaders
Fra:11 Mem:9.02M (Peak 9.70M) | Time:00:00.00 | Mem:0.00M, Peak:0.00M | Scene, ViewLayer | Loading render kernels (may take a few minutes the first time)
Fra:11 Mem:9.10M (Peak 9.70M) | Time:00:00.00 | Mem:0.00M, Peak:0.00M | Scene, ViewLayer | Updating Procedurals
Fra:11 Mem:9.10M (Peak 9.70M) | Time:00:00.00 | Mem:0.00M, Peak:0.00M | Scene, ViewLayer | Updating Background
Fra:11 Mem:9.10M (Peak 9.70M) | Time:00:00.00 | Mem:0.00M, Peak:0.00M | Scene, ViewLayer | Updating Camera
Fra:11 Mem:9.10M (Peak 9.70M) | Time:00:00.00 | Mem:0.00M, Peak:0.00M | Scene, ViewLayer | Updating Meshes Flags
Fra:11 Mem:9.10M (Peak 9.70M) | Time:00:00.00 | Mem:0.00M, Peak:0.00M | Scene, ViewLayer | Updating Objects
Fra:11 Mem:9.10M (Peak 9.70M) | Time:00:00.00 | Mem:0.00M, Peak:0.00M | Scene, ViewLayer | Updating Objects | Copying Transformations to device
Fra:11 Mem:9.10M (Peak 9.70M) | Time:00:00.00 | Mem:0.01M, Peak:0.01M | Scene, ViewLayer | Updating Particle Systems
Fra:11 Mem:9.10M (Peak 9.70M) | Time:00:00.00 | Mem:0.01M, Peak:0.01M | Scene, ViewLayer | Updating Particle Systems | Copying Particles to device
Fra:11 Mem:9.10M (Peak 9.70M) | Time:00:00.00 | Mem:0.01M, Peak:0.01M | Scene, ViewLayer | Updating Meshes
Fra:11 Mem:9.10M (Peak 9.70M) | Time:00:00.00 | Mem:0.01M, Peak:0.01M | Scene, ViewLayer | Updating Objects | Applying Static Transformations
Fra:11 Mem:9.10M (Peak 9.70M) | Time:00:00.00 | Mem:0.01M, Peak:0.01M | Scene, ViewLayer | Updating Mesh | Computing attributes
Fra:11 Mem:9.11M (Peak 9.70M) | Time:00:00.00 | Mem:0.01M, Peak:0.01M | Scene, ViewLayer | Updating Mesh | Copying Attributes to device
Fra:11 Mem:9.11M (Peak 9.70M) | Time:00:00.00 | Mem:0.01M, Peak:0.01M | Scene, ViewLayer | Updating Scene BVH | Building
Fra:11 Mem:9.11M (Peak 9.70M) | Time:00:00.00 | Mem:0.01M, Peak:0.01M | Scene, ViewLayer | Updating Scene BVH | Building BVH
Fra:11 Mem:9.11M (Peak 9.70M) | Time:00:00.00 | Mem:0.02M, Peak:0.03M | Scene, ViewLayer | Updating Scene BVH | Copying BVH to device
Fra:11 Mem:9.11M (Peak 9.70M) | Time:00:00.00 | Mem:0.02M, Peak:0.03M | Scene, ViewLayer | Updating Mesh | Computing normals
Fra:11 Mem:9.11M (Peak 9.70M) | Time:00:00.00 | Mem:0.02M, Peak:0.03M | Scene, ViewLayer | Updating Mesh | Copying Mesh to device
Fra:11 Mem:9.11M (Peak 9.70M) | Time:00:00.00 | Mem:0.03M, Peak:0.03M | Scene, ViewLayer | Updating Objects Flags
Fra:11 Mem:9.11M (Peak 9.70M) | Time:00:00.00 | Mem:0.03M, Peak:0.03M | Scene, ViewLayer | Updating Primitive Offsets
Fra:11 Mem:9.11M (Peak 9.70M) | Time:00:00.00 | Mem:0.03M, Peak:0.03M | Scene, ViewLayer | Updating Images
Fra:11 Mem:9.11M (Peak 9.70M) | Time:00:00.00 | Mem:0.03M, Peak:0.03M | Scene, ViewLayer | Updating Camera Volume
Fra:11 Mem:9.11M (Peak 9.70M) | Time:00:00.00 | Mem:0.03M, Peak:0.03M | Scene, ViewLayer | Updating Lookup Tables
Fra:11 Mem:9.11M (Peak 9.70M) | Time:00:00.00 | Mem:0.11M, Peak:0.11M | Scene, ViewLayer | Updating Lights
Fra:11 Mem:9.11M (Peak 9.70M) | Time:00:00.00 | Mem:0.11M, Peak:0.11M | Scene, ViewLayer | Updating Lights | Computing tree
Fra:11 Mem:9.12M (Peak 9.70M) | Time:00:00.00 | Mem:0.12M, Peak:0.12M | Scene, ViewLayer | Updating Integrator
Fra:11 Mem:9.12M (Peak 9.70M) | Time:00:00.00 | Mem:0.12M, Peak:0.12M | Scene, ViewLayer | Updating Film
Fra:11 Mem:9.13M (Peak 9.70M) | Time:00:00.00 | Mem:0.04M, Peak:0.12M | Scene, ViewLayer | Updating Lookup Tables
Fra:11 Mem:9.13M (Peak 9.70M) | Time:00:00.00 | Mem:0.12M, Peak:0.12M | Scene, ViewLayer | Updating Baking
Fra:11 Mem:9.13M (Peak 9.70M) | Time:00:00.00 | Mem:0.12M, Peak:0.12M | Scene, ViewLayer | Updating Device | Writing constant memory
Fra:11 Mem:9.13M (Peak 9.70M) | Time:00:00.00 | Mem:0.12M, Peak:0.12M | Scene, ViewLayer | Sample 0/1
Fra:11 Mem:9.18M (Peak 9.70M) | Time:00:00.00 | Mem:0.13M, Peak:0.13M | Scene, ViewLayer | Sample 1/1
Fra:11 Mem:9.18M (Peak 9.70M) | Time:00:00.00 | Mem:0.13M, Peak:0.13M | Scene, ViewLayer | Finished
Saved: '/home/terence/Documents/Codex/2026-09-06/realtime-voice-chat-3/outputs/butterfly-method-comparison/blender-v2/raw/wing-only/view135_frame02.png'
Time: 00:00.00 (Saving: 00:00.00)

Fra:16 Mem:9.74M (Peak 9.74M) | Time:00:00.00 | Mem:0.00M, Peak:0.00M | Scene, ViewLayer | Synchronizing object | Thorax
Fra:16 Mem:9.74M (Peak 9.74M) | Time:00:00.00 | Mem:0.00M, Peak:0.00M | Scene, ViewLayer | Synchronizing object | L continuous fore-hind wing
Fra:16 Mem:9.74M (Peak 9.74M) | Time:00:00.00 | Mem:0.00M, Peak:0.00M | Scene, ViewLayer | Synchronizing object | Abdomen tip
Fra:16 Mem:9.74M (Peak 9.74M) | Time:00:00.00 | Mem:0.00M, Peak:0.00M | Scene, ViewLayer | Synchronizing object | Antenna
Fra:16 Mem:9.74M (Peak 9.74M) | Time:00:00.00 | Mem:0.00M, Peak:0.00M | Scene, ViewLayer | Synchronizing object | Antenna.001
Fra:16 Mem:9.74M (Peak 9.74M) | Time:00:00.00 | Mem:0.00M, Peak:0.00M | Scene, ViewLayer | Synchronizing object | R continuous fore-hind wing
Fra:16 Mem:9.75M (Peak 9.75M) | Time:00:00.00 | Mem:0.00M, Peak:0.00M | Scene, ViewLayer | Initializing
Fra:16 Mem:9.04M (Peak 9.75M) | Time:00:00.00 | Mem:0.00M, Peak:0.00M | Scene, ViewLayer | Waiting for render to start
Fra:16 Mem:9.04M (Peak 9.75M) | Time:00:00.00 | Mem:0.00M, Peak:0.00M | Scene, ViewLayer | Updating Scene
Fra:16 Mem:9.04M (Peak 9.75M) | Time:00:00.00 | Mem:0.00M, Peak:0.00M | Scene, ViewLayer | Updating Shaders
Fra:16 Mem:9.04M (Peak 9.75M) | Time:00:00.00 | Mem:0.00M, Peak:0.00M | Scene, ViewLayer | Loading render kernels (may take a few minutes the first time)
Fra:16 Mem:9.13M (Peak 9.75M) | Time:00:00.00 | Mem:0.00M, Peak:0.00M | Scene, ViewLayer | Updating Procedurals
Fra:16 Mem:9.13M (Peak 9.75M) | Time:00:00.00 | Mem:0.00M, Peak:0.00M | Scene, ViewLayer | Updating Background
Fra:16 Mem:9.13M (Peak 9.75M) | Time:00:00.00 | Mem:0.00M, Peak:0.00M | Scene, ViewLayer | Updating Camera
Fra:16 Mem:9.13M (Peak 9.75M) | Time:00:00.00 | Mem:0.00M, Peak:0.00M | Scene, ViewLayer | Updating Meshes Flags
Fra:16 Mem:9.13M (Peak 9.75M) | Time:00:00.00 | Mem:0.00M, Peak:0.00M | Scene, ViewLayer | Updating Objects
Fra:16 Mem:9.13M (Peak 9.75M) | Time:00:00.00 | Mem:0.00M, Peak:0.00M | Scene, ViewLayer | Updating Objects | Copying Transformations to device
Fra:16 Mem:9.13M (Peak 9.75M) | Time:00:00.00 | Mem:0.01M, Peak:0.01M | Scene, ViewLayer | Updating Particle Systems
Fra:16 Mem:9.13M (Peak 9.75M) | Time:00:00.00 | Mem:0.01M, Peak:0.01M | Scene, ViewLayer | Updating Particle Systems | Copying Particles to device
Fra:16 Mem:9.13M (Peak 9.75M) | Time:00:00.00 | Mem:0.01M, Peak:0.01M | Scene, ViewLayer | Updating Meshes
Fra:16 Mem:9.13M (Peak 9.75M) | Time:00:00.00 | Mem:0.01M, Peak:0.01M | Scene, ViewLayer | Updating Objects | Applying Static Transformations
Fra:16 Mem:9.13M (Peak 9.75M) | Time:00:00.00 | Mem:0.01M, Peak:0.01M | Scene, ViewLayer | Updating Mesh | Computing attributes
Fra:16 Mem:9.13M (Peak 9.75M) | Time:00:00.00 | Mem:0.01M, Peak:0.01M | Scene, ViewLayer | Updating Mesh | Copying Attributes to device
Fra:16 Mem:9.13M (Peak 9.75M) | Time:00:00.00 | Mem:0.01M, Peak:0.01M | Scene, ViewLayer | Updating Scene BVH | Building
Fra:16 Mem:9.13M (Peak 9.75M) | Time:00:00.00 | Mem:0.01M, Peak:0.01M | Scene, ViewLayer | Updating Scene BVH | Building BVH
Fra:16 Mem:9.13M (Peak 9.75M) | Time:00:00.00 | Mem:0.02M, Peak:0.03M | Scene, ViewLayer | Updating Scene BVH | Copying BVH to device
Fra:16 Mem:9.13M (Peak 9.75M) | Time:00:00.00 | Mem:0.02M, Peak:0.03M | Scene, ViewLayer | Updating Mesh | Computing normals
Fra:16 Mem:9.14M (Peak 9.75M) | Time:00:00.00 | Mem:0.02M, Peak:0.03M | Scene, ViewLayer | Updating Mesh | Copying Mesh to device
Fra:16 Mem:9.14M (Peak 9.75M) | Time:00:00.00 | Mem:0.03M, Peak:0.03M | Scene, ViewLayer | Updating Objects Flags
Fra:16 Mem:9.14M (Peak 9.75M) | Time:00:00.00 | Mem:0.03M, Peak:0.03M | Scene, ViewLayer | Updating Primitive Offsets
Fra:16 Mem:9.14M (Peak 9.75M) | Time:00:00.00 | Mem:0.03M, Peak:0.03M | Scene, ViewLayer | Updating Images
Fra:16 Mem:9.14M (Peak 9.75M) | Time:00:00.00 | Mem:0.03M, Peak:0.03M | Scene, ViewLayer | Updating Camera Volume
Fra:16 Mem:9.14M (Peak 9.75M) | Time:00:00.00 | Mem:0.03M, Peak:0.03M | Scene, ViewLayer | Updating Lookup Tables
Fra:16 Mem:9.14M (Peak 9.75M) | Time:00:00.00 | Mem:0.11M, Peak:0.11M | Scene, ViewLayer | Updating Lights
Fra:16 Mem:9.14M (Peak 9.75M) | Time:00:00.00 | Mem:0.11M, Peak:0.11M | Scene, ViewLayer | Updating Lights | Computing tree
Fra:16 Mem:9.14M (Peak 9.75M) | Time:00:00.00 | Mem:0.12M, Peak:0.12M | Scene, ViewLayer | Updating Integrator
Fra:16 Mem:9.14M (Peak 9.75M) | Time:00:00.00 | Mem:0.12M, Peak:0.12M | Scene, ViewLayer | Updating Film
Fra:16 Mem:9.15M (Peak 9.75M) | Time:00:00.00 | Mem:0.04M, Peak:0.12M | Scene, ViewLayer | Updating Lookup Tables
Fra:16 Mem:9.15M (Peak 9.75M) | Time:00:00.00 | Mem:0.12M, Peak:0.12M | Scene, ViewLayer | Updating Baking
Fra:16 Mem:9.15M (Peak 9.75M) | Time:00:00.00 | Mem:0.12M, Peak:0.12M | Scene, ViewLayer | Updating Device | Writing constant memory
Fra:16 Mem:9.15M (Peak 9.75M) | Time:00:00.00 | Mem:0.12M, Peak:0.12M | Scene, ViewLayer | Sample 0/8
Fra:16 Mem:9.75M (Peak 9.75M) | Time:00:00.00 | Remaining:00:00.01 | Mem:0.69M, Peak:0.69M | Scene, ViewLayer | Sample 1/8
Fra:16 Mem:10.00M (Peak 10.00M) | Time:00:00.01 | Mem:0.69M, Peak:0.69M | Scene, ViewLayer | Sample 8/8
Fra:16 Mem:10.00M (Peak 10.00M) | Time:00:00.01 | Mem:0.69M, Peak:0.69M | Scene, ViewLayer | Finished
Saved: '/home/terence/Documents/Codex/2026-09-06/realtime-voice-chat-3/outputs/butterfly-method-comparison/blender-v2/raw/view135_frame03.png'
Time: 00:00.01 (Saving: 00:00.00)

Fra:16 Mem:9.74M (Peak 9.74M) | Time:00:00.00 | Mem:0.00M, Peak:0.00M | Scene, ViewLayer | Synchronizing object | Thorax
Fra:16 Mem:9.74M (Peak 9.74M) | Time:00:00.00 | Mem:0.00M, Peak:0.00M | Scene, ViewLayer | Synchronizing object | Head
Fra:16 Mem:9.74M (Peak 9.74M) | Time:00:00.00 | Mem:0.00M, Peak:0.00M | Scene, ViewLayer | Synchronizing object | Abdomen
Fra:16 Mem:9.74M (Peak 9.74M) | Time:00:00.00 | Mem:0.00M, Peak:0.00M | Scene, ViewLayer | Synchronizing object | Antenna
Fra:16 Mem:9.74M (Peak 9.74M) | Time:00:00.00 | Mem:0.00M, Peak:0.00M | Scene, ViewLayer | Synchronizing object | Antenna.001
Fra:16 Mem:9.74M (Peak 9.74M) | Time:00:00.00 | Mem:0.00M, Peak:0.00M | Scene, ViewLayer | Synchronizing object | R continuous fore-hind wing
Fra:16 Mem:9.75M (Peak 9.75M) | Time:00:00.00 | Mem:0.00M, Peak:0.00M | Scene, ViewLayer | Initializing
Fra:16 Mem:9.04M (Peak 9.75M) | Time:00:00.00 | Mem:0.00M, Peak:0.00M | Scene, ViewLayer | Waiting for render to start
Fra:16 Mem:9.04M (Peak 9.75M) | Time:00:00.00 | Mem:0.00M, Peak:0.00M | Scene, ViewLayer | Updating Scene
Fra:16 Mem:9.04M (Peak 9.75M) | Time:00:00.00 | Mem:0.00M, Peak:0.00M | Scene, ViewLayer | Updating Shaders
Fra:16 Mem:9.04M (Peak 9.75M) | Time:00:00.00 | Mem:0.00M, Peak:0.00M | Scene, ViewLayer | Loading render kernels (may take a few minutes the first time)
Fra:16 Mem:9.13M (Peak 9.75M) | Time:00:00.00 | Mem:0.00M, Peak:0.00M | Scene, ViewLayer | Updating Procedurals
Fra:16 Mem:9.13M (Peak 9.75M) | Time:00:00.00 | Mem:0.00M, Peak:0.00M | Scene, ViewLayer | Updating Background
Fra:16 Mem:9.13M (Peak 9.75M) | Time:00:00.00 | Mem:0.00M, Peak:0.00M | Scene, ViewLayer | Updating Camera
Fra:16 Mem:9.13M (Peak 9.75M) | Time:00:00.00 | Mem:0.00M, Peak:0.00M | Scene, ViewLayer | Updating Meshes Flags
Fra:16 Mem:9.13M (Peak 9.75M) | Time:00:00.00 | Mem:0.00M, Peak:0.00M | Scene, ViewLayer | Updating Objects
Fra:16 Mem:9.13M (Peak 9.75M) | Time:00:00.00 | Mem:0.00M, Peak:0.00M | Scene, ViewLayer | Updating Objects | Copying Transformations to device
Fra:16 Mem:9.13M (Peak 9.75M) | Time:00:00.00 | Mem:0.01M, Peak:0.01M | Scene, ViewLayer | Updating Particle Systems
Fra:16 Mem:9.13M (Peak 9.75M) | Time:00:00.00 | Mem:0.01M, Peak:0.01M | Scene, ViewLayer | Updating Particle Systems | Copying Particles to device
Fra:16 Mem:9.13M (Peak 9.75M) | Time:00:00.00 | Mem:0.01M, Peak:0.01M | Scene, ViewLayer | Updating Meshes
Fra:16 Mem:9.13M (Peak 9.75M) | Time:00:00.00 | Mem:0.01M, Peak:0.01M | Scene, ViewLayer | Updating Objects | Applying Static Transformations
Fra:16 Mem:9.13M (Peak 9.75M) | Time:00:00.00 | Mem:0.01M, Peak:0.01M | Scene, ViewLayer | Updating Mesh | Computing attributes
Fra:16 Mem:9.13M (Peak 9.75M) | Time:00:00.00 | Mem:0.01M, Peak:0.01M | Scene, ViewLayer | Updating Mesh | Copying Attributes to device
Fra:16 Mem:9.13M (Peak 9.75M) | Time:00:00.00 | Mem:0.01M, Peak:0.01M | Scene, ViewLayer | Updating Scene BVH | Building
Fra:16 Mem:9.13M (Peak 9.75M) | Time:00:00.00 | Mem:0.01M, Peak:0.01M | Scene, ViewLayer | Updating Scene BVH | Building BVH
Fra:16 Mem:9.13M (Peak 9.75M) | Time:00:00.00 | Mem:0.02M, Peak:0.03M | Scene, ViewLayer | Updating Scene BVH | Copying BVH to device
Fra:16 Mem:9.13M (Peak 9.75M) | Time:00:00.00 | Mem:0.02M, Peak:0.03M | Scene, ViewLayer | Updating Mesh | Computing normals
Fra:16 Mem:9.14M (Peak 9.75M) | Time:00:00.00 | Mem:0.02M, Peak:0.03M | Scene, ViewLayer | Updating Mesh | Copying Mesh to device
Fra:16 Mem:9.14M (Peak 9.75M) | Time:00:00.00 | Mem:0.03M, Peak:0.03M | Scene, ViewLayer | Updating Objects Flags
Fra:16 Mem:9.14M (Peak 9.75M) | Time:00:00.00 | Mem:0.03M, Peak:0.03M | Scene, ViewLayer | Updating Primitive Offsets
Fra:16 Mem:9.14M (Peak 9.75M) | Time:00:00.00 | Mem:0.03M, Peak:0.03M | Scene, ViewLayer | Updating Images
Fra:16 Mem:9.14M (Peak 9.75M) | Time:00:00.00 | Mem:0.03M, Peak:0.03M | Scene, ViewLayer | Updating Camera Volume
Fra:16 Mem:9.14M (Peak 9.75M) | Time:00:00.00 | Mem:0.03M, Peak:0.03M | Scene, ViewLayer | Updating Lookup Tables
Fra:16 Mem:9.14M (Peak 9.75M) | Time:00:00.00 | Mem:0.11M, Peak:0.11M | Scene, ViewLayer | Updating Lights
Fra:16 Mem:9.14M (Peak 9.75M) | Time:00:00.00 | Mem:0.11M, Peak:0.11M | Scene, ViewLayer | Updating Lights | Computing tree
Fra:16 Mem:9.14M (Peak 9.75M) | Time:00:00.00 | Mem:0.12M, Peak:0.12M | Scene, ViewLayer | Updating Integrator
Fra:16 Mem:9.14M (Peak 9.75M) | Time:00:00.00 | Mem:0.12M, Peak:0.12M | Scene, ViewLayer | Updating Film
Fra:16 Mem:9.15M (Peak 9.75M) | Time:00:00.00 | Mem:0.04M, Peak:0.12M | Scene, ViewLayer | Updating Lookup Tables
Fra:16 Mem:9.15M (Peak 9.75M) | Time:00:00.00 | Mem:0.12M, Peak:0.12M | Scene, ViewLayer | Updating Baking
Fra:16 Mem:9.15M (Peak 9.75M) | Time:00:00.00 | Mem:0.12M, Peak:0.12M | Scene, ViewLayer | Updating Device | Writing constant memory
Fra:16 Mem:9.15M (Peak 9.75M) | Time:00:00.00 | Mem:0.12M, Peak:0.12M | Scene, ViewLayer | Sample 0/1
Fra:16 Mem:9.20M (Peak 9.75M) | Time:00:00.00 | Mem:0.13M, Peak:0.13M | Scene, ViewLayer | Sample 1/1
Fra:16 Mem:9.20M (Peak 9.75M) | Time:00:00.00 | Mem:0.13M, Peak:0.13M | Scene, ViewLayer | Finished
Saved: '/home/terence/Documents/Codex/2026-09-06/realtime-voice-chat-3/outputs/butterfly-method-comparison/blender-v2/raw/native16/view135_frame03.png'
Time: 00:00.00 (Saving: 00:00.00)

Fra:16 Mem:9.74M (Peak 9.74M) | Time:00:00.00 | Mem:0.00M, Peak:0.00M | Scene, ViewLayer | Synchronizing object | Thorax
Fra:16 Mem:9.74M (Peak 9.74M) | Time:00:00.00 | Mem:0.00M, Peak:0.00M | Scene, ViewLayer | Synchronizing object | Abdomen
Fra:16 Mem:9.74M (Peak 9.74M) | Time:00:00.00 | Mem:0.00M, Peak:0.00M | Scene, ViewLayer | Synchronizing object | Abdomen tip
Fra:16 Mem:9.74M (Peak 9.74M) | Time:00:00.00 | Mem:0.00M, Peak:0.00M | Scene, ViewLayer | Synchronizing object | Antenna
Fra:16 Mem:9.74M (Peak 9.74M) | Time:00:00.00 | Mem:0.00M, Peak:0.00M | Scene, ViewLayer | Synchronizing object | R continuous fore-hind wing
Fra:16 Mem:9.75M (Peak 9.75M) | Time:00:00.00 | Mem:0.00M, Peak:0.00M | Scene, ViewLayer | Synchronizing object | Antenna.001
Fra:16 Mem:9.75M (Peak 9.75M) | Time:00:00.00 | Mem:0.00M, Peak:0.00M | Scene, ViewLayer | Initializing
Fra:16 Mem:9.04M (Peak 9.75M) | Time:00:00.00 | Mem:0.00M, Peak:0.00M | Scene, ViewLayer | Waiting for render to start
Fra:16 Mem:9.04M (Peak 9.75M) | Time:00:00.00 | Mem:0.00M, Peak:0.00M | Scene, ViewLayer | Updating Scene
Fra:16 Mem:9.04M (Peak 9.75M) | Time:00:00.00 | Mem:0.00M, Peak:0.00M | Scene, ViewLayer | Updating Shaders
Fra:16 Mem:9.04M (Peak 9.75M) | Time:00:00.00 | Mem:0.00M, Peak:0.00M | Scene, ViewLayer | Loading render kernels (may take a few minutes the first time)
Fra:16 Mem:9.13M (Peak 9.75M) | Time:00:00.00 | Mem:0.00M, Peak:0.00M | Scene, ViewLayer | Updating Procedurals
Fra:16 Mem:9.13M (Peak 9.75M) | Time:00:00.00 | Mem:0.00M, Peak:0.00M | Scene, ViewLayer | Updating Background
Fra:16 Mem:9.13M (Peak 9.75M) | Time:00:00.00 | Mem:0.00M, Peak:0.00M | Scene, ViewLayer | Updating Camera
Fra:16 Mem:9.13M (Peak 9.75M) | Time:00:00.00 | Mem:0.00M, Peak:0.00M | Scene, ViewLayer | Updating Meshes Flags
Fra:16 Mem:9.13M (Peak 9.75M) | Time:00:00.00 | Mem:0.00M, Peak:0.00M | Scene, ViewLayer | Updating Objects
Fra:16 Mem:9.13M (Peak 9.75M) | Time:00:00.00 | Mem:0.00M, Peak:0.00M | Scene, ViewLayer | Updating Objects | Copying Transformations to device
Fra:16 Mem:9.13M (Peak 9.75M) | Time:00:00.00 | Mem:0.01M, Peak:0.01M | Scene, ViewLayer | Updating Particle Systems
Fra:16 Mem:9.13M (Peak 9.75M) | Time:00:00.00 | Mem:0.01M, Peak:0.01M | Scene, ViewLayer | Updating Particle Systems | Copying Particles to device
Fra:16 Mem:9.13M (Peak 9.75M) | Time:00:00.00 | Mem:0.01M, Peak:0.01M | Scene, ViewLayer | Updating Meshes
Fra:16 Mem:9.13M (Peak 9.75M) | Time:00:00.00 | Mem:0.01M, Peak:0.01M | Scene, ViewLayer | Updating Objects | Applying Static Transformations
Fra:16 Mem:9.13M (Peak 9.75M) | Time:00:00.00 | Mem:0.01M, Peak:0.01M | Scene, ViewLayer | Updating Mesh | Computing attributes
Fra:16 Mem:9.13M (Peak 9.75M) | Time:00:00.00 | Mem:0.01M, Peak:0.01M | Scene, ViewLayer | Updating Mesh | Copying Attributes to device
Fra:16 Mem:9.13M (Peak 9.75M) | Time:00:00.00 | Mem:0.01M, Peak:0.01M | Scene, ViewLayer | Updating Scene BVH | Building
Fra:16 Mem:9.13M (Peak 9.75M) | Time:00:00.00 | Mem:0.01M, Peak:0.01M | Scene, ViewLayer | Updating Scene BVH | Building BVH
Fra:16 Mem:9.13M (Peak 9.75M) | Time:00:00.00 | Mem:0.02M, Peak:0.03M | Scene, ViewLayer | Updating Scene BVH | Copying BVH to device
Fra:16 Mem:9.13M (Peak 9.75M) | Time:00:00.00 | Mem:0.02M, Peak:0.03M | Scene, ViewLayer | Updating Mesh | Computing normals
Fra:16 Mem:9.14M (Peak 9.75M) | Time:00:00.00 | Mem:0.02M, Peak:0.03M | Scene, ViewLayer | Updating Mesh | Copying Mesh to device
Fra:16 Mem:9.14M (Peak 9.75M) | Time:00:00.00 | Mem:0.03M, Peak:0.03M | Scene, ViewLayer | Updating Objects Flags
Fra:16 Mem:9.14M (Peak 9.75M) | Time:00:00.00 | Mem:0.03M, Peak:0.03M | Scene, ViewLayer | Updating Primitive Offsets
Fra:16 Mem:9.14M (Peak 9.75M) | Time:00:00.00 | Mem:0.03M, Peak:0.03M | Scene, ViewLayer | Updating Images
Fra:16 Mem:9.14M (Peak 9.75M) | Time:00:00.00 | Mem:0.03M, Peak:0.03M | Scene, ViewLayer | Updating Camera Volume
Fra:16 Mem:9.14M (Peak 9.75M) | Time:00:00.00 | Mem:0.03M, Peak:0.03M | Scene, ViewLayer | Updating Lookup Tables
Fra:16 Mem:9.14M (Peak 9.75M) | Time:00:00.00 | Mem:0.11M, Peak:0.11M | Scene, ViewLayer | Updating Lights
Fra:16 Mem:9.14M (Peak 9.75M) | Time:00:00.00 | Mem:0.11M, Peak:0.11M | Scene, ViewLayer | Updating Lights | Computing tree
Fra:16 Mem:9.14M (Peak 9.75M) | Time:00:00.00 | Mem:0.12M, Peak:0.12M | Scene, ViewLayer | Updating Integrator
Fra:16 Mem:9.14M (Peak 9.75M) | Time:00:00.00 | Mem:0.12M, Peak:0.12M | Scene, ViewLayer | Updating Film
Fra:16 Mem:9.15M (Peak 9.75M) | Time:00:00.00 | Mem:0.04M, Peak:0.12M | Scene, ViewLayer | Updating Lookup Tables
Fra:16 Mem:9.15M (Peak 9.75M) | Time:00:00.00 | Mem:0.12M, Peak:0.12M | Scene, ViewLayer | Updating Baking
Fra:16 Mem:9.15M (Peak 9.75M) | Time:00:00.00 | Mem:0.12M, Peak:0.12M | Scene, ViewLayer | Updating Device | Writing constant memory
Fra:16 Mem:9.15M (Peak 9.75M) | Time:00:00.00 | Mem:0.12M, Peak:0.12M | Scene, ViewLayer | Sample 0/1
Fra:16 Mem:9.24M (Peak 9.75M) | Time:00:00.00 | Mem:0.16M, Peak:0.16M | Scene, ViewLayer | Sample 1/1
Fra:16 Mem:9.24M (Peak 9.75M) | Time:00:00.00 | Mem:0.16M, Peak:0.16M | Scene, ViewLayer | Finished
Saved: '/home/terence/Documents/Codex/2026-09-06/realtime-voice-chat-3/outputs/butterfly-method-comparison/blender-v2/raw/native32/view135_frame03.png'
Time: 00:00.00 (Saving: 00:00.00)

Fra:16 Mem:9.67M (Peak 9.67M) | Time:00:00.00 | Mem:0.00M, Peak:0.00M | Scene, ViewLayer | Synchronizing object | Thorax
Fra:16 Mem:9.67M (Peak 9.67M) | Time:00:00.00 | Mem:0.00M, Peak:0.00M | Scene, ViewLayer | Synchronizing object | Antenna.001
Fra:16 Mem:9.67M (Peak 9.67M) | Time:00:00.00 | Mem:0.00M, Peak:0.00M | Scene, ViewLayer | Synchronizing object | Abdomen
Fra:16 Mem:9.67M (Peak 9.67M) | Time:00:00.00 | Mem:0.00M, Peak:0.00M | Scene, ViewLayer | Synchronizing object | Antenna
Fra:16 Mem:9.68M (Peak 9.68M) | Time:00:00.00 | Mem:0.00M, Peak:0.00M | Scene, ViewLayer | Initializing
Fra:16 Mem:9.03M (Peak 9.68M) | Time:00:00.00 | Mem:0.00M, Peak:0.00M | Scene, ViewLayer | Waiting for render to start
Fra:16 Mem:9.03M (Peak 9.68M) | Time:00:00.00 | Mem:0.00M, Peak:0.00M | Scene, ViewLayer | Updating Scene
Fra:16 Mem:9.03M (Peak 9.68M) | Time:00:00.00 | Mem:0.00M, Peak:0.00M | Scene, ViewLayer | Updating Shaders
Fra:16 Mem:9.03M (Peak 9.68M) | Time:00:00.00 | Mem:0.00M, Peak:0.00M | Scene, ViewLayer | Loading render kernels (may take a few minutes the first time)
Fra:16 Mem:9.12M (Peak 9.68M) | Time:00:00.00 | Mem:0.00M, Peak:0.00M | Scene, ViewLayer | Updating Procedurals
Fra:16 Mem:9.12M (Peak 9.68M) | Time:00:00.00 | Mem:0.00M, Peak:0.00M | Scene, ViewLayer | Updating Background
Fra:16 Mem:9.12M (Peak 9.68M) | Time:00:00.00 | Mem:0.00M, Peak:0.00M | Scene, ViewLayer | Updating Camera
Fra:16 Mem:9.12M (Peak 9.68M) | Time:00:00.00 | Mem:0.00M, Peak:0.00M | Scene, ViewLayer | Updating Meshes Flags
Fra:16 Mem:9.12M (Peak 9.68M) | Time:00:00.00 | Mem:0.00M, Peak:0.00M | Scene, ViewLayer | Updating Objects
Fra:16 Mem:9.12M (Peak 9.68M) | Time:00:00.00 | Mem:0.00M, Peak:0.00M | Scene, ViewLayer | Updating Objects | Copying Transformations to device
Fra:16 Mem:9.12M (Peak 9.68M) | Time:00:00.00 | Mem:0.00M, Peak:0.00M | Scene, ViewLayer | Updating Particle Systems
Fra:16 Mem:9.12M (Peak 9.68M) | Time:00:00.00 | Mem:0.00M, Peak:0.00M | Scene, ViewLayer | Updating Particle Systems | Copying Particles to device
Fra:16 Mem:9.12M (Peak 9.68M) | Time:00:00.00 | Mem:0.00M, Peak:0.00M | Scene, ViewLayer | Updating Meshes
Fra:16 Mem:9.12M (Peak 9.68M) | Time:00:00.00 | Mem:0.00M, Peak:0.00M | Scene, ViewLayer | Updating Objects | Applying Static Transformations
Fra:16 Mem:9.12M (Peak 9.68M) | Time:00:00.00 | Mem:0.00M, Peak:0.00M | Scene, ViewLayer | Updating Mesh | Computing attributes
Fra:16 Mem:9.12M (Peak 9.68M) | Time:00:00.00 | Mem:0.01M, Peak:0.01M | Scene, ViewLayer | Updating Mesh | Copying Attributes to device
Fra:16 Mem:9.12M (Peak 9.68M) | Time:00:00.00 | Mem:0.01M, Peak:0.01M | Scene, ViewLayer | Updating Scene BVH | Building
Fra:16 Mem:9.12M (Peak 9.68M) | Time:00:00.00 | Mem:0.01M, Peak:0.01M | Scene, ViewLayer | Updating Scene BVH | Building BVH
Fra:16 Mem:9.12M (Peak 9.68M) | Time:00:00.00 | Mem:0.01M, Peak:0.01M | Scene, ViewLayer | Updating Scene BVH | Copying BVH to device
Fra:16 Mem:9.12M (Peak 9.68M) | Time:00:00.00 | Mem:0.01M, Peak:0.01M | Scene, ViewLayer | Updating Mesh | Computing normals
Fra:16 Mem:9.12M (Peak 9.68M) | Time:00:00.00 | Mem:0.01M, Peak:0.01M | Scene, ViewLayer | Updating Mesh | Copying Mesh to device
Fra:16 Mem:9.12M (Peak 9.68M) | Time:00:00.00 | Mem:0.01M, Peak:0.01M | Scene, ViewLayer | Updating Objects Flags
Fra:16 Mem:9.12M (Peak 9.68M) | Time:00:00.00 | Mem:0.01M, Peak:0.01M | Scene, ViewLayer | Updating Primitive Offsets
Fra:16 Mem:9.12M (Peak 9.68M) | Time:00:00.00 | Mem:0.01M, Peak:0.01M | Scene, ViewLayer | Updating Images
Fra:16 Mem:9.12M (Peak 9.68M) | Time:00:00.00 | Mem:0.01M, Peak:0.01M | Scene, ViewLayer | Updating Camera Volume
Fra:16 Mem:9.12M (Peak 9.68M) | Time:00:00.00 | Mem:0.01M, Peak:0.01M | Scene, ViewLayer | Updating Lookup Tables
Fra:16 Mem:9.12M (Peak 9.68M) | Time:00:00.00 | Mem:0.09M, Peak:0.09M | Scene, ViewLayer | Updating Lights
Fra:16 Mem:9.12M (Peak 9.68M) | Time:00:00.00 | Mem:0.09M, Peak:0.09M | Scene, ViewLayer | Updating Lights | Computing tree
Fra:16 Mem:9.12M (Peak 9.68M) | Time:00:00.00 | Mem:0.09M, Peak:0.09M | Scene, ViewLayer | Updating Integrator
Fra:16 Mem:9.12M (Peak 9.68M) | Time:00:00.00 | Mem:0.09M, Peak:0.09M | Scene, ViewLayer | Updating Film
Fra:16 Mem:9.13M (Peak 9.68M) | Time:00:00.00 | Mem:0.01M, Peak:0.09M | Scene, ViewLayer | Updating Lookup Tables
Fra:16 Mem:9.13M (Peak 9.68M) | Time:00:00.00 | Mem:0.10M, Peak:0.10M | Scene, ViewLayer | Updating Baking
Fra:16 Mem:9.13M (Peak 9.68M) | Time:00:00.00 | Mem:0.10M, Peak:0.10M | Scene, ViewLayer | Updating Device | Writing constant memory
Fra:16 Mem:9.13M (Peak 9.68M) | Time:00:00.00 | Mem:0.10M, Peak:0.10M | Scene, ViewLayer | Sample 0/1
Fra:16 Mem:9.18M (Peak 9.68M) | Time:00:00.00 | Mem:0.11M, Peak:0.11M | Scene, ViewLayer | Sample 1/1
Fra:16 Mem:9.18M (Peak 9.68M) | Time:00:00.00 | Mem:0.11M, Peak:0.11M | Scene, ViewLayer | Finished
Saved: '/home/terence/Documents/Codex/2026-09-06/realtime-voice-chat-3/outputs/butterfly-method-comparison/blender-v2/raw/body-only/view135_frame03.png'
Time: 00:00.00 (Saving: 00:00.00)

Fra:16 Mem:9.71M (Peak 9.71M) | Time:00:00.00 | Mem:0.00M, Peak:0.00M | Scene, ViewLayer | Synchronizing object | Thorax
Fra:16 Mem:9.71M (Peak 9.71M) | Time:00:00.00 | Mem:0.00M, Peak:0.00M | Scene, ViewLayer | Synchronizing object | L continuous fore-hind wing
Fra:16 Mem:9.71M (Peak 9.71M) | Time:00:00.00 | Mem:0.00M, Peak:0.00M | Scene, ViewLayer | Synchronizing object | Abdomen tip
Fra:16 Mem:9.71M (Peak 9.71M) | Time:00:00.00 | Mem:0.00M, Peak:0.00M | Scene, ViewLayer | Synchronizing object | Antenna.001
Fra:16 Mem:9.72M (Peak 9.72M) | Time:00:00.00 | Mem:0.00M, Peak:0.00M | Scene, ViewLayer | Initializing
Fra:16 Mem:9.03M (Peak 9.72M) | Time:00:00.00 | Mem:0.00M, Peak:0.00M | Scene, ViewLayer | Waiting for render to start
Fra:16 Mem:9.03M (Peak 9.72M) | Time:00:00.00 | Mem:0.00M, Peak:0.00M | Scene, ViewLayer | Updating Scene
Fra:16 Mem:9.03M (Peak 9.72M) | Time:00:00.00 | Mem:0.00M, Peak:0.00M | Scene, ViewLayer | Updating Shaders
Fra:16 Mem:9.03M (Peak 9.72M) | Time:00:00.00 | Mem:0.00M, Peak:0.00M | Scene, ViewLayer | Loading render kernels (may take a few minutes the first time)
Fra:16 Mem:9.11M (Peak 9.72M) | Time:00:00.00 | Mem:0.00M, Peak:0.00M | Scene, ViewLayer | Updating Procedurals
Fra:16 Mem:9.11M (Peak 9.72M) | Time:00:00.00 | Mem:0.00M, Peak:0.00M | Scene, ViewLayer | Updating Background
Fra:16 Mem:9.11M (Peak 9.72M) | Time:00:00.00 | Mem:0.00M, Peak:0.00M | Scene, ViewLayer | Updating Camera
Fra:16 Mem:9.11M (Peak 9.72M) | Time:00:00.00 | Mem:0.00M, Peak:0.00M | Scene, ViewLayer | Updating Meshes Flags
Fra:16 Mem:9.11M (Peak 9.72M) | Time:00:00.00 | Mem:0.00M, Peak:0.00M | Scene, ViewLayer | Updating Objects
Fra:16 Mem:9.11M (Peak 9.72M) | Time:00:00.00 | Mem:0.00M, Peak:0.00M | Scene, ViewLayer | Updating Objects | Copying Transformations to device
Fra:16 Mem:9.11M (Peak 9.72M) | Time:00:00.00 | Mem:0.01M, Peak:0.01M | Scene, ViewLayer | Updating Particle Systems
Fra:16 Mem:9.11M (Peak 9.72M) | Time:00:00.00 | Mem:0.01M, Peak:0.01M | Scene, ViewLayer | Updating Particle Systems | Copying Particles to device
Fra:16 Mem:9.11M (Peak 9.72M) | Time:00:00.00 | Mem:0.01M, Peak:0.01M | Scene, ViewLayer | Updating Meshes
Fra:16 Mem:9.11M (Peak 9.72M) | Time:00:00.00 | Mem:0.01M, Peak:0.01M | Scene, ViewLayer | Updating Objects | Applying Static Transformations
Fra:16 Mem:9.11M (Peak 9.72M) | Time:00:00.00 | Mem:0.01M, Peak:0.01M | Scene, ViewLayer | Updating Mesh | Computing attributes
Fra:16 Mem:9.12M (Peak 9.72M) | Time:00:00.00 | Mem:0.01M, Peak:0.01M | Scene, ViewLayer | Updating Mesh | Copying Attributes to device
Fra:16 Mem:9.12M (Peak 9.72M) | Time:00:00.00 | Mem:0.01M, Peak:0.01M | Scene, ViewLayer | Updating Scene BVH | Building
Fra:16 Mem:9.12M (Peak 9.72M) | Time:00:00.00 | Mem:0.01M, Peak:0.01M | Scene, ViewLayer | Updating Scene BVH | Building BVH
Fra:16 Mem:9.12M (Peak 9.72M) | Time:00:00.00 | Mem:0.02M, Peak:0.03M | Scene, ViewLayer | Updating Scene BVH | Copying BVH to device
Fra:16 Mem:9.12M (Peak 9.72M) | Time:00:00.00 | Mem:0.02M, Peak:0.03M | Scene, ViewLayer | Updating Mesh | Computing normals
Fra:16 Mem:9.12M (Peak 9.72M) | Time:00:00.00 | Mem:0.02M, Peak:0.03M | Scene, ViewLayer | Updating Mesh | Copying Mesh to device
Fra:16 Mem:9.12M (Peak 9.72M) | Time:00:00.00 | Mem:0.03M, Peak:0.03M | Scene, ViewLayer | Updating Objects Flags
Fra:16 Mem:9.12M (Peak 9.72M) | Time:00:00.00 | Mem:0.03M, Peak:0.03M | Scene, ViewLayer | Updating Primitive Offsets
Fra:16 Mem:9.12M (Peak 9.72M) | Time:00:00.00 | Mem:0.03M, Peak:0.03M | Scene, ViewLayer | Updating Images
Fra:16 Mem:9.12M (Peak 9.72M) | Time:00:00.00 | Mem:0.03M, Peak:0.03M | Scene, ViewLayer | Updating Camera Volume
Fra:16 Mem:9.12M (Peak 9.72M) | Time:00:00.00 | Mem:0.03M, Peak:0.03M | Scene, ViewLayer | Updating Lookup Tables
Fra:16 Mem:9.12M (Peak 9.72M) | Time:00:00.00 | Mem:0.11M, Peak:0.11M | Scene, ViewLayer | Updating Lights
Fra:16 Mem:9.12M (Peak 9.72M) | Time:00:00.00 | Mem:0.11M, Peak:0.11M | Scene, ViewLayer | Updating Lights | Computing tree
Fra:16 Mem:9.13M (Peak 9.72M) | Time:00:00.00 | Mem:0.12M, Peak:0.12M | Scene, ViewLayer | Updating Integrator
Fra:16 Mem:9.13M (Peak 9.72M) | Time:00:00.00 | Mem:0.12M, Peak:0.12M | Scene, ViewLayer | Updating Film
Fra:16 Mem:9.13M (Peak 9.72M) | Time:00:00.00 | Mem:0.04M, Peak:0.12M | Scene, ViewLayer | Updating Lookup Tables
Fra:16 Mem:9.13M (Peak 9.72M) | Time:00:00.00 | Mem:0.12M, Peak:0.12M | Scene, ViewLayer | Updating Baking
Fra:16 Mem:9.13M (Peak 9.72M) | Time:00:00.00 | Mem:0.12M, Peak:0.12M | Scene, ViewLayer | Updating Device | Writing constant memory
Fra:16 Mem:9.14M (Peak 9.72M) | Time:00:00.00 | Mem:0.12M, Peak:0.12M | Scene, ViewLayer | Sample 0/1
Fra:16 Mem:9.19M (Peak 9.72M) | Time:00:00.00 | Mem:0.13M, Peak:0.13M | Scene, ViewLayer | Sample 1/1
Fra:16 Mem:9.19M (Peak 9.72M) | Time:00:00.00 | Mem:0.13M, Peak:0.13M | Scene, ViewLayer | Finished
Saved: '/home/terence/Documents/Codex/2026-09-06/realtime-voice-chat-3/outputs/butterfly-method-comparison/blender-v2/raw/no-abdomen-lag/view135_frame03.png'
Time: 00:00.00 (Saving: 00:00.00)

Fra:16 Mem:9.69M (Peak 9.69M) | Time:00:00.00 | Mem:0.00M, Peak:0.00M | Scene, ViewLayer | Synchronizing object | Thorax
Fra:16 Mem:9.69M (Peak 9.69M) | Time:00:00.00 | Mem:0.00M, Peak:0.00M | Scene, ViewLayer | Synchronizing object | Head
Fra:16 Mem:9.69M (Peak 9.69M) | Time:00:00.00 | Mem:0.00M, Peak:0.00M | Scene, ViewLayer | Synchronizing object | L continuous fore-hind wing
Fra:16 Mem:9.69M (Peak 9.69M) | Time:00:00.00 | Mem:0.00M, Peak:0.00M | Scene, ViewLayer | Synchronizing object | Abdomen tip
Fra:16 Mem:9.70M (Peak 9.70M) | Time:00:00.00 | Mem:0.00M, Peak:0.00M | Scene, ViewLayer | Synchronizing object | R continuous fore-hind wing
Fra:16 Mem:9.70M (Peak 9.70M) | Time:00:00.00 | Mem:0.00M, Peak:0.00M | Scene, ViewLayer | Synchronizing object | Antenna.001
Fra:16 Mem:9.70M (Peak 9.70M) | Time:00:00.00 | Mem:0.00M, Peak:0.00M | Scene, ViewLayer | Initializing
Fra:16 Mem:9.02M (Peak 9.70M) | Time:00:00.00 | Mem:0.00M, Peak:0.00M | Scene, ViewLayer | Waiting for render to start
Fra:16 Mem:9.02M (Peak 9.70M) | Time:00:00.00 | Mem:0.00M, Peak:0.00M | Scene, ViewLayer | Updating Scene
Fra:16 Mem:9.02M (Peak 9.70M) | Time:00:00.00 | Mem:0.00M, Peak:0.00M | Scene, ViewLayer | Updating Shaders
Fra:16 Mem:9.02M (Peak 9.70M) | Time:00:00.00 | Mem:0.00M, Peak:0.00M | Scene, ViewLayer | Loading render kernels (may take a few minutes the first time)
Fra:16 Mem:9.10M (Peak 9.70M) | Time:00:00.00 | Mem:0.00M, Peak:0.00M | Scene, ViewLayer | Updating Procedurals
Fra:16 Mem:9.10M (Peak 9.70M) | Time:00:00.00 | Mem:0.00M, Peak:0.00M | Scene, ViewLayer | Updating Background
Fra:16 Mem:9.10M (Peak 9.70M) | Time:00:00.00 | Mem:0.00M, Peak:0.00M | Scene, ViewLayer | Updating Camera
Fra:16 Mem:9.10M (Peak 9.70M) | Time:00:00.00 | Mem:0.00M, Peak:0.00M | Scene, ViewLayer | Updating Meshes Flags
Fra:16 Mem:9.10M (Peak 9.70M) | Time:00:00.00 | Mem:0.00M, Peak:0.00M | Scene, ViewLayer | Updating Objects
Fra:16 Mem:9.10M (Peak 9.70M) | Time:00:00.00 | Mem:0.00M, Peak:0.00M | Scene, ViewLayer | Updating Objects | Copying Transformations to device
Fra:16 Mem:9.10M (Peak 9.70M) | Time:00:00.00 | Mem:0.01M, Peak:0.01M | Scene, ViewLayer | Updating Particle Systems
Fra:16 Mem:9.10M (Peak 9.70M) | Time:00:00.00 | Mem:0.01M, Peak:0.01M | Scene, ViewLayer | Updating Particle Systems | Copying Particles to device
Fra:16 Mem:9.10M (Peak 9.70M) | Time:00:00.00 | Mem:0.01M, Peak:0.01M | Scene, ViewLayer | Updating Meshes
Fra:16 Mem:9.10M (Peak 9.70M) | Time:00:00.00 | Mem:0.01M, Peak:0.01M | Scene, ViewLayer | Updating Objects | Applying Static Transformations
Fra:16 Mem:9.10M (Peak 9.70M) | Time:00:00.00 | Mem:0.01M, Peak:0.01M | Scene, ViewLayer | Updating Mesh | Computing attributes
Fra:16 Mem:9.11M (Peak 9.70M) | Time:00:00.00 | Mem:0.01M, Peak:0.01M | Scene, ViewLayer | Updating Mesh | Copying Attributes to device
Fra:16 Mem:9.11M (Peak 9.70M) | Time:00:00.00 | Mem:0.01M, Peak:0.01M | Scene, ViewLayer | Updating Scene BVH | Building
Fra:16 Mem:9.11M (Peak 9.70M) | Time:00:00.00 | Mem:0.01M, Peak:0.01M | Scene, ViewLayer | Updating Scene BVH | Building BVH
Fra:16 Mem:9.11M (Peak 9.70M) | Time:00:00.00 | Mem:0.02M, Peak:0.03M | Scene, ViewLayer | Updating Scene BVH | Copying BVH to device
Fra:16 Mem:9.11M (Peak 9.70M) | Time:00:00.00 | Mem:0.02M, Peak:0.03M | Scene, ViewLayer | Updating Mesh | Computing normals
Fra:16 Mem:9.11M (Peak 9.70M) | Time:00:00.00 | Mem:0.02M, Peak:0.03M | Scene, ViewLayer | Updating Mesh | Copying Mesh to device
Fra:16 Mem:9.11M (Peak 9.70M) | Time:00:00.00 | Mem:0.03M, Peak:0.03M | Scene, ViewLayer | Updating Objects Flags
Fra:16 Mem:9.11M (Peak 9.70M) | Time:00:00.00 | Mem:0.03M, Peak:0.03M | Scene, ViewLayer | Updating Primitive Offsets
Fra:16 Mem:9.11M (Peak 9.70M) | Time:00:00.00 | Mem:0.03M, Peak:0.03M | Scene, ViewLayer | Updating Images
Fra:16 Mem:9.11M (Peak 9.70M) | Time:00:00.00 | Mem:0.03M, Peak:0.03M | Scene, ViewLayer | Updating Camera Volume
Fra:16 Mem:9.11M (Peak 9.70M) | Time:00:00.00 | Mem:0.03M, Peak:0.03M | Scene, ViewLayer | Updating Lookup Tables
Fra:16 Mem:9.11M (Peak 9.70M) | Time:00:00.00 | Mem:0.11M, Peak:0.11M | Scene, ViewLayer | Updating Lights
Fra:16 Mem:9.11M (Peak 9.70M) | Time:00:00.00 | Mem:0.11M, Peak:0.11M | Scene, ViewLayer | Updating Lights | Computing tree
Fra:16 Mem:9.12M (Peak 9.70M) | Time:00:00.00 | Mem:0.12M, Peak:0.12M | Scene, ViewLayer | Updating Integrator
Fra:16 Mem:9.12M (Peak 9.70M) | Time:00:00.00 | Mem:0.12M, Peak:0.12M | Scene, ViewLayer | Updating Film
Fra:16 Mem:9.13M (Peak 9.70M) | Time:00:00.00 | Mem:0.04M, Peak:0.12M | Scene, ViewLayer | Updating Lookup Tables
Fra:16 Mem:9.13M (Peak 9.70M) | Time:00:00.00 | Mem:0.13M, Peak:0.13M | Scene, ViewLayer | Updating Baking
Fra:16 Mem:9.13M (Peak 9.70M) | Time:00:00.00 | Mem:0.13M, Peak:0.13M | Scene, ViewLayer | Updating Device | Writing constant memory
Fra:16 Mem:9.13M (Peak 9.70M) | Time:00:00.00 | Mem:0.13M, Peak:0.13M | Scene, ViewLayer | Sample 0/1
Fra:16 Mem:9.18M (Peak 9.70M) | Time:00:00.00 | Mem:0.13M, Peak:0.13M | Scene, ViewLayer | Sample 1/1
Fra:16 Mem:9.18M (Peak 9.70M) | Time:00:00.00 | Mem:0.13M, Peak:0.13M | Scene, ViewLayer | Finished
Saved: '/home/terence/Documents/Codex/2026-09-06/realtime-voice-chat-3/outputs/butterfly-method-comparison/blender-v2/raw/wing-only/view135_frame03.png'
Time: 00:00.00 (Saving: 00:00.00)

Fra:21 Mem:9.74M (Peak 9.74M) | Time:00:00.00 | Mem:0.00M, Peak:0.00M | Scene, ViewLayer | Synchronizing object | Thorax
Fra:21 Mem:9.74M (Peak 9.74M) | Time:00:00.00 | Mem:0.00M, Peak:0.00M | Scene, ViewLayer | Synchronizing object | Abdomen
Fra:21 Mem:9.74M (Peak 9.74M) | Time:00:00.00 | Mem:0.00M, Peak:0.00M | Scene, ViewLayer | Synchronizing object | L continuous fore-hind wing
Fra:21 Mem:9.74M (Peak 9.74M) | Time:00:00.00 | Mem:0.00M, Peak:0.00M | Scene, ViewLayer | Synchronizing object | Antenna
Fra:21 Mem:9.74M (Peak 9.74M) | Time:00:00.00 | Mem:0.00M, Peak:0.00M | Scene, ViewLayer | Synchronizing object | Antenna.001
Fra:21 Mem:9.74M (Peak 9.74M) | Time:00:00.00 | Mem:0.00M, Peak:0.00M | Scene, ViewLayer | Synchronizing object | R continuous fore-hind wing
Fra:21 Mem:9.75M (Peak 9.75M) | Time:00:00.00 | Mem:0.00M, Peak:0.00M | Scene, ViewLayer | Initializing
Fra:21 Mem:9.04M (Peak 9.75M) | Time:00:00.00 | Mem:0.00M, Peak:0.00M | Scene, ViewLayer | Waiting for render to start
Fra:21 Mem:9.04M (Peak 9.75M) | Time:00:00.00 | Mem:0.00M, Peak:0.00M | Scene, ViewLayer | Updating Scene
Fra:21 Mem:9.04M (Peak 9.75M) | Time:00:00.00 | Mem:0.00M, Peak:0.00M | Scene, ViewLayer | Updating Shaders
Fra:21 Mem:9.04M (Peak 9.75M) | Time:00:00.00 | Mem:0.00M, Peak:0.00M | Scene, ViewLayer | Loading render kernels (may take a few minutes the first time)
Fra:21 Mem:9.13M (Peak 9.75M) | Time:00:00.00 | Mem:0.00M, Peak:0.00M | Scene, ViewLayer | Updating Procedurals
Fra:21 Mem:9.13M (Peak 9.75M) | Time:00:00.00 | Mem:0.00M, Peak:0.00M | Scene, ViewLayer | Updating Background
Fra:21 Mem:9.13M (Peak 9.75M) | Time:00:00.00 | Mem:0.00M, Peak:0.00M | Scene, ViewLayer | Updating Camera
Fra:21 Mem:9.13M (Peak 9.75M) | Time:00:00.00 | Mem:0.00M, Peak:0.00M | Scene, ViewLayer | Updating Meshes Flags
Fra:21 Mem:9.13M (Peak 9.75M) | Time:00:00.00 | Mem:0.00M, Peak:0.00M | Scene, ViewLayer | Updating Objects
Fra:21 Mem:9.13M (Peak 9.75M) | Time:00:00.00 | Mem:0.00M, Peak:0.00M | Scene, ViewLayer | Updating Objects | Copying Transformations to device
Fra:21 Mem:9.13M (Peak 9.75M) | Time:00:00.00 | Mem:0.01M, Peak:0.01M | Scene, ViewLayer | Updating Particle Systems
Fra:21 Mem:9.13M (Peak 9.75M) | Time:00:00.00 | Mem:0.01M, Peak:0.01M | Scene, ViewLayer | Updating Particle Systems | Copying Particles to device
Fra:21 Mem:9.13M (Peak 9.75M) | Time:00:00.00 | Mem:0.01M, Peak:0.01M | Scene, ViewLayer | Updating Meshes
Fra:21 Mem:9.13M (Peak 9.75M) | Time:00:00.00 | Mem:0.01M, Peak:0.01M | Scene, ViewLayer | Updating Objects | Applying Static Transformations
Fra:21 Mem:9.13M (Peak 9.75M) | Time:00:00.00 | Mem:0.01M, Peak:0.01M | Scene, ViewLayer | Updating Mesh | Computing attributes
Fra:21 Mem:9.13M (Peak 9.75M) | Time:00:00.00 | Mem:0.01M, Peak:0.01M | Scene, ViewLayer | Updating Mesh | Copying Attributes to device
Fra:21 Mem:9.13M (Peak 9.75M) | Time:00:00.00 | Mem:0.01M, Peak:0.01M | Scene, ViewLayer | Updating Scene BVH | Building
Fra:21 Mem:9.13M (Peak 9.75M) | Time:00:00.00 | Mem:0.01M, Peak:0.01M | Scene, ViewLayer | Updating Scene BVH | Building BVH
Fra:21 Mem:9.13M (Peak 9.75M) | Time:00:00.00 | Mem:0.02M, Peak:0.03M | Scene, ViewLayer | Updating Scene BVH | Copying BVH to device
Fra:21 Mem:9.13M (Peak 9.75M) | Time:00:00.00 | Mem:0.02M, Peak:0.03M | Scene, ViewLayer | Updating Mesh | Computing normals
Fra:21 Mem:9.14M (Peak 9.75M) | Time:00:00.00 | Mem:0.02M, Peak:0.03M | Scene, ViewLayer | Updating Mesh | Copying Mesh to device
Fra:21 Mem:9.14M (Peak 9.75M) | Time:00:00.00 | Mem:0.03M, Peak:0.03M | Scene, ViewLayer | Updating Objects Flags
Fra:21 Mem:9.14M (Peak 9.75M) | Time:00:00.00 | Mem:0.03M, Peak:0.03M | Scene, ViewLayer | Updating Primitive Offsets
Fra:21 Mem:9.14M (Peak 9.75M) | Time:00:00.00 | Mem:0.03M, Peak:0.03M | Scene, ViewLayer | Updating Images
Fra:21 Mem:9.14M (Peak 9.75M) | Time:00:00.00 | Mem:0.03M, Peak:0.03M | Scene, ViewLayer | Updating Camera Volume
Fra:21 Mem:9.14M (Peak 9.75M) | Time:00:00.00 | Mem:0.03M, Peak:0.03M | Scene, ViewLayer | Updating Lookup Tables
Fra:21 Mem:9.14M (Peak 9.75M) | Time:00:00.00 | Mem:0.11M, Peak:0.11M | Scene, ViewLayer | Updating Lights
Fra:21 Mem:9.14M (Peak 9.75M) | Time:00:00.00 | Mem:0.11M, Peak:0.11M | Scene, ViewLayer | Updating Lights | Computing tree
Fra:21 Mem:9.14M (Peak 9.75M) | Time:00:00.00 | Mem:0.12M, Peak:0.12M | Scene, ViewLayer | Updating Integrator
Fra:21 Mem:9.14M (Peak 9.75M) | Time:00:00.00 | Mem:0.12M, Peak:0.12M | Scene, ViewLayer | Updating Film
Fra:21 Mem:9.15M (Peak 9.75M) | Time:00:00.00 | Mem:0.04M, Peak:0.12M | Scene, ViewLayer | Updating Lookup Tables
Fra:21 Mem:9.15M (Peak 9.75M) | Time:00:00.00 | Mem:0.12M, Peak:0.12M | Scene, ViewLayer | Updating Baking
Fra:21 Mem:9.15M (Peak 9.75M) | Time:00:00.00 | Mem:0.12M, Peak:0.12M | Scene, ViewLayer | Updating Device | Writing constant memory
Fra:21 Mem:9.15M (Peak 9.75M) | Time:00:00.00 | Mem:0.12M, Peak:0.12M | Scene, ViewLayer | Sample 0/8
Fra:21 Mem:9.75M (Peak 9.75M) | Time:00:00.00 | Remaining:00:00.01 | Mem:0.69M, Peak:0.69M | Scene, ViewLayer | Sample 1/8
Fra:21 Mem:10.00M (Peak 10.00M) | Time:00:00.01 | Mem:0.69M, Peak:0.69M | Scene, ViewLayer | Sample 8/8
Fra:21 Mem:10.00M (Peak 10.00M) | Time:00:00.01 | Mem:0.69M, Peak:0.69M | Scene, ViewLayer | Finished
Saved: '/home/terence/Documents/Codex/2026-09-06/realtime-voice-chat-3/outputs/butterfly-method-comparison/blender-v2/raw/view135_frame04.png'
Time: 00:00.01 (Saving: 00:00.00)

Fra:21 Mem:9.74M (Peak 9.74M) | Time:00:00.00 | Mem:0.00M, Peak:0.00M | Scene, ViewLayer | Synchronizing object | Thorax
Fra:21 Mem:9.74M (Peak 9.74M) | Time:00:00.00 | Mem:0.00M, Peak:0.00M | Scene, ViewLayer | Synchronizing object | L continuous fore-hind wing
Fra:21 Mem:9.74M (Peak 9.74M) | Time:00:00.00 | Mem:0.00M, Peak:0.00M | Scene, ViewLayer | Synchronizing object | Antenna
Fra:21 Mem:9.74M (Peak 9.74M) | Time:00:00.00 | Mem:0.00M, Peak:0.00M | Scene, ViewLayer | Synchronizing object | R continuous fore-hind wing
Fra:21 Mem:9.75M (Peak 9.75M) | Time:00:00.00 | Mem:0.00M, Peak:0.00M | Scene, ViewLayer | Initializing
Fra:21 Mem:9.04M (Peak 9.75M) | Time:00:00.00 | Mem:0.00M, Peak:0.00M | Scene, ViewLayer | Waiting for render to start
Fra:21 Mem:9.04M (Peak 9.75M) | Time:00:00.00 | Mem:0.00M, Peak:0.00M | Scene, ViewLayer | Updating Scene
Fra:21 Mem:9.04M (Peak 9.75M) | Time:00:00.00 | Mem:0.00M, Peak:0.00M | Scene, ViewLayer | Updating Shaders
Fra:21 Mem:9.04M (Peak 9.75M) | Time:00:00.00 | Mem:0.00M, Peak:0.00M | Scene, ViewLayer | Loading render kernels (may take a few minutes the first time)
Fra:21 Mem:9.13M (Peak 9.75M) | Time:00:00.00 | Mem:0.00M, Peak:0.00M | Scene, ViewLayer | Updating Procedurals
Fra:21 Mem:9.13M (Peak 9.75M) | Time:00:00.00 | Mem:0.00M, Peak:0.00M | Scene, ViewLayer | Updating Background
Fra:21 Mem:9.13M (Peak 9.75M) | Time:00:00.00 | Mem:0.00M, Peak:0.00M | Scene, ViewLayer | Updating Camera
Fra:21 Mem:9.13M (Peak 9.75M) | Time:00:00.00 | Mem:0.00M, Peak:0.00M | Scene, ViewLayer | Updating Meshes Flags
Fra:21 Mem:9.13M (Peak 9.75M) | Time:00:00.00 | Mem:0.00M, Peak:0.00M | Scene, ViewLayer | Updating Objects
Fra:21 Mem:9.13M (Peak 9.75M) | Time:00:00.00 | Mem:0.00M, Peak:0.00M | Scene, ViewLayer | Updating Objects | Copying Transformations to device
Fra:21 Mem:9.13M (Peak 9.75M) | Time:00:00.00 | Mem:0.01M, Peak:0.01M | Scene, ViewLayer | Updating Particle Systems
Fra:21 Mem:9.13M (Peak 9.75M) | Time:00:00.00 | Mem:0.01M, Peak:0.01M | Scene, ViewLayer | Updating Particle Systems | Copying Particles to device
Fra:21 Mem:9.13M (Peak 9.75M) | Time:00:00.00 | Mem:0.01M, Peak:0.01M | Scene, ViewLayer | Updating Meshes
Fra:21 Mem:9.13M (Peak 9.75M) | Time:00:00.00 | Mem:0.01M, Peak:0.01M | Scene, ViewLayer | Updating Objects | Applying Static Transformations
Fra:21 Mem:9.13M (Peak 9.75M) | Time:00:00.00 | Mem:0.01M, Peak:0.01M | Scene, ViewLayer | Updating Mesh | Computing attributes
Fra:21 Mem:9.13M (Peak 9.75M) | Time:00:00.00 | Mem:0.01M, Peak:0.01M | Scene, ViewLayer | Updating Mesh | Copying Attributes to device
Fra:21 Mem:9.13M (Peak 9.75M) | Time:00:00.00 | Mem:0.01M, Peak:0.01M | Scene, ViewLayer | Updating Scene BVH | Building
Fra:21 Mem:9.13M (Peak 9.75M) | Time:00:00.00 | Mem:0.01M, Peak:0.01M | Scene, ViewLayer | Updating Scene BVH | Building BVH
Fra:21 Mem:9.13M (Peak 9.75M) | Time:00:00.00 | Mem:0.02M, Peak:0.03M | Scene, ViewLayer | Updating Scene BVH | Copying BVH to device
Fra:21 Mem:9.13M (Peak 9.75M) | Time:00:00.00 | Mem:0.02M, Peak:0.03M | Scene, ViewLayer | Updating Mesh | Computing normals
Fra:21 Mem:9.14M (Peak 9.75M) | Time:00:00.00 | Mem:0.02M, Peak:0.03M | Scene, ViewLayer | Updating Mesh | Copying Mesh to device
Fra:21 Mem:9.14M (Peak 9.75M) | Time:00:00.00 | Mem:0.03M, Peak:0.03M | Scene, ViewLayer | Updating Objects Flags
Fra:21 Mem:9.14M (Peak 9.75M) | Time:00:00.00 | Mem:0.03M, Peak:0.03M | Scene, ViewLayer | Updating Primitive Offsets
Fra:21 Mem:9.14M (Peak 9.75M) | Time:00:00.00 | Mem:0.03M, Peak:0.03M | Scene, ViewLayer | Updating Images
Fra:21 Mem:9.14M (Peak 9.75M) | Time:00:00.00 | Mem:0.03M, Peak:0.03M | Scene, ViewLayer | Updating Camera Volume
Fra:21 Mem:9.14M (Peak 9.75M) | Time:00:00.00 | Mem:0.03M, Peak:0.03M | Scene, ViewLayer | Updating Lookup Tables
Fra:21 Mem:9.14M (Peak 9.75M) | Time:00:00.00 | Mem:0.11M, Peak:0.11M | Scene, ViewLayer | Updating Lights
Fra:21 Mem:9.14M (Peak 9.75M) | Time:00:00.00 | Mem:0.11M, Peak:0.11M | Scene, ViewLayer | Updating Lights | Computing tree
Fra:21 Mem:9.14M (Peak 9.75M) | Time:00:00.00 | Mem:0.12M, Peak:0.12M | Scene, ViewLayer | Updating Integrator
Fra:21 Mem:9.14M (Peak 9.75M) | Time:00:00.00 | Mem:0.12M, Peak:0.12M | Scene, ViewLayer | Updating Film
Fra:21 Mem:9.15M (Peak 9.75M) | Time:00:00.00 | Mem:0.04M, Peak:0.12M | Scene, ViewLayer | Updating Lookup Tables
Fra:21 Mem:9.15M (Peak 9.75M) | Time:00:00.00 | Mem:0.12M, Peak:0.12M | Scene, ViewLayer | Updating Baking
Fra:21 Mem:9.15M (Peak 9.75M) | Time:00:00.00 | Mem:0.12M, Peak:0.12M | Scene, ViewLayer | Updating Device | Writing constant memory
Fra:21 Mem:9.15M (Peak 9.75M) | Time:00:00.00 | Mem:0.12M, Peak:0.12M | Scene, ViewLayer | Sample 0/1
Fra:21 Mem:9.20M (Peak 9.75M) | Time:00:00.00 | Mem:0.13M, Peak:0.13M | Scene, ViewLayer | Sample 1/1
Fra:21 Mem:9.20M (Peak 9.75M) | Time:00:00.00 | Mem:0.13M, Peak:0.13M | Scene, ViewLayer | Finished
Saved: '/home/terence/Documents/Codex/2026-09-06/realtime-voice-chat-3/outputs/butterfly-method-comparison/blender-v2/raw/native16/view135_frame04.png'
Time: 00:00.00 (Saving: 00:00.00)

Fra:21 Mem:9.74M (Peak 9.74M) | Time:00:00.00 | Mem:0.00M, Peak:0.00M | Scene, ViewLayer | Synchronizing object | Thorax
Fra:21 Mem:9.74M (Peak 9.74M) | Time:00:00.00 | Mem:0.00M, Peak:0.00M | Scene, ViewLayer | Synchronizing object | Abdomen
Fra:21 Mem:9.74M (Peak 9.74M) | Time:00:00.00 | Mem:0.00M, Peak:0.00M | Scene, ViewLayer | Synchronizing object | Abdomen tip
Fra:21 Mem:9.74M (Peak 9.74M) | Time:00:00.00 | Mem:0.00M, Peak:0.00M | Scene, ViewLayer | Synchronizing object | L continuous fore-hind wing
Fra:21 Mem:9.74M (Peak 9.74M) | Time:00:00.00 | Mem:0.00M, Peak:0.00M | Scene, ViewLayer | Synchronizing object | Antenna
Fra:21 Mem:9.74M (Peak 9.74M) | Time:00:00.00 | Mem:0.00M, Peak:0.00M | Scene, ViewLayer | Synchronizing object | Antenna.001
Fra:21 Mem:9.74M (Peak 9.74M) | Time:00:00.00 | Mem:0.00M, Peak:0.00M | Scene, ViewLayer | Synchronizing object | R continuous fore-hind wing
Fra:21 Mem:9.75M (Peak 9.75M) | Time:00:00.00 | Mem:0.00M, Peak:0.00M | Scene, ViewLayer | Initializing
Fra:21 Mem:9.04M (Peak 9.75M) | Time:00:00.00 | Mem:0.00M, Peak:0.00M | Scene, ViewLayer | Waiting for render to start
Fra:21 Mem:9.04M (Peak 9.75M) | Time:00:00.00 | Mem:0.00M, Peak:0.00M | Scene, ViewLayer | Updating Scene
Fra:21 Mem:9.04M (Peak 9.75M) | Time:00:00.00 | Mem:0.00M, Peak:0.00M | Scene, ViewLayer | Updating Shaders
Fra:21 Mem:9.04M (Peak 9.75M) | Time:00:00.00 | Mem:0.00M, Peak:0.00M | Scene, ViewLayer | Loading render kernels (may take a few minutes the first time)
Fra:21 Mem:9.13M (Peak 9.75M) | Time:00:00.00 | Mem:0.00M, Peak:0.00M | Scene, ViewLayer | Updating Procedurals
Fra:21 Mem:9.13M (Peak 9.75M) | Time:00:00.00 | Mem:0.00M, Peak:0.00M | Scene, ViewLayer | Updating Background
Fra:21 Mem:9.13M (Peak 9.75M) | Time:00:00.00 | Mem:0.00M, Peak:0.00M | Scene, ViewLayer | Updating Camera
Fra:21 Mem:9.13M (Peak 9.75M) | Time:00:00.00 | Mem:0.00M, Peak:0.00M | Scene, ViewLayer | Updating Meshes Flags
Fra:21 Mem:9.13M (Peak 9.75M) | Time:00:00.00 | Mem:0.00M, Peak:0.00M | Scene, ViewLayer | Updating Objects
Fra:21 Mem:9.13M (Peak 9.75M) | Time:00:00.00 | Mem:0.00M, Peak:0.00M | Scene, ViewLayer | Updating Objects | Copying Transformations to device
Fra:21 Mem:9.13M (Peak 9.75M) | Time:00:00.00 | Mem:0.01M, Peak:0.01M | Scene, ViewLayer | Updating Particle Systems
Fra:21 Mem:9.13M (Peak 9.75M) | Time:00:00.00 | Mem:0.01M, Peak:0.01M | Scene, ViewLayer | Updating Particle Systems | Copying Particles to device
Fra:21 Mem:9.13M (Peak 9.75M) | Time:00:00.00 | Mem:0.01M, Peak:0.01M | Scene, ViewLayer | Updating Meshes
Fra:21 Mem:9.13M (Peak 9.75M) | Time:00:00.00 | Mem:0.01M, Peak:0.01M | Scene, ViewLayer | Updating Objects | Applying Static Transformations
Fra:21 Mem:9.13M (Peak 9.75M) | Time:00:00.00 | Mem:0.01M, Peak:0.01M | Scene, ViewLayer | Updating Mesh | Computing attributes
Fra:21 Mem:9.13M (Peak 9.75M) | Time:00:00.00 | Mem:0.01M, Peak:0.01M | Scene, ViewLayer | Updating Mesh | Copying Attributes to device
Fra:21 Mem:9.13M (Peak 9.75M) | Time:00:00.00 | Mem:0.01M, Peak:0.01M | Scene, ViewLayer | Updating Scene BVH | Building
Fra:21 Mem:9.13M (Peak 9.75M) | Time:00:00.00 | Mem:0.01M, Peak:0.01M | Scene, ViewLayer | Updating Scene BVH | Building BVH
Fra:21 Mem:9.13M (Peak 9.75M) | Time:00:00.00 | Mem:0.02M, Peak:0.03M | Scene, ViewLayer | Updating Scene BVH | Copying BVH to device
Fra:21 Mem:9.13M (Peak 9.75M) | Time:00:00.00 | Mem:0.02M, Peak:0.03M | Scene, ViewLayer | Updating Mesh | Computing normals
Fra:21 Mem:9.14M (Peak 9.75M) | Time:00:00.00 | Mem:0.02M, Peak:0.03M | Scene, ViewLayer | Updating Mesh | Copying Mesh to device
Fra:21 Mem:9.14M (Peak 9.75M) | Time:00:00.00 | Mem:0.03M, Peak:0.03M | Scene, ViewLayer | Updating Objects Flags
Fra:21 Mem:9.14M (Peak 9.75M) | Time:00:00.00 | Mem:0.03M, Peak:0.03M | Scene, ViewLayer | Updating Primitive Offsets
Fra:21 Mem:9.14M (Peak 9.75M) | Time:00:00.00 | Mem:0.03M, Peak:0.03M | Scene, ViewLayer | Updating Images
Fra:21 Mem:9.14M (Peak 9.75M) | Time:00:00.00 | Mem:0.03M, Peak:0.03M | Scene, ViewLayer | Updating Camera Volume
Fra:21 Mem:9.14M (Peak 9.75M) | Time:00:00.00 | Mem:0.03M, Peak:0.03M | Scene, ViewLayer | Updating Lookup Tables
Fra:21 Mem:9.14M (Peak 9.75M) | Time:00:00.00 | Mem:0.11M, Peak:0.11M | Scene, ViewLayer | Updating Lights
Fra:21 Mem:9.14M (Peak 9.75M) | Time:00:00.00 | Mem:0.11M, Peak:0.11M | Scene, ViewLayer | Updating Lights | Computing tree
Fra:21 Mem:9.14M (Peak 9.75M) | Time:00:00.00 | Mem:0.12M, Peak:0.12M | Scene, ViewLayer | Updating Integrator
Fra:21 Mem:9.14M (Peak 9.75M) | Time:00:00.00 | Mem:0.12M, Peak:0.12M | Scene, ViewLayer | Updating Film
Fra:21 Mem:9.15M (Peak 9.75M) | Time:00:00.00 | Mem:0.04M, Peak:0.12M | Scene, ViewLayer | Updating Lookup Tables
Fra:21 Mem:9.15M (Peak 9.75M) | Time:00:00.00 | Mem:0.12M, Peak:0.12M | Scene, ViewLayer | Updating Baking
Fra:21 Mem:9.15M (Peak 9.75M) | Time:00:00.00 | Mem:0.12M, Peak:0.12M | Scene, ViewLayer | Updating Device | Writing constant memory
Fra:21 Mem:9.15M (Peak 9.75M) | Time:00:00.00 | Mem:0.12M, Peak:0.12M | Scene, ViewLayer | Sample 0/1
Fra:21 Mem:9.24M (Peak 9.75M) | Time:00:00.00 | Mem:0.16M, Peak:0.16M | Scene, ViewLayer | Sample 1/1
Fra:21 Mem:9.24M (Peak 9.75M) | Time:00:00.00 | Mem:0.16M, Peak:0.16M | Scene, ViewLayer | Finished
Saved: '/home/terence/Documents/Codex/2026-09-06/realtime-voice-chat-3/outputs/butterfly-method-comparison/blender-v2/raw/native32/view135_frame04.png'
Time: 00:00.00 (Saving: 00:00.00)

Fra:21 Mem:9.67M (Peak 9.67M) | Time:00:00.00 | Mem:0.00M, Peak:0.00M | Scene, ViewLayer | Synchronizing object | Thorax
Fra:21 Mem:9.67M (Peak 9.67M) | Time:00:00.00 | Mem:0.00M, Peak:0.00M | Scene, ViewLayer | Synchronizing object | Head
Fra:21 Mem:9.67M (Peak 9.67M) | Time:00:00.00 | Mem:0.00M, Peak:0.00M | Scene, ViewLayer | Synchronizing object | Antenna.001
Fra:21 Mem:9.67M (Peak 9.67M) | Time:00:00.00 | Mem:0.00M, Peak:0.00M | Scene, ViewLayer | Synchronizing object | Antenna
Fra:21 Mem:9.68M (Peak 9.68M) | Time:00:00.00 | Mem:0.00M, Peak:0.00M | Scene, ViewLayer | Initializing
Fra:21 Mem:9.03M (Peak 9.68M) | Time:00:00.00 | Mem:0.00M, Peak:0.00M | Scene, ViewLayer | Waiting for render to start
Fra:21 Mem:9.03M (Peak 9.68M) | Time:00:00.00 | Mem:0.00M, Peak:0.00M | Scene, ViewLayer | Updating Scene
Fra:21 Mem:9.03M (Peak 9.68M) | Time:00:00.00 | Mem:0.00M, Peak:0.00M | Scene, ViewLayer | Updating Shaders
Fra:21 Mem:9.03M (Peak 9.68M) | Time:00:00.00 | Mem:0.00M, Peak:0.00M | Scene, ViewLayer | Loading render kernels (may take a few minutes the first time)
Fra:21 Mem:9.12M (Peak 9.68M) | Time:00:00.00 | Mem:0.00M, Peak:0.00M | Scene, ViewLayer | Updating Procedurals
Fra:21 Mem:9.12M (Peak 9.68M) | Time:00:00.00 | Mem:0.00M, Peak:0.00M | Scene, ViewLayer | Updating Background
Fra:21 Mem:9.12M (Peak 9.68M) | Time:00:00.00 | Mem:0.00M, Peak:0.00M | Scene, ViewLayer | Updating Camera
Fra:21 Mem:9.12M (Peak 9.68M) | Time:00:00.00 | Mem:0.00M, Peak:0.00M | Scene, ViewLayer | Updating Meshes Flags
Fra:21 Mem:9.12M (Peak 9.68M) | Time:00:00.00 | Mem:0.00M, Peak:0.00M | Scene, ViewLayer | Updating Objects
Fra:21 Mem:9.12M (Peak 9.68M) | Time:00:00.00 | Mem:0.00M, Peak:0.00M | Scene, ViewLayer | Updating Objects | Copying Transformations to device
Fra:21 Mem:9.12M (Peak 9.68M) | Time:00:00.00 | Mem:0.00M, Peak:0.00M | Scene, ViewLayer | Updating Particle Systems
Fra:21 Mem:9.12M (Peak 9.68M) | Time:00:00.00 | Mem:0.00M, Peak:0.00M | Scene, ViewLayer | Updating Particle Systems | Copying Particles to device
Fra:21 Mem:9.12M (Peak 9.68M) | Time:00:00.00 | Mem:0.00M, Peak:0.00M | Scene, ViewLayer | Updating Meshes
Fra:21 Mem:9.12M (Peak 9.68M) | Time:00:00.00 | Mem:0.00M, Peak:0.00M | Scene, ViewLayer | Updating Objects | Applying Static Transformations
Fra:21 Mem:9.12M (Peak 9.68M) | Time:00:00.00 | Mem:0.00M, Peak:0.00M | Scene, ViewLayer | Updating Mesh | Computing attributes
Fra:21 Mem:9.12M (Peak 9.68M) | Time:00:00.00 | Mem:0.01M, Peak:0.01M | Scene, ViewLayer | Updating Mesh | Copying Attributes to device
Fra:21 Mem:9.12M (Peak 9.68M) | Time:00:00.00 | Mem:0.01M, Peak:0.01M | Scene, ViewLayer | Updating Scene BVH | Building
Fra:21 Mem:9.12M (Peak 9.68M) | Time:00:00.00 | Mem:0.01M, Peak:0.01M | Scene, ViewLayer | Updating Scene BVH | Building BVH
Fra:21 Mem:9.12M (Peak 9.68M) | Time:00:00.00 | Mem:0.01M, Peak:0.01M | Scene, ViewLayer | Updating Scene BVH | Copying BVH to device
Fra:21 Mem:9.12M (Peak 9.68M) | Time:00:00.00 | Mem:0.01M, Peak:0.01M | Scene, ViewLayer | Updating Mesh | Computing normals
Fra:21 Mem:9.12M (Peak 9.68M) | Time:00:00.00 | Mem:0.01M, Peak:0.01M | Scene, ViewLayer | Updating Mesh | Copying Mesh to device
Fra:21 Mem:9.12M (Peak 9.68M) | Time:00:00.00 | Mem:0.01M, Peak:0.01M | Scene, ViewLayer | Updating Objects Flags
Fra:21 Mem:9.12M (Peak 9.68M) | Time:00:00.00 | Mem:0.01M, Peak:0.01M | Scene, ViewLayer | Updating Primitive Offsets
Fra:21 Mem:9.12M (Peak 9.68M) | Time:00:00.00 | Mem:0.01M, Peak:0.01M | Scene, ViewLayer | Updating Images
Fra:21 Mem:9.12M (Peak 9.68M) | Time:00:00.00 | Mem:0.01M, Peak:0.01M | Scene, ViewLayer | Updating Camera Volume
Fra:21 Mem:9.12M (Peak 9.68M) | Time:00:00.00 | Mem:0.01M, Peak:0.01M | Scene, ViewLayer | Updating Lookup Tables
Fra:21 Mem:9.12M (Peak 9.68M) | Time:00:00.00 | Mem:0.09M, Peak:0.09M | Scene, ViewLayer | Updating Lights
Fra:21 Mem:9.12M (Peak 9.68M) | Time:00:00.00 | Mem:0.09M, Peak:0.09M | Scene, ViewLayer | Updating Lights | Computing tree
Fra:21 Mem:9.12M (Peak 9.68M) | Time:00:00.00 | Mem:0.09M, Peak:0.09M | Scene, ViewLayer | Updating Integrator
Fra:21 Mem:9.12M (Peak 9.68M) | Time:00:00.00 | Mem:0.09M, Peak:0.09M | Scene, ViewLayer | Updating Film
Fra:21 Mem:9.13M (Peak 9.68M) | Time:00:00.00 | Mem:0.01M, Peak:0.09M | Scene, ViewLayer | Updating Lookup Tables
Fra:21 Mem:9.13M (Peak 9.68M) | Time:00:00.00 | Mem:0.10M, Peak:0.10M | Scene, ViewLayer | Updating Baking
Fra:21 Mem:9.13M (Peak 9.68M) | Time:00:00.00 | Mem:0.10M, Peak:0.10M | Scene, ViewLayer | Updating Device | Writing constant memory
Fra:21 Mem:9.13M (Peak 9.68M) | Time:00:00.00 | Mem:0.10M, Peak:0.10M | Scene, ViewLayer | Sample 0/1
Fra:21 Mem:9.18M (Peak 9.68M) | Time:00:00.00 | Mem:0.11M, Peak:0.11M | Scene, ViewLayer | Sample 1/1
Fra:21 Mem:9.18M (Peak 9.68M) | Time:00:00.00 | Mem:0.11M, Peak:0.11M | Scene, ViewLayer | Finished
Saved: '/home/terence/Documents/Codex/2026-09-06/realtime-voice-chat-3/outputs/butterfly-method-comparison/blender-v2/raw/body-only/view135_frame04.png'
Time: 00:00.00 (Saving: 00:00.00)

Fra:21 Mem:9.71M (Peak 9.71M) | Time:00:00.00 | Mem:0.00M, Peak:0.00M | Scene, ViewLayer | Synchronizing object | Thorax
Fra:21 Mem:9.71M (Peak 9.71M) | Time:00:00.00 | Mem:0.00M, Peak:0.00M | Scene, ViewLayer | Synchronizing object | L continuous fore-hind wing
Fra:21 Mem:9.71M (Peak 9.71M) | Time:00:00.00 | Mem:0.00M, Peak:0.00M | Scene, ViewLayer | Synchronizing object | Abdomen tip
Fra:21 Mem:9.71M (Peak 9.71M) | Time:00:00.00 | Mem:0.00M, Peak:0.00M | Scene, ViewLayer | Synchronizing object | R continuous fore-hind wing
Fra:21 Mem:9.72M (Peak 9.72M) | Time:00:00.00 | Mem:0.00M, Peak:0.00M | Scene, ViewLayer | Initializing
Fra:21 Mem:9.03M (Peak 9.72M) | Time:00:00.00 | Mem:0.00M, Peak:0.00M | Scene, ViewLayer | Waiting for render to start
Fra:21 Mem:9.03M (Peak 9.72M) | Time:00:00.00 | Mem:0.00M, Peak:0.00M | Scene, ViewLayer | Updating Scene
Fra:21 Mem:9.03M (Peak 9.72M) | Time:00:00.00 | Mem:0.00M, Peak:0.00M | Scene, ViewLayer | Updating Shaders
Fra:21 Mem:9.03M (Peak 9.72M) | Time:00:00.00 | Mem:0.00M, Peak:0.00M | Scene, ViewLayer | Loading render kernels (may take a few minutes the first time)
Fra:21 Mem:9.11M (Peak 9.72M) | Time:00:00.00 | Mem:0.00M, Peak:0.00M | Scene, ViewLayer | Updating Procedurals
Fra:21 Mem:9.11M (Peak 9.72M) | Time:00:00.00 | Mem:0.00M, Peak:0.00M | Scene, ViewLayer | Updating Background
Fra:21 Mem:9.11M (Peak 9.72M) | Time:00:00.00 | Mem:0.00M, Peak:0.00M | Scene, ViewLayer | Updating Camera
Fra:21 Mem:9.11M (Peak 9.72M) | Time:00:00.00 | Mem:0.00M, Peak:0.00M | Scene, ViewLayer | Updating Meshes Flags
Fra:21 Mem:9.11M (Peak 9.72M) | Time:00:00.00 | Mem:0.00M, Peak:0.00M | Scene, ViewLayer | Updating Objects
Fra:21 Mem:9.11M (Peak 9.72M) | Time:00:00.00 | Mem:0.00M, Peak:0.00M | Scene, ViewLayer | Updating Objects | Copying Transformations to device
Fra:21 Mem:9.11M (Peak 9.72M) | Time:00:00.00 | Mem:0.01M, Peak:0.01M | Scene, ViewLayer | Updating Particle Systems
Fra:21 Mem:9.11M (Peak 9.72M) | Time:00:00.00 | Mem:0.01M, Peak:0.01M | Scene, ViewLayer | Updating Particle Systems | Copying Particles to device
Fra:21 Mem:9.11M (Peak 9.72M) | Time:00:00.00 | Mem:0.01M, Peak:0.01M | Scene, ViewLayer | Updating Meshes
Fra:21 Mem:9.11M (Peak 9.72M) | Time:00:00.00 | Mem:0.01M, Peak:0.01M | Scene, ViewLayer | Updating Objects | Applying Static Transformations
Fra:21 Mem:9.11M (Peak 9.72M) | Time:00:00.00 | Mem:0.01M, Peak:0.01M | Scene, ViewLayer | Updating Mesh | Computing attributes
Fra:21 Mem:9.12M (Peak 9.72M) | Time:00:00.00 | Mem:0.01M, Peak:0.01M | Scene, ViewLayer | Updating Mesh | Copying Attributes to device
Fra:21 Mem:9.12M (Peak 9.72M) | Time:00:00.00 | Mem:0.01M, Peak:0.01M | Scene, ViewLayer | Updating Scene BVH | Building
Fra:21 Mem:9.12M (Peak 9.72M) | Time:00:00.00 | Mem:0.01M, Peak:0.01M | Scene, ViewLayer | Updating Scene BVH | Building BVH
Fra:21 Mem:9.12M (Peak 9.72M) | Time:00:00.00 | Mem:0.02M, Peak:0.03M | Scene, ViewLayer | Updating Scene BVH | Copying BVH to device
Fra:21 Mem:9.12M (Peak 9.72M) | Time:00:00.00 | Mem:0.02M, Peak:0.03M | Scene, ViewLayer | Updating Mesh | Computing normals
Fra:21 Mem:9.12M (Peak 9.72M) | Time:00:00.00 | Mem:0.02M, Peak:0.03M | Scene, ViewLayer | Updating Mesh | Copying Mesh to device
Fra:21 Mem:9.12M (Peak 9.72M) | Time:00:00.00 | Mem:0.03M, Peak:0.03M | Scene, ViewLayer | Updating Objects Flags
Fra:21 Mem:9.12M (Peak 9.72M) | Time:00:00.00 | Mem:0.03M, Peak:0.03M | Scene, ViewLayer | Updating Primitive Offsets
Fra:21 Mem:9.12M (Peak 9.72M) | Time:00:00.00 | Mem:0.03M, Peak:0.03M | Scene, ViewLayer | Updating Images
Fra:21 Mem:9.12M (Peak 9.72M) | Time:00:00.00 | Mem:0.03M, Peak:0.03M | Scene, ViewLayer | Updating Camera Volume
Fra:21 Mem:9.12M (Peak 9.72M) | Time:00:00.00 | Mem:0.03M, Peak:0.03M | Scene, ViewLayer | Updating Lookup Tables
Fra:21 Mem:9.12M (Peak 9.72M) | Time:00:00.00 | Mem:0.11M, Peak:0.11M | Scene, ViewLayer | Updating Lights
Fra:21 Mem:9.12M (Peak 9.72M) | Time:00:00.00 | Mem:0.11M, Peak:0.11M | Scene, ViewLayer | Updating Lights | Computing tree
Fra:21 Mem:9.13M (Peak 9.72M) | Time:00:00.00 | Mem:0.12M, Peak:0.12M | Scene, ViewLayer | Updating Integrator
Fra:21 Mem:9.13M (Peak 9.72M) | Time:00:00.00 | Mem:0.12M, Peak:0.12M | Scene, ViewLayer | Updating Film
Fra:21 Mem:9.13M (Peak 9.72M) | Time:00:00.00 | Mem:0.04M, Peak:0.12M | Scene, ViewLayer | Updating Lookup Tables
Fra:21 Mem:9.13M (Peak 9.72M) | Time:00:00.00 | Mem:0.12M, Peak:0.12M | Scene, ViewLayer | Updating Baking
Fra:21 Mem:9.13M (Peak 9.72M) | Time:00:00.00 | Mem:0.12M, Peak:0.12M | Scene, ViewLayer | Updating Device | Writing constant memory
Fra:21 Mem:9.14M (Peak 9.72M) | Time:00:00.00 | Mem:0.12M, Peak:0.12M | Scene, ViewLayer | Sample 0/1
Fra:21 Mem:9.19M (Peak 9.72M) | Time:00:00.00 | Mem:0.13M, Peak:0.13M | Scene, ViewLayer | Sample 1/1
Fra:21 Mem:9.19M (Peak 9.72M) | Time:00:00.00 | Mem:0.13M, Peak:0.13M | Scene, ViewLayer | Finished
Saved: '/home/terence/Documents/Codex/2026-09-06/realtime-voice-chat-3/outputs/butterfly-method-comparison/blender-v2/raw/no-abdomen-lag/view135_frame04.png'
Time: 00:00.00 (Saving: 00:00.00)

Fra:21 Mem:9.69M (Peak 9.69M) | Time:00:00.00 | Mem:0.00M, Peak:0.00M | Scene, ViewLayer | Synchronizing object | Thorax
Fra:21 Mem:9.69M (Peak 9.69M) | Time:00:00.00 | Mem:0.00M, Peak:0.00M | Scene, ViewLayer | Synchronizing object | Abdomen
Fra:21 Mem:9.69M (Peak 9.69M) | Time:00:00.00 | Mem:0.00M, Peak:0.00M | Scene, ViewLayer | Synchronizing object | L continuous fore-hind wing
Fra:21 Mem:9.69M (Peak 9.69M) | Time:00:00.00 | Mem:0.00M, Peak:0.00M | Scene, ViewLayer | Synchronizing object | Antenna
Fra:21 Mem:9.69M (Peak 9.69M) | Time:00:00.00 | Mem:0.00M, Peak:0.00M | Scene, ViewLayer | Synchronizing object | Antenna.001
Fra:21 Mem:9.70M (Peak 9.70M) | Time:00:00.00 | Mem:0.00M, Peak:0.00M | Scene, ViewLayer | Synchronizing object | R continuous fore-hind wing
Fra:21 Mem:9.70M (Peak 9.70M) | Time:00:00.00 | Mem:0.00M, Peak:0.00M | Scene, ViewLayer | Initializing
Fra:21 Mem:9.02M (Peak 9.70M) | Time:00:00.00 | Mem:0.00M, Peak:0.00M | Scene, ViewLayer | Waiting for render to start
Fra:21 Mem:9.02M (Peak 9.70M) | Time:00:00.00 | Mem:0.00M, Peak:0.00M | Scene, ViewLayer | Updating Scene
Fra:21 Mem:9.02M (Peak 9.70M) | Time:00:00.00 | Mem:0.00M, Peak:0.00M | Scene, ViewLayer | Updating Shaders
Fra:21 Mem:9.02M (Peak 9.70M) | Time:00:00.00 | Mem:0.00M, Peak:0.00M | Scene, ViewLayer | Loading render kernels (may take a few minutes the first time)
Fra:21 Mem:9.10M (Peak 9.70M) | Time:00:00.00 | Mem:0.00M, Peak:0.00M | Scene, ViewLayer | Updating Procedurals
Fra:21 Mem:9.10M (Peak 9.70M) | Time:00:00.00 | Mem:0.00M, Peak:0.00M | Scene, ViewLayer | Updating Background
Fra:21 Mem:9.10M (Peak 9.70M) | Time:00:00.00 | Mem:0.00M, Peak:0.00M | Scene, ViewLayer | Updating Camera
Fra:21 Mem:9.10M (Peak 9.70M) | Time:00:00.00 | Mem:0.00M, Peak:0.00M | Scene, ViewLayer | Updating Meshes Flags
Fra:21 Mem:9.10M (Peak 9.70M) | Time:00:00.00 | Mem:0.00M, Peak:0.00M | Scene, ViewLayer | Updating Objects
Fra:21 Mem:9.10M (Peak 9.70M) | Time:00:00.00 | Mem:0.00M, Peak:0.00M | Scene, ViewLayer | Updating Objects | Copying Transformations to device
Fra:21 Mem:9.10M (Peak 9.70M) | Time:00:00.00 | Mem:0.01M, Peak:0.01M | Scene, ViewLayer | Updating Particle Systems
Fra:21 Mem:9.10M (Peak 9.70M) | Time:00:00.00 | Mem:0.01M, Peak:0.01M | Scene, ViewLayer | Updating Particle Systems | Copying Particles to device
Fra:21 Mem:9.10M (Peak 9.70M) | Time:00:00.00 | Mem:0.01M, Peak:0.01M | Scene, ViewLayer | Updating Meshes
Fra:21 Mem:9.10M (Peak 9.70M) | Time:00:00.00 | Mem:0.01M, Peak:0.01M | Scene, ViewLayer | Updating Objects | Applying Static Transformations
Fra:21 Mem:9.10M (Peak 9.70M) | Time:00:00.00 | Mem:0.01M, Peak:0.01M | Scene, ViewLayer | Updating Mesh | Computing attributes
Fra:21 Mem:9.11M (Peak 9.70M) | Time:00:00.00 | Mem:0.01M, Peak:0.01M | Scene, ViewLayer | Updating Mesh | Copying Attributes to device
Fra:21 Mem:9.11M (Peak 9.70M) | Time:00:00.00 | Mem:0.01M, Peak:0.01M | Scene, ViewLayer | Updating Scene BVH | Building
Fra:21 Mem:9.11M (Peak 9.70M) | Time:00:00.00 | Mem:0.01M, Peak:0.01M | Scene, ViewLayer | Updating Scene BVH | Building BVH
Fra:21 Mem:9.11M (Peak 9.70M) | Time:00:00.00 | Mem:0.02M, Peak:0.03M | Scene, ViewLayer | Updating Scene BVH | Copying BVH to device
Fra:21 Mem:9.11M (Peak 9.70M) | Time:00:00.00 | Mem:0.02M, Peak:0.03M | Scene, ViewLayer | Updating Mesh | Computing normals
Fra:21 Mem:9.11M (Peak 9.70M) | Time:00:00.00 | Mem:0.02M, Peak:0.03M | Scene, ViewLayer | Updating Mesh | Copying Mesh to device
Fra:21 Mem:9.11M (Peak 9.70M) | Time:00:00.00 | Mem:0.03M, Peak:0.03M | Scene, ViewLayer | Updating Objects Flags
Fra:21 Mem:9.11M (Peak 9.70M) | Time:00:00.00 | Mem:0.03M, Peak:0.03M | Scene, ViewLayer | Updating Primitive Offsets
Fra:21 Mem:9.11M (Peak 9.70M) | Time:00:00.00 | Mem:0.03M, Peak:0.03M | Scene, ViewLayer | Updating Images
Fra:21 Mem:9.11M (Peak 9.70M) | Time:00:00.00 | Mem:0.03M, Peak:0.03M | Scene, ViewLayer | Updating Camera Volume
Fra:21 Mem:9.11M (Peak 9.70M) | Time:00:00.00 | Mem:0.03M, Peak:0.03M | Scene, ViewLayer | Updating Lookup Tables
Fra:21 Mem:9.11M (Peak 9.70M) | Time:00:00.00 | Mem:0.11M, Peak:0.11M | Scene, ViewLayer | Updating Lights
Fra:21 Mem:9.11M (Peak 9.70M) | Time:00:00.00 | Mem:0.11M, Peak:0.11M | Scene, ViewLayer | Updating Lights | Computing tree
Fra:21 Mem:9.12M (Peak 9.70M) | Time:00:00.00 | Mem:0.12M, Peak:0.12M | Scene, ViewLayer | Updating Integrator
Fra:21 Mem:9.12M (Peak 9.70M) | Time:00:00.00 | Mem:0.12M, Peak:0.12M | Scene, ViewLayer | Updating Film
Fra:21 Mem:9.13M (Peak 9.70M) | Time:00:00.00 | Mem:0.04M, Peak:0.12M | Scene, ViewLayer | Updating Lookup Tables
Fra:21 Mem:9.13M (Peak 9.70M) | Time:00:00.00 | Mem:0.12M, Peak:0.12M | Scene, ViewLayer | Updating Baking
Fra:21 Mem:9.13M (Peak 9.70M) | Time:00:00.00 | Mem:0.12M, Peak:0.12M | Scene, ViewLayer | Updating Device | Writing constant memory
Fra:21 Mem:9.13M (Peak 9.70M) | Time:00:00.00 | Mem:0.12M, Peak:0.12M | Scene, ViewLayer | Sample 0/1
Fra:21 Mem:9.18M (Peak 9.70M) | Time:00:00.00 | Mem:0.13M, Peak:0.13M | Scene, ViewLayer | Sample 1/1
Fra:21 Mem:9.18M (Peak 9.70M) | Time:00:00.00 | Mem:0.13M, Peak:0.13M | Scene, ViewLayer | Finished
Saved: '/home/terence/Documents/Codex/2026-09-06/realtime-voice-chat-3/outputs/butterfly-method-comparison/blender-v2/raw/wing-only/view135_frame04.png'
Time: 00:00.00 (Saving: 00:00.00)

Fra:1 Mem:9.74M (Peak 9.74M) | Time:00:00.00 | Mem:0.00M, Peak:0.00M | Scene, ViewLayer | Synchronizing object | Thorax
Fra:1 Mem:9.74M (Peak 9.74M) | Time:00:00.00 | Mem:0.00M, Peak:0.00M | Scene, ViewLayer | Synchronizing object | Abdomen
Fra:1 Mem:9.74M (Peak 9.74M) | Time:00:00.00 | Mem:0.00M, Peak:0.00M | Scene, ViewLayer | Synchronizing object | Abdomen tip
Fra:1 Mem:9.74M (Peak 9.74M) | Time:00:00.00 | Mem:0.00M, Peak:0.00M | Scene, ViewLayer | Synchronizing object | Antenna
Fra:1 Mem:9.74M (Peak 9.74M) | Time:00:00.00 | Mem:0.00M, Peak:0.00M | Scene, ViewLayer | Synchronizing object | R continuous fore-hind wing
Fra:1 Mem:9.75M (Peak 9.75M) | Time:00:00.00 | Mem:0.00M, Peak:0.00M | Scene, ViewLayer | Initializing
Fra:1 Mem:9.04M (Peak 9.75M) | Time:00:00.00 | Mem:0.00M, Peak:0.00M | Scene, ViewLayer | Waiting for render to start
Fra:1 Mem:9.04M (Peak 9.75M) | Time:00:00.00 | Mem:0.00M, Peak:0.00M | Scene, ViewLayer | Updating Scene
Fra:1 Mem:9.04M (Peak 9.75M) | Time:00:00.00 | Mem:0.00M, Peak:0.00M | Scene, ViewLayer | Updating Shaders
Fra:1 Mem:9.04M (Peak 9.75M) | Time:00:00.00 | Mem:0.00M, Peak:0.00M | Scene, ViewLayer | Loading render kernels (may take a few minutes the first time)
Fra:1 Mem:9.13M (Peak 9.75M) | Time:00:00.00 | Mem:0.00M, Peak:0.00M | Scene, ViewLayer | Updating Procedurals
Fra:1 Mem:9.13M (Peak 9.75M) | Time:00:00.00 | Mem:0.00M, Peak:0.00M | Scene, ViewLayer | Updating Background
Fra:1 Mem:9.13M (Peak 9.75M) | Time:00:00.00 | Mem:0.00M, Peak:0.00M | Scene, ViewLayer | Updating Camera
Fra:1 Mem:9.13M (Peak 9.75M) | Time:00:00.00 | Mem:0.00M, Peak:0.00M | Scene, ViewLayer | Updating Meshes Flags
Fra:1 Mem:9.13M (Peak 9.75M) | Time:00:00.00 | Mem:0.00M, Peak:0.00M | Scene, ViewLayer | Updating Objects
Fra:1 Mem:9.13M (Peak 9.75M) | Time:00:00.00 | Mem:0.00M, Peak:0.00M | Scene, ViewLayer | Updating Objects | Copying Transformations to device
Fra:1 Mem:9.13M (Peak 9.75M) | Time:00:00.00 | Mem:0.01M, Peak:0.01M | Scene, ViewLayer | Updating Particle Systems
Fra:1 Mem:9.13M (Peak 9.75M) | Time:00:00.00 | Mem:0.01M, Peak:0.01M | Scene, ViewLayer | Updating Particle Systems | Copying Particles to device
Fra:1 Mem:9.13M (Peak 9.75M) | Time:00:00.00 | Mem:0.01M, Peak:0.01M | Scene, ViewLayer | Updating Meshes
Fra:1 Mem:9.13M (Peak 9.75M) | Time:00:00.00 | Mem:0.01M, Peak:0.01M | Scene, ViewLayer | Updating Objects | Applying Static Transformations
Fra:1 Mem:9.13M (Peak 9.75M) | Time:00:00.00 | Mem:0.01M, Peak:0.01M | Scene, ViewLayer | Updating Mesh | Computing attributes
Fra:1 Mem:9.13M (Peak 9.75M) | Time:00:00.00 | Mem:0.01M, Peak:0.01M | Scene, ViewLayer | Updating Mesh | Copying Attributes to device
Fra:1 Mem:9.13M (Peak 9.75M) | Time:00:00.00 | Mem:0.01M, Peak:0.01M | Scene, ViewLayer | Updating Scene BVH | Building
Fra:1 Mem:9.13M (Peak 9.75M) | Time:00:00.00 | Mem:0.01M, Peak:0.01M | Scene, ViewLayer | Updating Scene BVH | Building BVH
Fra:1 Mem:9.13M (Peak 9.75M) | Time:00:00.00 | Mem:0.02M, Peak:0.03M | Scene, ViewLayer | Updating Scene BVH | Copying BVH to device
Fra:1 Mem:9.13M (Peak 9.75M) | Time:00:00.00 | Mem:0.02M, Peak:0.03M | Scene, ViewLayer | Updating Mesh | Computing normals
Fra:1 Mem:9.14M (Peak 9.75M) | Time:00:00.00 | Mem:0.02M, Peak:0.03M | Scene, ViewLayer | Updating Mesh | Copying Mesh to device
Fra:1 Mem:9.14M (Peak 9.75M) | Time:00:00.00 | Mem:0.03M, Peak:0.03M | Scene, ViewLayer | Updating Objects Flags
Fra:1 Mem:9.14M (Peak 9.75M) | Time:00:00.00 | Mem:0.03M, Peak:0.03M | Scene, ViewLayer | Updating Primitive Offsets
Fra:1 Mem:9.14M (Peak 9.75M) | Time:00:00.00 | Mem:0.03M, Peak:0.03M | Scene, ViewLayer | Updating Images
Fra:1 Mem:9.14M (Peak 9.75M) | Time:00:00.00 | Mem:0.03M, Peak:0.03M | Scene, ViewLayer | Updating Camera Volume
Fra:1 Mem:9.14M (Peak 9.75M) | Time:00:00.00 | Mem:0.03M, Peak:0.03M | Scene, ViewLayer | Updating Lookup Tables
Fra:1 Mem:9.14M (Peak 9.75M) | Time:00:00.00 | Mem:0.11M, Peak:0.11M | Scene, ViewLayer | Updating Lights
Fra:1 Mem:9.14M (Peak 9.75M) | Time:00:00.00 | Mem:0.11M, Peak:0.11M | Scene, ViewLayer | Updating Lights | Computing tree
Fra:1 Mem:9.14M (Peak 9.75M) | Time:00:00.00 | Mem:0.12M, Peak:0.12M | Scene, ViewLayer | Updating Integrator
Fra:1 Mem:9.14M (Peak 9.75M) | Time:00:00.00 | Mem:0.12M, Peak:0.12M | Scene, ViewLayer | Updating Film
Fra:1 Mem:9.15M (Peak 9.75M) | Time:00:00.00 | Mem:0.04M, Peak:0.12M | Scene, ViewLayer | Updating Lookup Tables
Fra:1 Mem:9.15M (Peak 9.75M) | Time:00:00.00 | Mem:0.13M, Peak:0.13M | Scene, ViewLayer | Updating Baking
Fra:1 Mem:9.15M (Peak 9.75M) | Time:00:00.00 | Mem:0.13M, Peak:0.13M | Scene, ViewLayer | Updating Device | Writing constant memory
Fra:1 Mem:9.15M (Peak 9.75M) | Time:00:00.00 | Mem:0.13M, Peak:0.13M | Scene, ViewLayer | Sample 0/8
Fra:1 Mem:9.75M (Peak 9.75M) | Time:00:00.00 | Remaining:00:00.01 | Mem:0.69M, Peak:0.69M | Scene, ViewLayer | Sample 1/8
Fra:1 Mem:10.00M (Peak 10.00M) | Time:00:00.02 | Mem:0.69M, Peak:0.69M | Scene, ViewLayer | Sample 8/8
Fra:1 Mem:10.00M (Peak 10.00M) | Time:00:00.02 | Mem:0.69M, Peak:0.69M | Scene, ViewLayer | Finished
Saved: '/home/terence/Documents/Codex/2026-09-06/realtime-voice-chat-3/outputs/butterfly-method-comparison/blender-v2/raw/view180_frame00.png'
Time: 00:00.02 (Saving: 00:00.00)

Fra:1 Mem:9.74M (Peak 9.74M) | Time:00:00.00 | Mem:0.00M, Peak:0.00M | Scene, ViewLayer | Synchronizing object | Thorax
Fra:1 Mem:9.74M (Peak 9.74M) | Time:00:00.00 | Mem:0.00M, Peak:0.00M | Scene, ViewLayer | Synchronizing object | L continuous fore-hind wing
Fra:1 Mem:9.74M (Peak 9.74M) | Time:00:00.00 | Mem:0.00M, Peak:0.00M | Scene, ViewLayer | Synchronizing object | Abdomen
Fra:1 Mem:9.74M (Peak 9.74M) | Time:00:00.00 | Mem:0.00M, Peak:0.00M | Scene, ViewLayer | Synchronizing object | Abdomen tip
Fra:1 Mem:9.75M (Peak 9.75M) | Time:00:00.00 | Mem:0.00M, Peak:0.00M | Scene, ViewLayer | Synchronizing object | Antenna
Fra:1 Mem:9.75M (Peak 9.75M) | Time:00:00.00 | Mem:0.00M, Peak:0.00M | Scene, ViewLayer | Synchronizing object | Antenna.001
Fra:1 Mem:9.75M (Peak 9.75M) | Time:00:00.00 | Mem:0.00M, Peak:0.00M | Scene, ViewLayer | Initializing
Fra:1 Mem:9.04M (Peak 9.75M) | Time:00:00.00 | Mem:0.00M, Peak:0.00M | Scene, ViewLayer | Waiting for render to start
Fra:1 Mem:9.04M (Peak 9.75M) | Time:00:00.00 | Mem:0.00M, Peak:0.00M | Scene, ViewLayer | Updating Scene
Fra:1 Mem:9.04M (Peak 9.75M) | Time:00:00.00 | Mem:0.00M, Peak:0.00M | Scene, ViewLayer | Updating Shaders
Fra:1 Mem:9.04M (Peak 9.75M) | Time:00:00.00 | Mem:0.00M, Peak:0.00M | Scene, ViewLayer | Loading render kernels (may take a few minutes the first time)
Fra:1 Mem:9.13M (Peak 9.75M) | Time:00:00.00 | Mem:0.00M, Peak:0.00M | Scene, ViewLayer | Updating Procedurals
Fra:1 Mem:9.13M (Peak 9.75M) | Time:00:00.00 | Mem:0.00M, Peak:0.00M | Scene, ViewLayer | Updating Background
Fra:1 Mem:9.13M (Peak 9.75M) | Time:00:00.00 | Mem:0.00M, Peak:0.00M | Scene, ViewLayer | Updating Camera
Fra:1 Mem:9.13M (Peak 9.75M) | Time:00:00.00 | Mem:0.00M, Peak:0.00M | Scene, ViewLayer | Updating Meshes Flags
Fra:1 Mem:9.13M (Peak 9.75M) | Time:00:00.00 | Mem:0.00M, Peak:0.00M | Scene, ViewLayer | Updating Objects
Fra:1 Mem:9.13M (Peak 9.75M) | Time:00:00.00 | Mem:0.00M, Peak:0.00M | Scene, ViewLayer | Updating Objects | Copying Transformations to device
Fra:1 Mem:9.13M (Peak 9.75M) | Time:00:00.00 | Mem:0.01M, Peak:0.01M | Scene, ViewLayer | Updating Particle Systems
Fra:1 Mem:9.13M (Peak 9.75M) | Time:00:00.00 | Mem:0.01M, Peak:0.01M | Scene, ViewLayer | Updating Particle Systems | Copying Particles to device
Fra:1 Mem:9.13M (Peak 9.75M) | Time:00:00.00 | Mem:0.01M, Peak:0.01M | Scene, ViewLayer | Updating Meshes
Fra:1 Mem:9.13M (Peak 9.75M) | Time:00:00.00 | Mem:0.01M, Peak:0.01M | Scene, ViewLayer | Updating Objects | Applying Static Transformations
Fra:1 Mem:9.13M (Peak 9.75M) | Time:00:00.00 | Mem:0.01M, Peak:0.01M | Scene, ViewLayer | Updating Mesh | Computing attributes
Fra:1 Mem:9.13M (Peak 9.75M) | Time:00:00.00 | Mem:0.01M, Peak:0.01M | Scene, ViewLayer | Updating Mesh | Copying Attributes to device
Fra:1 Mem:9.13M (Peak 9.75M) | Time:00:00.00 | Mem:0.01M, Peak:0.01M | Scene, ViewLayer | Updating Scene BVH | Building
Fra:1 Mem:9.13M (Peak 9.75M) | Time:00:00.00 | Mem:0.01M, Peak:0.01M | Scene, ViewLayer | Updating Scene BVH | Building BVH
Fra:1 Mem:9.13M (Peak 9.75M) | Time:00:00.00 | Mem:0.02M, Peak:0.03M | Scene, ViewLayer | Updating Scene BVH | Copying BVH to device
Fra:1 Mem:9.13M (Peak 9.75M) | Time:00:00.00 | Mem:0.02M, Peak:0.03M | Scene, ViewLayer | Updating Mesh | Computing normals
Fra:1 Mem:9.14M (Peak 9.75M) | Time:00:00.00 | Mem:0.02M, Peak:0.03M | Scene, ViewLayer | Updating Mesh | Copying Mesh to device
Fra:1 Mem:9.14M (Peak 9.75M) | Time:00:00.00 | Mem:0.03M, Peak:0.03M | Scene, ViewLayer | Updating Objects Flags
Fra:1 Mem:9.14M (Peak 9.75M) | Time:00:00.00 | Mem:0.03M, Peak:0.03M | Scene, ViewLayer | Updating Primitive Offsets
Fra:1 Mem:9.14M (Peak 9.75M) | Time:00:00.00 | Mem:0.03M, Peak:0.03M | Scene, ViewLayer | Updating Images
Fra:1 Mem:9.14M (Peak 9.75M) | Time:00:00.00 | Mem:0.03M, Peak:0.03M | Scene, ViewLayer | Updating Camera Volume
Fra:1 Mem:9.14M (Peak 9.75M) | Time:00:00.00 | Mem:0.03M, Peak:0.03M | Scene, ViewLayer | Updating Lookup Tables
Fra:1 Mem:9.14M (Peak 9.75M) | Time:00:00.00 | Mem:0.11M, Peak:0.11M | Scene, ViewLayer | Updating Lights
Fra:1 Mem:9.14M (Peak 9.75M) | Time:00:00.00 | Mem:0.11M, Peak:0.11M | Scene, ViewLayer | Updating Lights | Computing tree
Fra:1 Mem:9.14M (Peak 9.75M) | Time:00:00.00 | Mem:0.12M, Peak:0.12M | Scene, ViewLayer | Updating Integrator
Fra:1 Mem:9.14M (Peak 9.75M) | Time:00:00.00 | Mem:0.12M, Peak:0.12M | Scene, ViewLayer | Updating Film
Fra:1 Mem:9.15M (Peak 9.75M) | Time:00:00.00 | Mem:0.04M, Peak:0.12M | Scene, ViewLayer | Updating Lookup Tables
Fra:1 Mem:9.15M (Peak 9.75M) | Time:00:00.00 | Mem:0.13M, Peak:0.13M | Scene, ViewLayer | Updating Baking
Fra:1 Mem:9.15M (Peak 9.75M) | Time:00:00.00 | Mem:0.13M, Peak:0.13M | Scene, ViewLayer | Updating Device | Writing constant memory
Fra:1 Mem:9.15M (Peak 9.75M) | Time:00:00.00 | Mem:0.13M, Peak:0.13M | Scene, ViewLayer | Sample 0/1
Fra:1 Mem:9.20M (Peak 9.75M) | Time:00:00.00 | Mem:0.13M, Peak:0.13M | Scene, ViewLayer | Sample 1/1
Fra:1 Mem:9.20M (Peak 9.75M) | Time:00:00.00 | Mem:0.13M, Peak:0.13M | Scene, ViewLayer | Finished
Saved: '/home/terence/Documents/Codex/2026-09-06/realtime-voice-chat-3/outputs/butterfly-method-comparison/blender-v2/raw/native16/view180_frame00.png'
Time: 00:00.00 (Saving: 00:00.00)

Fra:1 Mem:9.74M (Peak 9.74M) | Time:00:00.00 | Mem:0.00M, Peak:0.00M | Scene, ViewLayer | Synchronizing object | Thorax
Fra:1 Mem:9.74M (Peak 9.74M) | Time:00:00.00 | Mem:0.00M, Peak:0.00M | Scene, ViewLayer | Synchronizing object | L continuous fore-hind wing
Fra:1 Mem:9.74M (Peak 9.74M) | Time:00:00.00 | Mem:0.00M, Peak:0.00M | Scene, ViewLayer | Synchronizing object | Abdomen tip
Fra:1 Mem:9.74M (Peak 9.74M) | Time:00:00.00 | Mem:0.00M, Peak:0.00M | Scene, ViewLayer | Synchronizing object | Antenna
Fra:1 Mem:9.74M (Peak 9.74M) | Time:00:00.00 | Mem:0.00M, Peak:0.00M | Scene, ViewLayer | Synchronizing object | Antenna.001
Fra:1 Mem:9.75M (Peak 9.75M) | Time:00:00.00 | Mem:0.00M, Peak:0.00M | Scene, ViewLayer | Initializing
Fra:1 Mem:9.04M (Peak 9.75M) | Time:00:00.00 | Mem:0.00M, Peak:0.00M | Scene, ViewLayer | Waiting for render to start
Fra:1 Mem:9.04M (Peak 9.75M) | Time:00:00.00 | Mem:0.00M, Peak:0.00M | Scene, ViewLayer | Updating Scene
Fra:1 Mem:9.04M (Peak 9.75M) | Time:00:00.00 | Mem:0.00M, Peak:0.00M | Scene, ViewLayer | Updating Shaders
Fra:1 Mem:9.04M (Peak 9.75M) | Time:00:00.00 | Mem:0.00M, Peak:0.00M | Scene, ViewLayer | Loading render kernels (may take a few minutes the first time)
Fra:1 Mem:9.13M (Peak 9.75M) | Time:00:00.00 | Mem:0.00M, Peak:0.00M | Scene, ViewLayer | Updating Procedurals
Fra:1 Mem:9.13M (Peak 9.75M) | Time:00:00.00 | Mem:0.00M, Peak:0.00M | Scene, ViewLayer | Updating Background
Fra:1 Mem:9.13M (Peak 9.75M) | Time:00:00.00 | Mem:0.00M, Peak:0.00M | Scene, ViewLayer | Updating Camera
Fra:1 Mem:9.13M (Peak 9.75M) | Time:00:00.00 | Mem:0.00M, Peak:0.00M | Scene, ViewLayer | Updating Meshes Flags
Fra:1 Mem:9.13M (Peak 9.75M) | Time:00:00.00 | Mem:0.00M, Peak:0.00M | Scene, ViewLayer | Updating Objects
Fra:1 Mem:9.13M (Peak 9.75M) | Time:00:00.00 | Mem:0.00M, Peak:0.00M | Scene, ViewLayer | Updating Objects | Copying Transformations to device
Fra:1 Mem:9.13M (Peak 9.75M) | Time:00:00.00 | Mem:0.01M, Peak:0.01M | Scene, ViewLayer | Updating Particle Systems
Fra:1 Mem:9.13M (Peak 9.75M) | Time:00:00.00 | Mem:0.01M, Peak:0.01M | Scene, ViewLayer | Updating Particle Systems | Copying Particles to device
Fra:1 Mem:9.13M (Peak 9.75M) | Time:00:00.00 | Mem:0.01M, Peak:0.01M | Scene, ViewLayer | Updating Meshes
Fra:1 Mem:9.13M (Peak 9.75M) | Time:00:00.00 | Mem:0.01M, Peak:0.01M | Scene, ViewLayer | Updating Objects | Applying Static Transformations
Fra:1 Mem:9.13M (Peak 9.75M) | Time:00:00.00 | Mem:0.01M, Peak:0.01M | Scene, ViewLayer | Updating Mesh | Computing attributes
Fra:1 Mem:9.13M (Peak 9.75M) | Time:00:00.00 | Mem:0.01M, Peak:0.01M | Scene, ViewLayer | Updating Mesh | Copying Attributes to device
Fra:1 Mem:9.13M (Peak 9.75M) | Time:00:00.00 | Mem:0.01M, Peak:0.01M | Scene, ViewLayer | Updating Scene BVH | Building
Fra:1 Mem:9.13M (Peak 9.75M) | Time:00:00.00 | Mem:0.01M, Peak:0.01M | Scene, ViewLayer | Updating Scene BVH | Building BVH
Fra:1 Mem:9.13M (Peak 9.75M) | Time:00:00.00 | Mem:0.02M, Peak:0.03M | Scene, ViewLayer | Updating Scene BVH | Copying BVH to device
Fra:1 Mem:9.13M (Peak 9.75M) | Time:00:00.00 | Mem:0.02M, Peak:0.03M | Scene, ViewLayer | Updating Mesh | Computing normals
Fra:1 Mem:9.14M (Peak 9.75M) | Time:00:00.00 | Mem:0.02M, Peak:0.03M | Scene, ViewLayer | Updating Mesh | Copying Mesh to device
Fra:1 Mem:9.14M (Peak 9.75M) | Time:00:00.00 | Mem:0.03M, Peak:0.03M | Scene, ViewLayer | Updating Objects Flags
Fra:1 Mem:9.14M (Peak 9.75M) | Time:00:00.00 | Mem:0.03M, Peak:0.03M | Scene, ViewLayer | Updating Primitive Offsets
Fra:1 Mem:9.14M (Peak 9.75M) | Time:00:00.00 | Mem:0.03M, Peak:0.03M | Scene, ViewLayer | Updating Images
Fra:1 Mem:9.14M (Peak 9.75M) | Time:00:00.00 | Mem:0.03M, Peak:0.03M | Scene, ViewLayer | Updating Camera Volume
Fra:1 Mem:9.14M (Peak 9.75M) | Time:00:00.00 | Mem:0.03M, Peak:0.03M | Scene, ViewLayer | Updating Lookup Tables
Fra:1 Mem:9.14M (Peak 9.75M) | Time:00:00.00 | Mem:0.11M, Peak:0.11M | Scene, ViewLayer | Updating Lights
Fra:1 Mem:9.14M (Peak 9.75M) | Time:00:00.00 | Mem:0.11M, Peak:0.11M | Scene, ViewLayer | Updating Lights | Computing tree
Fra:1 Mem:9.14M (Peak 9.75M) | Time:00:00.00 | Mem:0.12M, Peak:0.12M | Scene, ViewLayer | Updating Integrator
Fra:1 Mem:9.14M (Peak 9.75M) | Time:00:00.00 | Mem:0.12M, Peak:0.12M | Scene, ViewLayer | Updating Film
Fra:1 Mem:9.15M (Peak 9.75M) | Time:00:00.00 | Mem:0.04M, Peak:0.12M | Scene, ViewLayer | Updating Lookup Tables
Fra:1 Mem:9.15M (Peak 9.75M) | Time:00:00.00 | Mem:0.13M, Peak:0.13M | Scene, ViewLayer | Updating Baking
Fra:1 Mem:9.15M (Peak 9.75M) | Time:00:00.00 | Mem:0.13M, Peak:0.13M | Scene, ViewLayer | Updating Device | Writing constant memory
Fra:1 Mem:9.15M (Peak 9.75M) | Time:00:00.00 | Mem:0.13M, Peak:0.13M | Scene, ViewLayer | Sample 0/1
Fra:1 Mem:9.24M (Peak 9.75M) | Time:00:00.00 | Mem:0.16M, Peak:0.16M | Scene, ViewLayer | Sample 1/1
Fra:1 Mem:9.24M (Peak 9.75M) | Time:00:00.00 | Mem:0.16M, Peak:0.16M | Scene, ViewLayer | Finished
Saved: '/home/terence/Documents/Codex/2026-09-06/realtime-voice-chat-3/outputs/butterfly-method-comparison/blender-v2/raw/native32/view180_frame00.png'
Time: 00:00.00 (Saving: 00:00.00)

Fra:1 Mem:9.67M (Peak 9.67M) | Time:00:00.00 | Mem:0.00M, Peak:0.00M | Scene, ViewLayer | Synchronizing object | Thorax
Fra:1 Mem:9.67M (Peak 9.67M) | Time:00:00.00 | Mem:0.00M, Peak:0.00M | Scene, ViewLayer | Synchronizing object | Antenna.001
Fra:1 Mem:9.67M (Peak 9.67M) | Time:00:00.00 | Mem:0.00M, Peak:0.00M | Scene, ViewLayer | Synchronizing object | Abdomen
Fra:1 Mem:9.67M (Peak 9.67M) | Time:00:00.00 | Mem:0.00M, Peak:0.00M | Scene, ViewLayer | Synchronizing object | Antenna
Fra:1 Mem:9.68M (Peak 9.68M) | Time:00:00.00 | Mem:0.00M, Peak:0.00M | Scene, ViewLayer | Initializing
Fra:1 Mem:9.03M (Peak 9.68M) | Time:00:00.00 | Mem:0.00M, Peak:0.00M | Scene, ViewLayer | Waiting for render to start
Fra:1 Mem:9.03M (Peak 9.68M) | Time:00:00.00 | Mem:0.00M, Peak:0.00M | Scene, ViewLayer | Updating Scene
Fra:1 Mem:9.03M (Peak 9.68M) | Time:00:00.00 | Mem:0.00M, Peak:0.00M | Scene, ViewLayer | Updating Shaders
Fra:1 Mem:9.03M (Peak 9.68M) | Time:00:00.00 | Mem:0.00M, Peak:0.00M | Scene, ViewLayer | Loading render kernels (may take a few minutes the first time)
Fra:1 Mem:9.12M (Peak 9.68M) | Time:00:00.00 | Mem:0.00M, Peak:0.00M | Scene, ViewLayer | Updating Procedurals
Fra:1 Mem:9.12M (Peak 9.68M) | Time:00:00.00 | Mem:0.00M, Peak:0.00M | Scene, ViewLayer | Updating Background
Fra:1 Mem:9.12M (Peak 9.68M) | Time:00:00.00 | Mem:0.00M, Peak:0.00M | Scene, ViewLayer | Updating Camera
Fra:1 Mem:9.12M (Peak 9.68M) | Time:00:00.00 | Mem:0.00M, Peak:0.00M | Scene, ViewLayer | Updating Meshes Flags
Fra:1 Mem:9.12M (Peak 9.68M) | Time:00:00.00 | Mem:0.00M, Peak:0.00M | Scene, ViewLayer | Updating Objects
Fra:1 Mem:9.12M (Peak 9.68M) | Time:00:00.00 | Mem:0.00M, Peak:0.00M | Scene, ViewLayer | Updating Objects | Copying Transformations to device
Fra:1 Mem:9.12M (Peak 9.68M) | Time:00:00.00 | Mem:0.00M, Peak:0.00M | Scene, ViewLayer | Updating Particle Systems
Fra:1 Mem:9.12M (Peak 9.68M) | Time:00:00.00 | Mem:0.00M, Peak:0.00M | Scene, ViewLayer | Updating Particle Systems | Copying Particles to device
Fra:1 Mem:9.12M (Peak 9.68M) | Time:00:00.00 | Mem:0.00M, Peak:0.00M | Scene, ViewLayer | Updating Meshes
Fra:1 Mem:9.12M (Peak 9.68M) | Time:00:00.00 | Mem:0.00M, Peak:0.00M | Scene, ViewLayer | Updating Objects | Applying Static Transformations
Fra:1 Mem:9.12M (Peak 9.68M) | Time:00:00.00 | Mem:0.00M, Peak:0.00M | Scene, ViewLayer | Updating Mesh | Computing attributes
Fra:1 Mem:9.12M (Peak 9.68M) | Time:00:00.00 | Mem:0.01M, Peak:0.01M | Scene, ViewLayer | Updating Mesh | Copying Attributes to device
Fra:1 Mem:9.12M (Peak 9.68M) | Time:00:00.00 | Mem:0.01M, Peak:0.01M | Scene, ViewLayer | Updating Scene BVH | Building
Fra:1 Mem:9.12M (Peak 9.68M) | Time:00:00.00 | Mem:0.01M, Peak:0.01M | Scene, ViewLayer | Updating Scene BVH | Building BVH
Fra:1 Mem:9.12M (Peak 9.68M) | Time:00:00.00 | Mem:0.01M, Peak:0.01M | Scene, ViewLayer | Updating Scene BVH | Copying BVH to device
Fra:1 Mem:9.12M (Peak 9.68M) | Time:00:00.00 | Mem:0.01M, Peak:0.01M | Scene, ViewLayer | Updating Mesh | Computing normals
Fra:1 Mem:9.12M (Peak 9.68M) | Time:00:00.00 | Mem:0.01M, Peak:0.01M | Scene, ViewLayer | Updating Mesh | Copying Mesh to device
Fra:1 Mem:9.12M (Peak 9.68M) | Time:00:00.00 | Mem:0.01M, Peak:0.01M | Scene, ViewLayer | Updating Objects Flags
Fra:1 Mem:9.12M (Peak 9.68M) | Time:00:00.00 | Mem:0.01M, Peak:0.01M | Scene, ViewLayer | Updating Primitive Offsets
Fra:1 Mem:9.12M (Peak 9.68M) | Time:00:00.00 | Mem:0.01M, Peak:0.01M | Scene, ViewLayer | Updating Images
Fra:1 Mem:9.12M (Peak 9.68M) | Time:00:00.00 | Mem:0.01M, Peak:0.01M | Scene, ViewLayer | Updating Camera Volume
Fra:1 Mem:9.12M (Peak 9.68M) | Time:00:00.00 | Mem:0.01M, Peak:0.01M | Scene, ViewLayer | Updating Lookup Tables
Fra:1 Mem:9.12M (Peak 9.68M) | Time:00:00.00 | Mem:0.09M, Peak:0.09M | Scene, ViewLayer | Updating Lights
Fra:1 Mem:9.12M (Peak 9.68M) | Time:00:00.00 | Mem:0.09M, Peak:0.09M | Scene, ViewLayer | Updating Lights | Computing tree
Fra:1 Mem:9.12M (Peak 9.68M) | Time:00:00.00 | Mem:0.09M, Peak:0.09M | Scene, ViewLayer | Updating Integrator
Fra:1 Mem:9.12M (Peak 9.68M) | Time:00:00.00 | Mem:0.09M, Peak:0.09M | Scene, ViewLayer | Updating Film
Fra:1 Mem:9.13M (Peak 9.68M) | Time:00:00.00 | Mem:0.01M, Peak:0.09M | Scene, ViewLayer | Updating Lookup Tables
Fra:1 Mem:9.13M (Peak 9.68M) | Time:00:00.00 | Mem:0.10M, Peak:0.10M | Scene, ViewLayer | Updating Baking
Fra:1 Mem:9.13M (Peak 9.68M) | Time:00:00.00 | Mem:0.10M, Peak:0.10M | Scene, ViewLayer | Updating Device | Writing constant memory
Fra:1 Mem:9.13M (Peak 9.68M) | Time:00:00.00 | Mem:0.10M, Peak:0.10M | Scene, ViewLayer | Sample 0/1
Fra:1 Mem:9.18M (Peak 9.68M) | Time:00:00.00 | Mem:0.11M, Peak:0.11M | Scene, ViewLayer | Sample 1/1
Fra:1 Mem:9.18M (Peak 9.68M) | Time:00:00.00 | Mem:0.11M, Peak:0.11M | Scene, ViewLayer | Finished
Saved: '/home/terence/Documents/Codex/2026-09-06/realtime-voice-chat-3/outputs/butterfly-method-comparison/blender-v2/raw/body-only/view180_frame00.png'
Time: 00:00.00 (Saving: 00:00.00)

Fra:1 Mem:9.71M (Peak 9.71M) | Time:00:00.00 | Mem:0.00M, Peak:0.00M | Scene, ViewLayer | Synchronizing object | Thorax
Fra:1 Mem:9.71M (Peak 9.71M) | Time:00:00.00 | Mem:0.00M, Peak:0.00M | Scene, ViewLayer | Synchronizing object | Abdomen
Fra:1 Mem:9.71M (Peak 9.71M) | Time:00:00.00 | Mem:0.00M, Peak:0.00M | Scene, ViewLayer | Synchronizing object | Abdomen tip
Fra:1 Mem:9.71M (Peak 9.71M) | Time:00:00.00 | Mem:0.00M, Peak:0.00M | Scene, ViewLayer | Synchronizing object | Antenna
Fra:1 Mem:9.72M (Peak 9.72M) | Time:00:00.00 | Mem:0.00M, Peak:0.00M | Scene, ViewLayer | Synchronizing object | R continuous fore-hind wing
Fra:1 Mem:9.72M (Peak 9.72M) | Time:00:00.00 | Mem:0.00M, Peak:0.00M | Scene, ViewLayer | Initializing
Fra:1 Mem:9.03M (Peak 9.72M) | Time:00:00.00 | Mem:0.00M, Peak:0.00M | Scene, ViewLayer | Waiting for render to start
Fra:1 Mem:9.03M (Peak 9.72M) | Time:00:00.00 | Mem:0.00M, Peak:0.00M | Scene, ViewLayer | Updating Scene
Fra:1 Mem:9.03M (Peak 9.72M) | Time:00:00.00 | Mem:0.00M, Peak:0.00M | Scene, ViewLayer | Updating Shaders
Fra:1 Mem:9.03M (Peak 9.72M) | Time:00:00.00 | Mem:0.00M, Peak:0.00M | Scene, ViewLayer | Loading render kernels (may take a few minutes the first time)
Fra:1 Mem:9.11M (Peak 9.72M) | Time:00:00.00 | Mem:0.00M, Peak:0.00M | Scene, ViewLayer | Updating Procedurals
Fra:1 Mem:9.11M (Peak 9.72M) | Time:00:00.00 | Mem:0.00M, Peak:0.00M | Scene, ViewLayer | Updating Background
Fra:1 Mem:9.11M (Peak 9.72M) | Time:00:00.00 | Mem:0.00M, Peak:0.00M | Scene, ViewLayer | Updating Camera
Fra:1 Mem:9.11M (Peak 9.72M) | Time:00:00.00 | Mem:0.00M, Peak:0.00M | Scene, ViewLayer | Updating Meshes Flags
Fra:1 Mem:9.11M (Peak 9.72M) | Time:00:00.00 | Mem:0.00M, Peak:0.00M | Scene, ViewLayer | Updating Objects
Fra:1 Mem:9.11M (Peak 9.72M) | Time:00:00.00 | Mem:0.00M, Peak:0.00M | Scene, ViewLayer | Updating Objects | Copying Transformations to device
Fra:1 Mem:9.11M (Peak 9.72M) | Time:00:00.00 | Mem:0.01M, Peak:0.01M | Scene, ViewLayer | Updating Particle Systems
Fra:1 Mem:9.11M (Peak 9.72M) | Time:00:00.00 | Mem:0.01M, Peak:0.01M | Scene, ViewLayer | Updating Particle Systems | Copying Particles to device
Fra:1 Mem:9.11M (Peak 9.72M) | Time:00:00.00 | Mem:0.01M, Peak:0.01M | Scene, ViewLayer | Updating Meshes
Fra:1 Mem:9.11M (Peak 9.72M) | Time:00:00.00 | Mem:0.01M, Peak:0.01M | Scene, ViewLayer | Updating Objects | Applying Static Transformations
Fra:1 Mem:9.11M (Peak 9.72M) | Time:00:00.00 | Mem:0.01M, Peak:0.01M | Scene, ViewLayer | Updating Mesh | Computing attributes
Fra:1 Mem:9.12M (Peak 9.72M) | Time:00:00.00 | Mem:0.01M, Peak:0.01M | Scene, ViewLayer | Updating Mesh | Copying Attributes to device
Fra:1 Mem:9.12M (Peak 9.72M) | Time:00:00.00 | Mem:0.01M, Peak:0.01M | Scene, ViewLayer | Updating Scene BVH | Building
Fra:1 Mem:9.12M (Peak 9.72M) | Time:00:00.00 | Mem:0.01M, Peak:0.01M | Scene, ViewLayer | Updating Scene BVH | Building BVH
Fra:1 Mem:9.12M (Peak 9.72M) | Time:00:00.00 | Mem:0.02M, Peak:0.03M | Scene, ViewLayer | Updating Scene BVH | Copying BVH to device
Fra:1 Mem:9.12M (Peak 9.72M) | Time:00:00.00 | Mem:0.02M, Peak:0.03M | Scene, ViewLayer | Updating Mesh | Computing normals
Fra:1 Mem:9.12M (Peak 9.72M) | Time:00:00.00 | Mem:0.02M, Peak:0.03M | Scene, ViewLayer | Updating Mesh | Copying Mesh to device
Fra:1 Mem:9.12M (Peak 9.72M) | Time:00:00.00 | Mem:0.03M, Peak:0.03M | Scene, ViewLayer | Updating Objects Flags
Fra:1 Mem:9.12M (Peak 9.72M) | Time:00:00.00 | Mem:0.03M, Peak:0.03M | Scene, ViewLayer | Updating Primitive Offsets
Fra:1 Mem:9.12M (Peak 9.72M) | Time:00:00.00 | Mem:0.03M, Peak:0.03M | Scene, ViewLayer | Updating Images
Fra:1 Mem:9.12M (Peak 9.72M) | Time:00:00.00 | Mem:0.03M, Peak:0.03M | Scene, ViewLayer | Updating Camera Volume
Fra:1 Mem:9.12M (Peak 9.72M) | Time:00:00.00 | Mem:0.03M, Peak:0.03M | Scene, ViewLayer | Updating Lookup Tables
Fra:1 Mem:9.12M (Peak 9.72M) | Time:00:00.00 | Mem:0.11M, Peak:0.11M | Scene, ViewLayer | Updating Lights
Fra:1 Mem:9.12M (Peak 9.72M) | Time:00:00.00 | Mem:0.11M, Peak:0.11M | Scene, ViewLayer | Updating Lights | Computing tree
Fra:1 Mem:9.13M (Peak 9.72M) | Time:00:00.00 | Mem:0.12M, Peak:0.12M | Scene, ViewLayer | Updating Integrator
Fra:1 Mem:9.13M (Peak 9.72M) | Time:00:00.00 | Mem:0.12M, Peak:0.12M | Scene, ViewLayer | Updating Film
Fra:1 Mem:9.13M (Peak 9.72M) | Time:00:00.00 | Mem:0.04M, Peak:0.12M | Scene, ViewLayer | Updating Lookup Tables
Fra:1 Mem:9.13M (Peak 9.72M) | Time:00:00.00 | Mem:0.13M, Peak:0.13M | Scene, ViewLayer | Updating Baking
Fra:1 Mem:9.13M (Peak 9.72M) | Time:00:00.00 | Mem:0.13M, Peak:0.13M | Scene, ViewLayer | Updating Device | Writing constant memory
Fra:1 Mem:9.14M (Peak 9.72M) | Time:00:00.00 | Mem:0.13M, Peak:0.13M | Scene, ViewLayer | Sample 0/1
Fra:1 Mem:9.19M (Peak 9.72M) | Time:00:00.00 | Mem:0.13M, Peak:0.13M | Scene, ViewLayer | Sample 1/1
Fra:1 Mem:9.19M (Peak 9.72M) | Time:00:00.00 | Mem:0.13M, Peak:0.13M | Scene, ViewLayer | Finished
Saved: '/home/terence/Documents/Codex/2026-09-06/realtime-voice-chat-3/outputs/butterfly-method-comparison/blender-v2/raw/no-abdomen-lag/view180_frame00.png'
Time: 00:00.00 (Saving: 00:00.00)

Fra:1 Mem:9.69M (Peak 9.69M) | Time:00:00.00 | Mem:0.00M, Peak:0.00M | Scene, ViewLayer | Synchronizing object | Thorax
Fra:1 Mem:9.69M (Peak 9.69M) | Time:00:00.00 | Mem:0.00M, Peak:0.00M | Scene, ViewLayer | Synchronizing object | Abdomen
Fra:1 Mem:9.69M (Peak 9.69M) | Time:00:00.00 | Mem:0.00M, Peak:0.00M | Scene, ViewLayer | Synchronizing object | L continuous fore-hind wing
Fra:1 Mem:9.69M (Peak 9.69M) | Time:00:00.00 | Mem:0.00M, Peak:0.00M | Scene, ViewLayer | Synchronizing object | Antenna.001
Fra:1 Mem:9.69M (Peak 9.69M) | Time:00:00.00 | Mem:0.00M, Peak:0.00M | Scene, ViewLayer | Synchronizing object | R continuous fore-hind wing
Fra:1 Mem:9.70M (Peak 9.70M) | Time:00:00.00 | Mem:0.00M, Peak:0.00M | Scene, ViewLayer | Initializing
Fra:1 Mem:9.02M (Peak 9.70M) | Time:00:00.00 | Mem:0.00M, Peak:0.00M | Scene, ViewLayer | Waiting for render to start
Fra:1 Mem:9.02M (Peak 9.70M) | Time:00:00.00 | Mem:0.00M, Peak:0.00M | Scene, ViewLayer | Updating Scene
Fra:1 Mem:9.02M (Peak 9.70M) | Time:00:00.00 | Mem:0.00M, Peak:0.00M | Scene, ViewLayer | Updating Shaders
Fra:1 Mem:9.02M (Peak 9.70M) | Time:00:00.00 | Mem:0.00M, Peak:0.00M | Scene, ViewLayer | Loading render kernels (may take a few minutes the first time)
Fra:1 Mem:9.10M (Peak 9.70M) | Time:00:00.00 | Mem:0.00M, Peak:0.00M | Scene, ViewLayer | Updating Procedurals
Fra:1 Mem:9.10M (Peak 9.70M) | Time:00:00.00 | Mem:0.00M, Peak:0.00M | Scene, ViewLayer | Updating Background
Fra:1 Mem:9.10M (Peak 9.70M) | Time:00:00.00 | Mem:0.00M, Peak:0.00M | Scene, ViewLayer | Updating Camera
Fra:1 Mem:9.10M (Peak 9.70M) | Time:00:00.00 | Mem:0.00M, Peak:0.00M | Scene, ViewLayer | Updating Meshes Flags
Fra:1 Mem:9.10M (Peak 9.70M) | Time:00:00.00 | Mem:0.00M, Peak:0.00M | Scene, ViewLayer | Updating Objects
Fra:1 Mem:9.10M (Peak 9.70M) | Time:00:00.00 | Mem:0.00M, Peak:0.00M | Scene, ViewLayer | Updating Objects | Copying Transformations to device
Fra:1 Mem:9.10M (Peak 9.70M) | Time:00:00.00 | Mem:0.01M, Peak:0.01M | Scene, ViewLayer | Updating Particle Systems
Fra:1 Mem:9.10M (Peak 9.70M) | Time:00:00.00 | Mem:0.01M, Peak:0.01M | Scene, ViewLayer | Updating Particle Systems | Copying Particles to device
Fra:1 Mem:9.10M (Peak 9.70M) | Time:00:00.00 | Mem:0.01M, Peak:0.01M | Scene, ViewLayer | Updating Meshes
Fra:1 Mem:9.10M (Peak 9.70M) | Time:00:00.00 | Mem:0.01M, Peak:0.01M | Scene, ViewLayer | Updating Objects | Applying Static Transformations
Fra:1 Mem:9.10M (Peak 9.70M) | Time:00:00.00 | Mem:0.01M, Peak:0.01M | Scene, ViewLayer | Updating Mesh | Computing attributes
Fra:1 Mem:9.11M (Peak 9.70M) | Time:00:00.00 | Mem:0.01M, Peak:0.01M | Scene, ViewLayer | Updating Mesh | Copying Attributes to device
Fra:1 Mem:9.11M (Peak 9.70M) | Time:00:00.00 | Mem:0.01M, Peak:0.01M | Scene, ViewLayer | Updating Scene BVH | Building
Fra:1 Mem:9.11M (Peak 9.70M) | Time:00:00.00 | Mem:0.01M, Peak:0.01M | Scene, ViewLayer | Updating Scene BVH | Building BVH
Fra:1 Mem:9.11M (Peak 9.70M) | Time:00:00.00 | Mem:0.02M, Peak:0.03M | Scene, ViewLayer | Updating Scene BVH | Copying BVH to device
Fra:1 Mem:9.11M (Peak 9.70M) | Time:00:00.00 | Mem:0.02M, Peak:0.03M | Scene, ViewLayer | Updating Mesh | Computing normals
Fra:1 Mem:9.11M (Peak 9.70M) | Time:00:00.00 | Mem:0.02M, Peak:0.03M | Scene, ViewLayer | Updating Mesh | Copying Mesh to device
Fra:1 Mem:9.11M (Peak 9.70M) | Time:00:00.00 | Mem:0.03M, Peak:0.03M | Scene, ViewLayer | Updating Objects Flags
Fra:1 Mem:9.11M (Peak 9.70M) | Time:00:00.00 | Mem:0.03M, Peak:0.03M | Scene, ViewLayer | Updating Primitive Offsets
Fra:1 Mem:9.11M (Peak 9.70M) | Time:00:00.00 | Mem:0.03M, Peak:0.03M | Scene, ViewLayer | Updating Images
Fra:1 Mem:9.11M (Peak 9.70M) | Time:00:00.00 | Mem:0.03M, Peak:0.03M | Scene, ViewLayer | Updating Camera Volume
Fra:1 Mem:9.11M (Peak 9.70M) | Time:00:00.00 | Mem:0.03M, Peak:0.03M | Scene, ViewLayer | Updating Lookup Tables
Fra:1 Mem:9.11M (Peak 9.70M) | Time:00:00.00 | Mem:0.11M, Peak:0.11M | Scene, ViewLayer | Updating Lights
Fra:1 Mem:9.11M (Peak 9.70M) | Time:00:00.00 | Mem:0.11M, Peak:0.11M | Scene, ViewLayer | Updating Lights | Computing tree
Fra:1 Mem:9.12M (Peak 9.70M) | Time:00:00.00 | Mem:0.12M, Peak:0.12M | Scene, ViewLayer | Updating Integrator
Fra:1 Mem:9.12M (Peak 9.70M) | Time:00:00.00 | Mem:0.12M, Peak:0.12M | Scene, ViewLayer | Updating Film
Fra:1 Mem:9.13M (Peak 9.70M) | Time:00:00.00 | Mem:0.04M, Peak:0.12M | Scene, ViewLayer | Updating Lookup Tables
Fra:1 Mem:9.13M (Peak 9.70M) | Time:00:00.00 | Mem:0.13M, Peak:0.13M | Scene, ViewLayer | Updating Baking
Fra:1 Mem:9.13M (Peak 9.70M) | Time:00:00.00 | Mem:0.13M, Peak:0.13M | Scene, ViewLayer | Updating Device | Writing constant memory
Fra:1 Mem:9.13M (Peak 9.70M) | Time:00:00.00 | Mem:0.13M, Peak:0.13M | Scene, ViewLayer | Sample 0/1
Fra:1 Mem:9.18M (Peak 9.70M) | Time:00:00.00 | Mem:0.13M, Peak:0.13M | Scene, ViewLayer | Sample 1/1
Fra:1 Mem:9.18M (Peak 9.70M) | Time:00:00.00 | Mem:0.13M, Peak:0.13M | Scene, ViewLayer | Finished
Saved: '/home/terence/Documents/Codex/2026-09-06/realtime-voice-chat-3/outputs/butterfly-method-comparison/blender-v2/raw/wing-only/view180_frame00.png'
Time: 00:00.00 (Saving: 00:00.00)

Fra:6 Mem:9.74M (Peak 9.74M) | Time:00:00.00 | Mem:0.00M, Peak:0.00M | Scene, ViewLayer | Synchronizing object | Thorax
Fra:6 Mem:9.74M (Peak 9.74M) | Time:00:00.00 | Mem:0.00M, Peak:0.00M | Scene, ViewLayer | Synchronizing object | L continuous fore-hind wing
Fra:6 Mem:9.74M (Peak 9.74M) | Time:00:00.00 | Mem:0.00M, Peak:0.00M | Scene, ViewLayer | Synchronizing object | Abdomen tip
Fra:6 Mem:9.74M (Peak 9.74M) | Time:00:00.00 | Mem:0.00M, Peak:0.00M | Scene, ViewLayer | Synchronizing object | Antenna.001
Fra:6 Mem:9.74M (Peak 9.74M) | Time:00:00.00 | Mem:0.00M, Peak:0.00M | Scene, ViewLayer | Synchronizing object | R continuous fore-hind wing
Fra:6 Mem:9.75M (Peak 9.75M) | Time:00:00.00 | Mem:0.00M, Peak:0.00M | Scene, ViewLayer | Initializing
Fra:6 Mem:9.04M (Peak 9.75M) | Time:00:00.00 | Mem:0.00M, Peak:0.00M | Scene, ViewLayer | Waiting for render to start
Fra:6 Mem:9.04M (Peak 9.75M) | Time:00:00.00 | Mem:0.00M, Peak:0.00M | Scene, ViewLayer | Updating Scene
Fra:6 Mem:9.04M (Peak 9.75M) | Time:00:00.00 | Mem:0.00M, Peak:0.00M | Scene, ViewLayer | Updating Shaders
Fra:6 Mem:9.04M (Peak 9.75M) | Time:00:00.00 | Mem:0.00M, Peak:0.00M | Scene, ViewLayer | Loading render kernels (may take a few minutes the first time)
Fra:6 Mem:9.13M (Peak 9.75M) | Time:00:00.00 | Mem:0.00M, Peak:0.00M | Scene, ViewLayer | Updating Procedurals
Fra:6 Mem:9.13M (Peak 9.75M) | Time:00:00.00 | Mem:0.00M, Peak:0.00M | Scene, ViewLayer | Updating Background
Fra:6 Mem:9.13M (Peak 9.75M) | Time:00:00.00 | Mem:0.00M, Peak:0.00M | Scene, ViewLayer | Updating Camera
Fra:6 Mem:9.13M (Peak 9.75M) | Time:00:00.00 | Mem:0.00M, Peak:0.00M | Scene, ViewLayer | Updating Meshes Flags
Fra:6 Mem:9.13M (Peak 9.75M) | Time:00:00.00 | Mem:0.00M, Peak:0.00M | Scene, ViewLayer | Updating Objects
Fra:6 Mem:9.13M (Peak 9.75M) | Time:00:00.00 | Mem:0.00M, Peak:0.00M | Scene, ViewLayer | Updating Objects | Copying Transformations to device
Fra:6 Mem:9.13M (Peak 9.75M) | Time:00:00.00 | Mem:0.01M, Peak:0.01M | Scene, ViewLayer | Updating Particle Systems
Fra:6 Mem:9.13M (Peak 9.75M) | Time:00:00.00 | Mem:0.01M, Peak:0.01M | Scene, ViewLayer | Updating Particle Systems | Copying Particles to device
Fra:6 Mem:9.13M (Peak 9.75M) | Time:00:00.00 | Mem:0.01M, Peak:0.01M | Scene, ViewLayer | Updating Meshes
Fra:6 Mem:9.13M (Peak 9.75M) | Time:00:00.00 | Mem:0.01M, Peak:0.01M | Scene, ViewLayer | Updating Objects | Applying Static Transformations
Fra:6 Mem:9.13M (Peak 9.75M) | Time:00:00.00 | Mem:0.01M, Peak:0.01M | Scene, ViewLayer | Updating Mesh | Computing attributes
Fra:6 Mem:9.13M (Peak 9.75M) | Time:00:00.00 | Mem:0.01M, Peak:0.01M | Scene, ViewLayer | Updating Mesh | Copying Attributes to device
Fra:6 Mem:9.13M (Peak 9.75M) | Time:00:00.00 | Mem:0.01M, Peak:0.01M | Scene, ViewLayer | Updating Scene BVH | Building
Fra:6 Mem:9.13M (Peak 9.75M) | Time:00:00.00 | Mem:0.01M, Peak:0.01M | Scene, ViewLayer | Updating Scene BVH | Building BVH
Fra:6 Mem:9.13M (Peak 9.75M) | Time:00:00.00 | Mem:0.02M, Peak:0.03M | Scene, ViewLayer | Updating Scene BVH | Copying BVH to device
Fra:6 Mem:9.13M (Peak 9.75M) | Time:00:00.00 | Mem:0.02M, Peak:0.03M | Scene, ViewLayer | Updating Mesh | Computing normals
Fra:6 Mem:9.14M (Peak 9.75M) | Time:00:00.00 | Mem:0.02M, Peak:0.03M | Scene, ViewLayer | Updating Mesh | Copying Mesh to device
Fra:6 Mem:9.14M (Peak 9.75M) | Time:00:00.00 | Mem:0.03M, Peak:0.03M | Scene, ViewLayer | Updating Objects Flags
Fra:6 Mem:9.14M (Peak 9.75M) | Time:00:00.00 | Mem:0.03M, Peak:0.03M | Scene, ViewLayer | Updating Primitive Offsets
Fra:6 Mem:9.14M (Peak 9.75M) | Time:00:00.00 | Mem:0.03M, Peak:0.03M | Scene, ViewLayer | Updating Images
Fra:6 Mem:9.14M (Peak 9.75M) | Time:00:00.00 | Mem:0.03M, Peak:0.03M | Scene, ViewLayer | Updating Camera Volume
Fra:6 Mem:9.14M (Peak 9.75M) | Time:00:00.00 | Mem:0.03M, Peak:0.03M | Scene, ViewLayer | Updating Lookup Tables
Fra:6 Mem:9.14M (Peak 9.75M) | Time:00:00.00 | Mem:0.11M, Peak:0.11M | Scene, ViewLayer | Updating Lights
Fra:6 Mem:9.14M (Peak 9.75M) | Time:00:00.00 | Mem:0.11M, Peak:0.11M | Scene, ViewLayer | Updating Lights | Computing tree
Fra:6 Mem:9.14M (Peak 9.75M) | Time:00:00.00 | Mem:0.12M, Peak:0.12M | Scene, ViewLayer | Updating Integrator
Fra:6 Mem:9.14M (Peak 9.75M) | Time:00:00.00 | Mem:0.12M, Peak:0.12M | Scene, ViewLayer | Updating Film
Fra:6 Mem:9.15M (Peak 9.75M) | Time:00:00.00 | Mem:0.04M, Peak:0.12M | Scene, ViewLayer | Updating Lookup Tables
Fra:6 Mem:9.15M (Peak 9.75M) | Time:00:00.00 | Mem:0.12M, Peak:0.12M | Scene, ViewLayer | Updating Baking
Fra:6 Mem:9.15M (Peak 9.75M) | Time:00:00.00 | Mem:0.12M, Peak:0.12M | Scene, ViewLayer | Updating Device | Writing constant memory
Fra:6 Mem:9.15M (Peak 9.75M) | Time:00:00.00 | Mem:0.12M, Peak:0.12M | Scene, ViewLayer | Sample 0/8
Fra:6 Mem:9.75M (Peak 9.75M) | Time:00:00.00 | Remaining:00:00.01 | Mem:0.69M, Peak:0.69M | Scene, ViewLayer | Sample 1/8
Fra:6 Mem:10.00M (Peak 10.00M) | Time:00:00.02 | Mem:0.69M, Peak:0.69M | Scene, ViewLayer | Sample 8/8
Fra:6 Mem:10.00M (Peak 10.00M) | Time:00:00.02 | Mem:0.69M, Peak:0.69M | Scene, ViewLayer | Finished
Saved: '/home/terence/Documents/Codex/2026-09-06/realtime-voice-chat-3/outputs/butterfly-method-comparison/blender-v2/raw/view180_frame01.png'
Time: 00:00.02 (Saving: 00:00.00)

Fra:6 Mem:9.74M (Peak 9.74M) | Time:00:00.00 | Mem:0.00M, Peak:0.00M | Scene, ViewLayer | Synchronizing object | Thorax
Fra:6 Mem:9.74M (Peak 9.74M) | Time:00:00.00 | Mem:0.00M, Peak:0.00M | Scene, ViewLayer | Synchronizing object | L continuous fore-hind wing
Fra:6 Mem:9.74M (Peak 9.74M) | Time:00:00.00 | Mem:0.00M, Peak:0.00M | Scene, ViewLayer | Synchronizing object | Abdomen
Fra:6 Mem:9.74M (Peak 9.74M) | Time:00:00.00 | Mem:0.00M, Peak:0.00M | Scene, ViewLayer | Synchronizing object | Abdomen tip
Fra:6 Mem:9.74M (Peak 9.74M) | Time:00:00.00 | Mem:0.00M, Peak:0.00M | Scene, ViewLayer | Synchronizing object | R continuous fore-hind wing
Fra:6 Mem:9.74M (Peak 9.74M) | Time:00:00.00 | Mem:0.00M, Peak:0.00M | Scene, ViewLayer | Synchronizing object | Antenna.001
Fra:6 Mem:9.75M (Peak 9.75M) | Time:00:00.00 | Mem:0.00M, Peak:0.00M | Scene, ViewLayer | Initializing
Fra:6 Mem:9.04M (Peak 9.75M) | Time:00:00.00 | Mem:0.00M, Peak:0.00M | Scene, ViewLayer | Waiting for render to start
Fra:6 Mem:9.04M (Peak 9.75M) | Time:00:00.00 | Mem:0.00M, Peak:0.00M | Scene, ViewLayer | Updating Scene
Fra:6 Mem:9.04M (Peak 9.75M) | Time:00:00.00 | Mem:0.00M, Peak:0.00M | Scene, ViewLayer | Updating Shaders
Fra:6 Mem:9.04M (Peak 9.75M) | Time:00:00.00 | Mem:0.00M, Peak:0.00M | Scene, ViewLayer | Loading render kernels (may take a few minutes the first time)
Fra:6 Mem:9.13M (Peak 9.75M) | Time:00:00.00 | Mem:0.00M, Peak:0.00M | Scene, ViewLayer | Updating Procedurals
Fra:6 Mem:9.13M (Peak 9.75M) | Time:00:00.00 | Mem:0.00M, Peak:0.00M | Scene, ViewLayer | Updating Background
Fra:6 Mem:9.13M (Peak 9.75M) | Time:00:00.00 | Mem:0.00M, Peak:0.00M | Scene, ViewLayer | Updating Camera
Fra:6 Mem:9.13M (Peak 9.75M) | Time:00:00.00 | Mem:0.00M, Peak:0.00M | Scene, ViewLayer | Updating Meshes Flags
Fra:6 Mem:9.13M (Peak 9.75M) | Time:00:00.00 | Mem:0.00M, Peak:0.00M | Scene, ViewLayer | Updating Objects
Fra:6 Mem:9.13M (Peak 9.75M) | Time:00:00.00 | Mem:0.00M, Peak:0.00M | Scene, ViewLayer | Updating Objects | Copying Transformations to device
Fra:6 Mem:9.13M (Peak 9.75M) | Time:00:00.00 | Mem:0.01M, Peak:0.01M | Scene, ViewLayer | Updating Particle Systems
Fra:6 Mem:9.13M (Peak 9.75M) | Time:00:00.00 | Mem:0.01M, Peak:0.01M | Scene, ViewLayer | Updating Particle Systems | Copying Particles to device
Fra:6 Mem:9.13M (Peak 9.75M) | Time:00:00.00 | Mem:0.01M, Peak:0.01M | Scene, ViewLayer | Updating Meshes
Fra:6 Mem:9.13M (Peak 9.75M) | Time:00:00.00 | Mem:0.01M, Peak:0.01M | Scene, ViewLayer | Updating Objects | Applying Static Transformations
Fra:6 Mem:9.13M (Peak 9.75M) | Time:00:00.00 | Mem:0.01M, Peak:0.01M | Scene, ViewLayer | Updating Mesh | Computing attributes
Fra:6 Mem:9.13M (Peak 9.75M) | Time:00:00.00 | Mem:0.01M, Peak:0.01M | Scene, ViewLayer | Updating Mesh | Copying Attributes to device
Fra:6 Mem:9.13M (Peak 9.75M) | Time:00:00.00 | Mem:0.01M, Peak:0.01M | Scene, ViewLayer | Updating Scene BVH | Building
Fra:6 Mem:9.13M (Peak 9.75M) | Time:00:00.00 | Mem:0.01M, Peak:0.01M | Scene, ViewLayer | Updating Scene BVH | Building BVH
Fra:6 Mem:9.13M (Peak 9.75M) | Time:00:00.00 | Mem:0.02M, Peak:0.03M | Scene, ViewLayer | Updating Scene BVH | Copying BVH to device
Fra:6 Mem:9.13M (Peak 9.75M) | Time:00:00.00 | Mem:0.02M, Peak:0.03M | Scene, ViewLayer | Updating Mesh | Computing normals
Fra:6 Mem:9.14M (Peak 9.75M) | Time:00:00.00 | Mem:0.02M, Peak:0.03M | Scene, ViewLayer | Updating Mesh | Copying Mesh to device
Fra:6 Mem:9.14M (Peak 9.75M) | Time:00:00.00 | Mem:0.03M, Peak:0.03M | Scene, ViewLayer | Updating Objects Flags
Fra:6 Mem:9.14M (Peak 9.75M) | Time:00:00.00 | Mem:0.03M, Peak:0.03M | Scene, ViewLayer | Updating Primitive Offsets
Fra:6 Mem:9.14M (Peak 9.75M) | Time:00:00.00 | Mem:0.03M, Peak:0.03M | Scene, ViewLayer | Updating Images
Fra:6 Mem:9.14M (Peak 9.75M) | Time:00:00.00 | Mem:0.03M, Peak:0.03M | Scene, ViewLayer | Updating Camera Volume
Fra:6 Mem:9.14M (Peak 9.75M) | Time:00:00.00 | Mem:0.03M, Peak:0.03M | Scene, ViewLayer | Updating Lookup Tables
Fra:6 Mem:9.14M (Peak 9.75M) | Time:00:00.00 | Mem:0.11M, Peak:0.11M | Scene, ViewLayer | Updating Lights
Fra:6 Mem:9.14M (Peak 9.75M) | Time:00:00.00 | Mem:0.11M, Peak:0.11M | Scene, ViewLayer | Updating Lights | Computing tree
Fra:6 Mem:9.14M (Peak 9.75M) | Time:00:00.00 | Mem:0.12M, Peak:0.12M | Scene, ViewLayer | Updating Integrator
Fra:6 Mem:9.14M (Peak 9.75M) | Time:00:00.00 | Mem:0.12M, Peak:0.12M | Scene, ViewLayer | Updating Film
Fra:6 Mem:9.15M (Peak 9.75M) | Time:00:00.00 | Mem:0.04M, Peak:0.12M | Scene, ViewLayer | Updating Lookup Tables
Fra:6 Mem:9.15M (Peak 9.75M) | Time:00:00.00 | Mem:0.12M, Peak:0.12M | Scene, ViewLayer | Updating Baking
Fra:6 Mem:9.15M (Peak 9.75M) | Time:00:00.00 | Mem:0.12M, Peak:0.12M | Scene, ViewLayer | Updating Device | Writing constant memory
Fra:6 Mem:9.15M (Peak 9.75M) | Time:00:00.00 | Mem:0.12M, Peak:0.12M | Scene, ViewLayer | Sample 0/1
Fra:6 Mem:9.20M (Peak 9.75M) | Time:00:00.00 | Mem:0.13M, Peak:0.13M | Scene, ViewLayer | Sample 1/1
Fra:6 Mem:9.20M (Peak 9.75M) | Time:00:00.00 | Mem:0.13M, Peak:0.13M | Scene, ViewLayer | Finished
Saved: '/home/terence/Documents/Codex/2026-09-06/realtime-voice-chat-3/outputs/butterfly-method-comparison/blender-v2/raw/native16/view180_frame01.png'
Time: 00:00.00 (Saving: 00:00.00)

Fra:6 Mem:9.74M (Peak 9.74M) | Time:00:00.00 | Mem:0.00M, Peak:0.00M | Scene, ViewLayer | Synchronizing object | Thorax
Fra:6 Mem:9.74M (Peak 9.74M) | Time:00:00.00 | Mem:0.00M, Peak:0.00M | Scene, ViewLayer | Synchronizing object | L continuous fore-hind wing
Fra:6 Mem:9.74M (Peak 9.74M) | Time:00:00.00 | Mem:0.00M, Peak:0.00M | Scene, ViewLayer | Synchronizing object | R continuous fore-hind wing
Fra:6 Mem:9.74M (Peak 9.74M) | Time:00:00.00 | Mem:0.00M, Peak:0.00M | Scene, ViewLayer | Synchronizing object | Abdomen tip
Fra:6 Mem:9.74M (Peak 9.74M) | Time:00:00.00 | Mem:0.00M, Peak:0.00M | Scene, ViewLayer | Synchronizing object | Antenna.001
Fra:6 Mem:9.75M (Peak 9.75M) | Time:00:00.00 | Mem:0.00M, Peak:0.00M | Scene, ViewLayer | Synchronizing object | Antenna
Fra:6 Mem:9.75M (Peak 9.75M) | Time:00:00.00 | Mem:0.00M, Peak:0.00M | Scene, ViewLayer | Initializing
Fra:6 Mem:9.04M (Peak 9.75M) | Time:00:00.00 | Mem:0.00M, Peak:0.00M | Scene, ViewLayer | Waiting for render to start
Fra:6 Mem:9.04M (Peak 9.75M) | Time:00:00.00 | Mem:0.00M, Peak:0.00M | Scene, ViewLayer | Updating Scene
Fra:6 Mem:9.04M (Peak 9.75M) | Time:00:00.00 | Mem:0.00M, Peak:0.00M | Scene, ViewLayer | Updating Shaders
Fra:6 Mem:9.04M (Peak 9.75M) | Time:00:00.00 | Mem:0.00M, Peak:0.00M | Scene, ViewLayer | Loading render kernels (may take a few minutes the first time)
Fra:6 Mem:9.13M (Peak 9.75M) | Time:00:00.00 | Mem:0.00M, Peak:0.00M | Scene, ViewLayer | Updating Procedurals
Fra:6 Mem:9.13M (Peak 9.75M) | Time:00:00.00 | Mem:0.00M, Peak:0.00M | Scene, ViewLayer | Updating Background
Fra:6 Mem:9.13M (Peak 9.75M) | Time:00:00.00 | Mem:0.00M, Peak:0.00M | Scene, ViewLayer | Updating Camera
Fra:6 Mem:9.13M (Peak 9.75M) | Time:00:00.00 | Mem:0.00M, Peak:0.00M | Scene, ViewLayer | Updating Meshes Flags
Fra:6 Mem:9.13M (Peak 9.75M) | Time:00:00.00 | Mem:0.00M, Peak:0.00M | Scene, ViewLayer | Updating Objects
Fra:6 Mem:9.13M (Peak 9.75M) | Time:00:00.00 | Mem:0.00M, Peak:0.00M | Scene, ViewLayer | Updating Objects | Copying Transformations to device
Fra:6 Mem:9.13M (Peak 9.75M) | Time:00:00.00 | Mem:0.01M, Peak:0.01M | Scene, ViewLayer | Updating Particle Systems
Fra:6 Mem:9.13M (Peak 9.75M) | Time:00:00.00 | Mem:0.01M, Peak:0.01M | Scene, ViewLayer | Updating Particle Systems | Copying Particles to device
Fra:6 Mem:9.13M (Peak 9.75M) | Time:00:00.00 | Mem:0.01M, Peak:0.01M | Scene, ViewLayer | Updating Meshes
Fra:6 Mem:9.13M (Peak 9.75M) | Time:00:00.00 | Mem:0.01M, Peak:0.01M | Scene, ViewLayer | Updating Objects | Applying Static Transformations
Fra:6 Mem:9.13M (Peak 9.75M) | Time:00:00.00 | Mem:0.01M, Peak:0.01M | Scene, ViewLayer | Updating Mesh | Computing attributes
Fra:6 Mem:9.13M (Peak 9.75M) | Time:00:00.00 | Mem:0.01M, Peak:0.01M | Scene, ViewLayer | Updating Mesh | Copying Attributes to device
Fra:6 Mem:9.13M (Peak 9.75M) | Time:00:00.00 | Mem:0.01M, Peak:0.01M | Scene, ViewLayer | Updating Scene BVH | Building
Fra:6 Mem:9.13M (Peak 9.75M) | Time:00:00.00 | Mem:0.01M, Peak:0.01M | Scene, ViewLayer | Updating Scene BVH | Building BVH
Fra:6 Mem:9.13M (Peak 9.75M) | Time:00:00.00 | Mem:0.02M, Peak:0.03M | Scene, ViewLayer | Updating Scene BVH | Copying BVH to device
Fra:6 Mem:9.13M (Peak 9.75M) | Time:00:00.00 | Mem:0.02M, Peak:0.03M | Scene, ViewLayer | Updating Mesh | Computing normals
Fra:6 Mem:9.14M (Peak 9.75M) | Time:00:00.00 | Mem:0.02M, Peak:0.03M | Scene, ViewLayer | Updating Mesh | Copying Mesh to device
Fra:6 Mem:9.14M (Peak 9.75M) | Time:00:00.00 | Mem:0.03M, Peak:0.03M | Scene, ViewLayer | Updating Objects Flags
Fra:6 Mem:9.14M (Peak 9.75M) | Time:00:00.00 | Mem:0.03M, Peak:0.03M | Scene, ViewLayer | Updating Primitive Offsets
Fra:6 Mem:9.14M (Peak 9.75M) | Time:00:00.00 | Mem:0.03M, Peak:0.03M | Scene, ViewLayer | Updating Images
Fra:6 Mem:9.14M (Peak 9.75M) | Time:00:00.00 | Mem:0.03M, Peak:0.03M | Scene, ViewLayer | Updating Camera Volume
Fra:6 Mem:9.14M (Peak 9.75M) | Time:00:00.00 | Mem:0.03M, Peak:0.03M | Scene, ViewLayer | Updating Lookup Tables
Fra:6 Mem:9.14M (Peak 9.75M) | Time:00:00.00 | Mem:0.11M, Peak:0.11M | Scene, ViewLayer | Updating Lights
Fra:6 Mem:9.14M (Peak 9.75M) | Time:00:00.00 | Mem:0.11M, Peak:0.11M | Scene, ViewLayer | Updating Lights | Computing tree
Fra:6 Mem:9.14M (Peak 9.75M) | Time:00:00.00 | Mem:0.12M, Peak:0.12M | Scene, ViewLayer | Updating Integrator
Fra:6 Mem:9.14M (Peak 9.75M) | Time:00:00.00 | Mem:0.12M, Peak:0.12M | Scene, ViewLayer | Updating Film
Fra:6 Mem:9.15M (Peak 9.75M) | Time:00:00.00 | Mem:0.04M, Peak:0.12M | Scene, ViewLayer | Updating Lookup Tables
Fra:6 Mem:9.15M (Peak 9.75M) | Time:00:00.00 | Mem:0.12M, Peak:0.12M | Scene, ViewLayer | Updating Baking
Fra:6 Mem:9.15M (Peak 9.75M) | Time:00:00.00 | Mem:0.12M, Peak:0.12M | Scene, ViewLayer | Updating Device | Writing constant memory
Fra:6 Mem:9.15M (Peak 9.75M) | Time:00:00.00 | Mem:0.12M, Peak:0.12M | Scene, ViewLayer | Sample 0/1
Fra:6 Mem:9.24M (Peak 9.75M) | Time:00:00.00 | Mem:0.16M, Peak:0.16M | Scene, ViewLayer | Sample 1/1
Fra:6 Mem:9.24M (Peak 9.75M) | Time:00:00.00 | Mem:0.16M, Peak:0.16M | Scene, ViewLayer | Finished
Saved: '/home/terence/Documents/Codex/2026-09-06/realtime-voice-chat-3/outputs/butterfly-method-comparison/blender-v2/raw/native32/view180_frame01.png'
Time: 00:00.00 (Saving: 00:00.00)

Fra:6 Mem:9.67M (Peak 9.67M) | Time:00:00.00 | Mem:0.00M, Peak:0.00M | Scene, ViewLayer | Synchronizing object | Thorax
Fra:6 Mem:9.67M (Peak 9.67M) | Time:00:00.00 | Mem:0.00M, Peak:0.00M | Scene, ViewLayer | Synchronizing object | Antenna.001
Fra:6 Mem:9.67M (Peak 9.67M) | Time:00:00.00 | Mem:0.00M, Peak:0.00M | Scene, ViewLayer | Synchronizing object | Abdomen tip
Fra:6 Mem:9.68M (Peak 9.68M) | Time:00:00.00 | Mem:0.00M, Peak:0.00M | Scene, ViewLayer | Synchronizing object | Antenna
Fra:6 Mem:9.68M (Peak 9.68M) | Time:00:00.00 | Mem:0.00M, Peak:0.00M | Scene, ViewLayer | Initializing
Fra:6 Mem:9.03M (Peak 9.68M) | Time:00:00.00 | Mem:0.00M, Peak:0.00M | Scene, ViewLayer | Waiting for render to start
Fra:6 Mem:9.03M (Peak 9.68M) | Time:00:00.00 | Mem:0.00M, Peak:0.00M | Scene, ViewLayer | Updating Scene
Fra:6 Mem:9.03M (Peak 9.68M) | Time:00:00.00 | Mem:0.00M, Peak:0.00M | Scene, ViewLayer | Updating Shaders
Fra:6 Mem:9.03M (Peak 9.68M) | Time:00:00.00 | Mem:0.00M, Peak:0.00M | Scene, ViewLayer | Loading render kernels (may take a few minutes the first time)
Fra:6 Mem:9.12M (Peak 9.68M) | Time:00:00.00 | Mem:0.00M, Peak:0.00M | Scene, ViewLayer | Updating Procedurals
Fra:6 Mem:9.12M (Peak 9.68M) | Time:00:00.00 | Mem:0.00M, Peak:0.00M | Scene, ViewLayer | Updating Background
Fra:6 Mem:9.12M (Peak 9.68M) | Time:00:00.00 | Mem:0.00M, Peak:0.00M | Scene, ViewLayer | Updating Camera
Fra:6 Mem:9.12M (Peak 9.68M) | Time:00:00.00 | Mem:0.00M, Peak:0.00M | Scene, ViewLayer | Updating Meshes Flags
Fra:6 Mem:9.12M (Peak 9.68M) | Time:00:00.00 | Mem:0.00M, Peak:0.00M | Scene, ViewLayer | Updating Objects
Fra:6 Mem:9.12M (Peak 9.68M) | Time:00:00.00 | Mem:0.00M, Peak:0.00M | Scene, ViewLayer | Updating Objects | Copying Transformations to device
Fra:6 Mem:9.12M (Peak 9.68M) | Time:00:00.00 | Mem:0.00M, Peak:0.00M | Scene, ViewLayer | Updating Particle Systems
Fra:6 Mem:9.12M (Peak 9.68M) | Time:00:00.00 | Mem:0.00M, Peak:0.00M | Scene, ViewLayer | Updating Particle Systems | Copying Particles to device
Fra:6 Mem:9.12M (Peak 9.68M) | Time:00:00.00 | Mem:0.00M, Peak:0.00M | Scene, ViewLayer | Updating Meshes
Fra:6 Mem:9.12M (Peak 9.68M) | Time:00:00.00 | Mem:0.00M, Peak:0.00M | Scene, ViewLayer | Updating Objects | Applying Static Transformations
Fra:6 Mem:9.12M (Peak 9.68M) | Time:00:00.00 | Mem:0.00M, Peak:0.00M | Scene, ViewLayer | Updating Mesh | Computing attributes
Fra:6 Mem:9.12M (Peak 9.68M) | Time:00:00.00 | Mem:0.01M, Peak:0.01M | Scene, ViewLayer | Updating Mesh | Copying Attributes to device
Fra:6 Mem:9.12M (Peak 9.68M) | Time:00:00.00 | Mem:0.01M, Peak:0.01M | Scene, ViewLayer | Updating Scene BVH | Building
Fra:6 Mem:9.12M (Peak 9.68M) | Time:00:00.00 | Mem:0.01M, Peak:0.01M | Scene, ViewLayer | Updating Scene BVH | Building BVH
Fra:6 Mem:9.12M (Peak 9.68M) | Time:00:00.00 | Mem:0.01M, Peak:0.01M | Scene, ViewLayer | Updating Scene BVH | Copying BVH to device
Fra:6 Mem:9.12M (Peak 9.68M) | Time:00:00.00 | Mem:0.01M, Peak:0.01M | Scene, ViewLayer | Updating Mesh | Computing normals
Fra:6 Mem:9.12M (Peak 9.68M) | Time:00:00.00 | Mem:0.01M, Peak:0.01M | Scene, ViewLayer | Updating Mesh | Copying Mesh to device
Fra:6 Mem:9.12M (Peak 9.68M) | Time:00:00.00 | Mem:0.01M, Peak:0.01M | Scene, ViewLayer | Updating Objects Flags
Fra:6 Mem:9.12M (Peak 9.68M) | Time:00:00.00 | Mem:0.01M, Peak:0.01M | Scene, ViewLayer | Updating Primitive Offsets
Fra:6 Mem:9.12M (Peak 9.68M) | Time:00:00.00 | Mem:0.01M, Peak:0.01M | Scene, ViewLayer | Updating Images
Fra:6 Mem:9.12M (Peak 9.68M) | Time:00:00.00 | Mem:0.01M, Peak:0.01M | Scene, ViewLayer | Updating Camera Volume
Fra:6 Mem:9.12M (Peak 9.68M) | Time:00:00.00 | Mem:0.01M, Peak:0.01M | Scene, ViewLayer | Updating Lookup Tables
Fra:6 Mem:9.12M (Peak 9.68M) | Time:00:00.00 | Mem:0.09M, Peak:0.09M | Scene, ViewLayer | Updating Lights
Fra:6 Mem:9.12M (Peak 9.68M) | Time:00:00.00 | Mem:0.09M, Peak:0.09M | Scene, ViewLayer | Updating Lights | Computing tree
Fra:6 Mem:9.12M (Peak 9.68M) | Time:00:00.00 | Mem:0.09M, Peak:0.09M | Scene, ViewLayer | Updating Integrator
Fra:6 Mem:9.12M (Peak 9.68M) | Time:00:00.00 | Mem:0.09M, Peak:0.09M | Scene, ViewLayer | Updating Film
Fra:6 Mem:9.13M (Peak 9.68M) | Time:00:00.00 | Mem:0.01M, Peak:0.09M | Scene, ViewLayer | Updating Lookup Tables
Fra:6 Mem:9.13M (Peak 9.68M) | Time:00:00.00 | Mem:0.10M, Peak:0.10M | Scene, ViewLayer | Updating Baking
Fra:6 Mem:9.13M (Peak 9.68M) | Time:00:00.00 | Mem:0.10M, Peak:0.10M | Scene, ViewLayer | Updating Device | Writing constant memory
Fra:6 Mem:9.13M (Peak 9.68M) | Time:00:00.00 | Mem:0.10M, Peak:0.10M | Scene, ViewLayer | Sample 0/1
Fra:6 Mem:9.18M (Peak 9.68M) | Time:00:00.00 | Mem:0.11M, Peak:0.11M | Scene, ViewLayer | Sample 1/1
Fra:6 Mem:9.18M (Peak 9.68M) | Time:00:00.00 | Mem:0.11M, Peak:0.11M | Scene, ViewLayer | Finished
Saved: '/home/terence/Documents/Codex/2026-09-06/realtime-voice-chat-3/outputs/butterfly-method-comparison/blender-v2/raw/body-only/view180_frame01.png'
Time: 00:00.00 (Saving: 00:00.00)

Fra:6 Mem:9.71M (Peak 9.71M) | Time:00:00.00 | Mem:0.00M, Peak:0.00M | Scene, ViewLayer | Synchronizing object | Thorax
Fra:6 Mem:9.71M (Peak 9.71M) | Time:00:00.00 | Mem:0.00M, Peak:0.00M | Scene, ViewLayer | Synchronizing object | Head
Fra:6 Mem:9.71M (Peak 9.71M) | Time:00:00.00 | Mem:0.00M, Peak:0.00M | Scene, ViewLayer | Synchronizing object | Abdomen
Fra:6 Mem:9.71M (Peak 9.71M) | Time:00:00.00 | Mem:0.00M, Peak:0.00M | Scene, ViewLayer | Synchronizing object | Abdomen tip
Fra:6 Mem:9.71M (Peak 9.71M) | Time:00:00.00 | Mem:0.00M, Peak:0.00M | Scene, ViewLayer | Synchronizing object | Antenna
Fra:6 Mem:9.71M (Peak 9.71M) | Time:00:00.00 | Mem:0.00M, Peak:0.00M | Scene, ViewLayer | Synchronizing object | Antenna.001
Fra:6 Mem:9.71M (Peak 9.71M) | Time:00:00.00 | Mem:0.00M, Peak:0.00M | Scene, ViewLayer | Synchronizing object | R continuous fore-hind wing
Fra:6 Mem:9.72M (Peak 9.72M) | Time:00:00.00 | Mem:0.00M, Peak:0.00M | Scene, ViewLayer | Initializing
Fra:6 Mem:9.03M (Peak 9.72M) | Time:00:00.00 | Mem:0.00M, Peak:0.00M | Scene, ViewLayer | Waiting for render to start
Fra:6 Mem:9.03M (Peak 9.72M) | Time:00:00.00 | Mem:0.00M, Peak:0.00M | Scene, ViewLayer | Updating Scene
Fra:6 Mem:9.03M (Peak 9.72M) | Time:00:00.00 | Mem:0.00M, Peak:0.00M | Scene, ViewLayer | Updating Shaders
Fra:6 Mem:9.03M (Peak 9.72M) | Time:00:00.00 | Mem:0.00M, Peak:0.00M | Scene, ViewLayer | Loading render kernels (may take a few minutes the first time)
Fra:6 Mem:9.11M (Peak 9.72M) | Time:00:00.00 | Mem:0.00M, Peak:0.00M | Scene, ViewLayer | Updating Procedurals
Fra:6 Mem:9.11M (Peak 9.72M) | Time:00:00.00 | Mem:0.00M, Peak:0.00M | Scene, ViewLayer | Updating Background
Fra:6 Mem:9.11M (Peak 9.72M) | Time:00:00.00 | Mem:0.00M, Peak:0.00M | Scene, ViewLayer | Updating Camera
Fra:6 Mem:9.11M (Peak 9.72M) | Time:00:00.00 | Mem:0.00M, Peak:0.00M | Scene, ViewLayer | Updating Meshes Flags
Fra:6 Mem:9.11M (Peak 9.72M) | Time:00:00.00 | Mem:0.00M, Peak:0.00M | Scene, ViewLayer | Updating Objects
Fra:6 Mem:9.11M (Peak 9.72M) | Time:00:00.00 | Mem:0.00M, Peak:0.00M | Scene, ViewLayer | Updating Objects | Copying Transformations to device
Fra:6 Mem:9.11M (Peak 9.72M) | Time:00:00.00 | Mem:0.01M, Peak:0.01M | Scene, ViewLayer | Updating Particle Systems
Fra:6 Mem:9.11M (Peak 9.72M) | Time:00:00.00 | Mem:0.01M, Peak:0.01M | Scene, ViewLayer | Updating Particle Systems | Copying Particles to device
Fra:6 Mem:9.11M (Peak 9.72M) | Time:00:00.00 | Mem:0.01M, Peak:0.01M | Scene, ViewLayer | Updating Meshes
Fra:6 Mem:9.11M (Peak 9.72M) | Time:00:00.00 | Mem:0.01M, Peak:0.01M | Scene, ViewLayer | Updating Objects | Applying Static Transformations
Fra:6 Mem:9.11M (Peak 9.72M) | Time:00:00.00 | Mem:0.01M, Peak:0.01M | Scene, ViewLayer | Updating Mesh | Computing attributes
Fra:6 Mem:9.12M (Peak 9.72M) | Time:00:00.00 | Mem:0.01M, Peak:0.01M | Scene, ViewLayer | Updating Mesh | Copying Attributes to device
Fra:6 Mem:9.12M (Peak 9.72M) | Time:00:00.00 | Mem:0.01M, Peak:0.01M | Scene, ViewLayer | Updating Scene BVH | Building
Fra:6 Mem:9.12M (Peak 9.72M) | Time:00:00.00 | Mem:0.01M, Peak:0.01M | Scene, ViewLayer | Updating Scene BVH | Building BVH
Fra:6 Mem:9.12M (Peak 9.72M) | Time:00:00.00 | Mem:0.02M, Peak:0.03M | Scene, ViewLayer | Updating Scene BVH | Copying BVH to device
Fra:6 Mem:9.12M (Peak 9.72M) | Time:00:00.00 | Mem:0.02M, Peak:0.03M | Scene, ViewLayer | Updating Mesh | Computing normals
Fra:6 Mem:9.12M (Peak 9.72M) | Time:00:00.00 | Mem:0.02M, Peak:0.03M | Scene, ViewLayer | Updating Mesh | Copying Mesh to device
Fra:6 Mem:9.12M (Peak 9.72M) | Time:00:00.00 | Mem:0.03M, Peak:0.03M | Scene, ViewLayer | Updating Objects Flags
Fra:6 Mem:9.12M (Peak 9.72M) | Time:00:00.00 | Mem:0.03M, Peak:0.03M | Scene, ViewLayer | Updating Primitive Offsets
Fra:6 Mem:9.12M (Peak 9.72M) | Time:00:00.00 | Mem:0.03M, Peak:0.03M | Scene, ViewLayer | Updating Images
Fra:6 Mem:9.12M (Peak 9.72M) | Time:00:00.00 | Mem:0.03M, Peak:0.03M | Scene, ViewLayer | Updating Camera Volume
Fra:6 Mem:9.12M (Peak 9.72M) | Time:00:00.00 | Mem:0.03M, Peak:0.03M | Scene, ViewLayer | Updating Lookup Tables
Fra:6 Mem:9.12M (Peak 9.72M) | Time:00:00.00 | Mem:0.11M, Peak:0.11M | Scene, ViewLayer | Updating Lights
Fra:6 Mem:9.12M (Peak 9.72M) | Time:00:00.00 | Mem:0.11M, Peak:0.11M | Scene, ViewLayer | Updating Lights | Computing tree
Fra:6 Mem:9.13M (Peak 9.72M) | Time:00:00.00 | Mem:0.12M, Peak:0.12M | Scene, ViewLayer | Updating Integrator
Fra:6 Mem:9.13M (Peak 9.72M) | Time:00:00.00 | Mem:0.12M, Peak:0.12M | Scene, ViewLayer | Updating Film
Fra:6 Mem:9.13M (Peak 9.72M) | Time:00:00.00 | Mem:0.04M, Peak:0.12M | Scene, ViewLayer | Updating Lookup Tables
Fra:6 Mem:9.13M (Peak 9.72M) | Time:00:00.00 | Mem:0.12M, Peak:0.12M | Scene, ViewLayer | Updating Baking
Fra:6 Mem:9.13M (Peak 9.72M) | Time:00:00.00 | Mem:0.12M, Peak:0.12M | Scene, ViewLayer | Updating Device | Writing constant memory
Fra:6 Mem:9.14M (Peak 9.72M) | Time:00:00.00 | Mem:0.12M, Peak:0.12M | Scene, ViewLayer | Sample 0/1
Fra:6 Mem:9.19M (Peak 9.72M) | Time:00:00.00 | Mem:0.13M, Peak:0.13M | Scene, ViewLayer | Sample 1/1
Fra:6 Mem:9.19M (Peak 9.72M) | Time:00:00.00 | Mem:0.13M, Peak:0.13M | Scene, ViewLayer | Finished
Saved: '/home/terence/Documents/Codex/2026-09-06/realtime-voice-chat-3/outputs/butterfly-method-comparison/blender-v2/raw/no-abdomen-lag/view180_frame01.png'
Time: 00:00.00 (Saving: 00:00.00)

Fra:6 Mem:9.69M (Peak 9.69M) | Time:00:00.00 | Mem:0.00M, Peak:0.00M | Scene, ViewLayer | Synchronizing object | Thorax
Fra:6 Mem:9.69M (Peak 9.69M) | Time:00:00.00 | Mem:0.00M, Peak:0.00M | Scene, ViewLayer | Synchronizing object | Abdomen
Fra:6 Mem:9.69M (Peak 9.69M) | Time:00:00.00 | Mem:0.00M, Peak:0.00M | Scene, ViewLayer | Synchronizing object | Abdomen tip
Fra:6 Mem:9.70M (Peak 9.70M) | Time:00:00.00 | Mem:0.00M, Peak:0.00M | Scene, ViewLayer | Synchronizing object | Antenna
Fra:6 Mem:9.70M (Peak 9.70M) | Time:00:00.00 | Mem:0.00M, Peak:0.00M | Scene, ViewLayer | Synchronizing object | R continuous fore-hind wing
Fra:6 Mem:9.70M (Peak 9.70M) | Time:00:00.00 | Mem:0.00M, Peak:0.00M | Scene, ViewLayer | Initializing
Fra:6 Mem:9.02M (Peak 9.70M) | Time:00:00.00 | Mem:0.00M, Peak:0.00M | Scene, ViewLayer | Waiting for render to start
Fra:6 Mem:9.02M (Peak 9.70M) | Time:00:00.00 | Mem:0.00M, Peak:0.00M | Scene, ViewLayer | Updating Scene
Fra:6 Mem:9.02M (Peak 9.70M) | Time:00:00.00 | Mem:0.00M, Peak:0.00M | Scene, ViewLayer | Updating Shaders
Fra:6 Mem:9.02M (Peak 9.70M) | Time:00:00.00 | Mem:0.00M, Peak:0.00M | Scene, ViewLayer | Loading render kernels (may take a few minutes the first time)
Fra:6 Mem:9.10M (Peak 9.70M) | Time:00:00.00 | Mem:0.00M, Peak:0.00M | Scene, ViewLayer | Updating Procedurals
Fra:6 Mem:9.10M (Peak 9.70M) | Time:00:00.00 | Mem:0.00M, Peak:0.00M | Scene, ViewLayer | Updating Background
Fra:6 Mem:9.10M (Peak 9.70M) | Time:00:00.00 | Mem:0.00M, Peak:0.00M | Scene, ViewLayer | Updating Camera
Fra:6 Mem:9.10M (Peak 9.70M) | Time:00:00.00 | Mem:0.00M, Peak:0.00M | Scene, ViewLayer | Updating Meshes Flags
Fra:6 Mem:9.10M (Peak 9.70M) | Time:00:00.00 | Mem:0.00M, Peak:0.00M | Scene, ViewLayer | Updating Objects
Fra:6 Mem:9.10M (Peak 9.70M) | Time:00:00.00 | Mem:0.00M, Peak:0.00M | Scene, ViewLayer | Updating Objects | Copying Transformations to device
Fra:6 Mem:9.10M (Peak 9.70M) | Time:00:00.00 | Mem:0.01M, Peak:0.01M | Scene, ViewLayer | Updating Particle Systems
Fra:6 Mem:9.10M (Peak 9.70M) | Time:00:00.00 | Mem:0.01M, Peak:0.01M | Scene, ViewLayer | Updating Particle Systems | Copying Particles to device
Fra:6 Mem:9.10M (Peak 9.70M) | Time:00:00.00 | Mem:0.01M, Peak:0.01M | Scene, ViewLayer | Updating Meshes
Fra:6 Mem:9.10M (Peak 9.70M) | Time:00:00.00 | Mem:0.01M, Peak:0.01M | Scene, ViewLayer | Updating Objects | Applying Static Transformations
Fra:6 Mem:9.10M (Peak 9.70M) | Time:00:00.00 | Mem:0.01M, Peak:0.01M | Scene, ViewLayer | Updating Mesh | Computing attributes
Fra:6 Mem:9.11M (Peak 9.70M) | Time:00:00.00 | Mem:0.01M, Peak:0.01M | Scene, ViewLayer | Updating Mesh | Copying Attributes to device
Fra:6 Mem:9.11M (Peak 9.70M) | Time:00:00.00 | Mem:0.01M, Peak:0.01M | Scene, ViewLayer | Updating Scene BVH | Building
Fra:6 Mem:9.11M (Peak 9.70M) | Time:00:00.00 | Mem:0.01M, Peak:0.01M | Scene, ViewLayer | Updating Scene BVH | Building BVH
Fra:6 Mem:9.11M (Peak 9.70M) | Time:00:00.00 | Mem:0.02M, Peak:0.03M | Scene, ViewLayer | Updating Scene BVH | Copying BVH to device
Fra:6 Mem:9.11M (Peak 9.70M) | Time:00:00.00 | Mem:0.02M, Peak:0.03M | Scene, ViewLayer | Updating Mesh | Computing normals
Fra:6 Mem:9.11M (Peak 9.70M) | Time:00:00.00 | Mem:0.02M, Peak:0.03M | Scene, ViewLayer | Updating Mesh | Copying Mesh to device
Fra:6 Mem:9.11M (Peak 9.70M) | Time:00:00.00 | Mem:0.03M, Peak:0.03M | Scene, ViewLayer | Updating Objects Flags
Fra:6 Mem:9.11M (Peak 9.70M) | Time:00:00.00 | Mem:0.03M, Peak:0.03M | Scene, ViewLayer | Updating Primitive Offsets
Fra:6 Mem:9.11M (Peak 9.70M) | Time:00:00.00 | Mem:0.03M, Peak:0.03M | Scene, ViewLayer | Updating Images
Fra:6 Mem:9.11M (Peak 9.70M) | Time:00:00.00 | Mem:0.03M, Peak:0.03M | Scene, ViewLayer | Updating Camera Volume
Fra:6 Mem:9.11M (Peak 9.70M) | Time:00:00.00 | Mem:0.03M, Peak:0.03M | Scene, ViewLayer | Updating Lookup Tables
Fra:6 Mem:9.11M (Peak 9.70M) | Time:00:00.00 | Mem:0.11M, Peak:0.11M | Scene, ViewLayer | Updating Lights
Fra:6 Mem:9.11M (Peak 9.70M) | Time:00:00.00 | Mem:0.11M, Peak:0.11M | Scene, ViewLayer | Updating Lights | Computing tree
Fra:6 Mem:9.12M (Peak 9.70M) | Time:00:00.00 | Mem:0.12M, Peak:0.12M | Scene, ViewLayer | Updating Integrator
Fra:6 Mem:9.12M (Peak 9.70M) | Time:00:00.00 | Mem:0.12M, Peak:0.12M | Scene, ViewLayer | Updating Film
Fra:6 Mem:9.13M (Peak 9.70M) | Time:00:00.00 | Mem:0.04M, Peak:0.12M | Scene, ViewLayer | Updating Lookup Tables
Fra:6 Mem:9.13M (Peak 9.70M) | Time:00:00.00 | Mem:0.13M, Peak:0.13M | Scene, ViewLayer | Updating Baking
Fra:6 Mem:9.13M (Peak 9.70M) | Time:00:00.00 | Mem:0.13M, Peak:0.13M | Scene, ViewLayer | Updating Device | Writing constant memory
Fra:6 Mem:9.13M (Peak 9.70M) | Time:00:00.00 | Mem:0.13M, Peak:0.13M | Scene, ViewLayer | Sample 0/1
Fra:6 Mem:9.18M (Peak 9.70M) | Time:00:00.00 | Mem:0.13M, Peak:0.13M | Scene, ViewLayer | Sample 1/1
Fra:6 Mem:9.18M (Peak 9.70M) | Time:00:00.00 | Mem:0.13M, Peak:0.13M | Scene, ViewLayer | Finished
Saved: '/home/terence/Documents/Codex/2026-09-06/realtime-voice-chat-3/outputs/butterfly-method-comparison/blender-v2/raw/wing-only/view180_frame01.png'
Time: 00:00.00 (Saving: 00:00.00)

Fra:11 Mem:9.74M (Peak 9.74M) | Time:00:00.00 | Mem:0.00M, Peak:0.00M | Scene, ViewLayer | Synchronizing object | Thorax
Fra:11 Mem:9.74M (Peak 9.74M) | Time:00:00.00 | Mem:0.00M, Peak:0.00M | Scene, ViewLayer | Synchronizing object | L continuous fore-hind wing
Fra:11 Mem:9.74M (Peak 9.74M) | Time:00:00.00 | Mem:0.00M, Peak:0.00M | Scene, ViewLayer | Synchronizing object | Abdomen tip
Fra:11 Mem:9.74M (Peak 9.74M) | Time:00:00.00 | Mem:0.00M, Peak:0.00M | Scene, ViewLayer | Synchronizing object | R continuous fore-hind wing
Fra:11 Mem:9.74M (Peak 9.74M) | Time:00:00.00 | Mem:0.00M, Peak:0.00M | Scene, ViewLayer | Synchronizing object | Antenna.001
Fra:11 Mem:9.75M (Peak 9.75M) | Time:00:00.00 | Mem:0.00M, Peak:0.00M | Scene, ViewLayer | Initializing
Fra:11 Mem:9.04M (Peak 9.75M) | Time:00:00.00 | Mem:0.00M, Peak:0.00M | Scene, ViewLayer | Waiting for render to start
Fra:11 Mem:9.04M (Peak 9.75M) | Time:00:00.00 | Mem:0.00M, Peak:0.00M | Scene, ViewLayer | Updating Scene
Fra:11 Mem:9.04M (Peak 9.75M) | Time:00:00.00 | Mem:0.00M, Peak:0.00M | Scene, ViewLayer | Updating Shaders
Fra:11 Mem:9.04M (Peak 9.75M) | Time:00:00.00 | Mem:0.00M, Peak:0.00M | Scene, ViewLayer | Loading render kernels (may take a few minutes the first time)
Fra:11 Mem:9.13M (Peak 9.75M) | Time:00:00.00 | Mem:0.00M, Peak:0.00M | Scene, ViewLayer | Updating Procedurals
Fra:11 Mem:9.13M (Peak 9.75M) | Time:00:00.00 | Mem:0.00M, Peak:0.00M | Scene, ViewLayer | Updating Background
Fra:11 Mem:9.13M (Peak 9.75M) | Time:00:00.00 | Mem:0.00M, Peak:0.00M | Scene, ViewLayer | Updating Camera
Fra:11 Mem:9.13M (Peak 9.75M) | Time:00:00.00 | Mem:0.00M, Peak:0.00M | Scene, ViewLayer | Updating Meshes Flags
Fra:11 Mem:9.13M (Peak 9.75M) | Time:00:00.00 | Mem:0.00M, Peak:0.00M | Scene, ViewLayer | Updating Objects
Fra:11 Mem:9.13M (Peak 9.75M) | Time:00:00.00 | Mem:0.00M, Peak:0.00M | Scene, ViewLayer | Updating Objects | Copying Transformations to device
Fra:11 Mem:9.13M (Peak 9.75M) | Time:00:00.00 | Mem:0.01M, Peak:0.01M | Scene, ViewLayer | Updating Particle Systems
Fra:11 Mem:9.13M (Peak 9.75M) | Time:00:00.00 | Mem:0.01M, Peak:0.01M | Scene, ViewLayer | Updating Particle Systems | Copying Particles to device
Fra:11 Mem:9.13M (Peak 9.75M) | Time:00:00.00 | Mem:0.01M, Peak:0.01M | Scene, ViewLayer | Updating Meshes
Fra:11 Mem:9.13M (Peak 9.75M) | Time:00:00.00 | Mem:0.01M, Peak:0.01M | Scene, ViewLayer | Updating Objects | Applying Static Transformations
Fra:11 Mem:9.13M (Peak 9.75M) | Time:00:00.00 | Mem:0.01M, Peak:0.01M | Scene, ViewLayer | Updating Mesh | Computing attributes
Fra:11 Mem:9.13M (Peak 9.75M) | Time:00:00.00 | Mem:0.01M, Peak:0.01M | Scene, ViewLayer | Updating Mesh | Copying Attributes to device
Fra:11 Mem:9.13M (Peak 9.75M) | Time:00:00.00 | Mem:0.01M, Peak:0.01M | Scene, ViewLayer | Updating Scene BVH | Building
Fra:11 Mem:9.13M (Peak 9.75M) | Time:00:00.00 | Mem:0.01M, Peak:0.01M | Scene, ViewLayer | Updating Scene BVH | Building BVH
Fra:11 Mem:9.13M (Peak 9.75M) | Time:00:00.00 | Mem:0.02M, Peak:0.03M | Scene, ViewLayer | Updating Scene BVH | Copying BVH to device
Fra:11 Mem:9.13M (Peak 9.75M) | Time:00:00.00 | Mem:0.02M, Peak:0.03M | Scene, ViewLayer | Updating Mesh | Computing normals
Fra:11 Mem:9.14M (Peak 9.75M) | Time:00:00.00 | Mem:0.02M, Peak:0.03M | Scene, ViewLayer | Updating Mesh | Copying Mesh to device
Fra:11 Mem:9.14M (Peak 9.75M) | Time:00:00.00 | Mem:0.03M, Peak:0.03M | Scene, ViewLayer | Updating Objects Flags
Fra:11 Mem:9.14M (Peak 9.75M) | Time:00:00.00 | Mem:0.03M, Peak:0.03M | Scene, ViewLayer | Updating Primitive Offsets
Fra:11 Mem:9.14M (Peak 9.75M) | Time:00:00.00 | Mem:0.03M, Peak:0.03M | Scene, ViewLayer | Updating Images
Fra:11 Mem:9.14M (Peak 9.75M) | Time:00:00.00 | Mem:0.03M, Peak:0.03M | Scene, ViewLayer | Updating Camera Volume
Fra:11 Mem:9.14M (Peak 9.75M) | Time:00:00.00 | Mem:0.03M, Peak:0.03M | Scene, ViewLayer | Updating Lookup Tables
Fra:11 Mem:9.14M (Peak 9.75M) | Time:00:00.00 | Mem:0.11M, Peak:0.11M | Scene, ViewLayer | Updating Lights
Fra:11 Mem:9.14M (Peak 9.75M) | Time:00:00.00 | Mem:0.11M, Peak:0.11M | Scene, ViewLayer | Updating Lights | Computing tree
Fra:11 Mem:9.14M (Peak 9.75M) | Time:00:00.00 | Mem:0.12M, Peak:0.12M | Scene, ViewLayer | Updating Integrator
Fra:11 Mem:9.14M (Peak 9.75M) | Time:00:00.00 | Mem:0.12M, Peak:0.12M | Scene, ViewLayer | Updating Film
Fra:11 Mem:9.15M (Peak 9.75M) | Time:00:00.00 | Mem:0.04M, Peak:0.12M | Scene, ViewLayer | Updating Lookup Tables
Fra:11 Mem:9.15M (Peak 9.75M) | Time:00:00.00 | Mem:0.12M, Peak:0.12M | Scene, ViewLayer | Updating Baking
Fra:11 Mem:9.15M (Peak 9.75M) | Time:00:00.00 | Mem:0.12M, Peak:0.12M | Scene, ViewLayer | Updating Device | Writing constant memory
Fra:11 Mem:9.15M (Peak 9.75M) | Time:00:00.00 | Mem:0.12M, Peak:0.12M | Scene, ViewLayer | Sample 0/8
Fra:11 Mem:9.75M (Peak 9.75M) | Time:00:00.00 | Remaining:00:00.02 | Mem:0.69M, Peak:0.69M | Scene, ViewLayer | Sample 1/8
Fra:11 Mem:10.00M (Peak 10.00M) | Time:00:00.02 | Mem:0.69M, Peak:0.69M | Scene, ViewLayer | Sample 8/8
Fra:11 Mem:10.00M (Peak 10.00M) | Time:00:00.02 | Mem:0.69M, Peak:0.69M | Scene, ViewLayer | Finished
Saved: '/home/terence/Documents/Codex/2026-09-06/realtime-voice-chat-3/outputs/butterfly-method-comparison/blender-v2/raw/view180_frame02.png'
Time: 00:00.03 (Saving: 00:00.00)

Fra:11 Mem:9.74M (Peak 9.74M) | Time:00:00.00 | Mem:0.00M, Peak:0.00M | Scene, ViewLayer | Synchronizing object | Thorax
Fra:11 Mem:9.74M (Peak 9.74M) | Time:00:00.00 | Mem:0.00M, Peak:0.00M | Scene, ViewLayer | Synchronizing object | Abdomen
Fra:11 Mem:9.74M (Peak 9.74M) | Time:00:00.00 | Mem:0.00M, Peak:0.00M | Scene, ViewLayer | Synchronizing object | Abdomen tip
Fra:11 Mem:9.74M (Peak 9.74M) | Time:00:00.00 | Mem:0.00M, Peak:0.00M | Scene, ViewLayer | Synchronizing object | Antenna
Fra:11 Mem:9.74M (Peak 9.74M) | Time:00:00.00 | Mem:0.00M, Peak:0.00M | Scene, ViewLayer | Synchronizing object | Antenna.001
Fra:11 Mem:9.74M (Peak 9.74M) | Time:00:00.00 | Mem:0.00M, Peak:0.00M | Scene, ViewLayer | Synchronizing object | R continuous fore-hind wing
Fra:11 Mem:9.75M (Peak 9.75M) | Time:00:00.00 | Mem:0.00M, Peak:0.00M | Scene, ViewLayer | Initializing
Fra:11 Mem:9.04M (Peak 9.75M) | Time:00:00.00 | Mem:0.00M, Peak:0.00M | Scene, ViewLayer | Waiting for render to start
Fra:11 Mem:9.04M (Peak 9.75M) | Time:00:00.00 | Mem:0.00M, Peak:0.00M | Scene, ViewLayer | Updating Scene
Fra:11 Mem:9.04M (Peak 9.75M) | Time:00:00.00 | Mem:0.00M, Peak:0.00M | Scene, ViewLayer | Updating Shaders
Fra:11 Mem:9.04M (Peak 9.75M) | Time:00:00.00 | Mem:0.00M, Peak:0.00M | Scene, ViewLayer | Loading render kernels (may take a few minutes the first time)
Fra:11 Mem:9.13M (Peak 9.75M) | Time:00:00.00 | Mem:0.00M, Peak:0.00M | Scene, ViewLayer | Updating Procedurals
Fra:11 Mem:9.13M (Peak 9.75M) | Time:00:00.00 | Mem:0.00M, Peak:0.00M | Scene, ViewLayer | Updating Background
Fra:11 Mem:9.13M (Peak 9.75M) | Time:00:00.00 | Mem:0.00M, Peak:0.00M | Scene, ViewLayer | Updating Camera
Fra:11 Mem:9.13M (Peak 9.75M) | Time:00:00.00 | Mem:0.00M, Peak:0.00M | Scene, ViewLayer | Updating Meshes Flags
Fra:11 Mem:9.13M (Peak 9.75M) | Time:00:00.00 | Mem:0.00M, Peak:0.00M | Scene, ViewLayer | Updating Objects
Fra:11 Mem:9.13M (Peak 9.75M) | Time:00:00.00 | Mem:0.00M, Peak:0.00M | Scene, ViewLayer | Updating Objects | Copying Transformations to device
Fra:11 Mem:9.13M (Peak 9.75M) | Time:00:00.00 | Mem:0.01M, Peak:0.01M | Scene, ViewLayer | Updating Particle Systems
Fra:11 Mem:9.13M (Peak 9.75M) | Time:00:00.00 | Mem:0.01M, Peak:0.01M | Scene, ViewLayer | Updating Particle Systems | Copying Particles to device
Fra:11 Mem:9.13M (Peak 9.75M) | Time:00:00.00 | Mem:0.01M, Peak:0.01M | Scene, ViewLayer | Updating Meshes
Fra:11 Mem:9.13M (Peak 9.75M) | Time:00:00.00 | Mem:0.01M, Peak:0.01M | Scene, ViewLayer | Updating Objects | Applying Static Transformations
Fra:11 Mem:9.13M (Peak 9.75M) | Time:00:00.00 | Mem:0.01M, Peak:0.01M | Scene, ViewLayer | Updating Mesh | Computing attributes
Fra:11 Mem:9.13M (Peak 9.75M) | Time:00:00.00 | Mem:0.01M, Peak:0.01M | Scene, ViewLayer | Updating Mesh | Copying Attributes to device
Fra:11 Mem:9.13M (Peak 9.75M) | Time:00:00.00 | Mem:0.01M, Peak:0.01M | Scene, ViewLayer | Updating Scene BVH | Building
Fra:11 Mem:9.13M (Peak 9.75M) | Time:00:00.00 | Mem:0.01M, Peak:0.01M | Scene, ViewLayer | Updating Scene BVH | Building BVH
Fra:11 Mem:9.13M (Peak 9.75M) | Time:00:00.00 | Mem:0.02M, Peak:0.03M | Scene, ViewLayer | Updating Scene BVH | Copying BVH to device
Fra:11 Mem:9.13M (Peak 9.75M) | Time:00:00.00 | Mem:0.02M, Peak:0.03M | Scene, ViewLayer | Updating Mesh | Computing normals
Fra:11 Mem:9.14M (Peak 9.75M) | Time:00:00.00 | Mem:0.02M, Peak:0.03M | Scene, ViewLayer | Updating Mesh | Copying Mesh to device
Fra:11 Mem:9.14M (Peak 9.75M) | Time:00:00.00 | Mem:0.03M, Peak:0.03M | Scene, ViewLayer | Updating Objects Flags
Fra:11 Mem:9.14M (Peak 9.75M) | Time:00:00.00 | Mem:0.03M, Peak:0.03M | Scene, ViewLayer | Updating Primitive Offsets
Fra:11 Mem:9.14M (Peak 9.75M) | Time:00:00.00 | Mem:0.03M, Peak:0.03M | Scene, ViewLayer | Updating Images
Fra:11 Mem:9.14M (Peak 9.75M) | Time:00:00.00 | Mem:0.03M, Peak:0.03M | Scene, ViewLayer | Updating Camera Volume
Fra:11 Mem:9.14M (Peak 9.75M) | Time:00:00.00 | Mem:0.03M, Peak:0.03M | Scene, ViewLayer | Updating Lookup Tables
Fra:11 Mem:9.14M (Peak 9.75M) | Time:00:00.00 | Mem:0.11M, Peak:0.11M | Scene, ViewLayer | Updating Lights
Fra:11 Mem:9.14M (Peak 9.75M) | Time:00:00.00 | Mem:0.11M, Peak:0.11M | Scene, ViewLayer | Updating Lights | Computing tree
Fra:11 Mem:9.14M (Peak 9.75M) | Time:00:00.00 | Mem:0.12M, Peak:0.12M | Scene, ViewLayer | Updating Integrator
Fra:11 Mem:9.14M (Peak 9.75M) | Time:00:00.00 | Mem:0.12M, Peak:0.12M | Scene, ViewLayer | Updating Film
Fra:11 Mem:9.15M (Peak 9.75M) | Time:00:00.00 | Mem:0.04M, Peak:0.12M | Scene, ViewLayer | Updating Lookup Tables
Fra:11 Mem:9.15M (Peak 9.75M) | Time:00:00.00 | Mem:0.12M, Peak:0.12M | Scene, ViewLayer | Updating Baking
Fra:11 Mem:9.15M (Peak 9.75M) | Time:00:00.00 | Mem:0.12M, Peak:0.12M | Scene, ViewLayer | Updating Device | Writing constant memory
Fra:11 Mem:9.15M (Peak 9.75M) | Time:00:00.00 | Mem:0.12M, Peak:0.12M | Scene, ViewLayer | Sample 0/1
Fra:11 Mem:9.20M (Peak 9.75M) | Time:00:00.00 | Mem:0.13M, Peak:0.13M | Scene, ViewLayer | Sample 1/1
Fra:11 Mem:9.20M (Peak 9.75M) | Time:00:00.00 | Mem:0.13M, Peak:0.13M | Scene, ViewLayer | Finished
Saved: '/home/terence/Documents/Codex/2026-09-06/realtime-voice-chat-3/outputs/butterfly-method-comparison/blender-v2/raw/native16/view180_frame02.png'
Time: 00:00.00 (Saving: 00:00.00)

Fra:11 Mem:9.74M (Peak 9.74M) | Time:00:00.00 | Mem:0.00M, Peak:0.00M | Scene, ViewLayer | Synchronizing object | Thorax
Fra:11 Mem:9.74M (Peak 9.74M) | Time:00:00.00 | Mem:0.00M, Peak:0.00M | Scene, ViewLayer | Synchronizing object | Abdomen
Fra:11 Mem:9.74M (Peak 9.74M) | Time:00:00.00 | Mem:0.00M, Peak:0.00M | Scene, ViewLayer | Synchronizing object | L continuous fore-hind wing
Fra:11 Mem:9.74M (Peak 9.74M) | Time:00:00.00 | Mem:0.00M, Peak:0.00M | Scene, ViewLayer | Synchronizing object | Antenna
Fra:11 Mem:9.74M (Peak 9.74M) | Time:00:00.00 | Mem:0.00M, Peak:0.00M | Scene, ViewLayer | Synchronizing object | Antenna.001
Fra:11 Mem:9.74M (Peak 9.74M) | Time:00:00.00 | Mem:0.00M, Peak:0.00M | Scene, ViewLayer | Synchronizing object | R continuous fore-hind wing
Fra:11 Mem:9.75M (Peak 9.75M) | Time:00:00.00 | Mem:0.00M, Peak:0.00M | Scene, ViewLayer | Initializing
Fra:11 Mem:9.04M (Peak 9.75M) | Time:00:00.00 | Mem:0.00M, Peak:0.00M | Scene, ViewLayer | Waiting for render to start
Fra:11 Mem:9.04M (Peak 9.75M) | Time:00:00.00 | Mem:0.00M, Peak:0.00M | Scene, ViewLayer | Updating Scene
Fra:11 Mem:9.04M (Peak 9.75M) | Time:00:00.00 | Mem:0.00M, Peak:0.00M | Scene, ViewLayer | Updating Shaders
Fra:11 Mem:9.04M (Peak 9.75M) | Time:00:00.00 | Mem:0.00M, Peak:0.00M | Scene, ViewLayer | Loading render kernels (may take a few minutes the first time)
Fra:11 Mem:9.13M (Peak 9.75M) | Time:00:00.00 | Mem:0.00M, Peak:0.00M | Scene, ViewLayer | Updating Procedurals
Fra:11 Mem:9.13M (Peak 9.75M) | Time:00:00.00 | Mem:0.00M, Peak:0.00M | Scene, ViewLayer | Updating Background
Fra:11 Mem:9.13M (Peak 9.75M) | Time:00:00.00 | Mem:0.00M, Peak:0.00M | Scene, ViewLayer | Updating Camera
Fra:11 Mem:9.13M (Peak 9.75M) | Time:00:00.00 | Mem:0.00M, Peak:0.00M | Scene, ViewLayer | Updating Meshes Flags
Fra:11 Mem:9.13M (Peak 9.75M) | Time:00:00.00 | Mem:0.00M, Peak:0.00M | Scene, ViewLayer | Updating Objects
Fra:11 Mem:9.13M (Peak 9.75M) | Time:00:00.00 | Mem:0.00M, Peak:0.00M | Scene, ViewLayer | Updating Objects | Copying Transformations to device
Fra:11 Mem:9.13M (Peak 9.75M) | Time:00:00.00 | Mem:0.01M, Peak:0.01M | Scene, ViewLayer | Updating Particle Systems
Fra:11 Mem:9.13M (Peak 9.75M) | Time:00:00.00 | Mem:0.01M, Peak:0.01M | Scene, ViewLayer | Updating Particle Systems | Copying Particles to device
Fra:11 Mem:9.13M (Peak 9.75M) | Time:00:00.00 | Mem:0.01M, Peak:0.01M | Scene, ViewLayer | Updating Meshes
Fra:11 Mem:9.13M (Peak 9.75M) | Time:00:00.00 | Mem:0.01M, Peak:0.01M | Scene, ViewLayer | Updating Objects | Applying Static Transformations
Fra:11 Mem:9.13M (Peak 9.75M) | Time:00:00.00 | Mem:0.01M, Peak:0.01M | Scene, ViewLayer | Updating Mesh | Computing attributes
Fra:11 Mem:9.13M (Peak 9.75M) | Time:00:00.00 | Mem:0.01M, Peak:0.01M | Scene, ViewLayer | Updating Mesh | Copying Attributes to device
Fra:11 Mem:9.13M (Peak 9.75M) | Time:00:00.00 | Mem:0.01M, Peak:0.01M | Scene, ViewLayer | Updating Scene BVH | Building
Fra:11 Mem:9.13M (Peak 9.75M) | Time:00:00.00 | Mem:0.01M, Peak:0.01M | Scene, ViewLayer | Updating Scene BVH | Building BVH
Fra:11 Mem:9.13M (Peak 9.75M) | Time:00:00.00 | Mem:0.02M, Peak:0.03M | Scene, ViewLayer | Updating Scene BVH | Copying BVH to device
Fra:11 Mem:9.13M (Peak 9.75M) | Time:00:00.00 | Mem:0.02M, Peak:0.03M | Scene, ViewLayer | Updating Mesh | Computing normals
Fra:11 Mem:9.14M (Peak 9.75M) | Time:00:00.00 | Mem:0.02M, Peak:0.03M | Scene, ViewLayer | Updating Mesh | Copying Mesh to device
Fra:11 Mem:9.14M (Peak 9.75M) | Time:00:00.00 | Mem:0.03M, Peak:0.03M | Scene, ViewLayer | Updating Objects Flags
Fra:11 Mem:9.14M (Peak 9.75M) | Time:00:00.00 | Mem:0.03M, Peak:0.03M | Scene, ViewLayer | Updating Primitive Offsets
Fra:11 Mem:9.14M (Peak 9.75M) | Time:00:00.00 | Mem:0.03M, Peak:0.03M | Scene, ViewLayer | Updating Images
Fra:11 Mem:9.14M (Peak 9.75M) | Time:00:00.00 | Mem:0.03M, Peak:0.03M | Scene, ViewLayer | Updating Camera Volume
Fra:11 Mem:9.14M (Peak 9.75M) | Time:00:00.00 | Mem:0.03M, Peak:0.03M | Scene, ViewLayer | Updating Lookup Tables
Fra:11 Mem:9.14M (Peak 9.75M) | Time:00:00.00 | Mem:0.11M, Peak:0.11M | Scene, ViewLayer | Updating Lights
Fra:11 Mem:9.14M (Peak 9.75M) | Time:00:00.00 | Mem:0.11M, Peak:0.11M | Scene, ViewLayer | Updating Lights | Computing tree
Fra:11 Mem:9.14M (Peak 9.75M) | Time:00:00.00 | Mem:0.12M, Peak:0.12M | Scene, ViewLayer | Updating Integrator
Fra:11 Mem:9.14M (Peak 9.75M) | Time:00:00.00 | Mem:0.12M, Peak:0.12M | Scene, ViewLayer | Updating Film
Fra:11 Mem:9.15M (Peak 9.75M) | Time:00:00.00 | Mem:0.04M, Peak:0.12M | Scene, ViewLayer | Updating Lookup Tables
Fra:11 Mem:9.15M (Peak 9.75M) | Time:00:00.00 | Mem:0.12M, Peak:0.12M | Scene, ViewLayer | Updating Baking
Fra:11 Mem:9.15M (Peak 9.75M) | Time:00:00.00 | Mem:0.12M, Peak:0.12M | Scene, ViewLayer | Updating Device | Writing constant memory
Fra:11 Mem:9.15M (Peak 9.75M) | Time:00:00.00 | Mem:0.12M, Peak:0.12M | Scene, ViewLayer | Sample 0/1
Fra:11 Mem:9.24M (Peak 9.75M) | Time:00:00.00 | Mem:0.16M, Peak:0.16M | Scene, ViewLayer | Sample 1/1
Fra:11 Mem:9.24M (Peak 9.75M) | Time:00:00.00 | Mem:0.16M, Peak:0.16M | Scene, ViewLayer | Finished
Saved: '/home/terence/Documents/Codex/2026-09-06/realtime-voice-chat-3/outputs/butterfly-method-comparison/blender-v2/raw/native32/view180_frame02.png'
Time: 00:00.00 (Saving: 00:00.00)

Fra:11 Mem:9.67M (Peak 9.67M) | Time:00:00.00 | Mem:0.00M, Peak:0.00M | Scene, ViewLayer | Synchronizing object | Thorax
Fra:11 Mem:9.67M (Peak 9.67M) | Time:00:00.00 | Mem:0.00M, Peak:0.00M | Scene, ViewLayer | Synchronizing object | Antenna.001
Fra:11 Mem:9.67M (Peak 9.67M) | Time:00:00.00 | Mem:0.00M, Peak:0.00M | Scene, ViewLayer | Synchronizing object | Abdomen tip
Fra:11 Mem:9.68M (Peak 9.68M) | Time:00:00.00 | Mem:0.00M, Peak:0.00M | Scene, ViewLayer | Synchronizing object | Antenna
Fra:11 Mem:9.68M (Peak 9.68M) | Time:00:00.00 | Mem:0.00M, Peak:0.00M | Scene, ViewLayer | Initializing
Fra:11 Mem:9.03M (Peak 9.68M) | Time:00:00.00 | Mem:0.00M, Peak:0.00M | Scene, ViewLayer | Waiting for render to start
Fra:11 Mem:9.03M (Peak 9.68M) | Time:00:00.00 | Mem:0.00M, Peak:0.00M | Scene, ViewLayer | Updating Scene
Fra:11 Mem:9.03M (Peak 9.68M) | Time:00:00.00 | Mem:0.00M, Peak:0.00M | Scene, ViewLayer | Updating Shaders
Fra:11 Mem:9.03M (Peak 9.68M) | Time:00:00.00 | Mem:0.00M, Peak:0.00M | Scene, ViewLayer | Loading render kernels (may take a few minutes the first time)
Fra:11 Mem:9.12M (Peak 9.68M) | Time:00:00.00 | Mem:0.00M, Peak:0.00M | Scene, ViewLayer | Updating Procedurals
Fra:11 Mem:9.12M (Peak 9.68M) | Time:00:00.00 | Mem:0.00M, Peak:0.00M | Scene, ViewLayer | Updating Background
Fra:11 Mem:9.12M (Peak 9.68M) | Time:00:00.00 | Mem:0.00M, Peak:0.00M | Scene, ViewLayer | Updating Camera
Fra:11 Mem:9.12M (Peak 9.68M) | Time:00:00.00 | Mem:0.00M, Peak:0.00M | Scene, ViewLayer | Updating Meshes Flags
Fra:11 Mem:9.12M (Peak 9.68M) | Time:00:00.00 | Mem:0.00M, Peak:0.00M | Scene, ViewLayer | Updating Objects
Fra:11 Mem:9.12M (Peak 9.68M) | Time:00:00.00 | Mem:0.00M, Peak:0.00M | Scene, ViewLayer | Updating Objects | Copying Transformations to device
Fra:11 Mem:9.12M (Peak 9.68M) | Time:00:00.00 | Mem:0.00M, Peak:0.00M | Scene, ViewLayer | Updating Particle Systems
Fra:11 Mem:9.12M (Peak 9.68M) | Time:00:00.00 | Mem:0.00M, Peak:0.00M | Scene, ViewLayer | Updating Particle Systems | Copying Particles to device
Fra:11 Mem:9.12M (Peak 9.68M) | Time:00:00.00 | Mem:0.00M, Peak:0.00M | Scene, ViewLayer | Updating Meshes
Fra:11 Mem:9.12M (Peak 9.68M) | Time:00:00.00 | Mem:0.00M, Peak:0.00M | Scene, ViewLayer | Updating Objects | Applying Static Transformations
Fra:11 Mem:9.12M (Peak 9.68M) | Time:00:00.00 | Mem:0.00M, Peak:0.00M | Scene, ViewLayer | Updating Mesh | Computing attributes
Fra:11 Mem:9.12M (Peak 9.68M) | Time:00:00.00 | Mem:0.01M, Peak:0.01M | Scene, ViewLayer | Updating Mesh | Copying Attributes to device
Fra:11 Mem:9.12M (Peak 9.68M) | Time:00:00.00 | Mem:0.01M, Peak:0.01M | Scene, ViewLayer | Updating Scene BVH | Building
Fra:11 Mem:9.12M (Peak 9.68M) | Time:00:00.00 | Mem:0.01M, Peak:0.01M | Scene, ViewLayer | Updating Scene BVH | Building BVH
Fra:11 Mem:9.12M (Peak 9.68M) | Time:00:00.00 | Mem:0.01M, Peak:0.01M | Scene, ViewLayer | Updating Scene BVH | Copying BVH to device
Fra:11 Mem:9.12M (Peak 9.68M) | Time:00:00.00 | Mem:0.01M, Peak:0.01M | Scene, ViewLayer | Updating Mesh | Computing normals
Fra:11 Mem:9.12M (Peak 9.68M) | Time:00:00.00 | Mem:0.01M, Peak:0.01M | Scene, ViewLayer | Updating Mesh | Copying Mesh to device
Fra:11 Mem:9.12M (Peak 9.68M) | Time:00:00.00 | Mem:0.01M, Peak:0.01M | Scene, ViewLayer | Updating Objects Flags
Fra:11 Mem:9.12M (Peak 9.68M) | Time:00:00.00 | Mem:0.01M, Peak:0.01M | Scene, ViewLayer | Updating Primitive Offsets
Fra:11 Mem:9.12M (Peak 9.68M) | Time:00:00.00 | Mem:0.01M, Peak:0.01M | Scene, ViewLayer | Updating Images
Fra:11 Mem:9.12M (Peak 9.68M) | Time:00:00.00 | Mem:0.01M, Peak:0.01M | Scene, ViewLayer | Updating Camera Volume
Fra:11 Mem:9.12M (Peak 9.68M) | Time:00:00.00 | Mem:0.01M, Peak:0.01M | Scene, ViewLayer | Updating Lookup Tables
Fra:11 Mem:9.12M (Peak 9.68M) | Time:00:00.00 | Mem:0.09M, Peak:0.09M | Scene, ViewLayer | Updating Lights
Fra:11 Mem:9.12M (Peak 9.68M) | Time:00:00.00 | Mem:0.09M, Peak:0.09M | Scene, ViewLayer | Updating Lights | Computing tree
Fra:11 Mem:9.12M (Peak 9.68M) | Time:00:00.00 | Mem:0.09M, Peak:0.09M | Scene, ViewLayer | Updating Integrator
Fra:11 Mem:9.12M (Peak 9.68M) | Time:00:00.00 | Mem:0.09M, Peak:0.09M | Scene, ViewLayer | Updating Film
Fra:11 Mem:9.13M (Peak 9.68M) | Time:00:00.00 | Mem:0.01M, Peak:0.09M | Scene, ViewLayer | Updating Lookup Tables
Fra:11 Mem:9.13M (Peak 9.68M) | Time:00:00.00 | Mem:0.10M, Peak:0.10M | Scene, ViewLayer | Updating Baking
Fra:11 Mem:9.13M (Peak 9.68M) | Time:00:00.00 | Mem:0.10M, Peak:0.10M | Scene, ViewLayer | Updating Device | Writing constant memory
Fra:11 Mem:9.13M (Peak 9.68M) | Time:00:00.00 | Mem:0.10M, Peak:0.10M | Scene, ViewLayer | Sample 0/1
Fra:11 Mem:9.18M (Peak 9.68M) | Time:00:00.00 | Mem:0.11M, Peak:0.11M | Scene, ViewLayer | Sample 1/1
Fra:11 Mem:9.18M (Peak 9.68M) | Time:00:00.00 | Mem:0.11M, Peak:0.11M | Scene, ViewLayer | Finished
Saved: '/home/terence/Documents/Codex/2026-09-06/realtime-voice-chat-3/outputs/butterfly-method-comparison/blender-v2/raw/body-only/view180_frame02.png'
Time: 00:00.00 (Saving: 00:00.00)

Fra:11 Mem:9.71M (Peak 9.71M) | Time:00:00.00 | Mem:0.00M, Peak:0.00M | Scene, ViewLayer | Synchronizing object | Thorax
Fra:11 Mem:9.71M (Peak 9.71M) | Time:00:00.00 | Mem:0.00M, Peak:0.00M | Scene, ViewLayer | Synchronizing object | Abdomen
Fra:11 Mem:9.71M (Peak 9.71M) | Time:00:00.00 | Mem:0.00M, Peak:0.00M | Scene, ViewLayer | Synchronizing object | L continuous fore-hind wing
Fra:11 Mem:9.71M (Peak 9.71M) | Time:00:00.00 | Mem:0.00M, Peak:0.00M | Scene, ViewLayer | Synchronizing object | Antenna
Fra:11 Mem:9.71M (Peak 9.71M) | Time:00:00.00 | Mem:0.00M, Peak:0.00M | Scene, ViewLayer | Synchronizing object | Antenna.001
Fra:11 Mem:9.72M (Peak 9.72M) | Time:00:00.00 | Mem:0.00M, Peak:0.00M | Scene, ViewLayer | Synchronizing object | R continuous fore-hind wing
Fra:11 Mem:9.72M (Peak 9.72M) | Time:00:00.00 | Mem:0.00M, Peak:0.00M | Scene, ViewLayer | Initializing
Fra:11 Mem:9.03M (Peak 9.72M) | Time:00:00.00 | Mem:0.00M, Peak:0.00M | Scene, ViewLayer | Waiting for render to start
Fra:11 Mem:9.03M (Peak 9.72M) | Time:00:00.00 | Mem:0.00M, Peak:0.00M | Scene, ViewLayer | Updating Scene
Fra:11 Mem:9.03M (Peak 9.72M) | Time:00:00.00 | Mem:0.00M, Peak:0.00M | Scene, ViewLayer | Updating Shaders
Fra:11 Mem:9.03M (Peak 9.72M) | Time:00:00.00 | Mem:0.00M, Peak:0.00M | Scene, ViewLayer | Loading render kernels (may take a few minutes the first time)
Fra:11 Mem:9.11M (Peak 9.72M) | Time:00:00.00 | Mem:0.00M, Peak:0.00M | Scene, ViewLayer | Updating Procedurals
Fra:11 Mem:9.11M (Peak 9.72M) | Time:00:00.00 | Mem:0.00M, Peak:0.00M | Scene, ViewLayer | Updating Background
Fra:11 Mem:9.11M (Peak 9.72M) | Time:00:00.00 | Mem:0.00M, Peak:0.00M | Scene, ViewLayer | Updating Camera
Fra:11 Mem:9.11M (Peak 9.72M) | Time:00:00.00 | Mem:0.00M, Peak:0.00M | Scene, ViewLayer | Updating Meshes Flags
Fra:11 Mem:9.11M (Peak 9.72M) | Time:00:00.00 | Mem:0.00M, Peak:0.00M | Scene, ViewLayer | Updating Objects
Fra:11 Mem:9.11M (Peak 9.72M) | Time:00:00.00 | Mem:0.00M, Peak:0.00M | Scene, ViewLayer | Updating Objects | Copying Transformations to device
Fra:11 Mem:9.11M (Peak 9.72M) | Time:00:00.00 | Mem:0.01M, Peak:0.01M | Scene, ViewLayer | Updating Particle Systems
Fra:11 Mem:9.11M (Peak 9.72M) | Time:00:00.00 | Mem:0.01M, Peak:0.01M | Scene, ViewLayer | Updating Particle Systems | Copying Particles to device
Fra:11 Mem:9.11M (Peak 9.72M) | Time:00:00.00 | Mem:0.01M, Peak:0.01M | Scene, ViewLayer | Updating Meshes
Fra:11 Mem:9.11M (Peak 9.72M) | Time:00:00.00 | Mem:0.01M, Peak:0.01M | Scene, ViewLayer | Updating Objects | Applying Static Transformations
Fra:11 Mem:9.11M (Peak 9.72M) | Time:00:00.00 | Mem:0.01M, Peak:0.01M | Scene, ViewLayer | Updating Mesh | Computing attributes
Fra:11 Mem:9.12M (Peak 9.72M) | Time:00:00.00 | Mem:0.01M, Peak:0.01M | Scene, ViewLayer | Updating Mesh | Copying Attributes to device
Fra:11 Mem:9.12M (Peak 9.72M) | Time:00:00.00 | Mem:0.01M, Peak:0.01M | Scene, ViewLayer | Updating Scene BVH | Building
Fra:11 Mem:9.12M (Peak 9.72M) | Time:00:00.00 | Mem:0.01M, Peak:0.01M | Scene, ViewLayer | Updating Scene BVH | Building BVH
Fra:11 Mem:9.12M (Peak 9.72M) | Time:00:00.00 | Mem:0.02M, Peak:0.03M | Scene, ViewLayer | Updating Scene BVH | Copying BVH to device
Fra:11 Mem:9.12M (Peak 9.72M) | Time:00:00.00 | Mem:0.02M, Peak:0.03M | Scene, ViewLayer | Updating Mesh | Computing normals
Fra:11 Mem:9.12M (Peak 9.72M) | Time:00:00.00 | Mem:0.02M, Peak:0.03M | Scene, ViewLayer | Updating Mesh | Copying Mesh to device
Fra:11 Mem:9.12M (Peak 9.72M) | Time:00:00.00 | Mem:0.03M, Peak:0.03M | Scene, ViewLayer | Updating Objects Flags
Fra:11 Mem:9.12M (Peak 9.72M) | Time:00:00.00 | Mem:0.03M, Peak:0.03M | Scene, ViewLayer | Updating Primitive Offsets
Fra:11 Mem:9.12M (Peak 9.72M) | Time:00:00.00 | Mem:0.03M, Peak:0.03M | Scene, ViewLayer | Updating Images
Fra:11 Mem:9.12M (Peak 9.72M) | Time:00:00.00 | Mem:0.03M, Peak:0.03M | Scene, ViewLayer | Updating Camera Volume
Fra:11 Mem:9.12M (Peak 9.72M) | Time:00:00.00 | Mem:0.03M, Peak:0.03M | Scene, ViewLayer | Updating Lookup Tables
Fra:11 Mem:9.12M (Peak 9.72M) | Time:00:00.00 | Mem:0.11M, Peak:0.11M | Scene, ViewLayer | Updating Lights
Fra:11 Mem:9.12M (Peak 9.72M) | Time:00:00.00 | Mem:0.11M, Peak:0.11M | Scene, ViewLayer | Updating Lights | Computing tree
Fra:11 Mem:9.13M (Peak 9.72M) | Time:00:00.00 | Mem:0.12M, Peak:0.12M | Scene, ViewLayer | Updating Integrator
Fra:11 Mem:9.13M (Peak 9.72M) | Time:00:00.00 | Mem:0.12M, Peak:0.12M | Scene, ViewLayer | Updating Film
Fra:11 Mem:9.13M (Peak 9.72M) | Time:00:00.00 | Mem:0.04M, Peak:0.12M | Scene, ViewLayer | Updating Lookup Tables
Fra:11 Mem:9.13M (Peak 9.72M) | Time:00:00.00 | Mem:0.12M, Peak:0.12M | Scene, ViewLayer | Updating Baking
Fra:11 Mem:9.13M (Peak 9.72M) | Time:00:00.00 | Mem:0.12M, Peak:0.12M | Scene, ViewLayer | Updating Device | Writing constant memory
Fra:11 Mem:9.14M (Peak 9.72M) | Time:00:00.00 | Mem:0.12M, Peak:0.12M | Scene, ViewLayer | Sample 0/1
Fra:11 Mem:9.19M (Peak 9.72M) | Time:00:00.00 | Mem:0.13M, Peak:0.13M | Scene, ViewLayer | Sample 1/1
Fra:11 Mem:9.19M (Peak 9.72M) | Time:00:00.00 | Mem:0.13M, Peak:0.13M | Scene, ViewLayer | Finished
Saved: '/home/terence/Documents/Codex/2026-09-06/realtime-voice-chat-3/outputs/butterfly-method-comparison/blender-v2/raw/no-abdomen-lag/view180_frame02.png'
Time: 00:00.00 (Saving: 00:00.00)

Fra:11 Mem:9.69M (Peak 9.69M) | Time:00:00.00 | Mem:0.00M, Peak:0.00M | Scene, ViewLayer | Synchronizing object | Thorax
Fra:11 Mem:9.69M (Peak 9.69M) | Time:00:00.00 | Mem:0.00M, Peak:0.00M | Scene, ViewLayer | Synchronizing object | L continuous fore-hind wing
Fra:11 Mem:9.69M (Peak 9.69M) | Time:00:00.00 | Mem:0.00M, Peak:0.00M | Scene, ViewLayer | Synchronizing object | Abdomen tip
Fra:11 Mem:9.69M (Peak 9.69M) | Time:00:00.00 | Mem:0.00M, Peak:0.00M | Scene, ViewLayer | Synchronizing object | Antenna
Fra:11 Mem:9.69M (Peak 9.69M) | Time:00:00.00 | Mem:0.00M, Peak:0.00M | Scene, ViewLayer | Synchronizing object | Antenna.001
Fra:11 Mem:9.70M (Peak 9.70M) | Time:00:00.00 | Mem:0.00M, Peak:0.00M | Scene, ViewLayer | Synchronizing object | R continuous fore-hind wing
Fra:11 Mem:9.70M (Peak 9.70M) | Time:00:00.00 | Mem:0.00M, Peak:0.00M | Scene, ViewLayer | Initializing
Fra:11 Mem:9.02M (Peak 9.70M) | Time:00:00.00 | Mem:0.00M, Peak:0.00M | Scene, ViewLayer | Waiting for render to start
Fra:11 Mem:9.02M (Peak 9.70M) | Time:00:00.00 | Mem:0.00M, Peak:0.00M | Scene, ViewLayer | Updating Scene
Fra:11 Mem:9.02M (Peak 9.70M) | Time:00:00.00 | Mem:0.00M, Peak:0.00M | Scene, ViewLayer | Updating Shaders
Fra:11 Mem:9.02M (Peak 9.70M) | Time:00:00.00 | Mem:0.00M, Peak:0.00M | Scene, ViewLayer | Loading render kernels (may take a few minutes the first time)
Fra:11 Mem:9.10M (Peak 9.70M) | Time:00:00.00 | Mem:0.00M, Peak:0.00M | Scene, ViewLayer | Updating Procedurals
Fra:11 Mem:9.10M (Peak 9.70M) | Time:00:00.00 | Mem:0.00M, Peak:0.00M | Scene, ViewLayer | Updating Background
Fra:11 Mem:9.10M (Peak 9.70M) | Time:00:00.00 | Mem:0.00M, Peak:0.00M | Scene, ViewLayer | Updating Camera
Fra:11 Mem:9.10M (Peak 9.70M) | Time:00:00.00 | Mem:0.00M, Peak:0.00M | Scene, ViewLayer | Updating Meshes Flags
Fra:11 Mem:9.10M (Peak 9.70M) | Time:00:00.00 | Mem:0.00M, Peak:0.00M | Scene, ViewLayer | Updating Objects
Fra:11 Mem:9.10M (Peak 9.70M) | Time:00:00.00 | Mem:0.00M, Peak:0.00M | Scene, ViewLayer | Updating Objects | Copying Transformations to device
Fra:11 Mem:9.10M (Peak 9.70M) | Time:00:00.00 | Mem:0.01M, Peak:0.01M | Scene, ViewLayer | Updating Particle Systems
Fra:11 Mem:9.10M (Peak 9.70M) | Time:00:00.00 | Mem:0.01M, Peak:0.01M | Scene, ViewLayer | Updating Particle Systems | Copying Particles to device
Fra:11 Mem:9.10M (Peak 9.70M) | Time:00:00.00 | Mem:0.01M, Peak:0.01M | Scene, ViewLayer | Updating Meshes
Fra:11 Mem:9.10M (Peak 9.70M) | Time:00:00.00 | Mem:0.01M, Peak:0.01M | Scene, ViewLayer | Updating Objects | Applying Static Transformations
Fra:11 Mem:9.10M (Peak 9.70M) | Time:00:00.00 | Mem:0.01M, Peak:0.01M | Scene, ViewLayer | Updating Mesh | Computing attributes
Fra:11 Mem:9.11M (Peak 9.70M) | Time:00:00.00 | Mem:0.01M, Peak:0.01M | Scene, ViewLayer | Updating Mesh | Copying Attributes to device
Fra:11 Mem:9.11M (Peak 9.70M) | Time:00:00.00 | Mem:0.01M, Peak:0.01M | Scene, ViewLayer | Updating Scene BVH | Building
Fra:11 Mem:9.11M (Peak 9.70M) | Time:00:00.00 | Mem:0.01M, Peak:0.01M | Scene, ViewLayer | Updating Scene BVH | Building BVH
Fra:11 Mem:9.11M (Peak 9.70M) | Time:00:00.00 | Mem:0.02M, Peak:0.03M | Scene, ViewLayer | Updating Scene BVH | Copying BVH to device
Fra:11 Mem:9.11M (Peak 9.70M) | Time:00:00.00 | Mem:0.02M, Peak:0.03M | Scene, ViewLayer | Updating Mesh | Computing normals
Fra:11 Mem:9.11M (Peak 9.70M) | Time:00:00.00 | Mem:0.02M, Peak:0.03M | Scene, ViewLayer | Updating Mesh | Copying Mesh to device
Fra:11 Mem:9.11M (Peak 9.70M) | Time:00:00.00 | Mem:0.03M, Peak:0.03M | Scene, ViewLayer | Updating Objects Flags
Fra:11 Mem:9.11M (Peak 9.70M) | Time:00:00.00 | Mem:0.03M, Peak:0.03M | Scene, ViewLayer | Updating Primitive Offsets
Fra:11 Mem:9.11M (Peak 9.70M) | Time:00:00.00 | Mem:0.03M, Peak:0.03M | Scene, ViewLayer | Updating Images
Fra:11 Mem:9.11M (Peak 9.70M) | Time:00:00.00 | Mem:0.03M, Peak:0.03M | Scene, ViewLayer | Updating Camera Volume
Fra:11 Mem:9.11M (Peak 9.70M) | Time:00:00.00 | Mem:0.03M, Peak:0.03M | Scene, ViewLayer | Updating Lookup Tables
Fra:11 Mem:9.11M (Peak 9.70M) | Time:00:00.00 | Mem:0.11M, Peak:0.11M | Scene, ViewLayer | Updating Lights
Fra:11 Mem:9.11M (Peak 9.70M) | Time:00:00.00 | Mem:0.11M, Peak:0.11M | Scene, ViewLayer | Updating Lights | Computing tree
Fra:11 Mem:9.12M (Peak 9.70M) | Time:00:00.00 | Mem:0.12M, Peak:0.12M | Scene, ViewLayer | Updating Integrator
Fra:11 Mem:9.12M (Peak 9.70M) | Time:00:00.00 | Mem:0.12M, Peak:0.12M | Scene, ViewLayer | Updating Film
Fra:11 Mem:9.13M (Peak 9.70M) | Time:00:00.00 | Mem:0.04M, Peak:0.12M | Scene, ViewLayer | Updating Lookup Tables
Fra:11 Mem:9.13M (Peak 9.70M) | Time:00:00.00 | Mem:0.12M, Peak:0.12M | Scene, ViewLayer | Updating Baking
Fra:11 Mem:9.13M (Peak 9.70M) | Time:00:00.00 | Mem:0.12M, Peak:0.12M | Scene, ViewLayer | Updating Device | Writing constant memory
Fra:11 Mem:9.13M (Peak 9.70M) | Time:00:00.00 | Mem:0.12M, Peak:0.12M | Scene, ViewLayer | Sample 0/1
Fra:11 Mem:9.18M (Peak 9.70M) | Time:00:00.00 | Mem:0.13M, Peak:0.13M | Scene, ViewLayer | Sample 1/1
Fra:11 Mem:9.18M (Peak 9.70M) | Time:00:00.00 | Mem:0.13M, Peak:0.13M | Scene, ViewLayer | Finished
Saved: '/home/terence/Documents/Codex/2026-09-06/realtime-voice-chat-3/outputs/butterfly-method-comparison/blender-v2/raw/wing-only/view180_frame02.png'
Time: 00:00.00 (Saving: 00:00.00)

Fra:16 Mem:9.74M (Peak 9.74M) | Time:00:00.00 | Mem:0.00M, Peak:0.00M | Scene, ViewLayer | Synchronizing object | Thorax
Fra:16 Mem:9.74M (Peak 9.74M) | Time:00:00.00 | Mem:0.00M, Peak:0.00M | Scene, ViewLayer | Synchronizing object | Head
Fra:16 Mem:9.74M (Peak 9.74M) | Time:00:00.00 | Mem:0.00M, Peak:0.00M | Scene, ViewLayer | Synchronizing object | Abdomen
Fra:16 Mem:9.74M (Peak 9.74M) | Time:00:00.00 | Mem:0.00M, Peak:0.00M | Scene, ViewLayer | Synchronizing object | Abdomen tip
Fra:16 Mem:9.74M (Peak 9.74M) | Time:00:00.00 | Mem:0.00M, Peak:0.00M | Scene, ViewLayer | Synchronizing object | R continuous fore-hind wing
Fra:16 Mem:9.74M (Peak 9.74M) | Time:00:00.00 | Mem:0.00M, Peak:0.00M | Scene, ViewLayer | Synchronizing object | Antenna.001
Fra:16 Mem:9.75M (Peak 9.75M) | Time:00:00.00 | Mem:0.00M, Peak:0.00M | Scene, ViewLayer | Initializing
Fra:16 Mem:9.04M (Peak 9.75M) | Time:00:00.00 | Mem:0.00M, Peak:0.00M | Scene, ViewLayer | Waiting for render to start
Fra:16 Mem:9.04M (Peak 9.75M) | Time:00:00.00 | Mem:0.00M, Peak:0.00M | Scene, ViewLayer | Updating Scene
Fra:16 Mem:9.04M (Peak 9.75M) | Time:00:00.00 | Mem:0.00M, Peak:0.00M | Scene, ViewLayer | Updating Shaders
Fra:16 Mem:9.04M (Peak 9.75M) | Time:00:00.00 | Mem:0.00M, Peak:0.00M | Scene, ViewLayer | Loading render kernels (may take a few minutes the first time)
Fra:16 Mem:9.13M (Peak 9.75M) | Time:00:00.00 | Mem:0.00M, Peak:0.00M | Scene, ViewLayer | Updating Procedurals
Fra:16 Mem:9.13M (Peak 9.75M) | Time:00:00.00 | Mem:0.00M, Peak:0.00M | Scene, ViewLayer | Updating Background
Fra:16 Mem:9.13M (Peak 9.75M) | Time:00:00.00 | Mem:0.00M, Peak:0.00M | Scene, ViewLayer | Updating Camera
Fra:16 Mem:9.13M (Peak 9.75M) | Time:00:00.00 | Mem:0.00M, Peak:0.00M | Scene, ViewLayer | Updating Meshes Flags
Fra:16 Mem:9.13M (Peak 9.75M) | Time:00:00.00 | Mem:0.00M, Peak:0.00M | Scene, ViewLayer | Updating Objects
Fra:16 Mem:9.13M (Peak 9.75M) | Time:00:00.00 | Mem:0.00M, Peak:0.00M | Scene, ViewLayer | Updating Objects | Copying Transformations to device
Fra:16 Mem:9.13M (Peak 9.75M) | Time:00:00.00 | Mem:0.01M, Peak:0.01M | Scene, ViewLayer | Updating Particle Systems
Fra:16 Mem:9.13M (Peak 9.75M) | Time:00:00.00 | Mem:0.01M, Peak:0.01M | Scene, ViewLayer | Updating Particle Systems | Copying Particles to device
Fra:16 Mem:9.13M (Peak 9.75M) | Time:00:00.00 | Mem:0.01M, Peak:0.01M | Scene, ViewLayer | Updating Meshes
Fra:16 Mem:9.13M (Peak 9.75M) | Time:00:00.00 | Mem:0.01M, Peak:0.01M | Scene, ViewLayer | Updating Objects | Applying Static Transformations
Fra:16 Mem:9.13M (Peak 9.75M) | Time:00:00.00 | Mem:0.01M, Peak:0.01M | Scene, ViewLayer | Updating Mesh | Computing attributes
Fra:16 Mem:9.13M (Peak 9.75M) | Time:00:00.00 | Mem:0.01M, Peak:0.01M | Scene, ViewLayer | Updating Mesh | Copying Attributes to device
Fra:16 Mem:9.13M (Peak 9.75M) | Time:00:00.00 | Mem:0.01M, Peak:0.01M | Scene, ViewLayer | Updating Scene BVH | Building
Fra:16 Mem:9.13M (Peak 9.75M) | Time:00:00.00 | Mem:0.01M, Peak:0.01M | Scene, ViewLayer | Updating Scene BVH | Building BVH
Fra:16 Mem:9.13M (Peak 9.75M) | Time:00:00.00 | Mem:0.02M, Peak:0.03M | Scene, ViewLayer | Updating Scene BVH | Copying BVH to device
Fra:16 Mem:9.13M (Peak 9.75M) | Time:00:00.00 | Mem:0.02M, Peak:0.03M | Scene, ViewLayer | Updating Mesh | Computing normals
Fra:16 Mem:9.14M (Peak 9.75M) | Time:00:00.00 | Mem:0.02M, Peak:0.03M | Scene, ViewLayer | Updating Mesh | Copying Mesh to device
Fra:16 Mem:9.14M (Peak 9.75M) | Time:00:00.00 | Mem:0.03M, Peak:0.03M | Scene, ViewLayer | Updating Objects Flags
Fra:16 Mem:9.14M (Peak 9.75M) | Time:00:00.00 | Mem:0.03M, Peak:0.03M | Scene, ViewLayer | Updating Primitive Offsets
Fra:16 Mem:9.14M (Peak 9.75M) | Time:00:00.00 | Mem:0.03M, Peak:0.03M | Scene, ViewLayer | Updating Images
Fra:16 Mem:9.14M (Peak 9.75M) | Time:00:00.00 | Mem:0.03M, Peak:0.03M | Scene, ViewLayer | Updating Camera Volume
Fra:16 Mem:9.14M (Peak 9.75M) | Time:00:00.00 | Mem:0.03M, Peak:0.03M | Scene, ViewLayer | Updating Lookup Tables
Fra:16 Mem:9.14M (Peak 9.75M) | Time:00:00.00 | Mem:0.11M, Peak:0.11M | Scene, ViewLayer | Updating Lights
Fra:16 Mem:9.14M (Peak 9.75M) | Time:00:00.00 | Mem:0.11M, Peak:0.11M | Scene, ViewLayer | Updating Lights | Computing tree
Fra:16 Mem:9.14M (Peak 9.75M) | Time:00:00.00 | Mem:0.12M, Peak:0.12M | Scene, ViewLayer | Updating Integrator
Fra:16 Mem:9.14M (Peak 9.75M) | Time:00:00.00 | Mem:0.12M, Peak:0.12M | Scene, ViewLayer | Updating Film
Fra:16 Mem:9.15M (Peak 9.75M) | Time:00:00.00 | Mem:0.04M, Peak:0.12M | Scene, ViewLayer | Updating Lookup Tables
Fra:16 Mem:9.15M (Peak 9.75M) | Time:00:00.00 | Mem:0.12M, Peak:0.12M | Scene, ViewLayer | Updating Baking
Fra:16 Mem:9.15M (Peak 9.75M) | Time:00:00.00 | Mem:0.12M, Peak:0.12M | Scene, ViewLayer | Updating Device | Writing constant memory
Fra:16 Mem:9.15M (Peak 9.75M) | Time:00:00.00 | Mem:0.12M, Peak:0.12M | Scene, ViewLayer | Sample 0/8
Fra:16 Mem:9.75M (Peak 9.75M) | Time:00:00.00 | Remaining:00:00.01 | Mem:0.69M, Peak:0.69M | Scene, ViewLayer | Sample 1/8
Fra:16 Mem:10.00M (Peak 10.00M) | Time:00:00.02 | Mem:0.69M, Peak:0.69M | Scene, ViewLayer | Sample 8/8
Fra:16 Mem:10.00M (Peak 10.00M) | Time:00:00.02 | Mem:0.69M, Peak:0.69M | Scene, ViewLayer | Finished
Saved: '/home/terence/Documents/Codex/2026-09-06/realtime-voice-chat-3/outputs/butterfly-method-comparison/blender-v2/raw/view180_frame03.png'
Time: 00:00.02 (Saving: 00:00.00)

Fra:16 Mem:9.74M (Peak 9.74M) | Time:00:00.00 | Mem:0.00M, Peak:0.00M | Scene, ViewLayer | Synchronizing object | Thorax
Fra:16 Mem:9.74M (Peak 9.74M) | Time:00:00.00 | Mem:0.00M, Peak:0.00M | Scene, ViewLayer | Synchronizing object | Abdomen
Fra:16 Mem:9.74M (Peak 9.74M) | Time:00:00.00 | Mem:0.00M, Peak:0.00M | Scene, ViewLayer | Synchronizing object | L continuous fore-hind wing
Fra:16 Mem:9.74M (Peak 9.74M) | Time:00:00.00 | Mem:0.00M, Peak:0.00M | Scene, ViewLayer | Synchronizing object | Antenna
Fra:16 Mem:9.74M (Peak 9.74M) | Time:00:00.00 | Mem:0.00M, Peak:0.00M | Scene, ViewLayer | Synchronizing object | Antenna.001
Fra:16 Mem:9.74M (Peak 9.74M) | Time:00:00.00 | Mem:0.00M, Peak:0.00M | Scene, ViewLayer | Synchronizing object | R continuous fore-hind wing
Fra:16 Mem:9.75M (Peak 9.75M) | Time:00:00.00 | Mem:0.00M, Peak:0.00M | Scene, ViewLayer | Initializing
Fra:16 Mem:9.04M (Peak 9.75M) | Time:00:00.00 | Mem:0.00M, Peak:0.00M | Scene, ViewLayer | Waiting for render to start
Fra:16 Mem:9.04M (Peak 9.75M) | Time:00:00.00 | Mem:0.00M, Peak:0.00M | Scene, ViewLayer | Updating Scene
Fra:16 Mem:9.04M (Peak 9.75M) | Time:00:00.00 | Mem:0.00M, Peak:0.00M | Scene, ViewLayer | Updating Shaders
Fra:16 Mem:9.04M (Peak 9.75M) | Time:00:00.00 | Mem:0.00M, Peak:0.00M | Scene, ViewLayer | Loading render kernels (may take a few minutes the first time)
Fra:16 Mem:9.13M (Peak 9.75M) | Time:00:00.00 | Mem:0.00M, Peak:0.00M | Scene, ViewLayer | Updating Procedurals
Fra:16 Mem:9.13M (Peak 9.75M) | Time:00:00.00 | Mem:0.00M, Peak:0.00M | Scene, ViewLayer | Updating Background
Fra:16 Mem:9.13M (Peak 9.75M) | Time:00:00.00 | Mem:0.00M, Peak:0.00M | Scene, ViewLayer | Updating Camera
Fra:16 Mem:9.13M (Peak 9.75M) | Time:00:00.00 | Mem:0.00M, Peak:0.00M | Scene, ViewLayer | Updating Meshes Flags
Fra:16 Mem:9.13M (Peak 9.75M) | Time:00:00.00 | Mem:0.00M, Peak:0.00M | Scene, ViewLayer | Updating Objects
Fra:16 Mem:9.13M (Peak 9.75M) | Time:00:00.00 | Mem:0.00M, Peak:0.00M | Scene, ViewLayer | Updating Objects | Copying Transformations to device
Fra:16 Mem:9.13M (Peak 9.75M) | Time:00:00.00 | Mem:0.01M, Peak:0.01M | Scene, ViewLayer | Updating Particle Systems
Fra:16 Mem:9.13M (Peak 9.75M) | Time:00:00.00 | Mem:0.01M, Peak:0.01M | Scene, ViewLayer | Updating Particle Systems | Copying Particles to device
Fra:16 Mem:9.13M (Peak 9.75M) | Time:00:00.00 | Mem:0.01M, Peak:0.01M | Scene, ViewLayer | Updating Meshes
Fra:16 Mem:9.13M (Peak 9.75M) | Time:00:00.00 | Mem:0.01M, Peak:0.01M | Scene, ViewLayer | Updating Objects | Applying Static Transformations
Fra:16 Mem:9.13M (Peak 9.75M) | Time:00:00.00 | Mem:0.01M, Peak:0.01M | Scene, ViewLayer | Updating Mesh | Computing attributes
Fra:16 Mem:9.13M (Peak 9.75M) | Time:00:00.00 | Mem:0.01M, Peak:0.01M | Scene, ViewLayer | Updating Mesh | Copying Attributes to device
Fra:16 Mem:9.13M (Peak 9.75M) | Time:00:00.00 | Mem:0.01M, Peak:0.01M | Scene, ViewLayer | Updating Scene BVH | Building
Fra:16 Mem:9.13M (Peak 9.75M) | Time:00:00.00 | Mem:0.01M, Peak:0.01M | Scene, ViewLayer | Updating Scene BVH | Building BVH
Fra:16 Mem:9.13M (Peak 9.75M) | Time:00:00.00 | Mem:0.02M, Peak:0.03M | Scene, ViewLayer | Updating Scene BVH | Copying BVH to device
Fra:16 Mem:9.13M (Peak 9.75M) | Time:00:00.00 | Mem:0.02M, Peak:0.03M | Scene, ViewLayer | Updating Mesh | Computing normals
Fra:16 Mem:9.14M (Peak 9.75M) | Time:00:00.00 | Mem:0.02M, Peak:0.03M | Scene, ViewLayer | Updating Mesh | Copying Mesh to device
Fra:16 Mem:9.14M (Peak 9.75M) | Time:00:00.00 | Mem:0.03M, Peak:0.03M | Scene, ViewLayer | Updating Objects Flags
Fra:16 Mem:9.14M (Peak 9.75M) | Time:00:00.00 | Mem:0.03M, Peak:0.03M | Scene, ViewLayer | Updating Primitive Offsets
Fra:16 Mem:9.14M (Peak 9.75M) | Time:00:00.00 | Mem:0.03M, Peak:0.03M | Scene, ViewLayer | Updating Images
Fra:16 Mem:9.14M (Peak 9.75M) | Time:00:00.00 | Mem:0.03M, Peak:0.03M | Scene, ViewLayer | Updating Camera Volume
Fra:16 Mem:9.14M (Peak 9.75M) | Time:00:00.00 | Mem:0.03M, Peak:0.03M | Scene, ViewLayer | Updating Lookup Tables
Fra:16 Mem:9.14M (Peak 9.75M) | Time:00:00.00 | Mem:0.11M, Peak:0.11M | Scene, ViewLayer | Updating Lights
Fra:16 Mem:9.14M (Peak 9.75M) | Time:00:00.00 | Mem:0.11M, Peak:0.11M | Scene, ViewLayer | Updating Lights | Computing tree
Fra:16 Mem:9.14M (Peak 9.75M) | Time:00:00.00 | Mem:0.12M, Peak:0.12M | Scene, ViewLayer | Updating Integrator
Fra:16 Mem:9.14M (Peak 9.75M) | Time:00:00.00 | Mem:0.12M, Peak:0.12M | Scene, ViewLayer | Updating Film
Fra:16 Mem:9.15M (Peak 9.75M) | Time:00:00.00 | Mem:0.04M, Peak:0.12M | Scene, ViewLayer | Updating Lookup Tables
Fra:16 Mem:9.15M (Peak 9.75M) | Time:00:00.00 | Mem:0.12M, Peak:0.12M | Scene, ViewLayer | Updating Baking
Fra:16 Mem:9.15M (Peak 9.75M) | Time:00:00.00 | Mem:0.12M, Peak:0.12M | Scene, ViewLayer | Updating Device | Writing constant memory
Fra:16 Mem:9.15M (Peak 9.75M) | Time:00:00.00 | Mem:0.12M, Peak:0.12M | Scene, ViewLayer | Sample 0/1
Fra:16 Mem:9.20M (Peak 9.75M) | Time:00:00.00 | Mem:0.13M, Peak:0.13M | Scene, ViewLayer | Sample 1/1
Fra:16 Mem:9.20M (Peak 9.75M) | Time:00:00.00 | Mem:0.13M, Peak:0.13M | Scene, ViewLayer | Finished
Saved: '/home/terence/Documents/Codex/2026-09-06/realtime-voice-chat-3/outputs/butterfly-method-comparison/blender-v2/raw/native16/view180_frame03.png'
Time: 00:00.00 (Saving: 00:00.00)

Fra:16 Mem:9.74M (Peak 9.74M) | Time:00:00.00 | Mem:0.00M, Peak:0.00M | Scene, ViewLayer | Synchronizing object | Thorax
Fra:16 Mem:9.74M (Peak 9.74M) | Time:00:00.00 | Mem:0.00M, Peak:0.00M | Scene, ViewLayer | Synchronizing object | Abdomen
Fra:16 Mem:9.74M (Peak 9.74M) | Time:00:00.00 | Mem:0.00M, Peak:0.00M | Scene, ViewLayer | Synchronizing object | Abdomen tip
Fra:16 Mem:9.74M (Peak 9.74M) | Time:00:00.00 | Mem:0.00M, Peak:0.00M | Scene, ViewLayer | Synchronizing object | Antenna
Fra:16 Mem:9.74M (Peak 9.74M) | Time:00:00.00 | Mem:0.00M, Peak:0.00M | Scene, ViewLayer | Synchronizing object | Antenna.001
Fra:16 Mem:9.74M (Peak 9.74M) | Time:00:00.00 | Mem:0.00M, Peak:0.00M | Scene, ViewLayer | Synchronizing object | R continuous fore-hind wing
Fra:16 Mem:9.75M (Peak 9.75M) | Time:00:00.00 | Mem:0.00M, Peak:0.00M | Scene, ViewLayer | Initializing
Fra:16 Mem:9.04M (Peak 9.75M) | Time:00:00.00 | Mem:0.00M, Peak:0.00M | Scene, ViewLayer | Waiting for render to start
Fra:16 Mem:9.04M (Peak 9.75M) | Time:00:00.00 | Mem:0.00M, Peak:0.00M | Scene, ViewLayer | Updating Scene
Fra:16 Mem:9.04M (Peak 9.75M) | Time:00:00.00 | Mem:0.00M, Peak:0.00M | Scene, ViewLayer | Updating Shaders
Fra:16 Mem:9.04M (Peak 9.75M) | Time:00:00.00 | Mem:0.00M, Peak:0.00M | Scene, ViewLayer | Loading render kernels (may take a few minutes the first time)
Fra:16 Mem:9.13M (Peak 9.75M) | Time:00:00.00 | Mem:0.00M, Peak:0.00M | Scene, ViewLayer | Updating Procedurals
Fra:16 Mem:9.13M (Peak 9.75M) | Time:00:00.00 | Mem:0.00M, Peak:0.00M | Scene, ViewLayer | Updating Background
Fra:16 Mem:9.13M (Peak 9.75M) | Time:00:00.00 | Mem:0.00M, Peak:0.00M | Scene, ViewLayer | Updating Camera
Fra:16 Mem:9.13M (Peak 9.75M) | Time:00:00.00 | Mem:0.00M, Peak:0.00M | Scene, ViewLayer | Updating Meshes Flags
Fra:16 Mem:9.13M (Peak 9.75M) | Time:00:00.00 | Mem:0.00M, Peak:0.00M | Scene, ViewLayer | Updating Objects
Fra:16 Mem:9.13M (Peak 9.75M) | Time:00:00.00 | Mem:0.00M, Peak:0.00M | Scene, ViewLayer | Updating Objects | Copying Transformations to device
Fra:16 Mem:9.13M (Peak 9.75M) | Time:00:00.00 | Mem:0.01M, Peak:0.01M | Scene, ViewLayer | Updating Particle Systems
Fra:16 Mem:9.13M (Peak 9.75M) | Time:00:00.00 | Mem:0.01M, Peak:0.01M | Scene, ViewLayer | Updating Particle Systems | Copying Particles to device
Fra:16 Mem:9.13M (Peak 9.75M) | Time:00:00.00 | Mem:0.01M, Peak:0.01M | Scene, ViewLayer | Updating Meshes
Fra:16 Mem:9.13M (Peak 9.75M) | Time:00:00.00 | Mem:0.01M, Peak:0.01M | Scene, ViewLayer | Updating Objects | Applying Static Transformations
Fra:16 Mem:9.13M (Peak 9.75M) | Time:00:00.00 | Mem:0.01M, Peak:0.01M | Scene, ViewLayer | Updating Mesh | Computing attributes
Fra:16 Mem:9.13M (Peak 9.75M) | Time:00:00.00 | Mem:0.01M, Peak:0.01M | Scene, ViewLayer | Updating Mesh | Copying Attributes to device
Fra:16 Mem:9.13M (Peak 9.75M) | Time:00:00.00 | Mem:0.01M, Peak:0.01M | Scene, ViewLayer | Updating Scene BVH | Building
Fra:16 Mem:9.13M (Peak 9.75M) | Time:00:00.00 | Mem:0.01M, Peak:0.01M | Scene, ViewLayer | Updating Scene BVH | Building BVH
Fra:16 Mem:9.13M (Peak 9.75M) | Time:00:00.00 | Mem:0.02M, Peak:0.03M | Scene, ViewLayer | Updating Scene BVH | Copying BVH to device
Fra:16 Mem:9.13M (Peak 9.75M) | Time:00:00.00 | Mem:0.02M, Peak:0.03M | Scene, ViewLayer | Updating Mesh | Computing normals
Fra:16 Mem:9.14M (Peak 9.75M) | Time:00:00.00 | Mem:0.02M, Peak:0.03M | Scene, ViewLayer | Updating Mesh | Copying Mesh to device
Fra:16 Mem:9.14M (Peak 9.75M) | Time:00:00.00 | Mem:0.03M, Peak:0.03M | Scene, ViewLayer | Updating Objects Flags
Fra:16 Mem:9.14M (Peak 9.75M) | Time:00:00.00 | Mem:0.03M, Peak:0.03M | Scene, ViewLayer | Updating Primitive Offsets
Fra:16 Mem:9.14M (Peak 9.75M) | Time:00:00.00 | Mem:0.03M, Peak:0.03M | Scene, ViewLayer | Updating Images
Fra:16 Mem:9.14M (Peak 9.75M) | Time:00:00.00 | Mem:0.03M, Peak:0.03M | Scene, ViewLayer | Updating Camera Volume
Fra:16 Mem:9.14M (Peak 9.75M) | Time:00:00.00 | Mem:0.03M, Peak:0.03M | Scene, ViewLayer | Updating Lookup Tables
Fra:16 Mem:9.14M (Peak 9.75M) | Time:00:00.00 | Mem:0.11M, Peak:0.11M | Scene, ViewLayer | Updating Lights
Fra:16 Mem:9.14M (Peak 9.75M) | Time:00:00.00 | Mem:0.11M, Peak:0.11M | Scene, ViewLayer | Updating Lights | Computing tree
Fra:16 Mem:9.14M (Peak 9.75M) | Time:00:00.00 | Mem:0.12M, Peak:0.12M | Scene, ViewLayer | Updating Integrator
Fra:16 Mem:9.14M (Peak 9.75M) | Time:00:00.00 | Mem:0.12M, Peak:0.12M | Scene, ViewLayer | Updating Film
Fra:16 Mem:9.15M (Peak 9.75M) | Time:00:00.00 | Mem:0.04M, Peak:0.12M | Scene, ViewLayer | Updating Lookup Tables
Fra:16 Mem:9.15M (Peak 9.75M) | Time:00:00.00 | Mem:0.12M, Peak:0.12M | Scene, ViewLayer | Updating Baking
Fra:16 Mem:9.15M (Peak 9.75M) | Time:00:00.00 | Mem:0.12M, Peak:0.12M | Scene, ViewLayer | Updating Device | Writing constant memory
Fra:16 Mem:9.15M (Peak 9.75M) | Time:00:00.00 | Mem:0.12M, Peak:0.12M | Scene, ViewLayer | Sample 0/1
Fra:16 Mem:9.24M (Peak 9.75M) | Time:00:00.00 | Mem:0.16M, Peak:0.16M | Scene, ViewLayer | Sample 1/1
Fra:16 Mem:9.24M (Peak 9.75M) | Time:00:00.00 | Mem:0.16M, Peak:0.16M | Scene, ViewLayer | Finished
Saved: '/home/terence/Documents/Codex/2026-09-06/realtime-voice-chat-3/outputs/butterfly-method-comparison/blender-v2/raw/native32/view180_frame03.png'
Time: 00:00.00 (Saving: 00:00.00)

Fra:16 Mem:9.67M (Peak 9.67M) | Time:00:00.00 | Mem:0.00M, Peak:0.00M | Scene, ViewLayer | Synchronizing object | Thorax
Fra:16 Mem:9.67M (Peak 9.67M) | Time:00:00.00 | Mem:0.00M, Peak:0.00M | Scene, ViewLayer | Synchronizing object | Abdomen
Fra:16 Mem:9.67M (Peak 9.67M) | Time:00:00.00 | Mem:0.00M, Peak:0.00M | Scene, ViewLayer | Synchronizing object | Antenna.001
Fra:16 Mem:9.67M (Peak 9.67M) | Time:00:00.00 | Mem:0.00M, Peak:0.00M | Scene, ViewLayer | Synchronizing object | Antenna
Fra:16 Mem:9.68M (Peak 9.68M) | Time:00:00.00 | Mem:0.00M, Peak:0.00M | Scene, ViewLayer | Initializing
Fra:16 Mem:9.03M (Peak 9.68M) | Time:00:00.00 | Mem:0.00M, Peak:0.00M | Scene, ViewLayer | Waiting for render to start
Fra:16 Mem:9.03M (Peak 9.68M) | Time:00:00.00 | Mem:0.00M, Peak:0.00M | Scene, ViewLayer | Updating Scene
Fra:16 Mem:9.03M (Peak 9.68M) | Time:00:00.00 | Mem:0.00M, Peak:0.00M | Scene, ViewLayer | Updating Shaders
Fra:16 Mem:9.03M (Peak 9.68M) | Time:00:00.00 | Mem:0.00M, Peak:0.00M | Scene, ViewLayer | Loading render kernels (may take a few minutes the first time)
Fra:16 Mem:9.12M (Peak 9.68M) | Time:00:00.00 | Mem:0.00M, Peak:0.00M | Scene, ViewLayer | Updating Procedurals
Fra:16 Mem:9.12M (Peak 9.68M) | Time:00:00.00 | Mem:0.00M, Peak:0.00M | Scene, ViewLayer | Updating Background
Fra:16 Mem:9.12M (Peak 9.68M) | Time:00:00.00 | Mem:0.00M, Peak:0.00M | Scene, ViewLayer | Updating Camera
Fra:16 Mem:9.12M (Peak 9.68M) | Time:00:00.00 | Mem:0.00M, Peak:0.00M | Scene, ViewLayer | Updating Meshes Flags
Fra:16 Mem:9.12M (Peak 9.68M) | Time:00:00.00 | Mem:0.00M, Peak:0.00M | Scene, ViewLayer | Updating Objects
Fra:16 Mem:9.12M (Peak 9.68M) | Time:00:00.00 | Mem:0.00M, Peak:0.00M | Scene, ViewLayer | Updating Objects | Copying Transformations to device
Fra:16 Mem:9.12M (Peak 9.68M) | Time:00:00.00 | Mem:0.00M, Peak:0.00M | Scene, ViewLayer | Updating Particle Systems
Fra:16 Mem:9.12M (Peak 9.68M) | Time:00:00.00 | Mem:0.00M, Peak:0.00M | Scene, ViewLayer | Updating Particle Systems | Copying Particles to device
Fra:16 Mem:9.12M (Peak 9.68M) | Time:00:00.00 | Mem:0.00M, Peak:0.00M | Scene, ViewLayer | Updating Meshes
Fra:16 Mem:9.12M (Peak 9.68M) | Time:00:00.00 | Mem:0.00M, Peak:0.00M | Scene, ViewLayer | Updating Objects | Applying Static Transformations
Fra:16 Mem:9.12M (Peak 9.68M) | Time:00:00.00 | Mem:0.00M, Peak:0.00M | Scene, ViewLayer | Updating Mesh | Computing attributes
Fra:16 Mem:9.12M (Peak 9.68M) | Time:00:00.00 | Mem:0.01M, Peak:0.01M | Scene, ViewLayer | Updating Mesh | Copying Attributes to device
Fra:16 Mem:9.12M (Peak 9.68M) | Time:00:00.00 | Mem:0.01M, Peak:0.01M | Scene, ViewLayer | Updating Scene BVH | Building
Fra:16 Mem:9.12M (Peak 9.68M) | Time:00:00.00 | Mem:0.01M, Peak:0.01M | Scene, ViewLayer | Updating Scene BVH | Building BVH
Fra:16 Mem:9.12M (Peak 9.68M) | Time:00:00.00 | Mem:0.01M, Peak:0.01M | Scene, ViewLayer | Updating Scene BVH | Building BVH 0%
Fra:16 Mem:9.12M (Peak 9.68M) | Time:00:00.00 | Mem:0.01M, Peak:0.01M | Scene, ViewLayer | Updating Scene BVH | Copying BVH to device
Fra:16 Mem:9.12M (Peak 9.68M) | Time:00:00.00 | Mem:0.01M, Peak:0.01M | Scene, ViewLayer | Updating Mesh | Computing normals
Fra:16 Mem:9.12M (Peak 9.68M) | Time:00:00.00 | Mem:0.01M, Peak:0.01M | Scene, ViewLayer | Updating Mesh | Copying Mesh to device
Fra:16 Mem:9.12M (Peak 9.68M) | Time:00:00.00 | Mem:0.01M, Peak:0.01M | Scene, ViewLayer | Updating Objects Flags
Fra:16 Mem:9.12M (Peak 9.68M) | Time:00:00.00 | Mem:0.01M, Peak:0.01M | Scene, ViewLayer | Updating Primitive Offsets
Fra:16 Mem:9.12M (Peak 9.68M) | Time:00:00.00 | Mem:0.01M, Peak:0.01M | Scene, ViewLayer | Updating Images
Fra:16 Mem:9.12M (Peak 9.68M) | Time:00:00.00 | Mem:0.01M, Peak:0.01M | Scene, ViewLayer | Updating Camera Volume
Fra:16 Mem:9.12M (Peak 9.68M) | Time:00:00.00 | Mem:0.01M, Peak:0.01M | Scene, ViewLayer | Updating Lookup Tables
Fra:16 Mem:9.12M (Peak 9.68M) | Time:00:00.00 | Mem:0.09M, Peak:0.09M | Scene, ViewLayer | Updating Lights
Fra:16 Mem:9.12M (Peak 9.68M) | Time:00:00.00 | Mem:0.09M, Peak:0.09M | Scene, ViewLayer | Updating Lights | Computing tree
Fra:16 Mem:9.12M (Peak 9.68M) | Time:00:00.00 | Mem:0.09M, Peak:0.09M | Scene, ViewLayer | Updating Integrator
Fra:16 Mem:9.12M (Peak 9.68M) | Time:00:00.00 | Mem:0.09M, Peak:0.09M | Scene, ViewLayer | Updating Film
Fra:16 Mem:9.13M (Peak 9.68M) | Time:00:00.00 | Mem:0.01M, Peak:0.09M | Scene, ViewLayer | Updating Lookup Tables
Fra:16 Mem:9.13M (Peak 9.68M) | Time:00:00.00 | Mem:0.10M, Peak:0.10M | Scene, ViewLayer | Updating Baking
Fra:16 Mem:9.13M (Peak 9.68M) | Time:00:00.00 | Mem:0.10M, Peak:0.10M | Scene, ViewLayer | Updating Device | Writing constant memory
Fra:16 Mem:9.13M (Peak 9.68M) | Time:00:00.00 | Mem:0.10M, Peak:0.10M | Scene, ViewLayer | Sample 0/1
Fra:16 Mem:9.18M (Peak 9.68M) | Time:00:00.00 | Mem:0.11M, Peak:0.11M | Scene, ViewLayer | Sample 1/1
Fra:16 Mem:9.18M (Peak 9.68M) | Time:00:00.00 | Mem:0.11M, Peak:0.11M | Scene, ViewLayer | Finished
Saved: '/home/terence/Documents/Codex/2026-09-06/realtime-voice-chat-3/outputs/butterfly-method-comparison/blender-v2/raw/body-only/view180_frame03.png'
Time: 00:00.00 (Saving: 00:00.00)

Fra:16 Mem:9.71M (Peak 9.71M) | Time:00:00.00 | Mem:0.00M, Peak:0.00M | Scene, ViewLayer | Synchronizing object | Thorax
Fra:16 Mem:9.71M (Peak 9.71M) | Time:00:00.00 | Mem:0.00M, Peak:0.00M | Scene, ViewLayer | Synchronizing object | L continuous fore-hind wing
Fra:16 Mem:9.71M (Peak 9.71M) | Time:00:00.00 | Mem:0.00M, Peak:0.00M | Scene, ViewLayer | Synchronizing object | Abdomen tip
Fra:16 Mem:9.71M (Peak 9.71M) | Time:00:00.00 | Mem:0.00M, Peak:0.00M | Scene, ViewLayer | Synchronizing object | Antenna.001
Fra:16 Mem:9.71M (Peak 9.71M) | Time:00:00.00 | Mem:0.00M, Peak:0.00M | Scene, ViewLayer | Synchronizing object | R continuous fore-hind wing
Fra:16 Mem:9.72M (Peak 9.72M) | Time:00:00.00 | Mem:0.00M, Peak:0.00M | Scene, ViewLayer | Initializing
Fra:16 Mem:9.03M (Peak 9.72M) | Time:00:00.00 | Mem:0.00M, Peak:0.00M | Scene, ViewLayer | Waiting for render to start
Fra:16 Mem:9.03M (Peak 9.72M) | Time:00:00.00 | Mem:0.00M, Peak:0.00M | Scene, ViewLayer | Updating Scene
Fra:16 Mem:9.03M (Peak 9.72M) | Time:00:00.00 | Mem:0.00M, Peak:0.00M | Scene, ViewLayer | Updating Shaders
Fra:16 Mem:9.03M (Peak 9.72M) | Time:00:00.00 | Mem:0.00M, Peak:0.00M | Scene, ViewLayer | Loading render kernels (may take a few minutes the first time)
Fra:16 Mem:9.11M (Peak 9.72M) | Time:00:00.00 | Mem:0.00M, Peak:0.00M | Scene, ViewLayer | Updating Procedurals
Fra:16 Mem:9.11M (Peak 9.72M) | Time:00:00.00 | Mem:0.00M, Peak:0.00M | Scene, ViewLayer | Updating Background
Fra:16 Mem:9.11M (Peak 9.72M) | Time:00:00.00 | Mem:0.00M, Peak:0.00M | Scene, ViewLayer | Updating Camera
Fra:16 Mem:9.11M (Peak 9.72M) | Time:00:00.00 | Mem:0.00M, Peak:0.00M | Scene, ViewLayer | Updating Meshes Flags
Fra:16 Mem:9.11M (Peak 9.72M) | Time:00:00.00 | Mem:0.00M, Peak:0.00M | Scene, ViewLayer | Updating Objects
Fra:16 Mem:9.11M (Peak 9.72M) | Time:00:00.00 | Mem:0.00M, Peak:0.00M | Scene, ViewLayer | Updating Objects | Copying Transformations to device
Fra:16 Mem:9.11M (Peak 9.72M) | Time:00:00.00 | Mem:0.01M, Peak:0.01M | Scene, ViewLayer | Updating Particle Systems
Fra:16 Mem:9.11M (Peak 9.72M) | Time:00:00.00 | Mem:0.01M, Peak:0.01M | Scene, ViewLayer | Updating Particle Systems | Copying Particles to device
Fra:16 Mem:9.11M (Peak 9.72M) | Time:00:00.00 | Mem:0.01M, Peak:0.01M | Scene, ViewLayer | Updating Meshes
Fra:16 Mem:9.11M (Peak 9.72M) | Time:00:00.00 | Mem:0.01M, Peak:0.01M | Scene, ViewLayer | Updating Objects | Applying Static Transformations
Fra:16 Mem:9.11M (Peak 9.72M) | Time:00:00.00 | Mem:0.01M, Peak:0.01M | Scene, ViewLayer | Updating Mesh | Computing attributes
Fra:16 Mem:9.12M (Peak 9.72M) | Time:00:00.00 | Mem:0.01M, Peak:0.01M | Scene, ViewLayer | Updating Mesh | Copying Attributes to device
Fra:16 Mem:9.12M (Peak 9.72M) | Time:00:00.00 | Mem:0.01M, Peak:0.01M | Scene, ViewLayer | Updating Scene BVH | Building
Fra:16 Mem:9.12M (Peak 9.72M) | Time:00:00.00 | Mem:0.01M, Peak:0.01M | Scene, ViewLayer | Updating Scene BVH | Building BVH
Fra:16 Mem:9.12M (Peak 9.72M) | Time:00:00.00 | Mem:0.02M, Peak:0.03M | Scene, ViewLayer | Updating Scene BVH | Copying BVH to device
Fra:16 Mem:9.12M (Peak 9.72M) | Time:00:00.00 | Mem:0.02M, Peak:0.03M | Scene, ViewLayer | Updating Mesh | Computing normals
Fra:16 Mem:9.12M (Peak 9.72M) | Time:00:00.00 | Mem:0.02M, Peak:0.03M | Scene, ViewLayer | Updating Mesh | Copying Mesh to device
Fra:16 Mem:9.12M (Peak 9.72M) | Time:00:00.00 | Mem:0.03M, Peak:0.03M | Scene, ViewLayer | Updating Objects Flags
Fra:16 Mem:9.12M (Peak 9.72M) | Time:00:00.00 | Mem:0.03M, Peak:0.03M | Scene, ViewLayer | Updating Primitive Offsets
Fra:16 Mem:9.12M (Peak 9.72M) | Time:00:00.00 | Mem:0.03M, Peak:0.03M | Scene, ViewLayer | Updating Images
Fra:16 Mem:9.12M (Peak 9.72M) | Time:00:00.00 | Mem:0.03M, Peak:0.03M | Scene, ViewLayer | Updating Camera Volume
Fra:16 Mem:9.12M (Peak 9.72M) | Time:00:00.00 | Mem:0.03M, Peak:0.03M | Scene, ViewLayer | Updating Lookup Tables
Fra:16 Mem:9.12M (Peak 9.72M) | Time:00:00.00 | Mem:0.11M, Peak:0.11M | Scene, ViewLayer | Updating Lights
Fra:16 Mem:9.12M (Peak 9.72M) | Time:00:00.00 | Mem:0.11M, Peak:0.11M | Scene, ViewLayer | Updating Lights | Computing tree
Fra:16 Mem:9.13M (Peak 9.72M) | Time:00:00.00 | Mem:0.12M, Peak:0.12M | Scene, ViewLayer | Updating Integrator
Fra:16 Mem:9.13M (Peak 9.72M) | Time:00:00.00 | Mem:0.12M, Peak:0.12M | Scene, ViewLayer | Updating Film
Fra:16 Mem:9.13M (Peak 9.72M) | Time:00:00.00 | Mem:0.04M, Peak:0.12M | Scene, ViewLayer | Updating Lookup Tables
Fra:16 Mem:9.13M (Peak 9.72M) | Time:00:00.00 | Mem:0.12M, Peak:0.12M | Scene, ViewLayer | Updating Baking
Fra:16 Mem:9.13M (Peak 9.72M) | Time:00:00.00 | Mem:0.12M, Peak:0.12M | Scene, ViewLayer | Updating Device | Writing constant memory
Fra:16 Mem:9.14M (Peak 9.72M) | Time:00:00.00 | Mem:0.12M, Peak:0.12M | Scene, ViewLayer | Sample 0/1
Fra:16 Mem:9.19M (Peak 9.72M) | Time:00:00.00 | Mem:0.13M, Peak:0.13M | Scene, ViewLayer | Sample 1/1
Fra:16 Mem:9.19M (Peak 9.72M) | Time:00:00.00 | Mem:0.13M, Peak:0.13M | Scene, ViewLayer | Finished
Saved: '/home/terence/Documents/Codex/2026-09-06/realtime-voice-chat-3/outputs/butterfly-method-comparison/blender-v2/raw/no-abdomen-lag/view180_frame03.png'
Time: 00:00.00 (Saving: 00:00.00)

Fra:16 Mem:9.69M (Peak 9.69M) | Time:00:00.00 | Mem:0.00M, Peak:0.00M | Scene, ViewLayer | Synchronizing object | Thorax
Fra:16 Mem:9.69M (Peak 9.69M) | Time:00:00.00 | Mem:0.00M, Peak:0.00M | Scene, ViewLayer | Synchronizing object | Abdomen
Fra:16 Mem:9.69M (Peak 9.69M) | Time:00:00.00 | Mem:0.00M, Peak:0.00M | Scene, ViewLayer | Synchronizing object | L continuous fore-hind wing
Fra:16 Mem:9.69M (Peak 9.69M) | Time:00:00.00 | Mem:0.00M, Peak:0.00M | Scene, ViewLayer | Synchronizing object | Abdomen tip
Fra:16 Mem:9.69M (Peak 9.69M) | Time:00:00.00 | Mem:0.00M, Peak:0.00M | Scene, ViewLayer | Synchronizing object | Antenna
Fra:16 Mem:9.70M (Peak 9.70M) | Time:00:00.00 | Mem:0.00M, Peak:0.00M | Scene, ViewLayer | Synchronizing object | Antenna.001
Fra:16 Mem:9.70M (Peak 9.70M) | Time:00:00.00 | Mem:0.00M, Peak:0.00M | Scene, ViewLayer | Synchronizing object | R continuous fore-hind wing
Fra:16 Mem:9.70M (Peak 9.70M) | Time:00:00.00 | Mem:0.00M, Peak:0.00M | Scene, ViewLayer | Initializing
Fra:16 Mem:9.02M (Peak 9.70M) | Time:00:00.00 | Mem:0.00M, Peak:0.00M | Scene, ViewLayer | Waiting for render to start
Fra:16 Mem:9.02M (Peak 9.70M) | Time:00:00.00 | Mem:0.00M, Peak:0.00M | Scene, ViewLayer | Updating Scene
Fra:16 Mem:9.02M (Peak 9.70M) | Time:00:00.00 | Mem:0.00M, Peak:0.00M | Scene, ViewLayer | Updating Shaders
Fra:16 Mem:9.02M (Peak 9.70M) | Time:00:00.00 | Mem:0.00M, Peak:0.00M | Scene, ViewLayer | Loading render kernels (may take a few minutes the first time)
Fra:16 Mem:9.10M (Peak 9.70M) | Time:00:00.00 | Mem:0.00M, Peak:0.00M | Scene, ViewLayer | Updating Procedurals
Fra:16 Mem:9.10M (Peak 9.70M) | Time:00:00.00 | Mem:0.00M, Peak:0.00M | Scene, ViewLayer | Updating Background
Fra:16 Mem:9.10M (Peak 9.70M) | Time:00:00.00 | Mem:0.00M, Peak:0.00M | Scene, ViewLayer | Updating Camera
Fra:16 Mem:9.10M (Peak 9.70M) | Time:00:00.00 | Mem:0.00M, Peak:0.00M | Scene, ViewLayer | Updating Meshes Flags
Fra:16 Mem:9.10M (Peak 9.70M) | Time:00:00.00 | Mem:0.00M, Peak:0.00M | Scene, ViewLayer | Updating Objects
Fra:16 Mem:9.10M (Peak 9.70M) | Time:00:00.00 | Mem:0.00M, Peak:0.00M | Scene, ViewLayer | Updating Objects | Copying Transformations to device
Fra:16 Mem:9.10M (Peak 9.70M) | Time:00:00.00 | Mem:0.01M, Peak:0.01M | Scene, ViewLayer | Updating Particle Systems
Fra:16 Mem:9.10M (Peak 9.70M) | Time:00:00.00 | Mem:0.01M, Peak:0.01M | Scene, ViewLayer | Updating Particle Systems | Copying Particles to device
Fra:16 Mem:9.10M (Peak 9.70M) | Time:00:00.00 | Mem:0.01M, Peak:0.01M | Scene, ViewLayer | Updating Meshes
Fra:16 Mem:9.10M (Peak 9.70M) | Time:00:00.00 | Mem:0.01M, Peak:0.01M | Scene, ViewLayer | Updating Objects | Applying Static Transformations
Fra:16 Mem:9.10M (Peak 9.70M) | Time:00:00.00 | Mem:0.01M, Peak:0.01M | Scene, ViewLayer | Updating Mesh | Computing attributes
Fra:16 Mem:9.11M (Peak 9.70M) | Time:00:00.00 | Mem:0.01M, Peak:0.01M | Scene, ViewLayer | Updating Mesh | Copying Attributes to device
Fra:16 Mem:9.11M (Peak 9.70M) | Time:00:00.00 | Mem:0.01M, Peak:0.01M | Scene, ViewLayer | Updating Scene BVH | Building
Fra:16 Mem:9.11M (Peak 9.70M) | Time:00:00.00 | Mem:0.01M, Peak:0.01M | Scene, ViewLayer | Updating Scene BVH | Building BVH
Fra:16 Mem:9.11M (Peak 9.70M) | Time:00:00.00 | Mem:0.02M, Peak:0.03M | Scene, ViewLayer | Updating Scene BVH | Copying BVH to device
Fra:16 Mem:9.11M (Peak 9.70M) | Time:00:00.00 | Mem:0.02M, Peak:0.03M | Scene, ViewLayer | Updating Mesh | Computing normals
Fra:16 Mem:9.11M (Peak 9.70M) | Time:00:00.00 | Mem:0.02M, Peak:0.03M | Scene, ViewLayer | Updating Mesh | Copying Mesh to device
Fra:16 Mem:9.11M (Peak 9.70M) | Time:00:00.00 | Mem:0.03M, Peak:0.03M | Scene, ViewLayer | Updating Objects Flags
Fra:16 Mem:9.11M (Peak 9.70M) | Time:00:00.00 | Mem:0.03M, Peak:0.03M | Scene, ViewLayer | Updating Primitive Offsets
Fra:16 Mem:9.11M (Peak 9.70M) | Time:00:00.00 | Mem:0.03M, Peak:0.03M | Scene, ViewLayer | Updating Images
Fra:16 Mem:9.11M (Peak 9.70M) | Time:00:00.00 | Mem:0.03M, Peak:0.03M | Scene, ViewLayer | Updating Camera Volume
Fra:16 Mem:9.11M (Peak 9.70M) | Time:00:00.00 | Mem:0.03M, Peak:0.03M | Scene, ViewLayer | Updating Lookup Tables
Fra:16 Mem:9.11M (Peak 9.70M) | Time:00:00.00 | Mem:0.11M, Peak:0.11M | Scene, ViewLayer | Updating Lights
Fra:16 Mem:9.11M (Peak 9.70M) | Time:00:00.00 | Mem:0.11M, Peak:0.11M | Scene, ViewLayer | Updating Lights | Computing tree
Fra:16 Mem:9.12M (Peak 9.70M) | Time:00:00.00 | Mem:0.12M, Peak:0.12M | Scene, ViewLayer | Updating Integrator
Fra:16 Mem:9.12M (Peak 9.70M) | Time:00:00.00 | Mem:0.12M, Peak:0.12M | Scene, ViewLayer | Updating Film
Fra:16 Mem:9.13M (Peak 9.70M) | Time:00:00.00 | Mem:0.04M, Peak:0.12M | Scene, ViewLayer | Updating Lookup Tables
Fra:16 Mem:9.13M (Peak 9.70M) | Time:00:00.00 | Mem:0.13M, Peak:0.13M | Scene, ViewLayer | Updating Baking
Fra:16 Mem:9.13M (Peak 9.70M) | Time:00:00.00 | Mem:0.13M, Peak:0.13M | Scene, ViewLayer | Updating Device | Writing constant memory
Fra:16 Mem:9.13M (Peak 9.70M) | Time:00:00.00 | Mem:0.13M, Peak:0.13M | Scene, ViewLayer | Sample 0/1
Fra:16 Mem:9.18M (Peak 9.70M) | Time:00:00.00 | Mem:0.13M, Peak:0.13M | Scene, ViewLayer | Sample 1/1
Fra:16 Mem:9.18M (Peak 9.70M) | Time:00:00.00 | Mem:0.13M, Peak:0.13M | Scene, ViewLayer | Finished
Saved: '/home/terence/Documents/Codex/2026-09-06/realtime-voice-chat-3/outputs/butterfly-method-comparison/blender-v2/raw/wing-only/view180_frame03.png'
Time: 00:00.00 (Saving: 00:00.00)

Fra:21 Mem:9.74M (Peak 9.74M) | Time:00:00.00 | Mem:0.00M, Peak:0.00M | Scene, ViewLayer | Synchronizing object | Thorax
Fra:21 Mem:9.74M (Peak 9.74M) | Time:00:00.00 | Mem:0.00M, Peak:0.00M | Scene, ViewLayer | Synchronizing object | Abdomen
Fra:21 Mem:9.74M (Peak 9.74M) | Time:00:00.00 | Mem:0.00M, Peak:0.00M | Scene, ViewLayer | Synchronizing object | L continuous fore-hind wing
Fra:21 Mem:9.74M (Peak 9.74M) | Time:00:00.00 | Mem:0.00M, Peak:0.00M | Scene, ViewLayer | Synchronizing object | Antenna
Fra:21 Mem:9.74M (Peak 9.74M) | Time:00:00.00 | Mem:0.00M, Peak:0.00M | Scene, ViewLayer | Synchronizing object | Antenna.001
Fra:21 Mem:9.74M (Peak 9.74M) | Time:00:00.00 | Mem:0.00M, Peak:0.00M | Scene, ViewLayer | Synchronizing object | R continuous fore-hind wing
Fra:21 Mem:9.75M (Peak 9.75M) | Time:00:00.00 | Mem:0.00M, Peak:0.00M | Scene, ViewLayer | Initializing
Fra:21 Mem:9.04M (Peak 9.75M) | Time:00:00.00 | Mem:0.00M, Peak:0.00M | Scene, ViewLayer | Waiting for render to start
Fra:21 Mem:9.04M (Peak 9.75M) | Time:00:00.00 | Mem:0.00M, Peak:0.00M | Scene, ViewLayer | Updating Scene
Fra:21 Mem:9.04M (Peak 9.75M) | Time:00:00.00 | Mem:0.00M, Peak:0.00M | Scene, ViewLayer | Updating Shaders
Fra:21 Mem:9.04M (Peak 9.75M) | Time:00:00.00 | Mem:0.00M, Peak:0.00M | Scene, ViewLayer | Loading render kernels (may take a few minutes the first time)
Fra:21 Mem:9.13M (Peak 9.75M) | Time:00:00.00 | Mem:0.00M, Peak:0.00M | Scene, ViewLayer | Updating Procedurals
Fra:21 Mem:9.13M (Peak 9.75M) | Time:00:00.00 | Mem:0.00M, Peak:0.00M | Scene, ViewLayer | Updating Background
Fra:21 Mem:9.13M (Peak 9.75M) | Time:00:00.00 | Mem:0.00M, Peak:0.00M | Scene, ViewLayer | Updating Camera
Fra:21 Mem:9.13M (Peak 9.75M) | Time:00:00.00 | Mem:0.00M, Peak:0.00M | Scene, ViewLayer | Updating Meshes Flags
Fra:21 Mem:9.13M (Peak 9.75M) | Time:00:00.00 | Mem:0.00M, Peak:0.00M | Scene, ViewLayer | Updating Objects
Fra:21 Mem:9.13M (Peak 9.75M) | Time:00:00.00 | Mem:0.00M, Peak:0.00M | Scene, ViewLayer | Updating Objects | Copying Transformations to device
Fra:21 Mem:9.13M (Peak 9.75M) | Time:00:00.00 | Mem:0.01M, Peak:0.01M | Scene, ViewLayer | Updating Particle Systems
Fra:21 Mem:9.13M (Peak 9.75M) | Time:00:00.00 | Mem:0.01M, Peak:0.01M | Scene, ViewLayer | Updating Particle Systems | Copying Particles to device
Fra:21 Mem:9.13M (Peak 9.75M) | Time:00:00.00 | Mem:0.01M, Peak:0.01M | Scene, ViewLayer | Updating Meshes
Fra:21 Mem:9.13M (Peak 9.75M) | Time:00:00.00 | Mem:0.01M, Peak:0.01M | Scene, ViewLayer | Updating Objects | Applying Static Transformations
Fra:21 Mem:9.13M (Peak 9.75M) | Time:00:00.00 | Mem:0.01M, Peak:0.01M | Scene, ViewLayer | Updating Mesh | Computing attributes
Fra:21 Mem:9.13M (Peak 9.75M) | Time:00:00.00 | Mem:0.01M, Peak:0.01M | Scene, ViewLayer | Updating Mesh | Copying Attributes to device
Fra:21 Mem:9.13M (Peak 9.75M) | Time:00:00.00 | Mem:0.01M, Peak:0.01M | Scene, ViewLayer | Updating Scene BVH | Building
Fra:21 Mem:9.13M (Peak 9.75M) | Time:00:00.00 | Mem:0.01M, Peak:0.01M | Scene, ViewLayer | Updating Scene BVH | Building BVH
Fra:21 Mem:9.13M (Peak 9.75M) | Time:00:00.00 | Mem:0.02M, Peak:0.03M | Scene, ViewLayer | Updating Scene BVH | Copying BVH to device
Fra:21 Mem:9.13M (Peak 9.75M) | Time:00:00.00 | Mem:0.02M, Peak:0.03M | Scene, ViewLayer | Updating Mesh | Computing normals
Fra:21 Mem:9.14M (Peak 9.75M) | Time:00:00.00 | Mem:0.02M, Peak:0.03M | Scene, ViewLayer | Updating Mesh | Copying Mesh to device
Fra:21 Mem:9.14M (Peak 9.75M) | Time:00:00.00 | Mem:0.03M, Peak:0.03M | Scene, ViewLayer | Updating Objects Flags
Fra:21 Mem:9.14M (Peak 9.75M) | Time:00:00.00 | Mem:0.03M, Peak:0.03M | Scene, ViewLayer | Updating Primitive Offsets
Fra:21 Mem:9.14M (Peak 9.75M) | Time:00:00.00 | Mem:0.03M, Peak:0.03M | Scene, ViewLayer | Updating Images
Fra:21 Mem:9.14M (Peak 9.75M) | Time:00:00.00 | Mem:0.03M, Peak:0.03M | Scene, ViewLayer | Updating Camera Volume
Fra:21 Mem:9.14M (Peak 9.75M) | Time:00:00.00 | Mem:0.03M, Peak:0.03M | Scene, ViewLayer | Updating Lookup Tables
Fra:21 Mem:9.14M (Peak 9.75M) | Time:00:00.00 | Mem:0.11M, Peak:0.11M | Scene, ViewLayer | Updating Lights
Fra:21 Mem:9.14M (Peak 9.75M) | Time:00:00.00 | Mem:0.11M, Peak:0.11M | Scene, ViewLayer | Updating Lights | Computing tree
Fra:21 Mem:9.14M (Peak 9.75M) | Time:00:00.00 | Mem:0.12M, Peak:0.12M | Scene, ViewLayer | Updating Integrator
Fra:21 Mem:9.14M (Peak 9.75M) | Time:00:00.00 | Mem:0.12M, Peak:0.12M | Scene, ViewLayer | Updating Film
Fra:21 Mem:9.15M (Peak 9.75M) | Time:00:00.00 | Mem:0.04M, Peak:0.12M | Scene, ViewLayer | Updating Lookup Tables
Fra:21 Mem:9.15M (Peak 9.75M) | Time:00:00.00 | Mem:0.12M, Peak:0.12M | Scene, ViewLayer | Updating Baking
Fra:21 Mem:9.15M (Peak 9.75M) | Time:00:00.00 | Mem:0.12M, Peak:0.12M | Scene, ViewLayer | Updating Device | Writing constant memory
Fra:21 Mem:9.15M (Peak 9.75M) | Time:00:00.00 | Mem:0.12M, Peak:0.12M | Scene, ViewLayer | Sample 0/8
Fra:21 Mem:9.75M (Peak 9.75M) | Time:00:00.00 | Remaining:00:00.01 | Mem:0.69M, Peak:0.69M | Scene, ViewLayer | Sample 1/8
Fra:21 Mem:10.00M (Peak 10.00M) | Time:00:00.01 | Mem:0.69M, Peak:0.69M | Scene, ViewLayer | Sample 8/8
Fra:21 Mem:10.00M (Peak 10.00M) | Time:00:00.01 | Mem:0.69M, Peak:0.69M | Scene, ViewLayer | Finished
Saved: '/home/terence/Documents/Codex/2026-09-06/realtime-voice-chat-3/outputs/butterfly-method-comparison/blender-v2/raw/view180_frame04.png'
Time: 00:00.01 (Saving: 00:00.00)

Fra:21 Mem:9.74M (Peak 9.74M) | Time:00:00.00 | Mem:0.00M, Peak:0.00M | Scene, ViewLayer | Synchronizing object | Thorax
Fra:21 Mem:9.74M (Peak 9.74M) | Time:00:00.00 | Mem:0.00M, Peak:0.00M | Scene, ViewLayer | Synchronizing object | L continuous fore-hind wing
Fra:21 Mem:9.74M (Peak 9.74M) | Time:00:00.00 | Mem:0.00M, Peak:0.00M | Scene, ViewLayer | Synchronizing object | Head
Fra:21 Mem:9.74M (Peak 9.74M) | Time:00:00.00 | Mem:0.00M, Peak:0.00M | Scene, ViewLayer | Synchronizing object | Abdomen
Fra:21 Mem:9.74M (Peak 9.74M) | Time:00:00.00 | Mem:0.00M, Peak:0.00M | Scene, ViewLayer | Synchronizing object | R continuous fore-hind wing
Fra:21 Mem:9.75M (Peak 9.75M) | Time:00:00.00 | Mem:0.00M, Peak:0.00M | Scene, ViewLayer | Synchronizing object | Antenna.001
Fra:21 Mem:9.75M (Peak 9.75M) | Time:00:00.00 | Mem:0.00M, Peak:0.00M | Scene, ViewLayer | Synchronizing object | Antenna
Fra:21 Mem:9.75M (Peak 9.75M) | Time:00:00.00 | Mem:0.00M, Peak:0.00M | Scene, ViewLayer | Initializing
Fra:21 Mem:9.04M (Peak 9.75M) | Time:00:00.00 | Mem:0.00M, Peak:0.00M | Scene, ViewLayer | Waiting for render to start
Fra:21 Mem:9.04M (Peak 9.75M) | Time:00:00.00 | Mem:0.00M, Peak:0.00M | Scene, ViewLayer | Updating Scene
Fra:21 Mem:9.04M (Peak 9.75M) | Time:00:00.00 | Mem:0.00M, Peak:0.00M | Scene, ViewLayer | Updating Shaders
Fra:21 Mem:9.04M (Peak 9.75M) | Time:00:00.00 | Mem:0.00M, Peak:0.00M | Scene, ViewLayer | Loading render kernels (may take a few minutes the first time)
Fra:21 Mem:9.13M (Peak 9.75M) | Time:00:00.00 | Mem:0.00M, Peak:0.00M | Scene, ViewLayer | Updating Procedurals
Fra:21 Mem:9.13M (Peak 9.75M) | Time:00:00.00 | Mem:0.00M, Peak:0.00M | Scene, ViewLayer | Updating Background
Fra:21 Mem:9.13M (Peak 9.75M) | Time:00:00.00 | Mem:0.00M, Peak:0.00M | Scene, ViewLayer | Updating Camera
Fra:21 Mem:9.13M (Peak 9.75M) | Time:00:00.00 | Mem:0.00M, Peak:0.00M | Scene, ViewLayer | Updating Meshes Flags
Fra:21 Mem:9.13M (Peak 9.75M) | Time:00:00.00 | Mem:0.00M, Peak:0.00M | Scene, ViewLayer | Updating Objects
Fra:21 Mem:9.13M (Peak 9.75M) | Time:00:00.00 | Mem:0.00M, Peak:0.00M | Scene, ViewLayer | Updating Objects | Copying Transformations to device
Fra:21 Mem:9.13M (Peak 9.75M) | Time:00:00.00 | Mem:0.01M, Peak:0.01M | Scene, ViewLayer | Updating Particle Systems
Fra:21 Mem:9.13M (Peak 9.75M) | Time:00:00.00 | Mem:0.01M, Peak:0.01M | Scene, ViewLayer | Updating Particle Systems | Copying Particles to device
Fra:21 Mem:9.13M (Peak 9.75M) | Time:00:00.00 | Mem:0.01M, Peak:0.01M | Scene, ViewLayer | Updating Meshes
Fra:21 Mem:9.13M (Peak 9.75M) | Time:00:00.00 | Mem:0.01M, Peak:0.01M | Scene, ViewLayer | Updating Objects | Applying Static Transformations
Fra:21 Mem:9.13M (Peak 9.75M) | Time:00:00.00 | Mem:0.01M, Peak:0.01M | Scene, ViewLayer | Updating Mesh | Computing attributes
Fra:21 Mem:9.13M (Peak 9.75M) | Time:00:00.00 | Mem:0.01M, Peak:0.01M | Scene, ViewLayer | Updating Mesh | Copying Attributes to device
Fra:21 Mem:9.13M (Peak 9.75M) | Time:00:00.00 | Mem:0.01M, Peak:0.01M | Scene, ViewLayer | Updating Scene BVH | Building
Fra:21 Mem:9.13M (Peak 9.75M) | Time:00:00.00 | Mem:0.01M, Peak:0.01M | Scene, ViewLayer | Updating Scene BVH | Building BVH
Fra:21 Mem:9.13M (Peak 9.75M) | Time:00:00.00 | Mem:0.02M, Peak:0.03M | Scene, ViewLayer | Updating Scene BVH | Copying BVH to device
Fra:21 Mem:9.13M (Peak 9.75M) | Time:00:00.00 | Mem:0.02M, Peak:0.03M | Scene, ViewLayer | Updating Mesh | Computing normals
Fra:21 Mem:9.14M (Peak 9.75M) | Time:00:00.00 | Mem:0.02M, Peak:0.03M | Scene, ViewLayer | Updating Mesh | Copying Mesh to device
Fra:21 Mem:9.14M (Peak 9.75M) | Time:00:00.00 | Mem:0.03M, Peak:0.03M | Scene, ViewLayer | Updating Objects Flags
Fra:21 Mem:9.14M (Peak 9.75M) | Time:00:00.00 | Mem:0.03M, Peak:0.03M | Scene, ViewLayer | Updating Primitive Offsets
Fra:21 Mem:9.14M (Peak 9.75M) | Time:00:00.00 | Mem:0.03M, Peak:0.03M | Scene, ViewLayer | Updating Images
Fra:21 Mem:9.14M (Peak 9.75M) | Time:00:00.00 | Mem:0.03M, Peak:0.03M | Scene, ViewLayer | Updating Camera Volume
Fra:21 Mem:9.14M (Peak 9.75M) | Time:00:00.00 | Mem:0.03M, Peak:0.03M | Scene, ViewLayer | Updating Lookup Tables
Fra:21 Mem:9.14M (Peak 9.75M) | Time:00:00.00 | Mem:0.11M, Peak:0.11M | Scene, ViewLayer | Updating Lights
Fra:21 Mem:9.14M (Peak 9.75M) | Time:00:00.00 | Mem:0.11M, Peak:0.11M | Scene, ViewLayer | Updating Lights | Computing tree
Fra:21 Mem:9.14M (Peak 9.75M) | Time:00:00.00 | Mem:0.12M, Peak:0.12M | Scene, ViewLayer | Updating Integrator
Fra:21 Mem:9.14M (Peak 9.75M) | Time:00:00.00 | Mem:0.12M, Peak:0.12M | Scene, ViewLayer | Updating Film
Fra:21 Mem:9.15M (Peak 9.75M) | Time:00:00.00 | Mem:0.04M, Peak:0.12M | Scene, ViewLayer | Updating Lookup Tables
Fra:21 Mem:9.15M (Peak 9.75M) | Time:00:00.00 | Mem:0.12M, Peak:0.12M | Scene, ViewLayer | Updating Baking
Fra:21 Mem:9.15M (Peak 9.75M) | Time:00:00.00 | Mem:0.12M, Peak:0.12M | Scene, ViewLayer | Updating Device | Writing constant memory
Fra:21 Mem:9.15M (Peak 9.75M) | Time:00:00.00 | Mem:0.12M, Peak:0.12M | Scene, ViewLayer | Sample 0/1
Fra:21 Mem:9.20M (Peak 9.75M) | Time:00:00.00 | Mem:0.13M, Peak:0.13M | Scene, ViewLayer | Sample 1/1
Fra:21 Mem:9.20M (Peak 9.75M) | Time:00:00.00 | Mem:0.13M, Peak:0.13M | Scene, ViewLayer | Finished
Saved: '/home/terence/Documents/Codex/2026-09-06/realtime-voice-chat-3/outputs/butterfly-method-comparison/blender-v2/raw/native16/view180_frame04.png'
Time: 00:00.00 (Saving: 00:00.00)

Fra:21 Mem:9.74M (Peak 9.74M) | Time:00:00.00 | Mem:0.00M, Peak:0.00M | Scene, ViewLayer | Synchronizing object | Thorax
Fra:21 Mem:9.74M (Peak 9.74M) | Time:00:00.00 | Mem:0.00M, Peak:0.00M | Scene, ViewLayer | Synchronizing object | Abdomen
Fra:21 Mem:9.74M (Peak 9.74M) | Time:00:00.00 | Mem:0.00M, Peak:0.00M | Scene, ViewLayer | Synchronizing object | L continuous fore-hind wing
Fra:21 Mem:9.74M (Peak 9.74M) | Time:00:00.00 | Mem:0.00M, Peak:0.00M | Scene, ViewLayer | Synchronizing object | Antenna.001
Fra:21 Mem:9.74M (Peak 9.74M) | Time:00:00.00 | Mem:0.00M, Peak:0.00M | Scene, ViewLayer | Synchronizing object | R continuous fore-hind wing
Fra:21 Mem:9.75M (Peak 9.75M) | Time:00:00.00 | Mem:0.00M, Peak:0.00M | Scene, ViewLayer | Initializing
Fra:21 Mem:9.04M (Peak 9.75M) | Time:00:00.00 | Mem:0.00M, Peak:0.00M | Scene, ViewLayer | Waiting for render to start
Fra:21 Mem:9.04M (Peak 9.75M) | Time:00:00.00 | Mem:0.00M, Peak:0.00M | Scene, ViewLayer | Updating Scene
Fra:21 Mem:9.04M (Peak 9.75M) | Time:00:00.00 | Mem:0.00M, Peak:0.00M | Scene, ViewLayer | Updating Shaders
Fra:21 Mem:9.04M (Peak 9.75M) | Time:00:00.00 | Mem:0.00M, Peak:0.00M | Scene, ViewLayer | Loading render kernels (may take a few minutes the first time)
Fra:21 Mem:9.13M (Peak 9.75M) | Time:00:00.00 | Mem:0.00M, Peak:0.00M | Scene, ViewLayer | Updating Procedurals
Fra:21 Mem:9.13M (Peak 9.75M) | Time:00:00.00 | Mem:0.00M, Peak:0.00M | Scene, ViewLayer | Updating Background
Fra:21 Mem:9.13M (Peak 9.75M) | Time:00:00.00 | Mem:0.00M, Peak:0.00M | Scene, ViewLayer | Updating Camera
Fra:21 Mem:9.13M (Peak 9.75M) | Time:00:00.00 | Mem:0.00M, Peak:0.00M | Scene, ViewLayer | Updating Meshes Flags
Fra:21 Mem:9.13M (Peak 9.75M) | Time:00:00.00 | Mem:0.00M, Peak:0.00M | Scene, ViewLayer | Updating Objects
Fra:21 Mem:9.13M (Peak 9.75M) | Time:00:00.00 | Mem:0.00M, Peak:0.00M | Scene, ViewLayer | Updating Objects | Copying Transformations to device
Fra:21 Mem:9.13M (Peak 9.75M) | Time:00:00.00 | Mem:0.01M, Peak:0.01M | Scene, ViewLayer | Updating Particle Systems
Fra:21 Mem:9.13M (Peak 9.75M) | Time:00:00.00 | Mem:0.01M, Peak:0.01M | Scene, ViewLayer | Updating Particle Systems | Copying Particles to device
Fra:21 Mem:9.13M (Peak 9.75M) | Time:00:00.00 | Mem:0.01M, Peak:0.01M | Scene, ViewLayer | Updating Meshes
Fra:21 Mem:9.13M (Peak 9.75M) | Time:00:00.00 | Mem:0.01M, Peak:0.01M | Scene, ViewLayer | Updating Objects | Applying Static Transformations
Fra:21 Mem:9.13M (Peak 9.75M) | Time:00:00.00 | Mem:0.01M, Peak:0.01M | Scene, ViewLayer | Updating Mesh | Computing attributes
Fra:21 Mem:9.13M (Peak 9.75M) | Time:00:00.00 | Mem:0.01M, Peak:0.01M | Scene, ViewLayer | Updating Mesh | Copying Attributes to device
Fra:21 Mem:9.13M (Peak 9.75M) | Time:00:00.00 | Mem:0.01M, Peak:0.01M | Scene, ViewLayer | Updating Scene BVH | Building
Fra:21 Mem:9.13M (Peak 9.75M) | Time:00:00.00 | Mem:0.01M, Peak:0.01M | Scene, ViewLayer | Updating Scene BVH | Building BVH
Fra:21 Mem:9.13M (Peak 9.75M) | Time:00:00.00 | Mem:0.02M, Peak:0.03M | Scene, ViewLayer | Updating Scene BVH | Copying BVH to device
Fra:21 Mem:9.13M (Peak 9.75M) | Time:00:00.00 | Mem:0.02M, Peak:0.03M | Scene, ViewLayer | Updating Mesh | Computing normals
Fra:21 Mem:9.14M (Peak 9.75M) | Time:00:00.00 | Mem:0.02M, Peak:0.03M | Scene, ViewLayer | Updating Mesh | Copying Mesh to device
Fra:21 Mem:9.14M (Peak 9.75M) | Time:00:00.00 | Mem:0.03M, Peak:0.03M | Scene, ViewLayer | Updating Objects Flags
Fra:21 Mem:9.14M (Peak 9.75M) | Time:00:00.00 | Mem:0.03M, Peak:0.03M | Scene, ViewLayer | Updating Primitive Offsets
Fra:21 Mem:9.14M (Peak 9.75M) | Time:00:00.00 | Mem:0.03M, Peak:0.03M | Scene, ViewLayer | Updating Images
Fra:21 Mem:9.14M (Peak 9.75M) | Time:00:00.00 | Mem:0.03M, Peak:0.03M | Scene, ViewLayer | Updating Camera Volume
Fra:21 Mem:9.14M (Peak 9.75M) | Time:00:00.00 | Mem:0.03M, Peak:0.03M | Scene, ViewLayer | Updating Lookup Tables
Fra:21 Mem:9.14M (Peak 9.75M) | Time:00:00.00 | Mem:0.11M, Peak:0.11M | Scene, ViewLayer | Updating Lights
Fra:21 Mem:9.14M (Peak 9.75M) | Time:00:00.00 | Mem:0.11M, Peak:0.11M | Scene, ViewLayer | Updating Lights | Computing tree
Fra:21 Mem:9.14M (Peak 9.75M) | Time:00:00.00 | Mem:0.12M, Peak:0.12M | Scene, ViewLayer | Updating Integrator
Fra:21 Mem:9.14M (Peak 9.75M) | Time:00:00.00 | Mem:0.12M, Peak:0.12M | Scene, ViewLayer | Updating Film
Fra:21 Mem:9.15M (Peak 9.75M) | Time:00:00.00 | Mem:0.04M, Peak:0.12M | Scene, ViewLayer | Updating Lookup Tables
Fra:21 Mem:9.15M (Peak 9.75M) | Time:00:00.00 | Mem:0.12M, Peak:0.12M | Scene, ViewLayer | Updating Baking
Fra:21 Mem:9.15M (Peak 9.75M) | Time:00:00.00 | Mem:0.12M, Peak:0.12M | Scene, ViewLayer | Updating Device | Writing constant memory
Fra:21 Mem:9.15M (Peak 9.75M) | Time:00:00.00 | Mem:0.12M, Peak:0.12M | Scene, ViewLayer | Sample 0/1
Fra:21 Mem:9.24M (Peak 9.75M) | Time:00:00.00 | Mem:0.16M, Peak:0.16M | Scene, ViewLayer | Sample 1/1
Fra:21 Mem:9.24M (Peak 9.75M) | Time:00:00.00 | Mem:0.16M, Peak:0.16M | Scene, ViewLayer | Finished
Saved: '/home/terence/Documents/Codex/2026-09-06/realtime-voice-chat-3/outputs/butterfly-method-comparison/blender-v2/raw/native32/view180_frame04.png'
Time: 00:00.00 (Saving: 00:00.00)

Fra:21 Mem:9.67M (Peak 9.67M) | Time:00:00.00 | Mem:0.00M, Peak:0.00M | Scene, ViewLayer | Synchronizing object | Thorax
Fra:21 Mem:9.67M (Peak 9.67M) | Time:00:00.00 | Mem:0.00M, Peak:0.00M | Scene, ViewLayer | Synchronizing object | Antenna.001
Fra:21 Mem:9.67M (Peak 9.67M) | Time:00:00.00 | Mem:0.00M, Peak:0.00M | Scene, ViewLayer | Synchronizing object | Abdomen
Fra:21 Mem:9.67M (Peak 9.67M) | Time:00:00.00 | Mem:0.00M, Peak:0.00M | Scene, ViewLayer | Synchronizing object | Abdomen tip
Fra:21 Mem:9.68M (Peak 9.68M) | Time:00:00.00 | Mem:0.00M, Peak:0.00M | Scene, ViewLayer | Synchronizing object | Antenna
Fra:21 Mem:9.68M (Peak 9.68M) | Time:00:00.00 | Mem:0.00M, Peak:0.00M | Scene, ViewLayer | Initializing
Fra:21 Mem:9.03M (Peak 9.68M) | Time:00:00.00 | Mem:0.00M, Peak:0.00M | Scene, ViewLayer | Waiting for render to start
Fra:21 Mem:9.03M (Peak 9.68M) | Time:00:00.00 | Mem:0.00M, Peak:0.00M | Scene, ViewLayer | Updating Scene
Fra:21 Mem:9.03M (Peak 9.68M) | Time:00:00.00 | Mem:0.00M, Peak:0.00M | Scene, ViewLayer | Updating Shaders
Fra:21 Mem:9.03M (Peak 9.68M) | Time:00:00.00 | Mem:0.00M, Peak:0.00M | Scene, ViewLayer | Loading render kernels (may take a few minutes the first time)
Fra:21 Mem:9.12M (Peak 9.68M) | Time:00:00.00 | Mem:0.00M, Peak:0.00M | Scene, ViewLayer | Updating Procedurals
Fra:21 Mem:9.12M (Peak 9.68M) | Time:00:00.00 | Mem:0.00M, Peak:0.00M | Scene, ViewLayer | Updating Background
Fra:21 Mem:9.12M (Peak 9.68M) | Time:00:00.00 | Mem:0.00M, Peak:0.00M | Scene, ViewLayer | Updating Camera
Fra:21 Mem:9.12M (Peak 9.68M) | Time:00:00.00 | Mem:0.00M, Peak:0.00M | Scene, ViewLayer | Updating Meshes Flags
Fra:21 Mem:9.12M (Peak 9.68M) | Time:00:00.00 | Mem:0.00M, Peak:0.00M | Scene, ViewLayer | Updating Objects
Fra:21 Mem:9.12M (Peak 9.68M) | Time:00:00.00 | Mem:0.00M, Peak:0.00M | Scene, ViewLayer | Updating Objects | Copying Transformations to device
Fra:21 Mem:9.12M (Peak 9.68M) | Time:00:00.00 | Mem:0.00M, Peak:0.00M | Scene, ViewLayer | Updating Particle Systems
Fra:21 Mem:9.12M (Peak 9.68M) | Time:00:00.00 | Mem:0.00M, Peak:0.00M | Scene, ViewLayer | Updating Particle Systems | Copying Particles to device
Fra:21 Mem:9.12M (Peak 9.68M) | Time:00:00.00 | Mem:0.00M, Peak:0.00M | Scene, ViewLayer | Updating Meshes
Fra:21 Mem:9.12M (Peak 9.68M) | Time:00:00.00 | Mem:0.00M, Peak:0.00M | Scene, ViewLayer | Updating Objects | Applying Static Transformations
Fra:21 Mem:9.12M (Peak 9.68M) | Time:00:00.00 | Mem:0.00M, Peak:0.00M | Scene, ViewLayer | Updating Mesh | Computing attributes
Fra:21 Mem:9.12M (Peak 9.68M) | Time:00:00.00 | Mem:0.01M, Peak:0.01M | Scene, ViewLayer | Updating Mesh | Copying Attributes to device
Fra:21 Mem:9.12M (Peak 9.68M) | Time:00:00.00 | Mem:0.01M, Peak:0.01M | Scene, ViewLayer | Updating Scene BVH | Building
Fra:21 Mem:9.12M (Peak 9.68M) | Time:00:00.00 | Mem:0.01M, Peak:0.01M | Scene, ViewLayer | Updating Scene BVH | Building BVH
Fra:21 Mem:9.12M (Peak 9.68M) | Time:00:00.00 | Mem:0.01M, Peak:0.01M | Scene, ViewLayer | Updating Scene BVH | Copying BVH to device
Fra:21 Mem:9.12M (Peak 9.68M) | Time:00:00.00 | Mem:0.01M, Peak:0.01M | Scene, ViewLayer | Updating Mesh | Computing normals
Fra:21 Mem:9.12M (Peak 9.68M) | Time:00:00.00 | Mem:0.01M, Peak:0.01M | Scene, ViewLayer | Updating Mesh | Copying Mesh to device
Fra:21 Mem:9.12M (Peak 9.68M) | Time:00:00.00 | Mem:0.01M, Peak:0.01M | Scene, ViewLayer | Updating Objects Flags
Fra:21 Mem:9.12M (Peak 9.68M) | Time:00:00.00 | Mem:0.01M, Peak:0.01M | Scene, ViewLayer | Updating Primitive Offsets
Fra:21 Mem:9.12M (Peak 9.68M) | Time:00:00.00 | Mem:0.01M, Peak:0.01M | Scene, ViewLayer | Updating Images
Fra:21 Mem:9.12M (Peak 9.68M) | Time:00:00.00 | Mem:0.01M, Peak:0.01M | Scene, ViewLayer | Updating Camera Volume
Fra:21 Mem:9.12M (Peak 9.68M) | Time:00:00.00 | Mem:0.01M, Peak:0.01M | Scene, ViewLayer | Updating Lookup Tables
Fra:21 Mem:9.12M (Peak 9.68M) | Time:00:00.00 | Mem:0.09M, Peak:0.09M | Scene, ViewLayer | Updating Lights
Fra:21 Mem:9.12M (Peak 9.68M) | Time:00:00.00 | Mem:0.09M, Peak:0.09M | Scene, ViewLayer | Updating Lights | Computing tree
Fra:21 Mem:9.12M (Peak 9.68M) | Time:00:00.00 | Mem:0.09M, Peak:0.09M | Scene, ViewLayer | Updating Integrator
Fra:21 Mem:9.12M (Peak 9.68M) | Time:00:00.00 | Mem:0.09M, Peak:0.09M | Scene, ViewLayer | Updating Film
Fra:21 Mem:9.13M (Peak 9.68M) | Time:00:00.00 | Mem:0.01M, Peak:0.09M | Scene, ViewLayer | Updating Lookup Tables
Fra:21 Mem:9.13M (Peak 9.68M) | Time:00:00.00 | Mem:0.10M, Peak:0.10M | Scene, ViewLayer | Updating Baking
Fra:21 Mem:9.13M (Peak 9.68M) | Time:00:00.00 | Mem:0.10M, Peak:0.10M | Scene, ViewLayer | Updating Device | Writing constant memory
Fra:21 Mem:9.13M (Peak 9.68M) | Time:00:00.00 | Mem:0.10M, Peak:0.10M | Scene, ViewLayer | Sample 0/1
Fra:21 Mem:9.18M (Peak 9.68M) | Time:00:00.00 | Mem:0.11M, Peak:0.11M | Scene, ViewLayer | Sample 1/1
Fra:21 Mem:9.18M (Peak 9.68M) | Time:00:00.00 | Mem:0.11M, Peak:0.11M | Scene, ViewLayer | Finished
Saved: '/home/terence/Documents/Codex/2026-09-06/realtime-voice-chat-3/outputs/butterfly-method-comparison/blender-v2/raw/body-only/view180_frame04.png'
Time: 00:00.00 (Saving: 00:00.00)

Fra:21 Mem:9.71M (Peak 9.71M) | Time:00:00.00 | Mem:0.00M, Peak:0.00M | Scene, ViewLayer | Synchronizing object | Thorax
Fra:21 Mem:9.71M (Peak 9.71M) | Time:00:00.00 | Mem:0.00M, Peak:0.00M | Scene, ViewLayer | Synchronizing object | Head
Fra:21 Mem:9.71M (Peak 9.71M) | Time:00:00.00 | Mem:0.00M, Peak:0.00M | Scene, ViewLayer | Synchronizing object | L continuous fore-hind wing
Fra:21 Mem:9.71M (Peak 9.71M) | Time:00:00.00 | Mem:0.00M, Peak:0.00M | Scene, ViewLayer | Synchronizing object | Abdomen tip
Fra:21 Mem:9.71M (Peak 9.71M) | Time:00:00.00 | Mem:0.00M, Peak:0.00M | Scene, ViewLayer | Synchronizing object | R continuous fore-hind wing
Fra:21 Mem:9.72M (Peak 9.72M) | Time:00:00.00 | Mem:0.00M, Peak:0.00M | Scene, ViewLayer | Synchronizing object | Antenna
Fra:21 Mem:9.72M (Peak 9.72M) | Time:00:00.00 | Mem:0.00M, Peak:0.00M | Scene, ViewLayer | Synchronizing object | Antenna.001
Fra:21 Mem:9.72M (Peak 9.72M) | Time:00:00.00 | Mem:0.00M, Peak:0.00M | Scene, ViewLayer | Initializing
Fra:21 Mem:9.03M (Peak 9.72M) | Time:00:00.00 | Mem:0.00M, Peak:0.00M | Scene, ViewLayer | Waiting for render to start
Fra:21 Mem:9.03M (Peak 9.72M) | Time:00:00.00 | Mem:0.00M, Peak:0.00M | Scene, ViewLayer | Updating Scene
Fra:21 Mem:9.03M (Peak 9.72M) | Time:00:00.00 | Mem:0.00M, Peak:0.00M | Scene, ViewLayer | Updating Shaders
Fra:21 Mem:9.03M (Peak 9.72M) | Time:00:00.00 | Mem:0.00M, Peak:0.00M | Scene, ViewLayer | Loading render kernels (may take a few minutes the first time)
Fra:21 Mem:9.11M (Peak 9.72M) | Time:00:00.00 | Mem:0.00M, Peak:0.00M | Scene, ViewLayer | Updating Procedurals
Fra:21 Mem:9.11M (Peak 9.72M) | Time:00:00.00 | Mem:0.00M, Peak:0.00M | Scene, ViewLayer | Updating Background
Fra:21 Mem:9.11M (Peak 9.72M) | Time:00:00.00 | Mem:0.00M, Peak:0.00M | Scene, ViewLayer | Updating Camera
Fra:21 Mem:9.11M (Peak 9.72M) | Time:00:00.00 | Mem:0.00M, Peak:0.00M | Scene, ViewLayer | Updating Meshes Flags
Fra:21 Mem:9.11M (Peak 9.72M) | Time:00:00.00 | Mem:0.00M, Peak:0.00M | Scene, ViewLayer | Updating Objects
Fra:21 Mem:9.11M (Peak 9.72M) | Time:00:00.00 | Mem:0.00M, Peak:0.00M | Scene, ViewLayer | Updating Objects | Copying Transformations to device
Fra:21 Mem:9.11M (Peak 9.72M) | Time:00:00.00 | Mem:0.01M, Peak:0.01M | Scene, ViewLayer | Updating Particle Systems
Fra:21 Mem:9.11M (Peak 9.72M) | Time:00:00.00 | Mem:0.01M, Peak:0.01M | Scene, ViewLayer | Updating Particle Systems | Copying Particles to device
Fra:21 Mem:9.11M (Peak 9.72M) | Time:00:00.00 | Mem:0.01M, Peak:0.01M | Scene, ViewLayer | Updating Meshes
Fra:21 Mem:9.11M (Peak 9.72M) | Time:00:00.00 | Mem:0.01M, Peak:0.01M | Scene, ViewLayer | Updating Objects | Applying Static Transformations
Fra:21 Mem:9.11M (Peak 9.72M) | Time:00:00.00 | Mem:0.01M, Peak:0.01M | Scene, ViewLayer | Updating Mesh | Computing attributes
Fra:21 Mem:9.12M (Peak 9.72M) | Time:00:00.00 | Mem:0.01M, Peak:0.01M | Scene, ViewLayer | Updating Mesh | Copying Attributes to device
Fra:21 Mem:9.12M (Peak 9.72M) | Time:00:00.00 | Mem:0.01M, Peak:0.01M | Scene, ViewLayer | Updating Scene BVH | Building
Fra:21 Mem:9.12M (Peak 9.72M) | Time:00:00.00 | Mem:0.01M, Peak:0.01M | Scene, ViewLayer | Updating Scene BVH | Building BVH
Fra:21 Mem:9.12M (Peak 9.72M) | Time:00:00.00 | Mem:0.02M, Peak:0.03M | Scene, ViewLayer | Updating Scene BVH | Copying BVH to device
Fra:21 Mem:9.12M (Peak 9.72M) | Time:00:00.00 | Mem:0.02M, Peak:0.03M | Scene, ViewLayer | Updating Mesh | Computing normals
Fra:21 Mem:9.12M (Peak 9.72M) | Time:00:00.00 | Mem:0.02M, Peak:0.03M | Scene, ViewLayer | Updating Mesh | Copying Mesh to device
Fra:21 Mem:9.12M (Peak 9.72M) | Time:00:00.00 | Mem:0.03M, Peak:0.03M | Scene, ViewLayer | Updating Objects Flags
Fra:21 Mem:9.12M (Peak 9.72M) | Time:00:00.00 | Mem:0.03M, Peak:0.03M | Scene, ViewLayer | Updating Primitive Offsets
Fra:21 Mem:9.12M (Peak 9.72M) | Time:00:00.00 | Mem:0.03M, Peak:0.03M | Scene, ViewLayer | Updating Images
Fra:21 Mem:9.12M (Peak 9.72M) | Time:00:00.00 | Mem:0.03M, Peak:0.03M | Scene, ViewLayer | Updating Camera Volume
Fra:21 Mem:9.12M (Peak 9.72M) | Time:00:00.00 | Mem:0.03M, Peak:0.03M | Scene, ViewLayer | Updating Lookup Tables
Fra:21 Mem:9.12M (Peak 9.72M) | Time:00:00.00 | Mem:0.11M, Peak:0.11M | Scene, ViewLayer | Updating Lights
Fra:21 Mem:9.12M (Peak 9.72M) | Time:00:00.00 | Mem:0.11M, Peak:0.11M | Scene, ViewLayer | Updating Lights | Computing tree
Fra:21 Mem:9.13M (Peak 9.72M) | Time:00:00.00 | Mem:0.12M, Peak:0.12M | Scene, ViewLayer | Updating Integrator
Fra:21 Mem:9.13M (Peak 9.72M) | Time:00:00.00 | Mem:0.12M, Peak:0.12M | Scene, ViewLayer | Updating Film
Fra:21 Mem:9.13M (Peak 9.72M) | Time:00:00.00 | Mem:0.04M, Peak:0.12M | Scene, ViewLayer | Updating Lookup Tables
Fra:21 Mem:9.13M (Peak 9.72M) | Time:00:00.00 | Mem:0.12M, Peak:0.12M | Scene, ViewLayer | Updating Baking
Fra:21 Mem:9.13M (Peak 9.72M) | Time:00:00.00 | Mem:0.12M, Peak:0.12M | Scene, ViewLayer | Updating Device | Writing constant memory
Fra:21 Mem:9.14M (Peak 9.72M) | Time:00:00.00 | Mem:0.12M, Peak:0.12M | Scene, ViewLayer | Sample 0/1
Fra:21 Mem:9.19M (Peak 9.72M) | Time:00:00.00 | Mem:0.13M, Peak:0.13M | Scene, ViewLayer | Sample 1/1
Fra:21 Mem:9.19M (Peak 9.72M) | Time:00:00.00 | Mem:0.13M, Peak:0.13M | Scene, ViewLayer | Finished
Saved: '/home/terence/Documents/Codex/2026-09-06/realtime-voice-chat-3/outputs/butterfly-method-comparison/blender-v2/raw/no-abdomen-lag/view180_frame04.png'
Time: 00:00.00 (Saving: 00:00.00)

Fra:21 Mem:9.69M (Peak 9.69M) | Time:00:00.00 | Mem:0.00M, Peak:0.00M | Scene, ViewLayer | Synchronizing object | Thorax
Fra:21 Mem:9.69M (Peak 9.69M) | Time:00:00.00 | Mem:0.00M, Peak:0.00M | Scene, ViewLayer | Synchronizing object | Abdomen
Fra:21 Mem:9.69M (Peak 9.69M) | Time:00:00.00 | Mem:0.00M, Peak:0.00M | Scene, ViewLayer | Synchronizing object | Abdomen tip
Fra:21 Mem:9.69M (Peak 9.69M) | Time:00:00.00 | Mem:0.00M, Peak:0.00M | Scene, ViewLayer | Synchronizing object | Antenna
Fra:21 Mem:9.69M (Peak 9.69M) | Time:00:00.00 | Mem:0.00M, Peak:0.00M | Scene, ViewLayer | Synchronizing object | Antenna.001
Fra:21 Mem:9.70M (Peak 9.70M) | Time:00:00.00 | Mem:0.00M, Peak:0.00M | Scene, ViewLayer | Synchronizing object | R continuous fore-hind wing
Fra:21 Mem:9.70M (Peak 9.70M) | Time:00:00.00 | Mem:0.00M, Peak:0.00M | Scene, ViewLayer | Initializing
Fra:21 Mem:9.02M (Peak 9.70M) | Time:00:00.00 | Mem:0.00M, Peak:0.00M | Scene, ViewLayer | Waiting for render to start
Fra:21 Mem:9.02M (Peak 9.70M) | Time:00:00.00 | Mem:0.00M, Peak:0.00M | Scene, ViewLayer | Updating Scene
Fra:21 Mem:9.02M (Peak 9.70M) | Time:00:00.00 | Mem:0.00M, Peak:0.00M | Scene, ViewLayer | Updating Shaders
Fra:21 Mem:9.02M (Peak 9.70M) | Time:00:00.00 | Mem:0.00M, Peak:0.00M | Scene, ViewLayer | Loading render kernels (may take a few minutes the first time)
Fra:21 Mem:9.10M (Peak 9.70M) | Time:00:00.00 | Mem:0.00M, Peak:0.00M | Scene, ViewLayer | Updating Procedurals
Fra:21 Mem:9.10M (Peak 9.70M) | Time:00:00.00 | Mem:0.00M, Peak:0.00M | Scene, ViewLayer | Updating Background
Fra:21 Mem:9.10M (Peak 9.70M) | Time:00:00.00 | Mem:0.00M, Peak:0.00M | Scene, ViewLayer | Updating Camera
Fra:21 Mem:9.10M (Peak 9.70M) | Time:00:00.00 | Mem:0.00M, Peak:0.00M | Scene, ViewLayer | Updating Meshes Flags
Fra:21 Mem:9.10M (Peak 9.70M) | Time:00:00.00 | Mem:0.00M, Peak:0.00M | Scene, ViewLayer | Updating Objects
Fra:21 Mem:9.10M (Peak 9.70M) | Time:00:00.00 | Mem:0.00M, Peak:0.00M | Scene, ViewLayer | Updating Objects | Copying Transformations to device
Fra:21 Mem:9.10M (Peak 9.70M) | Time:00:00.00 | Mem:0.01M, Peak:0.01M | Scene, ViewLayer | Updating Particle Systems
Fra:21 Mem:9.10M (Peak 9.70M) | Time:00:00.00 | Mem:0.01M, Peak:0.01M | Scene, ViewLayer | Updating Particle Systems | Copying Particles to device
Fra:21 Mem:9.10M (Peak 9.70M) | Time:00:00.00 | Mem:0.01M, Peak:0.01M | Scene, ViewLayer | Updating Meshes
Fra:21 Mem:9.10M (Peak 9.70M) | Time:00:00.00 | Mem:0.01M, Peak:0.01M | Scene, ViewLayer | Updating Objects | Applying Static Transformations
Fra:21 Mem:9.10M (Peak 9.70M) | Time:00:00.00 | Mem:0.01M, Peak:0.01M | Scene, ViewLayer | Updating Mesh | Computing attributes
Fra:21 Mem:9.11M (Peak 9.70M) | Time:00:00.00 | Mem:0.01M, Peak:0.01M | Scene, ViewLayer | Updating Mesh | Copying Attributes to device
Fra:21 Mem:9.11M (Peak 9.70M) | Time:00:00.00 | Mem:0.01M, Peak:0.01M | Scene, ViewLayer | Updating Scene BVH | Building
Fra:21 Mem:9.11M (Peak 9.70M) | Time:00:00.00 | Mem:0.01M, Peak:0.01M | Scene, ViewLayer | Updating Scene BVH | Building BVH
Fra:21 Mem:9.11M (Peak 9.70M) | Time:00:00.00 | Mem:0.02M, Peak:0.03M | Scene, ViewLayer | Updating Scene BVH | Copying BVH to device
Fra:21 Mem:9.11M (Peak 9.70M) | Time:00:00.00 | Mem:0.02M, Peak:0.03M | Scene, ViewLayer | Updating Mesh | Computing normals
Fra:21 Mem:9.11M (Peak 9.70M) | Time:00:00.00 | Mem:0.02M, Peak:0.03M | Scene, ViewLayer | Updating Mesh | Copying Mesh to device
Fra:21 Mem:9.11M (Peak 9.70M) | Time:00:00.00 | Mem:0.03M, Peak:0.03M | Scene, ViewLayer | Updating Objects Flags
Fra:21 Mem:9.11M (Peak 9.70M) | Time:00:00.00 | Mem:0.03M, Peak:0.03M | Scene, ViewLayer | Updating Primitive Offsets
Fra:21 Mem:9.11M (Peak 9.70M) | Time:00:00.00 | Mem:0.03M, Peak:0.03M | Scene, ViewLayer | Updating Images
Fra:21 Mem:9.11M (Peak 9.70M) | Time:00:00.00 | Mem:0.03M, Peak:0.03M | Scene, ViewLayer | Updating Camera Volume
Fra:21 Mem:9.11M (Peak 9.70M) | Time:00:00.00 | Mem:0.03M, Peak:0.03M | Scene, ViewLayer | Updating Lookup Tables
Fra:21 Mem:9.11M (Peak 9.70M) | Time:00:00.00 | Mem:0.11M, Peak:0.11M | Scene, ViewLayer | Updating Lights
Fra:21 Mem:9.11M (Peak 9.70M) | Time:00:00.00 | Mem:0.11M, Peak:0.11M | Scene, ViewLayer | Updating Lights | Computing tree
Fra:21 Mem:9.12M (Peak 9.70M) | Time:00:00.00 | Mem:0.12M, Peak:0.12M | Scene, ViewLayer | Updating Integrator
Fra:21 Mem:9.12M (Peak 9.70M) | Time:00:00.00 | Mem:0.12M, Peak:0.12M | Scene, ViewLayer | Updating Film
Fra:21 Mem:9.13M (Peak 9.70M) | Time:00:00.00 | Mem:0.04M, Peak:0.12M | Scene, ViewLayer | Updating Lookup Tables
Fra:21 Mem:9.13M (Peak 9.70M) | Time:00:00.00 | Mem:0.12M, Peak:0.12M | Scene, ViewLayer | Updating Baking
Fra:21 Mem:9.13M (Peak 9.70M) | Time:00:00.00 | Mem:0.12M, Peak:0.12M | Scene, ViewLayer | Updating Device | Writing constant memory
Fra:21 Mem:9.13M (Peak 9.70M) | Time:00:00.00 | Mem:0.12M, Peak:0.12M | Scene, ViewLayer | Sample 0/1
Fra:21 Mem:9.18M (Peak 9.70M) | Time:00:00.00 | Mem:0.13M, Peak:0.13M | Scene, ViewLayer | Sample 1/1
Fra:21 Mem:9.18M (Peak 9.70M) | Time:00:00.00 | Mem:0.13M, Peak:0.13M | Scene, ViewLayer | Finished
Saved: '/home/terence/Documents/Codex/2026-09-06/realtime-voice-chat-3/outputs/butterfly-method-comparison/blender-v2/raw/wing-only/view180_frame04.png'
Time: 00:00.00 (Saving: 00:00.00)

Fra:26 Mem:9.74M (Peak 9.74M) | Time:00:00.00 | Mem:0.00M, Peak:0.00M | Scene, ViewLayer | Synchronizing object | Thorax
Fra:26 Mem:9.74M (Peak 9.74M) | Time:00:00.00 | Mem:0.00M, Peak:0.00M | Scene, ViewLayer | Synchronizing object | L continuous fore-hind wing
Fra:26 Mem:9.74M (Peak 9.74M) | Time:00:00.00 | Mem:0.00M, Peak:0.00M | Scene, ViewLayer | Synchronizing object | Abdomen tip
Fra:26 Mem:9.74M (Peak 9.74M) | Time:00:00.00 | Mem:0.00M, Peak:0.00M | Scene, ViewLayer | Synchronizing object | Antenna
Fra:26 Mem:9.74M (Peak 9.74M) | Time:00:00.00 | Mem:0.00M, Peak:0.00M | Scene, ViewLayer | Synchronizing object | R continuous fore-hind wing
Fra:26 Mem:9.75M (Peak 9.75M) | Time:00:00.00 | Mem:0.00M, Peak:0.00M | Scene, ViewLayer | Initializing
Fra:26 Mem:9.04M (Peak 9.75M) | Time:00:00.00 | Mem:0.00M, Peak:0.00M | Scene, ViewLayer | Waiting for render to start
Fra:26 Mem:9.04M (Peak 9.75M) | Time:00:00.00 | Mem:0.00M, Peak:0.00M | Scene, ViewLayer | Updating Scene
Fra:26 Mem:9.04M (Peak 9.75M) | Time:00:00.00 | Mem:0.00M, Peak:0.00M | Scene, ViewLayer | Updating Shaders
Fra:26 Mem:9.04M (Peak 9.75M) | Time:00:00.00 | Mem:0.00M, Peak:0.00M | Scene, ViewLayer | Loading render kernels (may take a few minutes the first time)
Fra:26 Mem:9.13M (Peak 9.75M) | Time:00:00.00 | Mem:0.00M, Peak:0.00M | Scene, ViewLayer | Updating Procedurals
Fra:26 Mem:9.13M (Peak 9.75M) | Time:00:00.00 | Mem:0.00M, Peak:0.00M | Scene, ViewLayer | Updating Background
Fra:26 Mem:9.13M (Peak 9.75M) | Time:00:00.00 | Mem:0.00M, Peak:0.00M | Scene, ViewLayer | Updating Camera
Fra:26 Mem:9.13M (Peak 9.75M) | Time:00:00.00 | Mem:0.00M, Peak:0.00M | Scene, ViewLayer | Updating Meshes Flags
Fra:26 Mem:9.13M (Peak 9.75M) | Time:00:00.00 | Mem:0.00M, Peak:0.00M | Scene, ViewLayer | Updating Objects
Fra:26 Mem:9.13M (Peak 9.75M) | Time:00:00.00 | Mem:0.00M, Peak:0.00M | Scene, ViewLayer | Updating Objects | Copying Transformations to device
Fra:26 Mem:9.13M (Peak 9.75M) | Time:00:00.00 | Mem:0.01M, Peak:0.01M | Scene, ViewLayer | Updating Particle Systems
Fra:26 Mem:9.13M (Peak 9.75M) | Time:00:00.00 | Mem:0.01M, Peak:0.01M | Scene, ViewLayer | Updating Particle Systems | Copying Particles to device
Fra:26 Mem:9.13M (Peak 9.75M) | Time:00:00.00 | Mem:0.01M, Peak:0.01M | Scene, ViewLayer | Updating Meshes
Fra:26 Mem:9.13M (Peak 9.75M) | Time:00:00.00 | Mem:0.01M, Peak:0.01M | Scene, ViewLayer | Updating Objects | Applying Static Transformations
Fra:26 Mem:9.13M (Peak 9.75M) | Time:00:00.00 | Mem:0.01M, Peak:0.01M | Scene, ViewLayer | Updating Mesh | Computing attributes
Fra:26 Mem:9.13M (Peak 9.75M) | Time:00:00.00 | Mem:0.01M, Peak:0.01M | Scene, ViewLayer | Updating Mesh | Copying Attributes to device
Fra:26 Mem:9.13M (Peak 9.75M) | Time:00:00.00 | Mem:0.01M, Peak:0.01M | Scene, ViewLayer | Updating Scene BVH | Building
Fra:26 Mem:9.13M (Peak 9.75M) | Time:00:00.00 | Mem:0.01M, Peak:0.01M | Scene, ViewLayer | Updating Scene BVH | Building BVH
Fra:26 Mem:9.13M (Peak 9.75M) | Time:00:00.00 | Mem:0.02M, Peak:0.03M | Scene, ViewLayer | Updating Scene BVH | Copying BVH to device
Fra:26 Mem:9.13M (Peak 9.75M) | Time:00:00.00 | Mem:0.02M, Peak:0.03M | Scene, ViewLayer | Updating Mesh | Computing normals
Fra:26 Mem:9.14M (Peak 9.75M) | Time:00:00.00 | Mem:0.02M, Peak:0.03M | Scene, ViewLayer | Updating Mesh | Copying Mesh to device
Fra:26 Mem:9.14M (Peak 9.75M) | Time:00:00.00 | Mem:0.03M, Peak:0.03M | Scene, ViewLayer | Updating Objects Flags
Fra:26 Mem:9.14M (Peak 9.75M) | Time:00:00.00 | Mem:0.03M, Peak:0.03M | Scene, ViewLayer | Updating Primitive Offsets
Fra:26 Mem:9.14M (Peak 9.75M) | Time:00:00.00 | Mem:0.03M, Peak:0.03M | Scene, ViewLayer | Updating Images
Fra:26 Mem:9.14M (Peak 9.75M) | Time:00:00.00 | Mem:0.03M, Peak:0.03M | Scene, ViewLayer | Updating Camera Volume
Fra:26 Mem:9.14M (Peak 9.75M) | Time:00:00.00 | Mem:0.03M, Peak:0.03M | Scene, ViewLayer | Updating Lookup Tables
Fra:26 Mem:9.14M (Peak 9.75M) | Time:00:00.00 | Mem:0.11M, Peak:0.11M | Scene, ViewLayer | Updating Lights
Fra:26 Mem:9.14M (Peak 9.75M) | Time:00:00.00 | Mem:0.11M, Peak:0.11M | Scene, ViewLayer | Updating Lights | Computing tree
Fra:26 Mem:9.14M (Peak 9.75M) | Time:00:00.00 | Mem:0.12M, Peak:0.12M | Scene, ViewLayer | Updating Integrator
Fra:26 Mem:9.14M (Peak 9.75M) | Time:00:00.00 | Mem:0.12M, Peak:0.12M | Scene, ViewLayer | Updating Film
Fra:26 Mem:9.15M (Peak 9.75M) | Time:00:00.00 | Mem:0.04M, Peak:0.12M | Scene, ViewLayer | Updating Lookup Tables
Fra:26 Mem:9.15M (Peak 9.75M) | Time:00:00.00 | Mem:0.13M, Peak:0.13M | Scene, ViewLayer | Updating Baking
Fra:26 Mem:9.15M (Peak 9.75M) | Time:00:00.00 | Mem:0.13M, Peak:0.13M | Scene, ViewLayer | Updating Device | Writing constant memory
Fra:26 Mem:9.15M (Peak 9.75M) | Time:00:00.00 | Mem:0.13M, Peak:0.13M | Scene, ViewLayer | Sample 0/8
Fra:26 Mem:9.75M (Peak 9.75M) | Time:00:00.00 | Remaining:00:00.01 | Mem:0.69M, Peak:0.69M | Scene, ViewLayer | Sample 1/8
Fra:26 Mem:10.00M (Peak 10.00M) | Time:00:00.02 | Mem:0.69M, Peak:0.69M | Scene, ViewLayer | Sample 8/8
Fra:26 Mem:10.00M (Peak 10.00M) | Time:00:00.02 | Mem:0.69M, Peak:0.69M | Scene, ViewLayer | Finished
Saved: '/home/terence/Documents/Codex/2026-09-06/realtime-voice-chat-3/outputs/butterfly-method-comparison/blender-v2/raw/loop_endpoint_view045.png'
Time: 00:00.02 (Saving: 00:00.00)

Fra:26 Mem:9.74M (Peak 9.74M) | Time:00:00.00 | Mem:0.00M, Peak:0.00M | Scene, ViewLayer | Synchronizing object | Thorax
Fra:26 Mem:9.74M (Peak 9.74M) | Time:00:00.00 | Mem:0.00M, Peak:0.00M | Scene, ViewLayer | Synchronizing object | Abdomen
Fra:26 Mem:9.74M (Peak 9.74M) | Time:00:00.00 | Mem:0.00M, Peak:0.00M | Scene, ViewLayer | Synchronizing object | L continuous fore-hind wing
Fra:26 Mem:9.74M (Peak 9.74M) | Time:00:00.00 | Mem:0.00M, Peak:0.00M | Scene, ViewLayer | Synchronizing object | Antenna
Fra:26 Mem:9.74M (Peak 9.74M) | Time:00:00.00 | Mem:0.00M, Peak:0.00M | Scene, ViewLayer | Synchronizing object | R continuous fore-hind wing
Fra:26 Mem:9.75M (Peak 9.75M) | Time:00:00.00 | Mem:0.00M, Peak:0.00M | Scene, ViewLayer | Synchronizing object | Antenna.001
Fra:26 Mem:9.75M (Peak 9.75M) | Time:00:00.00 | Mem:0.00M, Peak:0.00M | Scene, ViewLayer | Initializing
Fra:26 Mem:9.04M (Peak 9.75M) | Time:00:00.00 | Mem:0.00M, Peak:0.00M | Scene, ViewLayer | Waiting for render to start
Fra:26 Mem:9.04M (Peak 9.75M) | Time:00:00.00 | Mem:0.00M, Peak:0.00M | Scene, ViewLayer | Updating Scene
Fra:26 Mem:9.04M (Peak 9.75M) | Time:00:00.00 | Mem:0.00M, Peak:0.00M | Scene, ViewLayer | Updating Shaders
Fra:26 Mem:9.04M (Peak 9.75M) | Time:00:00.00 | Mem:0.00M, Peak:0.00M | Scene, ViewLayer | Loading render kernels (may take a few minutes the first time)
Fra:26 Mem:9.13M (Peak 9.75M) | Time:00:00.00 | Mem:0.00M, Peak:0.00M | Scene, ViewLayer | Updating Procedurals
Fra:26 Mem:9.13M (Peak 9.75M) | Time:00:00.00 | Mem:0.00M, Peak:0.00M | Scene, ViewLayer | Updating Background
Fra:26 Mem:9.13M (Peak 9.75M) | Time:00:00.00 | Mem:0.00M, Peak:0.00M | Scene, ViewLayer | Updating Camera
Fra:26 Mem:9.13M (Peak 9.75M) | Time:00:00.00 | Mem:0.00M, Peak:0.00M | Scene, ViewLayer | Updating Meshes Flags
Fra:26 Mem:9.13M (Peak 9.75M) | Time:00:00.00 | Mem:0.00M, Peak:0.00M | Scene, ViewLayer | Updating Objects
Fra:26 Mem:9.13M (Peak 9.75M) | Time:00:00.00 | Mem:0.00M, Peak:0.00M | Scene, ViewLayer | Updating Objects | Copying Transformations to device
Fra:26 Mem:9.13M (Peak 9.75M) | Time:00:00.00 | Mem:0.01M, Peak:0.01M | Scene, ViewLayer | Updating Particle Systems
Fra:26 Mem:9.13M (Peak 9.75M) | Time:00:00.00 | Mem:0.01M, Peak:0.01M | Scene, ViewLayer | Updating Particle Systems | Copying Particles to device
Fra:26 Mem:9.13M (Peak 9.75M) | Time:00:00.00 | Mem:0.01M, Peak:0.01M | Scene, ViewLayer | Updating Meshes
Fra:26 Mem:9.13M (Peak 9.75M) | Time:00:00.00 | Mem:0.01M, Peak:0.01M | Scene, ViewLayer | Updating Objects | Applying Static Transformations
Fra:26 Mem:9.13M (Peak 9.75M) | Time:00:00.00 | Mem:0.01M, Peak:0.01M | Scene, ViewLayer | Updating Mesh | Computing attributes
Fra:26 Mem:9.13M (Peak 9.75M) | Time:00:00.00 | Mem:0.01M, Peak:0.01M | Scene, ViewLayer | Updating Mesh | Copying Attributes to device
Fra:26 Mem:9.13M (Peak 9.75M) | Time:00:00.00 | Mem:0.01M, Peak:0.01M | Scene, ViewLayer | Updating Scene BVH | Building
Fra:26 Mem:9.13M (Peak 9.75M) | Time:00:00.00 | Mem:0.01M, Peak:0.01M | Scene, ViewLayer | Updating Scene BVH | Building BVH
Fra:26 Mem:9.13M (Peak 9.75M) | Time:00:00.00 | Mem:0.02M, Peak:0.03M | Scene, ViewLayer | Updating Scene BVH | Copying BVH to device
Fra:26 Mem:9.13M (Peak 9.75M) | Time:00:00.00 | Mem:0.02M, Peak:0.03M | Scene, ViewLayer | Updating Mesh | Computing normals
Fra:26 Mem:9.14M (Peak 9.75M) | Time:00:00.00 | Mem:0.02M, Peak:0.03M | Scene, ViewLayer | Updating Mesh | Copying Mesh to device
Fra:26 Mem:9.14M (Peak 9.75M) | Time:00:00.00 | Mem:0.03M, Peak:0.03M | Scene, ViewLayer | Updating Objects Flags
Fra:26 Mem:9.14M (Peak 9.75M) | Time:00:00.00 | Mem:0.03M, Peak:0.03M | Scene, ViewLayer | Updating Primitive Offsets
Fra:26 Mem:9.14M (Peak 9.75M) | Time:00:00.00 | Mem:0.03M, Peak:0.03M | Scene, ViewLayer | Updating Images
Fra:26 Mem:9.14M (Peak 9.75M) | Time:00:00.00 | Mem:0.03M, Peak:0.03M | Scene, ViewLayer | Updating Camera Volume
Fra:26 Mem:9.14M (Peak 9.75M) | Time:00:00.00 | Mem:0.03M, Peak:0.03M | Scene, ViewLayer | Updating Lookup Tables
Fra:26 Mem:9.14M (Peak 9.75M) | Time:00:00.00 | Mem:0.11M, Peak:0.11M | Scene, ViewLayer | Updating Lights
Fra:26 Mem:9.14M (Peak 9.75M) | Time:00:00.00 | Mem:0.11M, Peak:0.11M | Scene, ViewLayer | Updating Lights | Computing tree
Fra:26 Mem:9.14M (Peak 9.75M) | Time:00:00.00 | Mem:0.12M, Peak:0.12M | Scene, ViewLayer | Updating Integrator
Fra:26 Mem:9.14M (Peak 9.75M) | Time:00:00.00 | Mem:0.12M, Peak:0.12M | Scene, ViewLayer | Updating Film
Fra:26 Mem:9.15M (Peak 9.75M) | Time:00:00.00 | Mem:0.04M, Peak:0.12M | Scene, ViewLayer | Updating Lookup Tables
Fra:26 Mem:9.15M (Peak 9.75M) | Time:00:00.00 | Mem:0.13M, Peak:0.13M | Scene, ViewLayer | Updating Baking
Fra:26 Mem:9.15M (Peak 9.75M) | Time:00:00.00 | Mem:0.13M, Peak:0.13M | Scene, ViewLayer | Updating Device | Writing constant memory
Fra:26 Mem:9.15M (Peak 9.75M) | Time:00:00.00 | Mem:0.13M, Peak:0.13M | Scene, ViewLayer | Sample 0/1
Fra:26 Mem:9.20M (Peak 9.75M) | Time:00:00.00 | Mem:0.13M, Peak:0.13M | Scene, ViewLayer | Sample 1/1
Fra:26 Mem:9.20M (Peak 9.75M) | Time:00:00.00 | Mem:0.13M, Peak:0.13M | Scene, ViewLayer | Finished
Saved: '/home/terence/Documents/Codex/2026-09-06/realtime-voice-chat-3/outputs/butterfly-method-comparison/blender-v2/raw/native16/loop_endpoint_view045.png'
Time: 00:00.00 (Saving: 00:00.00)


Blender quit
